# OBJ generated by ONSHAPE BY PTC INC, 1.216 Units = meters
mtllib jaw.mtl
g Part 8
v 0.0125906 0.0225 0.019173 
v 0.0126 0.0225 0.019 
v 0.0126 0.0195 0.019 
v 0.0125626 0.0225 0.019344 
v 0.0125906 0.0195 0.019173 
v 0.0125162 0.0225 0.0195109 
v 0.0125626 0.0195 0.019344 
v 0.0124521 0.0225 0.0196718 
v 0.0125162 0.0195 0.0195109 
v 0.012371 0.0225 0.0198249 
v 0.0124521 0.0195 0.0196718 
v 0.0122737 0.0225 0.0199683 
v 0.012371 0.0195 0.0198249 
v 0.0121616 0.0225 0.0201003 
v 0.0122737 0.0195 0.0199683 
v 0.0120358 0.0225 0.0202195 
v 0.0121616 0.0195 0.0201003 
v 0.0118979 0.0225 0.0203243 
v 0.0120358 0.0195 0.0202195 
v 0.0117495 0.0225 0.0204136 
v 0.0118979 0.0195 0.0203243 
v 0.0115922 0.0225 0.0204864 
v 0.0117495 0.0195 0.0204136 
v 0.011428 0.0225 0.0205417 
v 0.0115922 0.0195 0.0204864 
v 0.0112589 0.0225 0.0205789 
v 0.011428 0.0195 0.0205417 
v 0.0110866 0.0225 0.0205977 
v 0.0112589 0.0195 0.0205789 
v 0.0109134 0.0225 0.0205977 
v 0.0110866 0.0195 0.0205977 
v 0.0107411 0.0225 0.0205789 
v 0.0109134 0.0195 0.0205977 
v 0.010572 0.0225 0.0205417 
v 0.0107411 0.0195 0.0205789 
v 0.0104078 0.0225 0.0204864 
v 0.010572 0.0195 0.0205417 
v 0.0102505 0.0225 0.0204136 
v 0.0104078 0.0195 0.0204864 
v 0.0101021 0.0225 0.0203243 
v 0.0102505 0.0195 0.0204136 
v 0.00996418 0.0225 0.0202195 
v 0.0101021 0.0195 0.0203243 
v 0.00983841 0.0225 0.0201003 
v 0.00996418 0.0195 0.0202195 
v 0.00972625 0.0225 0.0199683 
v 0.00983841 0.0195 0.0201003 
v 0.00962903 0.0225 0.0198249 
v 0.00972625 0.0195 0.0199683 
v 0.00954788 0.0225 0.0196718 
v 0.00962903 0.0195 0.0198249 
v 0.00948375 0.0225 0.0195109 
v 0.00954788 0.0195 0.0196718 
v 0.00943741 0.0225 0.019344 
v 0.00948375 0.0195 0.0195109 
v 0.00940938 0.0225 0.019173 
v 0.00943741 0.0195 0.019344 
v 0.0094 0.0225 0.019 
v 0.00940938 0.0195 0.019173 
v 0.00940938 0.0225 0.018827 
v 0.0094 0.0195 0.019 
v 0.00943741 0.0225 0.018656 
v 0.00940938 0.0195 0.018827 
v 0.00948375 0.0225 0.0184891 
v 0.00943741 0.0195 0.018656 
v 0.00954788 0.0225 0.0183282 
v 0.00948375 0.0195 0.0184891 
v 0.00962903 0.0225 0.0181751 
v 0.00954788 0.0195 0.0183282 
v 0.00972625 0.0225 0.0180317 
v 0.00962903 0.0195 0.0181751 
v 0.00983841 0.0225 0.0178997 
v 0.00972625 0.0195 0.0180317 
v 0.00996418 0.0225 0.0177805 
v 0.00983841 0.0195 0.0178997 
v 0.0101021 0.0225 0.0176757 
v 0.00996418 0.0195 0.0177805 
v 0.0102505 0.0225 0.0175864 
v 0.0101021 0.0195 0.0176757 
v 0.0104078 0.0225 0.0175136 
v 0.0102505 0.0195 0.0175864 
v 0.010572 0.0225 0.0174583 
v 0.0104078 0.0195 0.0175136 
v 0.0107411 0.0225 0.0174211 
v 0.010572 0.0195 0.0174583 
v 0.0109134 0.0225 0.0174023 
v 0.0107411 0.0195 0.0174211 
v 0.0110866 0.0225 0.0174023 
v 0.0109134 0.0195 0.0174023 
v 0.0112589 0.0225 0.0174211 
v 0.0110866 0.0195 0.0174023 
v 0.011428 0.0225 0.0174583 
v 0.0112589 0.0195 0.0174211 
v 0.0115922 0.0225 0.0175136 
v 0.011428 0.0195 0.0174583 
v 0.0117495 0.0225 0.0175864 
v 0.0115922 0.0195 0.0175136 
v 0.0118979 0.0225 0.0176757 
v 0.0117495 0.0195 0.0175864 
v 0.0120358 0.0225 0.0177805 
v 0.0118979 0.0195 0.0176757 
v 0.0121616 0.0225 0.0178997 
v 0.0120358 0.0195 0.0177805 
v 0.0122737 0.0225 0.0180317 
v 0.0121616 0.0195 0.0178997 
v 0.012371 0.0225 0.0181751 
v 0.0122737 0.0195 0.0180317 
v 0.0124521 0.0225 0.0183282 
v 0.012371 0.0195 0.0181751 
v 0.0125162 0.0225 0.0184891 
v 0.0124521 0.0195 0.0183282 
v 0.0125626 0.0225 0.018656 
v 0.0125162 0.0195 0.0184891 
v 0.0125906 0.0225 0.018827 
v 0.0125626 0.0195 0.018656 
v 0.0125906 0.0195 0.018827 
v 0.0138 0.0195 0.0218 
v 0.004 0.0195 0.0218 
v 0.0138 0.0195 0.0162 
v 0.004 0.0195 0.0162 
v 0.004 0.0225 0.0218 
v 0.004 0.0225 0.0162 
v 0.0138 0.0196791 0.0219989 
v 0.0138 0.0197 0.022 
v 0.0042 0.0197 0.022 
v 0.0138 0.0196584 0.0219956 
v 0.00417909 0.0196791 0.0219989 
v 0.0138 0.0196382 0.0219902 
v 0.00415842 0.0196584 0.0219956 
v 0.0138 0.0196187 0.0219827 
v 0.0041382 0.0196382 0.0219902 
v 0.0138 0.0196 0.0219732 
v 0.00411865 0.0196187 0.0219827 
v 0.0138 0.0195824 0.0219618 
v 0.0041 0.0196 0.0219732 
v 0.0138 0.0195662 0.0219486 
v 0.00408244 0.0195824 0.0219618 
v 0.0138 0.0195514 0.0219338 
v 0.00406617 0.0195662 0.0219486 
v 0.0138 0.0195382 0.0219176 
v 0.00405137 0.0195514 0.0219338 
v 0.0138 0.0195268 0.0219 
v 0.0040382 0.0195382 0.0219176 
v 0.00403227 0.0195323 0.0219089 
v 0.0138 0.0195173 0.0218813 
v 0.00402679 0.0195268 0.0219 
v 0.0040218 0.0195218 0.0218908 
v 0.0138 0.0195098 0.0218618 
v 0.00401729 0.0195173 0.0218813 
v 0.00401328 0.0195133 0.0218717 
v 0.0138 0.0195044 0.0218416 
v 0.00400979 0.0195098 0.0218618 
v 0.00400681 0.0195068 0.0218518 
v 0.0138 0.0195011 0.0218209 
v 0.00400437 0.0195044 0.0218416 
v 0.00400246 0.0195025 0.0218313 
v 0.0040011 0.0195011 0.0218209 
v 0.00400027 0.0195003 0.0218105 
v 0.0042 0.0223 0.022 
v 0.00415842 0.0223416 0.0219956 
v 0.0041382 0.0223618 0.0219902 
v 0.00411865 0.0223813 0.0219827 
v 0.00408244 0.0224176 0.0219618 
v 0.00406617 0.0224338 0.0219486 
v 0.00405137 0.0224486 0.0219338 
v 0.00403227 0.0224677 0.0219089 
v 0.0040382 0.0224618 0.0219176 
v 0.0040218 0.0224782 0.0218908 
v 0.00402679 0.0224732 0.0219 
v 0.00401328 0.0224867 0.0218717 
v 0.00401729 0.0224827 0.0218813 
v 0.00400681 0.0224932 0.0218518 
v 0.00400979 0.0224902 0.0218618 
v 0.00400246 0.0224975 0.0218313 
v 0.00400437 0.0224956 0.0218416 
v 0.0040011 0.0224989 0.0218209 
v 0.00400027 0.0224997 0.0218105 
v 0.0041 0.0224 0.0219732 
v 0.00417909 0.0223209 0.0219989 
v 0.0138 0.0223 0.022 
v 0.0139989 0.0196791 0.0218 
v 0.014 0.0197 0.0218 
v 0.0139989 0.0197 0.0218209 
v 0.0139956 0.0197 0.0218416 
v 0.0139902 0.0197 0.0218618 
v 0.0139827 0.0197 0.0218813 
v 0.0139732 0.0197 0.0219 
v 0.0139618 0.0197 0.0219176 
v 0.0139486 0.0197 0.0219338 
v 0.0139338 0.0197 0.0219486 
v 0.0139176 0.0197 0.0219618 
v 0.0139 0.0197 0.0219732 
v 0.0138813 0.0197 0.0219827 
v 0.0138618 0.0197 0.0219902 
v 0.0138416 0.0197 0.0219956 
v 0.0138209 0.0197 0.0219989 
v 0.0139956 0.0196584 0.0218 
v 0.0139902 0.0196382 0.0218 
v 0.0139827 0.0196187 0.0218 
v 0.0139732 0.0196 0.0218 
v 0.0139618 0.0195824 0.0218 
v 0.0139486 0.0195662 0.0218 
v 0.0139338 0.0195514 0.0218 
v 0.0139176 0.0195382 0.0218 
v 0.0139 0.0195268 0.0218 
v 0.0138813 0.0195173 0.0218 
v 0.0138618 0.0195098 0.0218 
v 0.0138416 0.0195044 0.0218 
v 0.0138209 0.0195011 0.0218 
v 0.0139978 0.0196791 0.0218208 
v 0.0139946 0.0196791 0.0218414 
v 0.0139892 0.0196791 0.0218615 
v 0.0139817 0.0196791 0.0218809 
v 0.0139723 0.0196791 0.0218995 
v 0.0139609 0.0196791 0.0219169 
v 0.0139478 0.0196791 0.0219331 
v 0.0139331 0.0196791 0.0219478 
v 0.0139169 0.0196791 0.0219609 
v 0.0138995 0.0196791 0.0219723 
v 0.0138809 0.0196791 0.0219817 
v 0.0138615 0.0196791 0.0219892 
v 0.0138414 0.0196791 0.0219946 
v 0.0138208 0.0196791 0.0219978 
v 0.0139946 0.0196584 0.0218204 
v 0.0139914 0.0196584 0.0218407 
v 0.0139861 0.0196584 0.0218605 
v 0.0139787 0.0196584 0.0218796 
v 0.0139694 0.0196584 0.0218978 
v 0.0139583 0.0196584 0.021915 
v 0.0139454 0.0196584 0.0219309 
v 0.0139309 0.0196584 0.0219454 
v 0.013915 0.0196584 0.0219583 
v 0.0138978 0.0196584 0.0219694 
v 0.0138796 0.0196584 0.0219787 
v 0.0138605 0.0196584 0.0219861 
v 0.0138407 0.0196584 0.0219914 
v 0.0138204 0.0196584 0.0219946 
v 0.0139892 0.0196382 0.0218199 
v 0.0139861 0.0196382 0.0218395 
v 0.0139809 0.0196382 0.0218588 
v 0.0139738 0.0196382 0.0218774 
v 0.0139647 0.0196382 0.0218951 
v 0.0139539 0.0196382 0.0219118 
v 0.0139414 0.0196382 0.0219273 
v 0.0139273 0.0196382 0.0219414 
v 0.0139118 0.0196382 0.0219539 
v 0.0138951 0.0196382 0.0219647 
v 0.0138774 0.0196382 0.0219738 
v 0.0138588 0.0196382 0.0219809 
v 0.0138395 0.0196382 0.0219861 
v 0.0138199 0.0196382 0.0219892 
v 0.0139817 0.0196187 0.0218191 
v 0.0139787 0.0196187 0.021838 
v 0.0139738 0.0196187 0.0218565 
v 0.0139669 0.0196187 0.0218743 
v 0.0139582 0.0196187 0.0218914 
v 0.0139478 0.0196187 0.0219074 
v 0.0139358 0.0196187 0.0219223 
v 0.0139223 0.0196187 0.0219358 
v 0.0139074 0.0196187 0.0219478 
v 0.0138914 0.0196187 0.0219582 
v 0.0138743 0.0196187 0.0219669 
v 0.0138565 0.0196187 0.0219738 
v 0.013838 0.0196187 0.0219787 
v 0.0138191 0.0196187 0.0219817 
v 0.0139723 0.0196 0.0218181 
v 0.0139694 0.0196 0.021836 
v 0.0139647 0.0196 0.0218535 
v 0.0139582 0.0196 0.0218704 
v 0.01395 0.0196 0.0218866 
v 0.0139401 0.0196 0.0219018 
v 0.0139287 0.0196 0.0219159 
v 0.0139159 0.0196 0.0219287 
v 0.0139018 0.0196 0.0219401 
v 0.0138866 0.0196 0.02195 
v 0.0138704 0.0196 0.0219582 
v 0.0138535 0.0196 0.0219647 
v 0.013836 0.0196 0.0219694 
v 0.0138181 0.0196 0.0219723 
v 0.0139609 0.0195824 0.0218169 
v 0.0139583 0.0195824 0.0218336 
v 0.0139539 0.0195824 0.02185 
v 0.0139478 0.0195824 0.0218658 
v 0.0139401 0.0195824 0.0218809 
v 0.0139309 0.0195824 0.0218951 
v 0.0139202 0.0195824 0.0219083 
v 0.0139083 0.0195824 0.0219202 
v 0.0138951 0.0195824 0.0219309 
v 0.0138809 0.0195824 0.0219401 
v 0.0138658 0.0195824 0.0219478 
v 0.01385 0.0195824 0.0219539 
v 0.0138336 0.0195824 0.0219583 
v 0.0138169 0.0195824 0.0219609 
v 0.0139478 0.0195662 0.0218155 
v 0.0139454 0.0195662 0.0218309 
v 0.0139414 0.0195662 0.0218459 
v 0.0139358 0.0195662 0.0218605 
v 0.0139287 0.0195662 0.0218743 
v 0.0139202 0.0195662 0.0218874 
v 0.0139105 0.0195662 0.0218995 
v 0.0138995 0.0195662 0.0219105 
v 0.0138874 0.0195662 0.0219202 
v 0.0138743 0.0195662 0.0219287 
v 0.0138605 0.0195662 0.0219358 
v 0.0138459 0.0195662 0.0219414 
v 0.0138309 0.0195662 0.0219454 
v 0.0138155 0.0195662 0.0219478 
v 0.0139331 0.0195514 0.021814 
v 0.0139309 0.0195514 0.0218278 
v 0.0139273 0.0195514 0.0218414 
v 0.0139223 0.0195514 0.0218544 
v 0.0139159 0.0195514 0.0218669 
v 0.0139083 0.0195514 0.0218787 
v 0.0138995 0.0195514 0.0218895 
v 0.0138895 0.0195514 0.0218995 
v 0.0138787 0.0195514 0.0219083 
v 0.0138669 0.0195514 0.0219159 
v 0.0138544 0.0195514 0.0219223 
v 0.0138414 0.0195514 0.0219273 
v 0.0138278 0.0195514 0.0219309 
v 0.013814 0.0195514 0.0219331 
v 0.0139169 0.0195382 0.0218123 
v 0.013915 0.0195382 0.0218244 
v 0.0139118 0.0195382 0.0218363 
v 0.0139074 0.0195382 0.0218478 
v 0.0139018 0.0195382 0.0218588 
v 0.0138951 0.0195382 0.0218691 
v 0.0138874 0.0195382 0.0218787 
v 0.0138787 0.0195382 0.0218874 
v 0.0138691 0.0195382 0.0218951 
v 0.0138588 0.0195382 0.0219018 
v 0.0138478 0.0195382 0.0219074 
v 0.0138363 0.0195382 0.0219118 
v 0.0138244 0.0195382 0.021915 
v 0.0138123 0.0195382 0.0219169 
v 0.0138995 0.0195268 0.0218105 
v 0.0138978 0.0195268 0.0218208 
v 0.0138951 0.0195268 0.0218309 
v 0.0138914 0.0195268 0.0218407 
v 0.0138866 0.0195268 0.02185 
v 0.0138809 0.0195268 0.0218588 
v 0.0138743 0.0195268 0.0218669 
v 0.0138669 0.0195268 0.0218743 
v 0.0138588 0.0195268 0.0218809 
v 0.01385 0.0195268 0.0218866 
v 0.0138407 0.0195268 0.0218914 
v 0.0138309 0.0195268 0.0218951 
v 0.0138208 0.0195268 0.0218978 
v 0.0138105 0.0195268 0.0218995 
v 0.0138809 0.0195173 0.0218085 
v 0.0138796 0.0195173 0.0218169 
v 0.0138774 0.0195173 0.0218251 
v 0.0138743 0.0195173 0.0218331 
v 0.0138704 0.0195173 0.0218407 
v 0.0138658 0.0195173 0.0218478 
v 0.0138605 0.0195173 0.0218544 
v 0.0138544 0.0195173 0.0218605 
v 0.0138478 0.0195173 0.0218658 
v 0.0138407 0.0195173 0.0218704 
v 0.0138331 0.0195173 0.0218743 
v 0.0138251 0.0195173 0.0218774 
v 0.0138169 0.0195173 0.0218796 
v 0.0138085 0.0195173 0.0218809 
v 0.0138615 0.0195098 0.0218065 
v 0.0138605 0.0195098 0.0218128 
v 0.0138588 0.0195098 0.0218191 
v 0.0138565 0.0195098 0.0218251 
v 0.0138535 0.0195098 0.0218309 
v 0.01385 0.0195098 0.0218363 
v 0.0138459 0.0195098 0.0218414 
v 0.0138414 0.0195098 0.0218459 
v 0.0138363 0.0195098 0.02185 
v 0.0138309 0.0195098 0.0218535 
v 0.0138251 0.0195098 0.0218565 
v 0.0138191 0.0195098 0.0218588 
v 0.0138128 0.0195098 0.0218605 
v 0.0138065 0.0195098 0.0218615 
v 0.0138414 0.0195044 0.0218043 
v 0.0138407 0.0195044 0.0218086 
v 0.0138395 0.0195044 0.0218128 
v 0.013838 0.0195044 0.0218169 
v 0.013836 0.0195044 0.0218208 
v 0.0138336 0.0195044 0.0218244 
v 0.0138309 0.0195044 0.0218278 
v 0.0138278 0.0195044 0.0218309 
v 0.0138244 0.0195044 0.0218336 
v 0.0138208 0.0195044 0.021836 
v 0.0138169 0.0195044 0.021838 
v 0.0138128 0.0195044 0.0218395 
v 0.0138086 0.0195044 0.0218407 
v 0.0138043 0.0195044 0.0218414 
v 0.0138208 0.0195011 0.0218022 
v 0.0138204 0.0195011 0.0218043 
v 0.0138199 0.0195011 0.0218065 
v 0.0138191 0.0195011 0.0218085 
v 0.0138181 0.0195011 0.0218105 
v 0.0138169 0.0195011 0.0218123 
v 0.0138155 0.0195011 0.021814 
v 0.013814 0.0195011 0.0218155 
v 0.0138123 0.0195011 0.0218169 
v 0.0138105 0.0195011 0.0218181 
v 0.0138085 0.0195011 0.0218191 
v 0.0138065 0.0195011 0.0218199 
v 0.0138043 0.0195011 0.0218204 
v 0.0138022 0.0195011 0.0218208 
v 0.0138 0.0225 0.0218 
v 0.0138 0.0224989 0.0218209 
v 0.0138 0.0224956 0.0218416 
v 0.0138 0.0224902 0.0218618 
v 0.0138 0.0224827 0.0218813 
v 0.0138 0.0224732 0.0219 
v 0.0138 0.0224618 0.0219176 
v 0.0138 0.0224486 0.0219338 
v 0.0138 0.0224338 0.0219486 
v 0.0138 0.0224176 0.0219618 
v 0.0138 0.0224 0.0219732 
v 0.0138 0.0223813 0.0219827 
v 0.0138 0.0223618 0.0219902 
v 0.0138 0.0223416 0.0219956 
v 0.0138 0.0223209 0.0219989 
v 0.0138209 0.0223 0.0219989 
v 0.0138416 0.0223 0.0219956 
v 0.0138618 0.0223 0.0219902 
v 0.0138813 0.0223 0.0219827 
v 0.0139 0.0223 0.0219732 
v 0.0139176 0.0223 0.0219618 
v 0.0139338 0.0223 0.0219486 
v 0.0139486 0.0223 0.0219338 
v 0.0139618 0.0223 0.0219176 
v 0.0139732 0.0223 0.0219 
v 0.0139827 0.0223 0.0218813 
v 0.0139902 0.0223 0.0218618 
v 0.0139956 0.0223 0.0218416 
v 0.0139989 0.0223 0.0218209 
v 0.014 0.0223 0.0218 
v 0.0138209 0.0195011 0.0162 
v 0.0138416 0.0195044 0.0162 
v 0.0138618 0.0195098 0.0162 
v 0.0138813 0.0195173 0.0162 
v 0.0139 0.0195268 0.0162 
v 0.0139176 0.0195382 0.0162 
v 0.0139338 0.0195514 0.0162 
v 0.0139486 0.0195662 0.0162 
v 0.0139618 0.0195824 0.0162 
v 0.0139732 0.0196 0.0162 
v 0.0139827 0.0196187 0.0162 
v 0.0139902 0.0196382 0.0162 
v 0.0139956 0.0196584 0.0162 
v 0.0139989 0.0196791 0.0162 
v 0.014 0.0197 0.0162 
v 0.00400027 0.0195003 0.0161895 
v 0.0040011 0.0195011 0.0161791 
v 0.0138 0.0195011 0.0161791 
v 0.00400246 0.0195025 0.0161687 
v 0.00400437 0.0195044 0.0161584 
v 0.0138 0.0195044 0.0161584 
v 0.00400681 0.0195068 0.0161482 
v 0.00400979 0.0195098 0.0161382 
v 0.0138 0.0195098 0.0161382 
v 0.00401328 0.0195133 0.0161283 
v 0.00401729 0.0195173 0.0161187 
v 0.0138 0.0195173 0.0161187 
v 0.0040218 0.0195218 0.0161092 
v 0.00402679 0.0195268 0.0161 
v 0.0138 0.0195268 0.0161 
v 0.00403227 0.0195323 0.0160911 
v 0.0040382 0.0195382 0.0160824 
v 0.0138 0.0195382 0.0160824 
v 0.00405137 0.0195514 0.0160662 
v 0.0138 0.0195514 0.0160662 
v 0.00406617 0.0195662 0.0160514 
v 0.0138 0.0195662 0.0160514 
v 0.00408244 0.0195824 0.0160382 
v 0.0138 0.0195824 0.0160382 
v 0.0041 0.0196 0.0160268 
v 0.0138 0.0196 0.0160268 
v 0.00411865 0.0196187 0.0160173 
v 0.0138 0.0196187 0.0160173 
v 0.0041382 0.0196382 0.0160098 
v 0.0138 0.0196382 0.0160098 
v 0.00415842 0.0196584 0.0160044 
v 0.0138 0.0196584 0.0160044 
v 0.00417909 0.0196791 0.0160011 
v 0.0138 0.0196791 0.0160011 
v 0.0042 0.0197 0.016 
v 0.0138 0.0197 0.016 
v 0.00400027 0.0224997 0.0161895 
v 0.0040011 0.0224989 0.0161791 
v 0.00400246 0.0224975 0.0161687 
v 0.00400437 0.0224956 0.0161584 
v 0.00400681 0.0224932 0.0161482 
v 0.00400979 0.0224902 0.0161382 
v 0.00401328 0.0224867 0.0161283 
v 0.00401729 0.0224827 0.0161187 
v 0.0040218 0.0224782 0.0161092 
v 0.00402679 0.0224732 0.0161 
v 0.00403227 0.0224677 0.0160911 
v 0.0040382 0.0224618 0.0160824 
v 0.00405137 0.0224486 0.0160662 
v 0.00406617 0.0224338 0.0160514 
v 0.00408244 0.0224176 0.0160382 
v 0.0041 0.0224 0.0160268 
v 0.00411865 0.0223813 0.0160173 
v 0.0041382 0.0223618 0.0160098 
v 0.00415842 0.0223416 0.0160044 
v 0.00417909 0.0223209 0.0160011 
v 0.0042 0.0223 0.016 
v 0.0138 0.0225 0.0162 
v 0.0139989 0.0223209 0.0218 
v 0.0139956 0.0223416 0.0218 
v 0.0139902 0.0223618 0.0218 
v 0.0139827 0.0223813 0.0218 
v 0.0139732 0.0224 0.0218 
v 0.0139618 0.0224176 0.0218 
v 0.0139486 0.0224338 0.0218 
v 0.0139338 0.0224486 0.0218 
v 0.0139176 0.0224618 0.0218 
v 0.0139 0.0224732 0.0218 
v 0.0138813 0.0224827 0.0218 
v 0.0138618 0.0224902 0.0218 
v 0.0138416 0.0224956 0.0218 
v 0.0138209 0.0224989 0.0218 
v 0.0139978 0.0223208 0.0218209 
v 0.0139946 0.0223414 0.0218209 
v 0.0139892 0.0223615 0.0218209 
v 0.0139817 0.0223809 0.0218209 
v 0.0139723 0.0223995 0.0218209 
v 0.0139609 0.0224169 0.0218209 
v 0.0139478 0.0224331 0.0218209 
v 0.0139331 0.0224478 0.0218209 
v 0.0139169 0.0224609 0.0218209 
v 0.0138995 0.0224723 0.0218209 
v 0.0138809 0.0224817 0.0218209 
v 0.0138615 0.0224892 0.0218209 
v 0.0138414 0.0224946 0.0218209 
v 0.0138208 0.0224978 0.0218209 
v 0.0139946 0.0223204 0.0218416 
v 0.0139914 0.0223407 0.0218416 
v 0.0139861 0.0223605 0.0218416 
v 0.0139787 0.0223796 0.0218416 
v 0.0139694 0.0223978 0.0218416 
v 0.0139583 0.022415 0.0218416 
v 0.0139454 0.0224309 0.0218416 
v 0.0139309 0.0224454 0.0218416 
v 0.013915 0.0224583 0.0218416 
v 0.0138978 0.0224694 0.0218416 
v 0.0138796 0.0224787 0.0218416 
v 0.0138605 0.0224861 0.0218416 
v 0.0138407 0.0224914 0.0218416 
v 0.0138204 0.0224946 0.0218416 
v 0.0139892 0.0223199 0.0218618 
v 0.0139861 0.0223395 0.0218618 
v 0.0139809 0.0223588 0.0218618 
v 0.0139738 0.0223774 0.0218618 
v 0.0139647 0.0223951 0.0218618 
v 0.0139539 0.0224118 0.0218618 
v 0.0139414 0.0224273 0.0218618 
v 0.0139273 0.0224414 0.0218618 
v 0.0139118 0.0224539 0.0218618 
v 0.0138951 0.0224647 0.0218618 
v 0.0138774 0.0224738 0.0218618 
v 0.0138588 0.0224809 0.0218618 
v 0.0138395 0.0224861 0.0218618 
v 0.0138199 0.0224892 0.0218618 
v 0.0139817 0.0223191 0.0218813 
v 0.0139787 0.022338 0.0218813 
v 0.0139738 0.0223565 0.0218813 
v 0.0139669 0.0223743 0.0218813 
v 0.0139582 0.0223914 0.0218813 
v 0.0139478 0.0224074 0.0218813 
v 0.0139358 0.0224223 0.0218813 
v 0.0139223 0.0224358 0.0218813 
v 0.0139074 0.0224478 0.0218813 
v 0.0138914 0.0224582 0.0218813 
v 0.0138743 0.0224669 0.0218813 
v 0.0138565 0.0224738 0.0218813 
v 0.013838 0.0224787 0.0218813 
v 0.0138191 0.0224817 0.0218813 
v 0.0139723 0.0223181 0.0219 
v 0.0139694 0.022336 0.0219 
v 0.0139647 0.0223535 0.0219 
v 0.0139582 0.0223704 0.0219 
v 0.01395 0.0223866 0.0219 
v 0.0139401 0.0224018 0.0219 
v 0.0139287 0.0224159 0.0219 
v 0.0139159 0.0224287 0.0219 
v 0.0139018 0.0224401 0.0219 
v 0.0138866 0.02245 0.0219 
v 0.0138704 0.0224582 0.0219 
v 0.0138535 0.0224647 0.0219 
v 0.013836 0.0224694 0.0219 
v 0.0138181 0.0224723 0.0219 
v 0.0139609 0.0223169 0.0219176 
v 0.0139583 0.0223336 0.0219176 
v 0.0139539 0.02235 0.0219176 
v 0.0139478 0.0223658 0.0219176 
v 0.0139401 0.0223809 0.0219176 
v 0.0139309 0.0223951 0.0219176 
v 0.0139202 0.0224083 0.0219176 
v 0.0139083 0.0224202 0.0219176 
v 0.0138951 0.0224309 0.0219176 
v 0.0138809 0.0224401 0.0219176 
v 0.0138658 0.0224478 0.0219176 
v 0.01385 0.0224539 0.0219176 
v 0.0138336 0.0224583 0.0219176 
v 0.0138169 0.0224609 0.0219176 
v 0.0139478 0.0223155 0.0219338 
v 0.0139454 0.0223309 0.0219338 
v 0.0139414 0.0223459 0.0219338 
v 0.0139358 0.0223605 0.0219338 
v 0.0139287 0.0223743 0.0219338 
v 0.0139202 0.0223874 0.0219338 
v 0.0139105 0.0223995 0.0219338 
v 0.0138995 0.0224105 0.0219338 
v 0.0138874 0.0224202 0.0219338 
v 0.0138743 0.0224287 0.0219338 
v 0.0138605 0.0224358 0.0219338 
v 0.0138459 0.0224414 0.0219338 
v 0.0138309 0.0224454 0.0219338 
v 0.0138155 0.0224478 0.0219338 
v 0.0139331 0.022314 0.0219486 
v 0.0139309 0.0223278 0.0219486 
v 0.0139273 0.0223414 0.0219486 
v 0.0139223 0.0223544 0.0219486 
v 0.0139159 0.0223669 0.0219486 
v 0.0139083 0.0223787 0.0219486 
v 0.0138995 0.0223895 0.0219486 
v 0.0138895 0.0223995 0.0219486 
v 0.0138787 0.0224083 0.0219486 
v 0.0138669 0.0224159 0.0219486 
v 0.0138544 0.0224223 0.0219486 
v 0.0138414 0.0224273 0.0219486 
v 0.0138278 0.0224309 0.0219486 
v 0.013814 0.0224331 0.0219486 
v 0.0139169 0.0223123 0.0219618 
v 0.013915 0.0223244 0.0219618 
v 0.0139118 0.0223363 0.0219618 
v 0.0139074 0.0223478 0.0219618 
v 0.0139018 0.0223588 0.0219618 
v 0.0138951 0.0223691 0.0219618 
v 0.0138874 0.0223787 0.0219618 
v 0.0138787 0.0223874 0.0219618 
v 0.0138691 0.0223951 0.0219618 
v 0.0138588 0.0224018 0.0219618 
v 0.0138478 0.0224074 0.0219618 
v 0.0138363 0.0224118 0.0219618 
v 0.0138244 0.022415 0.0219618 
v 0.0138123 0.0224169 0.0219618 
v 0.0138995 0.0223105 0.0219732 
v 0.0138978 0.0223208 0.0219732 
v 0.0138951 0.0223309 0.0219732 
v 0.0138914 0.0223407 0.0219732 
v 0.0138866 0.02235 0.0219732 
v 0.0138809 0.0223588 0.0219732 
v 0.0138743 0.0223669 0.0219732 
v 0.0138669 0.0223743 0.0219732 
v 0.0138588 0.0223809 0.0219732 
v 0.01385 0.0223866 0.0219732 
v 0.0138407 0.0223914 0.0219732 
v 0.0138309 0.0223951 0.0219732 
v 0.0138208 0.0223978 0.0219732 
v 0.0138105 0.0223995 0.0219732 
v 0.0138809 0.0223085 0.0219827 
v 0.0138796 0.0223169 0.0219827 
v 0.0138774 0.0223251 0.0219827 
v 0.0138743 0.0223331 0.0219827 
v 0.0138704 0.0223407 0.0219827 
v 0.0138658 0.0223478 0.0219827 
v 0.0138605 0.0223544 0.0219827 
v 0.0138544 0.0223605 0.0219827 
v 0.0138478 0.0223658 0.0219827 
v 0.0138407 0.0223704 0.0219827 
v 0.0138331 0.0223743 0.0219827 
v 0.0138251 0.0223774 0.0219827 
v 0.0138169 0.0223796 0.0219827 
v 0.0138085 0.0223809 0.0219827 
v 0.0138615 0.0223065 0.0219902 
v 0.0138605 0.0223128 0.0219902 
v 0.0138588 0.0223191 0.0219902 
v 0.0138565 0.0223251 0.0219902 
v 0.0138535 0.0223309 0.0219902 
v 0.01385 0.0223363 0.0219902 
v 0.0138459 0.0223414 0.0219902 
v 0.0138414 0.0223459 0.0219902 
v 0.0138363 0.02235 0.0219902 
v 0.0138309 0.0223535 0.0219902 
v 0.0138251 0.0223565 0.0219902 
v 0.0138191 0.0223588 0.0219902 
v 0.0138128 0.0223605 0.0219902 
v 0.0138065 0.0223615 0.0219902 
v 0.0138414 0.0223043 0.0219956 
v 0.0138407 0.0223086 0.0219956 
v 0.0138395 0.0223128 0.0219956 
v 0.013838 0.0223169 0.0219956 
v 0.013836 0.0223208 0.0219956 
v 0.0138336 0.0223244 0.0219956 
v 0.0138309 0.0223278 0.0219956 
v 0.0138278 0.0223309 0.0219956 
v 0.0138244 0.0223336 0.0219956 
v 0.0138208 0.022336 0.0219956 
v 0.0138169 0.022338 0.0219956 
v 0.0138128 0.0223395 0.0219956 
v 0.0138086 0.0223407 0.0219956 
v 0.0138043 0.0223414 0.0219956 
v 0.0138208 0.0223022 0.0219989 
v 0.0138204 0.0223043 0.0219989 
v 0.0138199 0.0223065 0.0219989 
v 0.0138191 0.0223085 0.0219989 
v 0.0138181 0.0223105 0.0219989 
v 0.0138169 0.0223123 0.0219989 
v 0.0138155 0.022314 0.0219989 
v 0.013814 0.0223155 0.0219989 
v 0.0138123 0.0223169 0.0219989 
v 0.0138105 0.0223181 0.0219989 
v 0.0138085 0.0223191 0.0219989 
v 0.0138065 0.0223199 0.0219989 
v 0.0138043 0.0223204 0.0219989 
v 0.0138022 0.0223208 0.0219989 
v 0.014 0.0223 0.0162 
v 0.0138 0.0223 0.016 
v 0.0138209 0.0197 0.0160011 
v 0.0138416 0.0197 0.0160044 
v 0.0138618 0.0197 0.0160098 
v 0.0138813 0.0197 0.0160173 
v 0.0139 0.0197 0.0160268 
v 0.0139176 0.0197 0.0160382 
v 0.0139338 0.0197 0.0160514 
v 0.0139486 0.0197 0.0160662 
v 0.0139618 0.0197 0.0160824 
v 0.0139732 0.0197 0.0161 
v 0.0139827 0.0197 0.0161187 
v 0.0139902 0.0197 0.0161382 
v 0.0139956 0.0197 0.0161584 
v 0.0139989 0.0197 0.0161791 
v 0.0138208 0.0196791 0.0160022 
v 0.0138414 0.0196791 0.0160054 
v 0.0138615 0.0196791 0.0160108 
v 0.0138809 0.0196791 0.0160183 
v 0.0138995 0.0196791 0.0160277 
v 0.0139169 0.0196791 0.0160391 
v 0.0139331 0.0196791 0.0160522 
v 0.0139478 0.0196791 0.0160669 
v 0.0139609 0.0196791 0.0160831 
v 0.0139723 0.0196791 0.0161005 
v 0.0139817 0.0196791 0.0161191 
v 0.0139892 0.0196791 0.0161385 
v 0.0139946 0.0196791 0.0161586 
v 0.0139978 0.0196791 0.0161792 
v 0.0138204 0.0196584 0.0160054 
v 0.0138407 0.0196584 0.0160086 
v 0.0138605 0.0196584 0.0160139 
v 0.0138796 0.0196584 0.0160213 
v 0.0138978 0.0196584 0.0160306 
v 0.013915 0.0196584 0.0160417 
v 0.0139309 0.0196584 0.0160546 
v 0.0139454 0.0196584 0.0160691 
v 0.0139583 0.0196584 0.016085 
v 0.0139694 0.0196584 0.0161022 
v 0.0139787 0.0196584 0.0161204 
v 0.0139861 0.0196584 0.0161395 
v 0.0139914 0.0196584 0.0161593 
v 0.0139946 0.0196584 0.0161796 
v 0.0138199 0.0196382 0.0160108 
v 0.0138395 0.0196382 0.0160139 
v 0.0138588 0.0196382 0.0160191 
v 0.0138774 0.0196382 0.0160262 
v 0.0138951 0.0196382 0.0160353 
v 0.0139118 0.0196382 0.0160461 
v 0.0139273 0.0196382 0.0160586 
v 0.0139414 0.0196382 0.0160727 
v 0.0139539 0.0196382 0.0160882 
v 0.0139647 0.0196382 0.0161049 
v 0.0139738 0.0196382 0.0161226 
v 0.0139809 0.0196382 0.0161412 
v 0.0139861 0.0196382 0.0161605 
v 0.0139892 0.0196382 0.0161801 
v 0.0138191 0.0196187 0.0160183 
v 0.013838 0.0196187 0.0160213 
v 0.0138565 0.0196187 0.0160262 
v 0.0138743 0.0196187 0.0160331 
v 0.0138914 0.0196187 0.0160418 
v 0.0139074 0.0196187 0.0160522 
v 0.0139223 0.0196187 0.0160642 
v 0.0139358 0.0196187 0.0160777 
v 0.0139478 0.0196187 0.0160926 
v 0.0139582 0.0196187 0.0161086 
v 0.0139669 0.0196187 0.0161257 
v 0.0139738 0.0196187 0.0161435 
v 0.0139787 0.0196187 0.016162 
v 0.0139817 0.0196187 0.0161809 
v 0.0138181 0.0196 0.0160277 
v 0.013836 0.0196 0.0160306 
v 0.0138535 0.0196 0.0160353 
v 0.0138704 0.0196 0.0160418 
v 0.0138866 0.0196 0.01605 
v 0.0139018 0.0196 0.0160599 
v 0.0139159 0.0196 0.0160713 
v 0.0139287 0.0196 0.0160841 
v 0.0139401 0.0196 0.0160982 
v 0.01395 0.0196 0.0161134 
v 0.0139582 0.0196 0.0161296 
v 0.0139647 0.0196 0.0161465 
v 0.0139694 0.0196 0.016164 
v 0.0139723 0.0196 0.0161819 
v 0.0138169 0.0195824 0.0160391 
v 0.0138336 0.0195824 0.0160417 
v 0.01385 0.0195824 0.0160461 
v 0.0138658 0.0195824 0.0160522 
v 0.0138809 0.0195824 0.0160599 
v 0.0138951 0.0195824 0.0160691 
v 0.0139083 0.0195824 0.0160798 
v 0.0139202 0.0195824 0.0160917 
v 0.0139309 0.0195824 0.0161049 
v 0.0139401 0.0195824 0.0161191 
v 0.0139478 0.0195824 0.0161342 
v 0.0139539 0.0195824 0.01615 
v 0.0139583 0.0195824 0.0161664 
v 0.0139609 0.0195824 0.0161831 
v 0.0138155 0.0195662 0.0160522 
v 0.0138309 0.0195662 0.0160546 
v 0.0138459 0.0195662 0.0160586 
v 0.0138605 0.0195662 0.0160642 
v 0.0138743 0.0195662 0.0160713 
v 0.0138874 0.0195662 0.0160798 
v 0.0138995 0.0195662 0.0160895 
v 0.0139105 0.0195662 0.0161005 
v 0.0139202 0.0195662 0.0161126 
v 0.0139287 0.0195662 0.0161257 
v 0.0139358 0.0195662 0.0161395 
v 0.0139414 0.0195662 0.0161541 
v 0.0139454 0.0195662 0.0161691 
v 0.0139478 0.0195662 0.0161845 
v 0.013814 0.0195514 0.0160669 
v 0.0138278 0.0195514 0.0160691 
v 0.0138414 0.0195514 0.0160727 
v 0.0138544 0.0195514 0.0160777 
v 0.0138669 0.0195514 0.0160841 
v 0.0138787 0.0195514 0.0160917 
v 0.0138895 0.0195514 0.0161005 
v 0.0138995 0.0195514 0.0161105 
v 0.0139083 0.0195514 0.0161213 
v 0.0139159 0.0195514 0.0161331 
v 0.0139223 0.0195514 0.0161456 
v 0.0139273 0.0195514 0.0161586 
v 0.0139309 0.0195514 0.0161722 
v 0.0139331 0.0195514 0.016186 
v 0.0138123 0.0195382 0.0160831 
v 0.0138244 0.0195382 0.016085 
v 0.0138363 0.0195382 0.0160882 
v 0.0138478 0.0195382 0.0160926 
v 0.0138588 0.0195382 0.0160982 
v 0.0138691 0.0195382 0.0161049 
v 0.0138787 0.0195382 0.0161126 
v 0.0138874 0.0195382 0.0161213 
v 0.0138951 0.0195382 0.0161309 
v 0.0139018 0.0195382 0.0161412 
v 0.0139074 0.0195382 0.0161522 
v 0.0139118 0.0195382 0.0161637 
v 0.013915 0.0195382 0.0161756 
v 0.0139169 0.0195382 0.0161877 
v 0.0138105 0.0195268 0.0161005 
v 0.0138208 0.0195268 0.0161022 
v 0.0138309 0.0195268 0.0161049 
v 0.0138407 0.0195268 0.0161086 
v 0.01385 0.0195268 0.0161134 
v 0.0138588 0.0195268 0.0161191 
v 0.0138669 0.0195268 0.0161257 
v 0.0138743 0.0195268 0.0161331 
v 0.0138809 0.0195268 0.0161412 
v 0.0138866 0.0195268 0.01615 
v 0.0138914 0.0195268 0.0161593 
v 0.0138951 0.0195268 0.0161691 
v 0.0138978 0.0195268 0.0161792 
v 0.0138995 0.0195268 0.0161895 
v 0.0138085 0.0195173 0.0161191 
v 0.0138169 0.0195173 0.0161204 
v 0.0138251 0.0195173 0.0161226 
v 0.0138331 0.0195173 0.0161257 
v 0.0138407 0.0195173 0.0161296 
v 0.0138478 0.0195173 0.0161342 
v 0.0138544 0.0195173 0.0161395 
v 0.0138605 0.0195173 0.0161456 
v 0.0138658 0.0195173 0.0161522 
v 0.0138704 0.0195173 0.0161593 
v 0.0138743 0.0195173 0.0161669 
v 0.0138774 0.0195173 0.0161749 
v 0.0138796 0.0195173 0.0161831 
v 0.0138809 0.0195173 0.0161915 
v 0.0138065 0.0195098 0.0161385 
v 0.0138128 0.0195098 0.0161395 
v 0.0138191 0.0195098 0.0161412 
v 0.0138251 0.0195098 0.0161435 
v 0.0138309 0.0195098 0.0161465 
v 0.0138363 0.0195098 0.01615 
v 0.0138414 0.0195098 0.0161541 
v 0.0138459 0.0195098 0.0161586 
v 0.01385 0.0195098 0.0161637 
v 0.0138535 0.0195098 0.0161691 
v 0.0138565 0.0195098 0.0161749 
v 0.0138588 0.0195098 0.0161809 
v 0.0138605 0.0195098 0.0161872 
v 0.0138615 0.0195098 0.0161935 
v 0.0138043 0.0195044 0.0161586 
v 0.0138086 0.0195044 0.0161593 
v 0.0138128 0.0195044 0.0161605 
v 0.0138169 0.0195044 0.016162 
v 0.0138208 0.0195044 0.016164 
v 0.0138244 0.0195044 0.0161664 
v 0.0138278 0.0195044 0.0161691 
v 0.0138309 0.0195044 0.0161722 
v 0.0138336 0.0195044 0.0161756 
v 0.013836 0.0195044 0.0161792 
v 0.013838 0.0195044 0.0161831 
v 0.0138395 0.0195044 0.0161872 
v 0.0138407 0.0195044 0.0161914 
v 0.0138414 0.0195044 0.0161957 
v 0.0138022 0.0195011 0.0161792 
v 0.0138043 0.0195011 0.0161796 
v 0.0138065 0.0195011 0.0161801 
v 0.0138085 0.0195011 0.0161809 
v 0.0138105 0.0195011 0.0161819 
v 0.0138123 0.0195011 0.0161831 
v 0.013814 0.0195011 0.0161845 
v 0.0138155 0.0195011 0.016186 
v 0.0138169 0.0195011 0.0161877 
v 0.0138181 0.0195011 0.0161895 
v 0.0138191 0.0195011 0.0161915 
v 0.0138199 0.0195011 0.0161935 
v 0.0138204 0.0195011 0.0161957 
v 0.0138208 0.0195011 0.0161978 
v 0.0138209 0.0223 0.0160011 
v 0.0138416 0.0223 0.0160044 
v 0.0138618 0.0223 0.0160098 
v 0.0138813 0.0223 0.0160173 
v 0.0139 0.0223 0.0160268 
v 0.0139176 0.0223 0.0160382 
v 0.0139338 0.0223 0.0160514 
v 0.0139486 0.0223 0.0160662 
v 0.0139618 0.0223 0.0160824 
v 0.0139732 0.0223 0.0161 
v 0.0139827 0.0223 0.0161187 
v 0.0139902 0.0223 0.0161382 
v 0.0139956 0.0223 0.0161584 
v 0.0139989 0.0223 0.0161791 
v 0.0139989 0.0223209 0.0162 
v 0.0139956 0.0223416 0.0162 
v 0.0139902 0.0223618 0.0162 
v 0.0139827 0.0223813 0.0162 
v 0.0139732 0.0224 0.0162 
v 0.0139618 0.0224176 0.0162 
v 0.0139486 0.0224338 0.0162 
v 0.0139338 0.0224486 0.0162 
v 0.0139176 0.0224618 0.0162 
v 0.0139 0.0224732 0.0162 
v 0.0138813 0.0224827 0.0162 
v 0.0138618 0.0224902 0.0162 
v 0.0138416 0.0224956 0.0162 
v 0.0138209 0.0224989 0.0162 
v 0.0138 0.0223209 0.0160011 
v 0.0138 0.0223416 0.0160044 
v 0.0138 0.0223618 0.0160098 
v 0.0138 0.0223813 0.0160173 
v 0.0138 0.0224 0.0160268 
v 0.0138 0.0224176 0.0160382 
v 0.0138 0.0224338 0.0160514 
v 0.0138 0.0224486 0.0160662 
v 0.0138 0.0224618 0.0160824 
v 0.0138 0.0224732 0.0161 
v 0.0138 0.0224827 0.0161187 
v 0.0138 0.0224902 0.0161382 
v 0.0138 0.0224956 0.0161584 
v 0.0138 0.0224989 0.0161791 
v 0.0138209 0.0223208 0.0160022 
v 0.0138209 0.0223414 0.0160054 
v 0.0138209 0.0223615 0.0160108 
v 0.0138209 0.0223809 0.0160183 
v 0.0138209 0.0223995 0.0160277 
v 0.0138209 0.0224169 0.0160391 
v 0.0138209 0.0224331 0.0160522 
v 0.0138209 0.0224478 0.0160669 
v 0.0138209 0.0224609 0.0160831 
v 0.0138209 0.0224723 0.0161005 
v 0.0138209 0.0224817 0.0161191 
v 0.0138209 0.0224892 0.0161385 
v 0.0138209 0.0224946 0.0161586 
v 0.0138209 0.0224978 0.0161792 
v 0.0138416 0.0223204 0.0160054 
v 0.0138416 0.0223407 0.0160086 
v 0.0138416 0.0223605 0.0160139 
v 0.0138416 0.0223796 0.0160213 
v 0.0138416 0.0223978 0.0160306 
v 0.0138416 0.022415 0.0160417 
v 0.0138416 0.0224309 0.0160546 
v 0.0138416 0.0224454 0.0160691 
v 0.0138416 0.0224583 0.016085 
v 0.0138416 0.0224694 0.0161022 
v 0.0138416 0.0224787 0.0161204 
v 0.0138416 0.0224861 0.0161395 
v 0.0138416 0.0224914 0.0161593 
v 0.0138416 0.0224946 0.0161796 
v 0.0138618 0.0223199 0.0160108 
v 0.0138618 0.0223395 0.0160139 
v 0.0138618 0.0223588 0.0160191 
v 0.0138618 0.0223774 0.0160262 
v 0.0138618 0.0223951 0.0160353 
v 0.0138618 0.0224118 0.0160461 
v 0.0138618 0.0224273 0.0160586 
v 0.0138618 0.0224414 0.0160727 
v 0.0138618 0.0224539 0.0160882 
v 0.0138618 0.0224647 0.0161049 
v 0.0138618 0.0224738 0.0161226 
v 0.0138618 0.0224809 0.0161412 
v 0.0138618 0.0224861 0.0161605 
v 0.0138618 0.0224892 0.0161801 
v 0.0138813 0.0223191 0.0160183 
v 0.0138813 0.022338 0.0160213 
v 0.0138813 0.0223565 0.0160262 
v 0.0138813 0.0223743 0.0160331 
v 0.0138813 0.0223914 0.0160418 
v 0.0138813 0.0224074 0.0160522 
v 0.0138813 0.0224223 0.0160642 
v 0.0138813 0.0224358 0.0160777 
v 0.0138813 0.0224478 0.0160926 
v 0.0138813 0.0224582 0.0161086 
v 0.0138813 0.0224669 0.0161257 
v 0.0138813 0.0224738 0.0161435 
v 0.0138813 0.0224787 0.016162 
v 0.0138813 0.0224817 0.0161809 
v 0.0139 0.0223181 0.0160277 
v 0.0139 0.022336 0.0160306 
v 0.0139 0.0223535 0.0160353 
v 0.0139 0.0223704 0.0160418 
v 0.0139 0.0223866 0.01605 
v 0.0139 0.0224018 0.0160599 
v 0.0139 0.0224159 0.0160713 
v 0.0139 0.0224287 0.0160841 
v 0.0139 0.0224401 0.0160982 
v 0.0139 0.02245 0.0161134 
v 0.0139 0.0224582 0.0161296 
v 0.0139 0.0224647 0.0161465 
v 0.0139 0.0224694 0.016164 
v 0.0139 0.0224723 0.0161819 
v 0.0139176 0.0223169 0.0160391 
v 0.0139176 0.0223336 0.0160417 
v 0.0139176 0.02235 0.0160461 
v 0.0139176 0.0223658 0.0160522 
v 0.0139176 0.0223809 0.0160599 
v 0.0139176 0.0223951 0.0160691 
v 0.0139176 0.0224083 0.0160798 
v 0.0139176 0.0224202 0.0160917 
v 0.0139176 0.0224309 0.0161049 
v 0.0139176 0.0224401 0.0161191 
v 0.0139176 0.0224478 0.0161342 
v 0.0139176 0.0224539 0.01615 
v 0.0139176 0.0224583 0.0161664 
v 0.0139176 0.0224609 0.0161831 
v 0.0139338 0.0223155 0.0160522 
v 0.0139338 0.0223309 0.0160546 
v 0.0139338 0.0223459 0.0160586 
v 0.0139338 0.0223605 0.0160642 
v 0.0139338 0.0223743 0.0160713 
v 0.0139338 0.0223874 0.0160798 
v 0.0139338 0.0223995 0.0160895 
v 0.0139338 0.0224105 0.0161005 
v 0.0139338 0.0224202 0.0161126 
v 0.0139338 0.0224287 0.0161257 
v 0.0139338 0.0224358 0.0161395 
v 0.0139338 0.0224414 0.0161541 
v 0.0139338 0.0224454 0.0161691 
v 0.0139338 0.0224478 0.0161845 
v 0.0139486 0.022314 0.0160669 
v 0.0139486 0.0223278 0.0160691 
v 0.0139486 0.0223414 0.0160727 
v 0.0139486 0.0223544 0.0160777 
v 0.0139486 0.0223669 0.0160841 
v 0.0139486 0.0223787 0.0160917 
v 0.0139486 0.0223895 0.0161005 
v 0.0139486 0.0223995 0.0161105 
v 0.0139486 0.0224083 0.0161213 
v 0.0139486 0.0224159 0.0161331 
v 0.0139486 0.0224223 0.0161456 
v 0.0139486 0.0224273 0.0161586 
v 0.0139486 0.0224309 0.0161722 
v 0.0139486 0.0224331 0.016186 
v 0.0139618 0.0223123 0.0160831 
v 0.0139618 0.0223244 0.016085 
v 0.0139618 0.0223363 0.0160882 
v 0.0139618 0.0223478 0.0160926 
v 0.0139618 0.0223588 0.0160982 
v 0.0139618 0.0223691 0.0161049 
v 0.0139618 0.0223787 0.0161126 
v 0.0139618 0.0223874 0.0161213 
v 0.0139618 0.0223951 0.0161309 
v 0.0139618 0.0224018 0.0161412 
v 0.0139618 0.0224074 0.0161522 
v 0.0139618 0.0224118 0.0161637 
v 0.0139618 0.022415 0.0161756 
v 0.0139618 0.0224169 0.0161877 
v 0.0139732 0.0223105 0.0161005 
v 0.0139732 0.0223208 0.0161022 
v 0.0139732 0.0223309 0.0161049 
v 0.0139732 0.0223407 0.0161086 
v 0.0139732 0.02235 0.0161134 
v 0.0139732 0.0223588 0.0161191 
v 0.0139732 0.0223669 0.0161257 
v 0.0139732 0.0223743 0.0161331 
v 0.0139732 0.0223809 0.0161412 
v 0.0139732 0.0223866 0.01615 
v 0.0139732 0.0223914 0.0161593 
v 0.0139732 0.0223951 0.0161691 
v 0.0139732 0.0223978 0.0161792 
v 0.0139732 0.0223995 0.0161895 
v 0.0139827 0.0223085 0.0161191 
v 0.0139827 0.0223169 0.0161204 
v 0.0139827 0.0223251 0.0161226 
v 0.0139827 0.0223331 0.0161257 
v 0.0139827 0.0223407 0.0161296 
v 0.0139827 0.0223478 0.0161342 
v 0.0139827 0.0223544 0.0161395 
v 0.0139827 0.0223605 0.0161456 
v 0.0139827 0.0223658 0.0161522 
v 0.0139827 0.0223704 0.0161593 
v 0.0139827 0.0223743 0.0161669 
v 0.0139827 0.0223774 0.0161749 
v 0.0139827 0.0223796 0.0161831 
v 0.0139827 0.0223809 0.0161915 
v 0.0139902 0.0223065 0.0161385 
v 0.0139902 0.0223128 0.0161395 
v 0.0139902 0.0223191 0.0161412 
v 0.0139902 0.0223251 0.0161435 
v 0.0139902 0.0223309 0.0161465 
v 0.0139902 0.0223363 0.01615 
v 0.0139902 0.0223414 0.0161541 
v 0.0139902 0.0223459 0.0161586 
v 0.0139902 0.02235 0.0161637 
v 0.0139902 0.0223535 0.0161691 
v 0.0139902 0.0223565 0.0161749 
v 0.0139902 0.0223588 0.0161809 
v 0.0139902 0.0223605 0.0161872 
v 0.0139902 0.0223615 0.0161935 
v 0.0139956 0.0223043 0.0161586 
v 0.0139956 0.0223086 0.0161593 
v 0.0139956 0.0223128 0.0161605 
v 0.0139956 0.0223169 0.016162 
v 0.0139956 0.0223208 0.016164 
v 0.0139956 0.0223244 0.0161664 
v 0.0139956 0.0223278 0.0161691 
v 0.0139956 0.0223309 0.0161722 
v 0.0139956 0.0223336 0.0161756 
v 0.0139956 0.022336 0.0161792 
v 0.0139956 0.022338 0.0161831 
v 0.0139956 0.0223395 0.0161872 
v 0.0139956 0.0223407 0.0161914 
v 0.0139956 0.0223414 0.0161957 
v 0.0139989 0.0223022 0.0161792 
v 0.0139989 0.0223043 0.0161796 
v 0.0139989 0.0223065 0.0161801 
v 0.0139989 0.0223085 0.0161809 
v 0.0139989 0.0223105 0.0161819 
v 0.0139989 0.0223123 0.0161831 
v 0.0139989 0.022314 0.0161845 
v 0.0139989 0.0223155 0.016186 
v 0.0139989 0.0223169 0.0161877 
v 0.0139989 0.0223181 0.0161895 
v 0.0139989 0.0223191 0.0161915 
v 0.0139989 0.0223199 0.0161935 
v 0.0139989 0.0223204 0.0161957 
v 0.0139989 0.0223208 0.0161978 
vn -0.994138 -3.44911e-16 -0.108119 
vn -1 -3.46945e-16 -2.44929e-16 
vn -0.976621 -3.38833e-16 -0.21497 
vn -0.994138 -3.44911e-16 -0.108119 
vn -0.947653 -3.28783e-16 -0.319302 
vn -0.976621 -3.38833e-16 -0.21497 
vn -0.907575 -3.14878e-16 -0.419889 
vn -0.947653 -3.28783e-16 -0.319302 
vn -0.856857 -2.97282e-16 -0.515554 
vn -0.907575 -3.14878e-16 -0.419889 
vn -0.796093 -2.762e-16 -0.605174 
vn -0.856857 -2.97282e-16 -0.515554 
vn -0.725995 -2.5188e-16 -0.687699 
vn -0.796093 -2.762e-16 -0.605174 
vn -0.647386 -2.24607e-16 -0.762162 
vn -0.725995 -2.5188e-16 -0.687699 
vn -0.561187 -1.94701e-16 -0.827689 
vn -0.647386 -2.24607e-16 -0.762162 
vn -0.468408 -1.62512e-16 -0.883512 
vn -0.561187 -1.94701e-16 -0.827689 
vn -0.370138 -1.28417e-16 -0.928977 
vn -0.468408 -1.62512e-16 -0.883512 
vn -0.267528 -9.28175e-17 -0.96355 
vn -0.370138 -1.28417e-16 -0.928977 
vn -0.161782 -5.61294e-17 -0.986827 
vn -0.267528 -9.28175e-17 -0.96355 
vn -0.0541389 -1.87832e-17 -0.998533 
vn -0.161782 -5.61294e-17 -0.986827 
vn 0.0541389 1.87832e-17 -0.998533 
vn -0.0541389 -1.87832e-17 -0.998533 
vn 0.161782 5.61294e-17 -0.986827 
vn 0.0541389 1.87832e-17 -0.998533 
vn 0.267528 9.28175e-17 -0.96355 
vn 0.161782 5.61294e-17 -0.986827 
vn 0.370138 1.28417e-16 -0.928977 
vn 0.267528 9.28175e-17 -0.96355 
vn 0.468408 1.62512e-16 -0.883512 
vn 0.370138 1.28417e-16 -0.928977 
vn 0.561187 1.94701e-16 -0.827689 
vn 0.468408 1.62512e-16 -0.883512 
vn 0.647386 2.24607e-16 -0.762162 
vn 0.561187 1.94701e-16 -0.827689 
vn 0.725995 2.5188e-16 -0.687699 
vn 0.647386 2.24607e-16 -0.762162 
vn 0.796093 2.762e-16 -0.605174 
vn 0.725995 2.5188e-16 -0.687699 
vn 0.856857 2.97282e-16 -0.515554 
vn 0.796093 2.762e-16 -0.605174 
vn 0.907575 3.14878e-16 -0.419889 
vn 0.856857 2.97282e-16 -0.515554 
vn 0.947653 3.28783e-16 -0.319302 
vn 0.907575 3.14878e-16 -0.419889 
vn 0.976621 3.38833e-16 -0.21497 
vn 0.947653 3.28783e-16 -0.319302 
vn 0.994138 3.44911e-16 -0.108119 
vn 0.976621 3.38833e-16 -0.21497 
vn 1 3.46945e-16 1.22465e-16 
vn 0.994138 3.44911e-16 -0.108119 
vn 0.994138 3.44911e-16 0.108119 
vn 1 3.46945e-16 1.22465e-16 
vn 0.976621 3.38833e-16 0.21497 
vn 0.994138 3.44911e-16 0.108119 
vn 0.947653 3.28783e-16 0.319302 
vn 0.976621 3.38833e-16 0.21497 
vn 0.907575 3.14878e-16 0.419889 
vn 0.947653 3.28783e-16 0.319302 
vn 0.856857 2.97282e-16 0.515554 
vn 0.907575 3.14878e-16 0.419889 
vn 0.796093 2.762e-16 0.605174 
vn 0.856857 2.97282e-16 0.515554 
vn 0.725995 2.5188e-16 0.687699 
vn 0.796093 2.762e-16 0.605174 
vn 0.647386 2.24607e-16 0.762162 
vn 0.725995 2.5188e-16 0.687699 
vn 0.561187 1.94701e-16 0.827689 
vn 0.647386 2.24607e-16 0.762162 
vn 0.468408 1.62512e-16 0.883512 
vn 0.561187 1.94701e-16 0.827689 
vn 0.370138 1.28417e-16 0.928977 
vn 0.468408 1.62512e-16 0.883512 
vn 0.267528 9.28175e-17 0.96355 
vn 0.370138 1.28417e-16 0.928977 
vn 0.161782 5.61294e-17 0.986827 
vn 0.267528 9.28175e-17 0.96355 
vn 0.0541389 1.87832e-17 0.998533 
vn 0.161782 5.61294e-17 0.986827 
vn -0.0541389 -1.87832e-17 0.998533 
vn 0.0541389 1.87832e-17 0.998533 
vn -0.161782 -5.61294e-17 0.986827 
vn -0.0541389 -1.87832e-17 0.998533 
vn -0.267528 -9.28175e-17 0.96355 
vn -0.161782 -5.61294e-17 0.986827 
vn -0.370138 -1.28417e-16 0.928977 
vn -0.267528 -9.28175e-17 0.96355 
vn -0.468408 -1.62512e-16 0.883512 
vn -0.370138 -1.28417e-16 0.928977 
vn -0.561187 -1.94701e-16 0.827689 
vn -0.468408 -1.62512e-16 0.883512 
vn -0.647386 -2.24607e-16 0.762162 
vn -0.561187 -1.94701e-16 0.827689 
vn -0.725995 -2.5188e-16 0.687699 
vn -0.647386 -2.24607e-16 0.762162 
vn -0.796093 -2.762e-16 0.605174 
vn -0.725995 -2.5188e-16 0.687699 
vn -0.856857 -2.97282e-16 0.515554 
vn -0.796093 -2.762e-16 0.605174 
vn -0.907575 -3.14878e-16 0.419889 
vn -0.856857 -2.97282e-16 0.515554 
vn -0.947653 -3.28783e-16 0.319302 
vn -0.907575 -3.14878e-16 0.419889 
vn -0.976621 -3.38833e-16 0.21497 
vn -0.947653 -3.28783e-16 0.319302 
vn -0.994138 -3.44911e-16 0.108119 
vn -0.976621 -3.38833e-16 0.21497 
vn 0 -1 0 
vn -1 0 0 
vn 0 -0.104528 0.994522 
vn 0 1.83697e-16 1 
vn 0 -0.207912 0.978148 
vn 0 -0.104528 0.994522 
vn 0 -0.309017 0.951057 
vn 0 -0.207912 0.978148 
vn 0 -0.406737 0.913545 
vn 0 -0.309017 0.951057 
vn 0 -0.5 0.866025 
vn 0 -0.406737 0.913545 
vn 0 -0.587785 0.809017 
vn 0 -0.5 0.866025 
vn 0 -0.669131 0.743145 
vn 0 -0.587785 0.809017 
vn 0 -0.743145 0.669131 
vn 0 -0.669131 0.743145 
vn 0 -0.809017 0.587785 
vn 0 -0.743145 0.669131 
vn 0 -0.866025 0.5 
vn 0 -0.809017 0.587785 
vn 0 -0.838671 0.544639 
vn 0 -0.913545 0.406737 
vn 0 -0.866025 0.5 
vn 0 -0.891007 0.45399 
vn 0 -0.951057 0.309017 
vn 0 -0.913545 0.406737 
vn 0 -0.93358 0.358368 
vn 0 -0.978148 0.207912 
vn 0 -0.951057 0.309017 
vn 0 -0.965926 0.258819 
vn 0 -0.994522 0.104528 
vn 0 -0.978148 0.207912 
vn 0 -0.987688 0.156434 
vn 0 -1 2.44929e-16 
vn 0 -0.994522 0.104528 
vn 0 -0.99863 0.052336 
vn 0 -1 0 
vn -0.104528 0 0.994522 
vn 1.83697e-16 0 1 
vn -0.207912 0 0.978148 
vn -0.309017 0 0.951057 
vn -0.406737 0 0.913545 
vn -0.5 0 0.866025 
vn -0.587785 0 0.809017 
vn -0.669131 0 0.743145 
vn -0.743145 0 0.669131 
vn -0.809017 0 0.587785 
vn -0.838671 0 0.544639 
vn -0.866025 0 0.5 
vn -0.809017 0 0.587785 
vn -0.891007 0 0.45399 
vn -0.913545 0 0.406737 
vn -0.866025 0 0.5 
vn -0.93358 0 0.358368 
vn -0.951057 0 0.309017 
vn -0.913545 0 0.406737 
vn -0.965926 0 0.258819 
vn -0.978148 0 0.207912 
vn -0.951057 0 0.309017 
vn -0.987688 0 0.156434 
vn -0.978148 0 0.207912 
vn -0.994522 0 0.104528 
vn -0.99863 0 0.052336 
vn -1 0 0 
vn -0.5 0 0.866025 
vn -0.104528 0 0.994522 
vn 0 0 1 
vn 0.994522 -0.104528 -1.21794e-16 
vn 1 8.67362e-15 -1.22465e-16 
vn 0.994522 1.72522e-14 0.104528 
vn 0.989074 -0.104528 0.103956 
vn 0.978148 1.69682e-14 0.207912 
vn 0.972789 -0.104528 0.206773 
vn 0.951057 1.64982e-14 0.309017 
vn 0.945847 -0.104528 0.307324 
vn 0.913545 1.58475e-14 0.406737 
vn 0.908541 -0.104528 0.404508 
vn 0.866025 1.50231e-14 0.5 
vn 0.861281 -0.104528 0.497261 
vn 0.809017 1.40342e-14 0.587785 
vn 0.804585 -0.104528 0.584565 
vn 0.743145 1.28915e-14 0.669131 
vn 0.739074 -0.104528 0.665465 
vn 0.669131 1.16076e-14 0.743145 
vn 0.665465 -0.104528 0.739074 
vn 0.587785 1.01964e-14 0.809017 
vn 0.584565 -0.104528 0.804585 
vn 0.5 8.67362e-15 0.866025 
vn 0.497261 -0.104528 0.861281 
vn 0.406737 7.05576e-15 0.913545 
vn 0.404508 -0.104528 0.908541 
vn 0.309017 5.36059e-15 0.951057 
vn 0.307324 -0.104528 0.945847 
vn 0.207912 3.60669e-15 0.978148 
vn 0.206773 -0.104528 0.972789 
vn 0.104528 1.81328e-15 0.994522 
vn 0.103956 -0.104528 0.989074 
vn 3.69149e-15 6.56149e-29 1 
vn 0.978148 -0.207912 -1.19789e-16 
vn 0.972789 -0.207912 0.102244 
vn 0.956773 -0.207912 0.203368 
vn 0.930274 -0.207912 0.302264 
vn 0.893582 -0.207912 0.397848 
vn 0.847101 -0.207912 0.489074 
vn 0.791338 -0.207912 0.574941 
vn 0.726905 -0.207912 0.654508 
vn 0.654508 -0.207912 0.726905 
vn 0.574941 -0.207912 0.791338 
vn 0.489074 -0.207912 0.847101 
vn 0.397848 -0.207912 0.893582 
vn 0.302264 -0.207912 0.930274 
vn 0.203368 -0.207912 0.956773 
vn 0.102244 -0.207912 0.972789 
vn 4.57791e-15 -0.104528 0.994522 
vn 0.951057 -0.309017 -1.16471e-16 
vn 0.945847 -0.309017 0.0994125 
vn 0.930274 -0.309017 0.197736 
vn 0.904508 -0.309017 0.293893 
vn 0.868833 -0.309017 0.38683 
vn 0.823639 -0.309017 0.475528 
vn 0.769421 -0.309017 0.559017 
vn 0.706773 -0.309017 0.636381 
vn 0.636381 -0.309017 0.706773 
vn 0.559017 -0.309017 0.769421 
vn 0.475528 -0.309017 0.823639 
vn 0.38683 -0.309017 0.868833 
vn 0.293893 -0.309017 0.904508 
vn 0.197736 -0.309017 0.930274 
vn 0.0994125 -0.309017 0.945847 
vn 5.41417e-15 -0.207912 0.978148 
vn 0.913545 -0.406737 -1.11877e-16 
vn 0.908541 -0.406737 0.0954915 
vn 0.893582 -0.406737 0.189937 
vn 0.868833 -0.406737 0.282301 
vn 0.834565 -0.406737 0.371572 
vn 0.791154 -0.406737 0.456773 
vn 0.739074 -0.406737 0.536969 
vn 0.678897 -0.406737 0.611281 
vn 0.611281 -0.406737 0.678897 
vn 0.536969 -0.406737 0.739074 
vn 0.456773 -0.406737 0.791154 
vn 0.371572 -0.406737 0.834565 
vn 0.282301 -0.406737 0.868833 
vn 0.189937 -0.406737 0.893582 
vn 0.0954915 -0.406737 0.908541 
vn 6.19111e-15 -0.309017 0.951057 
vn 0.866025 -0.5 -1.06058e-16 
vn 0.861281 -0.5 0.0905243 
vn 0.847101 -0.5 0.180057 
vn 0.823639 -0.5 0.267617 
vn 0.791154 -0.5 0.352244 
vn 0.75 -0.5 0.433013 
vn 0.700629 -0.5 0.509037 
vn 0.643582 -0.5 0.579484 
vn 0.579484 -0.5 0.643582 
vn 0.509037 -0.5 0.700629 
vn 0.433013 -0.5 0.75 
vn 0.352244 -0.5 0.791154 
vn 0.267617 -0.5 0.823639 
vn 0.180057 -0.5 0.847101 
vn 0.0905243 -0.5 0.861281 
vn 6.90022e-15 -0.406737 0.913545 
vn 0.809017 -0.587785 -9.9076e-17 
vn 0.804585 -0.587785 0.0845653 
vn 0.791338 -0.587785 0.168204 
vn 0.769421 -0.587785 0.25 
vn 0.739074 -0.587785 0.329057 
vn 0.700629 -0.587785 0.404508 
vn 0.654508 -0.587785 0.475528 
vn 0.601217 -0.587785 0.541338 
vn 0.541338 -0.587785 0.601217 
vn 0.475528 -0.587785 0.654508 
vn 0.404508 -0.587785 0.700629 
vn 0.329057 -0.587785 0.739074 
vn 0.25 -0.587785 0.769421 
vn 0.168204 -0.587785 0.791338 
vn 0.0845653 -0.587785 0.804585 
vn 7.53373e-15 -0.5 0.866025 
vn 0.743145 -0.669131 -9.1009e-17 
vn 0.739074 -0.669131 0.0776798 
vn 0.726905 -0.669131 0.154508 
vn 0.706773 -0.669131 0.229644 
vn 0.678897 -0.669131 0.302264 
vn 0.643582 -0.669131 0.371572 
vn 0.601217 -0.669131 0.43681 
vn 0.552264 -0.669131 0.497261 
vn 0.497261 -0.669131 0.552264 
vn 0.43681 -0.669131 0.601217 
vn 0.371572 -0.669131 0.643582 
vn 0.302264 -0.669131 0.678897 
vn 0.229644 -0.669131 0.706773 
vn 0.154508 -0.669131 0.726905 
vn 0.0776798 -0.669131 0.739074 
vn 8.0847e-15 -0.587785 0.809017 
vn 0.669131 -0.743145 -8.19449e-17 
vn 0.665465 -0.743145 0.0699432 
vn 0.654508 -0.743145 0.13912 
vn 0.636381 -0.743145 0.206773 
vn 0.611281 -0.743145 0.27216 
vn 0.579484 -0.743145 0.334565 
vn 0.541338 -0.743145 0.393305 
vn 0.497261 -0.743145 0.447736 
vn 0.447736 -0.743145 0.497261 
vn 0.393305 -0.743145 0.541338 
vn 0.334565 -0.743145 0.579484 
vn 0.27216 -0.743145 0.611281 
vn 0.206773 -0.743145 0.636381 
vn 0.13912 -0.743145 0.654508 
vn 0.0699432 -0.743145 0.665465 
vn 8.5471e-15 -0.669131 0.743145 
vn 0.587785 -0.809017 -7.19829e-17 
vn 0.584565 -0.809017 0.0614403 
vn 0.574941 -0.809017 0.122207 
vn 0.559017 -0.809017 0.181636 
vn 0.536969 -0.809017 0.239074 
vn 0.509037 -0.809017 0.293893 
vn 0.475528 -0.809017 0.345492 
vn 0.43681 -0.809017 0.393305 
vn 0.393305 -0.809017 0.43681 
vn 0.345492 -0.809017 0.475528 
vn 0.293893 -0.809017 0.509037 
vn 0.239074 -0.809017 0.536969 
vn 0.181636 -0.809017 0.559017 
vn 0.122207 -0.809017 0.574941 
vn 0.0614403 -0.809017 0.584565 
vn 8.91584e-15 -0.743145 0.669131 
vn 0.5 -0.866025 -6.12323e-17 
vn 0.497261 -0.866025 0.0522642 
vn 0.489074 -0.866025 0.103956 
vn 0.475528 -0.866025 0.154508 
vn 0.456773 -0.866025 0.203368 
vn 0.433013 -0.866025 0.25 
vn 0.404508 -0.866025 0.293893 
vn 0.371572 -0.866025 0.334565 
vn 0.334565 -0.866025 0.371572 
vn 0.293893 -0.866025 0.404508 
vn 0.25 -0.866025 0.433013 
vn 0.203368 -0.866025 0.456773 
vn 0.154508 -0.866025 0.475528 
vn 0.103956 -0.866025 0.489074 
vn 0.0522642 -0.866025 0.497261 
vn 9.18691e-15 -0.809017 0.587785 
vn 0.406737 -0.913545 -4.98109e-17 
vn 0.404508 -0.913545 0.0425156 
vn 0.397848 -0.913545 0.0845653 
vn 0.38683 -0.913545 0.125689 
vn 0.371572 -0.913545 0.165435 
vn 0.352244 -0.913545 0.203368 
vn 0.329057 -0.913545 0.239074 
vn 0.302264 -0.913545 0.27216 
vn 0.27216 -0.913545 0.302264 
vn 0.239074 -0.913545 0.329057 
vn 0.203368 -0.913545 0.352244 
vn 0.165435 -0.913545 0.371572 
vn 0.125689 -0.913545 0.38683 
vn 0.0845653 -0.913545 0.397848 
vn 0.0425156 -0.913545 0.404508 
vn 9.35732e-15 -0.866025 0.5 
vn 0.309017 -0.951057 -3.78437e-17 
vn 0.307324 -0.951057 0.0323011 
vn 0.302264 -0.951057 0.0642482 
vn 0.293893 -0.951057 0.0954915 
vn 0.282301 -0.951057 0.125689 
vn 0.267617 -0.951057 0.154508 
vn 0.25 -0.951057 0.181636 
vn 0.229644 -0.951057 0.206773 
vn 0.206773 -0.951057 0.229644 
vn 0.181636 -0.951057 0.25 
vn 0.154508 -0.951057 0.267617 
vn 0.125689 -0.951057 0.282301 
vn 0.0954915 -0.951057 0.293893 
vn 0.0642482 -0.951057 0.302264 
vn 0.0323011 -0.951057 0.307324 
vn 9.42521e-15 -0.913545 0.406737 
vn 0.207912 -0.978148 -2.54618e-17 
vn 0.206773 -0.978148 0.0217327 
vn 0.203368 -0.978148 0.0432273 
vn 0.197736 -0.978148 0.0642482 
vn 0.189937 -0.978148 0.0845653 
vn 0.180057 -0.978148 0.103956 
vn 0.168204 -0.978148 0.122207 
vn 0.154508 -0.978148 0.13912 
vn 0.13912 -0.978148 0.154508 
vn 0.122207 -0.978148 0.168204 
vn 0.103956 -0.978148 0.180057 
vn 0.0845653 -0.978148 0.189937 
vn 0.0642482 -0.978148 0.197736 
vn 0.0432273 -0.978148 0.203368 
vn 0.0217327 -0.978148 0.206773 
vn 9.38983e-15 -0.951057 0.309017 
vn 0.104528 -0.994522 -1.2801e-17 
vn 0.103956 -0.994522 0.0109262 
vn 0.102244 -0.994522 0.0217327 
vn 0.0994125 -0.994522 0.0323011 
vn 0.0954915 -0.994522 0.0425156 
vn 0.0905243 -0.994522 0.0522642 
vn 0.0845653 -0.994522 0.0614403 
vn 0.0776798 -0.994522 0.0699432 
vn 0.0699432 -0.994522 0.0776798 
vn 0.0614403 -0.994522 0.0845653 
vn 0.0522642 -0.994522 0.0905243 
vn 0.0425156 -0.994522 0.0954915 
vn 0.0323011 -0.994522 0.0994125 
vn 0.0217327 -0.994522 0.102244 
vn 0.0109262 -0.994522 0.103956 
vn 9.25158e-15 -0.978148 0.207912 
vn 8.67362e-15 -1 0 
vn 9.01197e-15 -0.994522 0.104528 
vn -3.46945e-16 1 2.44929e-16 
vn 0 0.99863 0.052336 
vn 0 0.994522 0.104528 
vn -3.46945e-16 1 0 
vn 0 0.987688 0.156434 
vn 0 0.978148 0.207912 
vn 0 0.965926 0.258819 
vn 0 0.951057 0.309017 
vn 0 0.93358 0.358368 
vn 0 0.913545 0.406737 
vn 0 0.891007 0.45399 
vn 0 0.866025 0.5 
vn 0 0.838671 0.544639 
vn 0 0.809017 0.587785 
vn 0 0.743145 0.669131 
vn 0 0.669131 0.743145 
vn 0 0.587785 0.809017 
vn 0 0.5 0.866025 
vn 0 0.406737 0.913545 
vn 0 0.309017 0.951057 
vn 0 0.207912 0.978148 
vn 0 0.104528 0.994522 
vn -6.09924e-30 1.75799e-14 1 
vn 0.104528 0 0.994522 
vn 0.207912 0 0.978148 
vn 0.309017 0 0.951057 
vn 0.406737 0 0.913545 
vn 0.5 0 0.866025 
vn 0.587785 0 0.809017 
vn 0.669131 0 0.743145 
vn 0.743145 0 0.669131 
vn 0.809017 0 0.587785 
vn 0.866025 0 0.5 
vn 0.913545 0 0.406737 
vn 0.951057 0 0.309017 
vn 0.978148 0 0.207912 
vn 0.994522 0 0.104528 
vn 1 0 2.44929e-16 
vn 0 -1 0 
vn 0.104528 -0.994522 0 
vn 0.207912 -0.978148 0 
vn 0.309017 -0.951057 0 
vn 0.406737 -0.913545 0 
vn 0.5 -0.866025 0 
vn 0.587785 -0.809017 0 
vn 0.669131 -0.743145 0 
vn 0.743145 -0.669131 0 
vn 0.809017 -0.587785 0 
vn 0.866025 -0.5 0 
vn 0.913545 -0.406737 0 
vn 0.951057 -0.309017 0 
vn 0.978148 -0.207912 0 
vn 0.994522 -0.104528 0 
vn 1 -6.12323e-17 0 
vn 0 -1 -1.22465e-16 
vn 0 -0.99863 -0.052336 
vn 0 -0.994522 -0.104528 
vn 0 -1 0 
vn 0 -0.987688 -0.156434 
vn 0 -0.978148 -0.207912 
vn 0 -0.965926 -0.258819 
vn 0 -0.951057 -0.309017 
vn 0 -0.93358 -0.358368 
vn 0 -0.913545 -0.406737 
vn 0 -0.891007 -0.45399 
vn 0 -0.866025 -0.5 
vn 0 -0.838671 -0.544639 
vn 0 -0.809017 -0.587785 
vn 0 -0.743145 -0.669131 
vn 0 -0.669131 -0.743145 
vn 0 -0.587785 -0.809017 
vn 0 -0.5 -0.866025 
vn 0 -0.406737 -0.913545 
vn 0 -0.309017 -0.951057 
vn 0 -0.207912 -0.978148 
vn 0 -0.104528 -0.994522 
vn 0 6.12323e-17 -1 
vn -0.99863 0 -0.052336 
vn -0.994522 0 -0.104528 
vn -1 0 0 
vn -0.987688 0 -0.156434 
vn -0.978148 0 -0.207912 
vn -0.965926 0 -0.258819 
vn -0.951057 0 -0.309017 
vn -0.93358 0 -0.358368 
vn -0.913545 0 -0.406737 
vn -0.891007 0 -0.45399 
vn -0.866025 0 -0.5 
vn -0.838671 0 -0.544639 
vn -0.809017 0 -0.587785 
vn -0.743145 0 -0.669131 
vn -0.669131 0 -0.743145 
vn -0.587785 0 -0.809017 
vn -0.5 0 -0.866025 
vn -0.406737 0 -0.913545 
vn -0.309017 0 -0.951057 
vn -0.207912 0 -0.978148 
vn -0.104528 0 -0.994522 
vn 6.12323e-17 0 -1 
vn -0.5 0 -0.866025 
vn -0.743145 0 -0.669131 
vn -1 0 -1.22465e-16 
vn -3.46945e-16 1 0 
vn 0.994522 -3.97633e-14 0.104528 
vn 1 -4.18056e-14 1.73472e-14 
vn 0.994522 0.104528 1.5534e-14 
vn 0.989074 0.103956 0.104528 
vn 0.978148 0.207912 1.37405e-14 
vn 0.972789 0.206773 0.104528 
vn 0.951057 0.309017 1.19866e-14 
vn 0.945847 0.307324 0.104528 
vn 0.913545 0.406737 1.02915e-14 
vn 0.908541 0.404508 0.104528 
vn 0.866025 0.5 8.67362e-15 
vn 0.861281 0.497261 0.104528 
vn 0.809017 0.587785 7.15079e-15 
vn 0.804585 0.584565 0.104528 
vn 0.743145 0.669131 5.73967e-15 
vn 0.739074 0.665465 0.104528 
vn 0.669131 0.743145 4.45573e-15 
vn 0.665465 0.739074 0.104528 
vn 0.587785 0.809017 3.31303e-15 
vn 0.584565 0.804585 0.104528 
vn 0.5 0.866025 2.32409e-15 
vn 0.497261 0.861281 0.104528 
vn 0.406737 0.913545 1.49975e-15 
vn 0.404508 0.908541 0.104528 
vn 0.309017 0.951057 8.49034e-16 
vn 0.307324 0.945847 0.104528 
vn 0.207912 0.978148 3.79079e-16 
vn 0.206773 0.972789 0.104528 
vn 0.104528 0.994522 9.503e-17 
vn 0.103956 0.989074 0.104528 
vn -6.82787e-15 1 -6.31089e-30 
vn 0.978148 -3.72854e-14 0.207912 
vn 0.972789 0.102244 0.207912 
vn 0.956773 0.203368 0.207912 
vn 0.930274 0.302264 0.207912 
vn 0.893582 0.397848 0.207912 
vn 0.847101 0.489074 0.207912 
vn 0.791338 0.574941 0.207912 
vn 0.726905 0.654508 0.207912 
vn 0.654508 0.726905 0.207912 
vn 0.574941 0.791338 0.207912 
vn 0.489074 0.847101 0.207912 
vn 0.397848 0.893582 0.207912 
vn 0.302264 0.930274 0.207912 
vn 0.203368 0.956773 0.207912 
vn 0.102244 0.972789 0.207912 
vn -6.60041e-15 0.994522 0.104528 
vn 0.951057 -3.43989e-14 0.309017 
vn 0.945847 0.0994125 0.309017 
vn 0.930274 0.197736 0.309017 
vn 0.904508 0.293893 0.309017 
vn 0.868833 0.38683 0.309017 
vn 0.823639 0.475528 0.309017 
vn 0.769421 0.559017 0.309017 
vn 0.706773 0.636381 0.309017 
vn 0.636381 0.706773 0.309017 
vn 0.559017 0.769421 0.309017 
vn 0.475528 0.823639 0.309017 
vn 0.38683 0.868833 0.309017 
vn 0.293893 0.904508 0.309017 
vn 0.197736 0.930274 0.309017 
vn 0.0994125 0.945847 0.309017 
vn -5.92051e-15 0.978148 0.207912 
vn 0.913545 -3.11356e-14 0.406737 
vn 0.908541 0.0954915 0.406737 
vn 0.893582 0.189937 0.406737 
vn 0.868833 0.282301 0.406737 
vn 0.834565 0.371572 0.406737 
vn 0.791154 0.456773 0.406737 
vn 0.739074 0.536969 0.406737 
vn 0.678897 0.611281 0.406737 
vn 0.611281 0.678897 0.406737 
vn 0.536969 0.739074 0.406737 
vn 0.456773 0.791154 0.406737 
vn 0.371572 0.834565 0.406737 
vn 0.282301 0.868833 0.406737 
vn 0.189937 0.893582 0.406737 
vn 0.0954915 0.908541 0.406737 
vn -4.79562e-15 0.951057 0.309017 
vn 0.866025 -2.75311e-14 0.5 
vn 0.861281 0.0905243 0.5 
vn 0.847101 0.180057 0.5 
vn 0.823639 0.267617 0.5 
vn 0.791154 0.352244 0.5 
vn 0.75 0.433013 0.5 
vn 0.700629 0.509037 0.5 
vn 0.643582 0.579484 0.5 
vn 0.579484 0.643582 0.5 
vn 0.509037 0.700629 0.5 
vn 0.433013 0.75 0.5 
vn 0.352244 0.791154 0.5 
vn 0.267617 0.823639 0.5 
vn 0.180057 0.847101 0.5 
vn 0.0905243 0.861281 0.5 
vn -3.23808e-15 0.913545 0.406737 
vn 0.809017 -2.3625e-14 0.587785 
vn 0.804585 0.0845653 0.587785 
vn 0.791338 0.168204 0.587785 
vn 0.769421 0.25 0.587785 
vn 0.739074 0.329057 0.587785 
vn 0.700629 0.404508 0.587785 
vn 0.654508 0.475528 0.587785 
vn 0.601217 0.541338 0.587785 
vn 0.541338 0.601217 0.587785 
vn 0.475528 0.654508 0.587785 
vn 0.404508 0.700629 0.587785 
vn 0.329057 0.739074 0.587785 
vn 0.25 0.769421 0.587785 
vn 0.168204 0.791338 0.587785 
vn 0.0845653 0.804585 0.587785 
vn 1.60823e-14 0.866025 0.5 
vn 0.743145 -1.94601e-14 0.669131 
vn 0.739074 0.0776798 0.669131 
vn 0.726905 0.154508 0.669131 
vn 0.706773 0.229644 0.669131 
vn 0.678897 0.302264 0.669131 
vn 0.643582 0.371572 0.669131 
vn 0.601217 0.43681 0.669131 
vn 0.552264 0.497261 0.669131 
vn 0.497261 0.552264 0.669131 
vn 0.43681 0.601217 0.669131 
vn 0.371572 0.643582 0.669131 
vn 0.302264 0.678897 0.669131 
vn 0.229644 0.706773 0.669131 
vn 0.154508 0.726905 0.669131 
vn 0.0776798 0.739074 0.669131 
vn 1.10219e-15 0.809017 0.587785 
vn 0.669131 -1.50819e-14 0.743145 
vn 0.665465 0.0699432 0.743145 
vn 0.654508 0.13912 0.743145 
vn 0.636381 0.206773 0.743145 
vn 0.611281 0.27216 0.743145 
vn 0.579484 0.334565 0.743145 
vn 0.541338 0.393305 0.743145 
vn 0.497261 0.447736 0.743145 
vn 0.447736 0.497261 0.743145 
vn 0.393305 0.541338 0.743145 
vn 0.334565 0.579484 0.743145 
vn 0.27216 0.611281 0.743145 
vn 0.206773 0.636381 0.743145 
vn 0.13912 0.654508 0.743145 
vn 0.0699432 0.665465 0.743145 
vn 3.83736e-15 0.743145 0.669131 
vn 0.587785 -1.05385e-14 0.809017 
vn 0.584565 0.0614403 0.809017 
vn 0.574941 0.122207 0.809017 
vn 0.559017 0.181636 0.809017 
vn 0.536969 0.239074 0.809017 
vn 0.509037 0.293893 0.809017 
vn 0.475528 0.345492 0.809017 
vn 0.43681 0.393305 0.809017 
vn 0.393305 0.43681 0.809017 
vn 0.345492 0.475528 0.809017 
vn 0.293893 0.509037 0.809017 
vn 0.239074 0.536969 0.809017 
vn 0.181636 0.559017 0.809017 
vn 0.122207 0.574941 0.809017 
vn 0.0614403 0.584565 0.809017 
vn 6.9106e-15 0.669131 0.743145 
vn 0.5 -5.87966e-15 0.866025 
vn 0.497261 0.0522642 0.866025 
vn 0.489074 0.103956 0.866025 
vn 0.475528 0.154508 0.866025 
vn 0.456773 0.203368 0.866025 
vn 0.433013 0.25 0.866025 
vn 0.404508 0.293893 0.866025 
vn 0.371572 0.334565 0.866025 
vn 0.334565 0.371572 0.866025 
vn 0.293893 0.404508 0.866025 
vn 0.25 0.433013 0.866025 
vn 0.203368 0.456773 0.866025 
vn 0.154508 0.475528 0.866025 
vn 0.103956 0.489074 0.866025 
vn 0.0522642 0.497261 0.866025 
vn 1.02882e-14 0.587785 0.809017 
vn 0.406737 -1.15639e-15 0.913545 
vn 0.404508 0.0425156 0.913545 
vn 0.397848 0.0845653 0.913545 
vn 0.38683 0.125689 0.913545 
vn 0.371572 0.165435 0.913545 
vn 0.352244 0.203368 0.913545 
vn 0.329057 0.239074 0.913545 
vn 0.302264 0.27216 0.913545 
vn 0.27216 0.302264 0.913545 
vn 0.239074 0.329057 0.913545 
vn 0.203368 0.352244 0.913545 
vn 0.165435 0.371572 0.913545 
vn 0.125689 0.38683 0.913545 
vn 0.0845653 0.397848 0.913545 
vn 0.0425156 0.404508 0.913545 
vn -3.41394e-15 0.5 0.866025 
vn 0.309017 3.57955e-15 0.951057 
vn 0.307324 0.0323011 0.951057 
vn 0.302264 0.0642482 0.951057 
vn 0.293893 0.0954915 0.951057 
vn 0.282301 0.125689 0.951057 
vn 0.267617 0.154508 0.951057 
vn 0.25 0.181636 0.951057 
vn 0.229644 0.206773 0.951057 
vn 0.206773 0.229644 0.951057 
vn 0.181636 0.25 0.951057 
vn 0.154508 0.267617 0.951057 
vn 0.125689 0.282301 0.951057 
vn 0.0954915 0.293893 0.951057 
vn 0.0642482 0.302264 0.951057 
vn 0.0323011 0.307324 0.951057 
vn 4.58577e-16 0.406737 0.913545 
vn 0.207912 8.27628e-15 0.978148 
vn 0.206773 0.0217327 0.978148 
vn 0.203368 0.0432273 0.978148 
vn 0.197736 0.0642482 0.978148 
vn 0.189937 0.0845653 0.978148 
vn 0.180057 0.103956 0.978148 
vn 0.168204 0.122207 0.978148 
vn 0.154508 0.13912 0.978148 
vn 0.13912 0.154508 0.978148 
vn 0.122207 0.168204 0.978148 
vn 0.103956 0.180057 0.978148 
vn 0.0845653 0.189937 0.978148 
vn 0.0642482 0.197736 0.978148 
vn 0.0432273 0.203368 0.978148 
vn 0.0217327 0.206773 0.978148 
vn 4.51613e-15 0.309017 0.951057 
vn 0.104528 1.28823e-14 0.994522 
vn 0.103956 0.0109262 0.994522 
vn 0.102244 0.0217327 0.994522 
vn 0.0994125 0.0323011 0.994522 
vn 0.0954915 0.0425156 0.994522 
vn 0.0905243 0.0522642 0.994522 
vn 0.0845653 0.0614403 0.994522 
vn 0.0776798 0.0699432 0.994522 
vn 0.0699432 0.0776798 0.994522 
vn 0.0614403 0.0845653 0.994522 
vn 0.0522642 0.0905243 0.994522 
vn 0.0425156 0.0954915 0.994522 
vn 0.0323011 0.0994125 0.994522 
vn 0.0217327 0.102244 0.994522 
vn 0.0109262 0.103956 0.994522 
vn 8.71425e-15 0.207912 0.978148 
vn 0 1.73472e-14 1 
vn -4.34027e-15 0.104528 0.994522 
vn 1 0 0 
vn 0 0 -1 
vn -1.99121e-14 -0.104528 -0.994522 
vn 0.104528 -7.76698e-15 -0.994522 
vn 0.103956 -0.104528 -0.989074 
vn 0.207912 -6.87027e-15 -0.978148 
vn 0.206773 -0.104528 -0.972789 
vn 0.309017 -5.99332e-15 -0.951057 
vn 0.307324 -0.104528 -0.945847 
vn 0.406737 -5.14574e-15 -0.913545 
vn 0.404508 -0.104528 -0.908541 
vn 0.5 -4.33681e-15 -0.866025 
vn 0.497261 -0.104528 -0.861281 
vn 0.587785 -3.57539e-15 -0.809017 
vn 0.584565 -0.104528 -0.804585 
vn 0.669131 -2.86983e-15 -0.743145 
vn 0.665465 -0.104528 -0.739074 
vn 0.743145 -2.22786e-15 -0.669131 
vn 0.739074 -0.104528 -0.665465 
vn 0.809017 -1.65651e-15 -0.587785 
vn 0.804585 -0.104528 -0.584565 
vn 0.866025 -1.16204e-15 -0.5 
vn 0.861281 -0.104528 -0.497261 
vn 0.913545 -7.49874e-16 -0.406737 
vn 0.908541 -0.104528 -0.404508 
vn 0.951057 -4.24517e-16 -0.309017 
vn 0.945847 -0.104528 -0.307324 
vn 0.978148 -1.89539e-16 -0.207912 
vn 0.972789 -0.104528 -0.206773 
vn 0.994522 -4.7515e-17 -0.104528 
vn 0.989074 -0.104528 -0.103956 
vn 1 -3.15544e-30 3.45557e-15 
vn -1.86726e-14 -0.207912 -0.978148 
vn 0.102244 -0.207912 -0.972789 
vn 0.203368 -0.207912 -0.956773 
vn 0.302264 -0.207912 -0.930274 
vn 0.397848 -0.207912 -0.893582 
vn 0.489074 -0.207912 -0.847101 
vn 0.574941 -0.207912 -0.791338 
vn 0.654508 -0.207912 -0.726905 
vn 0.726905 -0.207912 -0.654508 
vn 0.791338 -0.207912 -0.574941 
vn 0.847101 -0.207912 -0.489074 
vn 0.893582 -0.207912 -0.397848 
vn 0.930274 -0.207912 -0.302264 
vn 0.956773 -0.207912 -0.203368 
vn 0.972789 -0.207912 -0.102244 
vn 0.994522 -0.104528 3.34161e-15 
vn -1.72286e-14 -0.309017 -0.951057 
vn 0.0994125 -0.309017 -0.945847 
vn 0.197736 -0.309017 -0.930274 
vn 0.293893 -0.309017 -0.904508 
vn 0.38683 -0.309017 -0.868833 
vn 0.475528 -0.309017 -0.823639 
vn 0.559017 -0.309017 -0.769421 
vn 0.636381 -0.309017 -0.706773 
vn 0.706773 -0.309017 -0.636381 
vn 0.769421 -0.309017 -0.559017 
vn 0.823639 -0.309017 -0.475528 
vn 0.868833 -0.309017 -0.38683 
vn 0.904508 -0.309017 -0.293893 
vn 0.930274 -0.309017 -0.197736 
vn 0.945847 -0.309017 -0.0994125 
vn 0.978148 -0.207912 3.00098e-15 
vn -1.55958e-14 -0.406737 -0.913545 
vn 0.0954915 -0.406737 -0.908541 
vn 0.189937 -0.406737 -0.893582 
vn 0.282301 -0.406737 -0.868833 
vn 0.371572 -0.406737 -0.834565 
vn 0.456773 -0.406737 -0.791154 
vn 0.536969 -0.406737 -0.739074 
vn 0.611281 -0.406737 -0.678897 
vn 0.678897 -0.406737 -0.611281 
vn 0.739074 -0.406737 -0.536969 
vn 0.791154 -0.406737 -0.456773 
vn 0.834565 -0.406737 -0.371572 
vn 0.868833 -0.406737 -0.282301 
vn 0.893582 -0.406737 -0.189937 
vn 0.908541 -0.406737 -0.0954915 
vn 0.951057 -0.309017 2.43741e-15 
vn -1.37921e-14 -0.5 -0.866025 
vn 0.0905243 -0.5 -0.861281 
vn 0.180057 -0.5 -0.847101 
vn 0.267617 -0.5 -0.823639 
vn 0.352244 -0.5 -0.791154 
vn 0.433013 -0.5 -0.75 
vn 0.509037 -0.5 -0.700629 
vn 0.579484 -0.5 -0.643582 
vn 0.643582 -0.5 -0.579484 
vn 0.700629 -0.5 -0.509037 
vn 0.75 -0.5 -0.433013 
vn 0.791154 -0.5 -0.352244 
vn 0.823639 -0.5 -0.267617 
vn 0.847101 -0.5 -0.180057 
vn 0.861281 -0.5 -0.0905243 
vn 0.913545 -0.406737 1.65707e-15 
vn -1.18373e-14 -0.587785 -0.809017 
vn 0.0845653 -0.587785 -0.804585 
vn 0.168204 -0.587785 -0.791338 
vn 0.25 -0.587785 -0.769421 
vn 0.329057 -0.587785 -0.739074 
vn 0.404508 -0.587785 -0.700629 
vn 0.475528 -0.587785 -0.654508 
vn 0.541338 -0.587785 -0.601217 
vn 0.601217 -0.587785 -0.541338 
vn 0.654508 -0.587785 -0.475528 
vn 0.700629 -0.587785 -0.404508 
vn 0.739074 -0.587785 -0.329057 
vn 0.769421 -0.587785 -0.25 
vn 0.791338 -0.587785 -0.168204 
vn 0.804585 -0.587785 -0.0845653 
vn 0.866025 -0.5 -8.0051e-15 
vn -9.75278e-15 -0.669131 -0.743145 
vn 0.0776798 -0.669131 -0.739074 
vn 0.154508 -0.669131 -0.726905 
vn 0.229644 -0.669131 -0.706773 
vn 0.302264 -0.669131 -0.678897 
vn 0.371572 -0.669131 -0.643582 
vn 0.43681 -0.669131 -0.601217 
vn 0.497261 -0.669131 -0.552264 
vn 0.552264 -0.669131 -0.497261 
vn 0.601217 -0.669131 -0.43681 
vn 0.643582 -0.669131 -0.371572 
vn 0.678897 -0.669131 -0.302264 
vn 0.706773 -0.669131 -0.229644 
vn 0.726905 -0.669131 -0.154508 
vn 0.739074 -0.669131 -0.0776798 
vn 0.809017 -0.587785 -5.17413e-16 
vn -7.56144e-15 -0.743145 -0.669131 
vn 0.0699432 -0.743145 -0.665465 
vn 0.13912 -0.743145 -0.654508 
vn 0.206773 -0.743145 -0.636381 
vn 0.27216 -0.743145 -0.611281 
vn 0.334565 -0.743145 -0.579484 
vn 0.393305 -0.743145 -0.541338 
vn 0.447736 -0.743145 -0.497261 
vn 0.497261 -0.743145 -0.447736 
vn 0.541338 -0.743145 -0.393305 
vn 0.579484 -0.743145 -0.334565 
vn 0.611281 -0.743145 -0.27216 
vn 0.636381 -0.743145 -0.206773 
vn 0.654508 -0.743145 -0.13912 
vn 0.665465 -0.743145 -0.0699432 
vn 0.743145 -0.669131 -1.88774e-15 
vn -5.28725e-15 -0.809017 -0.587785 
vn 0.0614403 -0.809017 -0.584565 
vn 0.122207 -0.809017 -0.574941 
vn 0.181636 -0.809017 -0.559017 
vn 0.239074 -0.809017 -0.536969 
vn 0.293893 -0.809017 -0.509037 
vn 0.345492 -0.809017 -0.475528 
vn 0.393305 -0.809017 -0.43681 
vn 0.43681 -0.809017 -0.393305 
vn 0.475528 -0.809017 -0.345492 
vn 0.509037 -0.809017 -0.293893 
vn 0.536969 -0.809017 -0.239074 
vn 0.559017 -0.809017 -0.181636 
vn 0.574941 -0.809017 -0.122207 
vn 0.584565 -0.809017 -0.0614403 
vn 0.669131 -0.743145 -3.42744e-15 
vn -2.95514e-15 -0.866025 -0.5 
vn 0.0522642 -0.866025 -0.497261 
vn 0.103956 -0.866025 -0.489074 
vn 0.154508 -0.866025 -0.475528 
vn 0.203368 -0.866025 -0.456773 
vn 0.25 -0.866025 -0.433013 
vn 0.293893 -0.866025 -0.404508 
vn 0.334565 -0.866025 -0.371572 
vn 0.371572 -0.866025 -0.334565 
vn 0.404508 -0.866025 -0.293893 
vn 0.433013 -0.866025 -0.25 
vn 0.456773 -0.866025 -0.203368 
vn 0.475528 -0.866025 -0.154508 
vn 0.489074 -0.866025 -0.103956 
vn 0.497261 -0.866025 -0.0522642 
vn 0.587785 -0.809017 -5.11965e-15 
vn -5.90647e-16 -0.913545 -0.406737 
vn 0.0425156 -0.913545 -0.404508 
vn 0.0845653 -0.913545 -0.397848 
vn 0.125689 -0.913545 -0.38683 
vn 0.165435 -0.913545 -0.371572 
vn 0.203368 -0.913545 -0.352244 
vn 0.239074 -0.913545 -0.329057 
vn 0.27216 -0.913545 -0.302264 
vn 0.302264 -0.913545 -0.27216 
vn 0.329057 -0.913545 -0.239074 
vn 0.352244 -0.913545 -0.203368 
vn 0.371572 -0.913545 -0.165435 
vn 0.38683 -0.913545 -0.125689 
vn 0.397848 -0.913545 -0.0845653 
vn 0.404508 -0.913545 -0.0425156 
vn 0.5 -0.866025 1.72778e-15 
vn 1.78032e-15 -0.951057 -0.309017 
vn 0.0323011 -0.951057 -0.307324 
vn 0.0642482 -0.951057 -0.302264 
vn 0.0954915 -0.951057 -0.293893 
vn 0.125689 -0.951057 -0.282301 
vn 0.154508 -0.951057 -0.267617 
vn 0.181636 -0.951057 -0.25 
vn 0.206773 -0.951057 -0.229644 
vn 0.229644 -0.951057 -0.206773 
vn 0.25 -0.951057 -0.181636 
vn 0.267617 -0.951057 -0.154508 
vn 0.282301 -0.951057 -0.125689 
vn 0.293893 -0.951057 -0.0954915 
vn 0.302264 -0.951057 -0.0642482 
vn 0.307324 -0.951057 -0.0323011 
vn 0.406737 -0.913545 -2.12355e-16 
vn 4.13177e-15 -0.978148 -0.207912 
vn 0.0217327 -0.978148 -0.206773 
vn 0.0432273 -0.978148 -0.203368 
vn 0.0642482 -0.978148 -0.197736 
vn 0.0845653 -0.978148 -0.189937 
vn 0.103956 -0.978148 -0.180057 
vn 0.122207 -0.978148 -0.168204 
vn 0.13912 -0.978148 -0.154508 
vn 0.154508 -0.978148 -0.13912 
vn 0.168204 -0.978148 -0.122207 
vn 0.180057 -0.978148 -0.103956 
vn 0.189937 -0.978148 -0.0845653 
vn 0.197736 -0.978148 -0.0642482 
vn 0.203368 -0.978148 -0.0432273 
vn 0.206773 -0.978148 -0.0217327 
vn 0.309017 -0.951057 -2.2452e-15 
vn 6.43796e-15 -0.994522 -0.104528 
vn 0.0109262 -0.994522 -0.103956 
vn 0.0217327 -0.994522 -0.102244 
vn 0.0323011 -0.994522 -0.0994125 
vn 0.0425156 -0.994522 -0.0954915 
vn 0.0522642 -0.994522 -0.0905243 
vn 0.0614403 -0.994522 -0.0845653 
vn 0.0699432 -0.994522 -0.0776798 
vn 0.0776798 -0.994522 -0.0699432 
vn 0.0845653 -0.994522 -0.0614403 
vn 0.0905243 -0.994522 -0.0522642 
vn 0.0954915 -0.994522 -0.0425156 
vn 0.0994125 -0.994522 -0.0323011 
vn 0.102244 -0.994522 -0.0217327 
vn 0.103956 -0.994522 -0.0109262 
vn 0.207912 -0.978148 -4.34847e-15 
vn 8.67362e-15 -1 0 
vn 0.104528 -0.994522 2.17449e-15 
vn -6.12323e-17 0 -1 
vn 0.104528 0 -0.994522 
vn 0.207912 0 -0.978148 
vn 0.309017 0 -0.951057 
vn 0.406737 0 -0.913545 
vn 0.5 0 -0.866025 
vn 0.587785 0 -0.809017 
vn 0.669131 0 -0.743145 
vn 0.743145 0 -0.669131 
vn 0.809017 0 -0.587785 
vn 0.866025 0 -0.5 
vn 0.913545 0 -0.406737 
vn 0.951057 0 -0.309017 
vn 0.978148 0 -0.207912 
vn 0.994522 0 -0.104528 
vn 1 0 -1.22465e-16 
vn 0.994522 0.104528 0 
vn 0.978148 0.207912 0 
vn 0.951057 0.309017 0 
vn 0.913545 0.406737 0 
vn 0.866025 0.5 0 
vn 0.809017 0.587785 0 
vn 0.743145 0.669131 0 
vn 0.669131 0.743145 0 
vn 0.587785 0.809017 0 
vn 0.5 0.866025 0 
vn 0.406737 0.913545 0 
vn 0.309017 0.951057 0 
vn 0.207912 0.978148 0 
vn 0.104528 0.994522 0 
vn 1.22465e-16 1 0 
vn -3.62656e-17 0.104528 -0.994522 
vn 4.10422e-30 -1.18296e-14 -1 
vn -7.21339e-17 0.207912 -0.978148 
vn 0 0.104528 -0.994522 
vn -1.07212e-16 0.309017 -0.951057 
vn 0 0.207912 -0.978148 
vn -1.41115e-16 0.406737 -0.913545 
vn 0 0.309017 -0.951057 
vn -1.73472e-16 0.5 -0.866025 
vn 0 0.406737 -0.913545 
vn -2.03929e-16 0.587785 -0.809017 
vn 0 0.5 -0.866025 
vn -2.32151e-16 0.669131 -0.743145 
vn 0 0.587785 -0.809017 
vn -2.5783e-16 0.743145 -0.669131 
vn 0 0.669131 -0.743145 
vn -2.80684e-16 0.809017 -0.587785 
vn 0 0.743145 -0.669131 
vn -3.00463e-16 0.866025 -0.5 
vn 0 0.809017 -0.587785 
vn 0 0.838671 -0.544639 
vn -3.1695e-16 0.913545 -0.406737 
vn 0 0.866025 -0.5 
vn 0 0.891007 -0.45399 
vn -3.29964e-16 0.951057 -0.309017 
vn 0 0.913545 -0.406737 
vn 0 0.93358 -0.358368 
vn -3.39363e-16 0.978148 -0.207912 
vn 0 0.951057 -0.309017 
vn 0 0.965926 -0.258819 
vn -3.45044e-16 0.994522 -0.104528 
vn 0 0.978148 -0.207912 
vn 0 0.987688 -0.156434 
vn -3.46945e-16 1 -1.22465e-16 
vn 0 0.994522 -0.104528 
vn 0 0.99863 -0.052336 
vn -3.46945e-16 1 -1.22465e-16 
vn 0.104528 2.4451e-14 -0.994522 
vn 0 2.45857e-14 -1 
vn 0 0.104528 -0.994522 
vn 0.104528 0.103956 -0.989074 
vn 0 0.207912 -0.978148 
vn 0.104528 0.206773 -0.972789 
vn 0 0.309017 -0.951057 
vn 0.104528 0.307324 -0.945847 
vn 0 0.406737 -0.913545 
vn 0.104528 0.404508 -0.908541 
vn 0 0.5 -0.866025 
vn 0.104528 0.497261 -0.861281 
vn 0 0.587785 -0.809017 
vn 0.104528 0.584565 -0.804585 
vn 0 0.669131 -0.743145 
vn 0.104528 0.665465 -0.739074 
vn 0 0.743145 -0.669131 
vn 0.104528 0.739074 -0.665465 
vn 0 0.809017 -0.587785 
vn 0.104528 0.804585 -0.584565 
vn 0 0.866025 -0.5 
vn 0.104528 0.861281 -0.497261 
vn 0 0.913545 -0.406737 
vn 0.104528 0.908541 -0.404508 
vn 0 0.951057 -0.309017 
vn 0.104528 0.945847 -0.307324 
vn 0 0.978148 -0.207912 
vn 0.104528 0.972789 -0.206773 
vn 0 0.994522 -0.104528 
vn 0.104528 0.989074 -0.103956 
vn 0 1 -7.43849e-15 
vn 0.207912 2.40485e-14 -0.978148 
vn 0.207912 0.102244 -0.972789 
vn 0.207912 0.203368 -0.956773 
vn 0.207912 0.302264 -0.930274 
vn 0.207912 0.397848 -0.893582 
vn 0.207912 0.489074 -0.847101 
vn 0.207912 0.574941 -0.791338 
vn 0.207912 0.654508 -0.726905 
vn 0.207912 0.726905 -0.654508 
vn 0.207912 0.791338 -0.574941 
vn 0.207912 0.847101 -0.489074 
vn 0.207912 0.893582 -0.397848 
vn 0.207912 0.930274 -0.302264 
vn 0.207912 0.956773 -0.203368 
vn 0.207912 0.972789 -0.102244 
vn 0.104528 0.994522 -7.30272e-15 
vn 0.309017 2.33824e-14 -0.951057 
vn 0.309017 0.0994125 -0.945847 
vn 0.309017 0.197736 -0.930274 
vn 0.309017 0.293893 -0.904508 
vn 0.309017 0.38683 -0.868833 
vn 0.309017 0.475528 -0.823639 
vn 0.309017 0.559017 -0.769421 
vn 0.309017 0.636381 -0.706773 
vn 0.309017 0.706773 -0.636381 
vn 0.309017 0.769421 -0.559017 
vn 0.309017 0.823639 -0.475528 
vn 0.309017 0.868833 -0.38683 
vn 0.309017 0.904508 -0.293893 
vn 0.309017 0.930274 -0.197736 
vn 0.309017 0.945847 -0.0994125 
vn 0.207912 0.978148 -6.89687e-15 
vn 0.406737 2.24602e-14 -0.913545 
vn 0.406737 0.0954915 -0.908541 
vn 0.406737 0.189937 -0.893582 
vn 0.406737 0.282301 -0.868833 
vn 0.406737 0.371572 -0.834565 
vn 0.406737 0.456773 -0.791154 
vn 0.406737 0.536969 -0.739074 
vn 0.406737 0.611281 -0.678897 
vn 0.406737 0.678897 -0.611281 
vn 0.406737 0.739074 -0.536969 
vn 0.406737 0.791154 -0.456773 
vn 0.406737 0.834565 -0.371572 
vn 0.406737 0.868833 -0.282301 
vn 0.406737 0.893582 -0.189937 
vn 0.406737 0.908541 -0.0954915 
vn 0.309017 0.951057 -6.22539e-15 
vn 0.5 2.12919e-14 -0.866025 
vn 0.5 0.0905243 -0.861281 
vn 0.5 0.180057 -0.847101 
vn 0.5 0.267617 -0.823639 
vn 0.5 0.352244 -0.791154 
vn 0.5 0.433013 -0.75 
vn 0.5 0.509037 -0.700629 
vn 0.5 0.579484 -0.643582 
vn 0.5 0.643582 -0.579484 
vn 0.5 0.700629 -0.509037 
vn 0.5 0.75 -0.433013 
vn 0.5 0.791154 -0.352244 
vn 0.5 0.823639 -0.267617 
vn 0.5 0.847101 -0.180057 
vn 0.5 0.861281 -0.0905243 
vn 0.406737 0.913545 -5.29566e-15 
vn 0.587785 1.98903e-14 -0.809017 
vn 0.587785 0.0845653 -0.804585 
vn 0.587785 0.168204 -0.791338 
vn 0.587785 0.25 -0.769421 
vn 0.587785 0.329057 -0.739074 
vn 0.587785 0.404508 -0.700629 
vn 0.587785 0.475528 -0.654508 
vn 0.587785 0.541338 -0.601217 
vn 0.587785 0.601217 -0.541338 
vn 0.587785 0.654508 -0.475528 
vn 0.587785 0.700629 -0.404508 
vn 0.587785 0.739074 -0.329057 
vn 0.587785 0.769421 -0.25 
vn 0.587785 0.791338 -0.168204 
vn 0.587785 0.804585 -0.0845653 
vn 0.5 0.866025 -4.11784e-15 
vn 0.669131 1.82707e-14 -0.743145 
vn 0.669131 0.0776798 -0.739074 
vn 0.669131 0.154508 -0.726905 
vn 0.669131 0.229644 -0.706773 
vn 0.669131 0.302264 -0.678897 
vn 0.669131 0.371572 -0.643582 
vn 0.669131 0.43681 -0.601217 
vn 0.669131 0.497261 -0.552264 
vn 0.669131 0.552264 -0.497261 
vn 0.669131 0.601217 -0.43681 
vn 0.669131 0.643582 -0.371572 
vn 0.669131 0.678897 -0.302264 
vn 0.669131 0.706773 -0.229644 
vn 0.669131 0.726905 -0.154508 
vn 0.669131 0.739074 -0.0776798 
vn 0.587785 0.809017 -2.70484e-15 
vn 0.743145 1.64511e-14 -0.669131 
vn 0.743145 0.0699432 -0.665465 
vn 0.743145 0.13912 -0.654508 
vn 0.743145 0.206773 -0.636381 
vn 0.743145 0.27216 -0.611281 
vn 0.743145 0.334565 -0.579484 
vn 0.743145 0.393305 -0.541338 
vn 0.743145 0.447736 -0.497261 
vn 0.743145 0.497261 -0.447736 
vn 0.743145 0.541338 -0.393305 
vn 0.743145 0.579484 -0.334565 
vn 0.743145 0.611281 -0.27216 
vn 0.743145 0.636381 -0.206773 
vn 0.743145 0.654508 -0.13912 
vn 0.743145 0.665465 -0.0699432 
vn 0.669131 0.743145 -1.07215e-15 
vn 0.809017 1.44511e-14 -0.587785 
vn 0.809017 0.0614403 -0.584565 
vn 0.809017 0.122207 -0.574941 
vn 0.809017 0.181636 -0.559017 
vn 0.809017 0.239074 -0.536969 
vn 0.809017 0.293893 -0.509037 
vn 0.809017 0.345492 -0.475528 
vn 0.809017 0.393305 -0.43681 
vn 0.809017 0.43681 -0.393305 
vn 0.809017 0.475528 -0.345492 
vn 0.809017 0.509037 -0.293893 
vn 0.809017 0.536969 -0.239074 
vn 0.809017 0.559017 -0.181636 
vn 0.809017 0.574941 -0.122207 
vn 0.809017 0.584565 -0.0614403 
vn 0.743145 0.669131 7.62345e-16 
vn 0.866025 1.22929e-14 -0.5 
vn 0.866025 0.0522642 -0.497261 
vn 0.866025 0.103956 -0.489074 
vn 0.866025 0.154508 -0.475528 
vn 0.866025 0.203368 -0.456773 
vn 0.866025 0.25 -0.433013 
vn 0.866025 0.293893 -0.404508 
vn 0.866025 0.334565 -0.371572 
vn 0.866025 0.371572 -0.334565 
vn 0.866025 0.404508 -0.293893 
vn 0.866025 0.433013 -0.25 
vn 0.866025 0.456773 -0.203368 
vn 0.866025 0.475528 -0.154508 
vn 0.866025 0.489074 -0.103956 
vn 0.866025 0.497261 -0.0522642 
vn 0.809017 0.587785 2.77855e-15 
vn 0.913545 9.99991e-15 -0.406737 
vn 0.913545 0.0425156 -0.404508 
vn 0.913545 0.0845653 -0.397848 
vn 0.913545 0.125689 -0.38683 
vn 0.913545 0.165435 -0.371572 
vn 0.913545 0.203368 -0.352244 
vn 0.913545 0.239074 -0.329057 
vn 0.913545 0.27216 -0.302264 
vn 0.913545 0.302264 -0.27216 
vn 0.913545 0.329057 -0.239074 
vn 0.913545 0.352244 -0.203368 
vn 0.913545 0.371572 -0.165435 
vn 0.913545 0.38683 -0.125689 
vn 0.913545 0.397848 -0.0845653 
vn 0.913545 0.404508 -0.0425156 
vn 0.866025 0.5 4.95437e-15 
vn 0.951057 7.5974e-15 -0.309017 
vn 0.951057 0.0323011 -0.307324 
vn 0.951057 0.0642482 -0.302264 
vn 0.951057 0.0954915 -0.293893 
vn 0.951057 0.125689 -0.282301 
vn 0.951057 0.154508 -0.267617 
vn 0.951057 0.181636 -0.25 
vn 0.951057 0.206773 -0.229644 
vn 0.951057 0.229644 -0.206773 
vn 0.951057 0.25 -0.181636 
vn 0.951057 0.267617 -0.154508 
vn 0.951057 0.282301 -0.125689 
vn 0.951057 0.293893 -0.0954915 
vn 0.951057 0.302264 -0.0642482 
vn 0.951057 0.307324 -0.0323011 
vn 0.913545 0.406737 7.26597e-15 
vn 0.978148 5.11166e-15 -0.207912 
vn 0.978148 0.0217327 -0.206773 
vn 0.978148 0.0432273 -0.203368 
vn 0.978148 0.0642482 -0.197736 
vn 0.978148 0.0845653 -0.189937 
vn 0.978148 0.103956 -0.180057 
vn 0.978148 0.122207 -0.168204 
vn 0.978148 0.13912 -0.154508 
vn 0.978148 0.154508 -0.13912 
vn 0.978148 0.168204 -0.122207 
vn 0.978148 0.180057 -0.103956 
vn 0.978148 0.189937 -0.0845653 
vn 0.978148 0.197736 -0.0642482 
vn 0.978148 0.203368 -0.0432273 
vn 0.978148 0.206773 -0.0217327 
vn 0.951057 0.309017 -7.65921e-15 
vn 0.994522 2.56991e-15 -0.104528 
vn 0.994522 0.0109262 -0.103956 
vn 0.994522 0.0217327 -0.102244 
vn 0.994522 0.0323011 -0.0994125 
vn 0.994522 0.0425156 -0.0954915 
vn 0.994522 0.0522642 -0.0905243 
vn 0.994522 0.0614403 -0.0845653 
vn 0.994522 0.0699432 -0.0776798 
vn 0.994522 0.0776798 -0.0699432 
vn 0.994522 0.0845653 -0.0614403 
vn 0.994522 0.0905243 -0.0522642 
vn 0.994522 0.0954915 -0.0425156 
vn 0.994522 0.0994125 -0.0323011 
vn 0.994522 0.102244 -0.0217327 
vn 0.994522 0.103956 -0.0109262 
vn 0.978148 0.207912 -5.15324e-15 
vn 1 0 0 
vn 0.994522 0.104528 -2.59081e-15 
usemtl 0.615686_0.811765_0.929412_0.000000_0.000000
o mesh0
f 1//1 2//2 3//2 
f 4//3 1//1 5//4 
f 6//5 4//3 7//6 
f 8//7 6//5 9//8 
f 10//9 8//7 11//10 
f 12//11 10//9 13//12 
f 14//13 12//11 15//14 
f 16//15 14//13 17//16 
f 18//17 16//15 19//18 
f 20//19 18//17 21//20 
f 22//21 20//19 23//22 
f 24//23 22//21 25//24 
f 26//25 24//23 27//26 
f 28//27 26//25 29//28 
f 30//29 28//27 31//30 
f 32//31 30//29 33//32 
f 34//33 32//31 35//34 
f 36//35 34//33 37//36 
f 38//37 36//35 39//38 
f 40//39 38//37 41//40 
f 42//41 40//39 43//42 
f 44//43 42//41 45//44 
f 46//45 44//43 47//46 
f 48//47 46//45 49//48 
f 50//49 48//47 51//50 
f 52//51 50//49 53//52 
f 54//53 52//51 55//54 
f 56//55 54//53 57//56 
f 58//57 56//55 59//58 
f 60//59 58//57 61//60 
f 62//61 60//59 63//62 
f 64//63 62//61 65//64 
f 66//65 64//63 67//66 
f 68//67 66//65 69//68 
f 70//69 68//67 71//70 
f 72//71 70//69 73//72 
f 74//73 72//71 75//74 
f 76//75 74//73 77//76 
f 78//77 76//75 79//78 
f 80//79 78//77 81//80 
f 82//81 80//79 83//82 
f 84//83 82//81 85//84 
f 86//85 84//83 87//86 
f 88//87 86//85 89//88 
f 90//89 88//87 91//90 
f 92//91 90//89 93//92 
f 94//93 92//91 95//94 
f 96//95 94//93 97//96 
f 98//97 96//95 99//98 
f 100//99 98//97 101//100 
f 102//101 100//99 103//102 
f 104//103 102//101 105//104 
f 106//105 104//103 107//106 
f 108//107 106//105 109//108 
f 110//109 108//107 111//110 
f 112//111 110//109 113//112 
f 114//113 112//111 115//114 
f 2//2 114//113 116//113 
f 116//113 3//2 2//2 
f 115//114 116//113 114//113 
f 113//112 115//114 112//111 
f 111//110 113//112 110//109 
f 109//108 111//110 108//107 
f 107//106 109//108 106//105 
f 105//104 107//106 104//103 
f 103//102 105//104 102//101 
f 101//100 103//102 100//99 
f 99//98 101//100 98//97 
f 97//96 99//98 96//95 
f 95//94 97//96 94//93 
f 93//92 95//94 92//91 
f 91//90 93//92 90//89 
f 89//88 91//90 88//87 
f 87//86 89//88 86//85 
f 85//84 87//86 84//83 
f 83//82 85//84 82//81 
f 81//80 83//82 80//79 
f 79//78 81//80 78//77 
f 77//76 79//78 76//75 
f 75//74 77//76 74//73 
f 73//72 75//74 72//71 
f 71//70 73//72 70//69 
f 69//68 71//70 68//67 
f 67//66 69//68 66//65 
f 65//64 67//66 64//63 
f 63//62 65//64 62//61 
f 61//60 63//62 60//59 
f 59//58 61//60 58//57 
f 57//56 59//58 56//55 
f 55//54 57//56 54//53 
f 53//52 55//54 52//51 
f 51//50 53//52 50//49 
f 49//48 51//50 48//47 
f 47//46 49//48 46//45 
f 45//44 47//46 44//43 
f 43//42 45//44 42//41 
f 41//40 43//42 40//39 
f 39//38 41//40 38//37 
f 37//36 39//38 36//35 
f 35//34 37//36 34//33 
f 33//32 35//34 32//31 
f 31//30 33//32 30//29 
f 29//28 31//30 28//27 
f 27//26 29//28 26//25 
f 25//24 27//26 24//23 
f 23//22 25//24 22//21 
f 21//20 23//22 20//19 
f 19//18 21//20 18//17 
f 17//16 19//18 16//15 
f 15//14 17//16 14//13 
f 13//12 15//14 12//11 
f 11//10 13//12 10//9 
f 9//8 11//10 8//7 
f 7//6 9//8 6//5 
f 5//4 7//6 4//3 
f 3//2 5//4 1//1 
o mesh1
f 117//115 17//115 15//115 
f 117//115 13//115 11//115 
f 117//115 19//115 17//115 
f 118//115 51//115 49//115 
f 119//115 109//115 107//115 
f 117//115 9//115 7//115 
f 15//115 13//115 117//115 
f 117//115 29//115 27//115 
f 49//115 47//115 118//115 
f 118//115 55//115 53//115 
f 118//115 59//115 57//115 
f 118//115 120//115 61//115 
f 120//115 67//115 65//115 
f 120//115 71//115 69//115 
f 120//115 75//115 73//115 
f 107//115 105//115 119//115 
f 119//115 113//115 111//115 
f 119//115 116//115 115//115 
f 119//115 117//115 3//115 
f 7//115 5//115 117//115 
f 117//115 21//115 19//115 
f 27//115 25//115 117//115 
f 118//115 39//115 37//115 
f 53//115 51//115 118//115 
f 61//115 59//115 118//115 
f 65//115 63//115 120//115 
f 73//115 71//115 120//115 
f 111//115 109//115 119//115 
f 3//115 116//115 119//115 
f 11//115 9//115 117//115 
f 25//115 23//115 117//115 
f 118//115 41//115 39//115 
f 118//115 45//115 43//115 
f 57//115 55//115 118//115 
f 69//115 67//115 120//115 
f 120//115 79//115 77//115 
f 120//115 87//115 85//115 
f 115//115 113//115 119//115 
f 23//115 21//115 117//115 
f 117//115 33//115 31//115 
f 118//115 35//115 33//115 
f 43//115 41//115 118//115 
f 63//115 61//115 120//115 
f 120//115 81//115 79//115 
f 85//115 83//115 120//115 
f 119//115 97//115 95//115 
f 5//115 3//115 117//115 
f 33//115 117//115 118//115 
f 47//115 45//115 118//115 
f 83//115 81//115 120//115 
f 119//115 99//115 97//115 
f 119//115 103//115 101//115 
f 31//115 29//115 117//115 
f 77//115 75//115 120//115 
f 101//115 99//115 119//115 
f 37//115 35//115 118//115 
f 120//115 119//115 89//115 
f 105//115 103//115 119//115 
f 119//115 91//115 89//115 
f 89//115 87//115 120//115 
f 95//115 93//115 119//115 
f 93//115 91//115 119//115 
o mesh2
f 118//116 121//116 122//116 
f 122//116 120//116 118//116 
o mesh3
f 123//117 124//118 125//118 
f 126//119 123//117 127//120 
f 128//121 126//119 129//122 
f 130//123 128//121 131//124 
f 132//125 130//123 133//126 
f 134//127 132//125 135//128 
f 136//129 134//127 137//130 
f 138//131 136//129 139//132 
f 140//133 138//131 141//134 
f 142//135 140//133 143//136 
f 143//136 144//137 142//135 
f 145//138 142//135 146//139 
f 146//139 147//140 145//138 
f 148//141 145//138 149//142 
f 149//142 150//143 148//141 
f 151//144 148//141 152//145 
f 152//145 153//146 151//144 
f 154//147 151//144 155//148 
f 155//148 156//149 154//147 
f 117//150 154//147 157//151 
f 157//151 158//152 117//150 
f 158//152 118//153 117//150 
f 156//149 157//151 154//147 
f 153//146 155//148 151//144 
f 150//143 152//145 148//141 
f 147//140 149//142 145//138 
f 144//137 146//139 142//135 
f 141//134 143//136 140//133 
f 139//132 141//134 138//131 
f 137//130 139//132 136//129 
f 135//128 137//130 134//127 
f 133//126 135//128 132//125 
f 131//124 133//126 130//123 
f 129//122 131//124 128//121 
f 127//120 129//122 126//119 
f 125//118 127//120 123//117 
o mesh4
f 127//154 125//155 159//155 
f 160//156 129//156 127//154 
f 161//157 131//157 129//156 
f 162//158 133//158 131//157 
f 135//159 133//158 162//158 
f 163//160 137//160 135//159 
f 164//161 139//161 137//160 
f 165//162 141//162 139//161 
f 143//163 141//162 165//162 
f 166//164 144//164 143//163 
f 166//164 146//165 144//164 
f 143//163 167//166 166//164 
f 168//167 147//167 146//165 
f 168//167 149//168 147//167 
f 146//165 169//169 168//167 
f 170//170 150//170 149//168 
f 170//170 152//171 150//170 
f 149//168 171//172 170//170 
f 172//173 153//173 152//171 
f 172//173 155//174 153//173 
f 152//171 173//175 172//173 
f 174//176 156//176 155//174 
f 155//174 175//177 174//176 
f 176//178 157//178 156//176 
f 177//179 158//179 157//178 
f 157//178 176//178 177//179 
f 121//180 118//180 158//179 
f 177//179 121//180 158//179 
f 174//176 176//178 156//176 
f 172//173 175//177 155//174 
f 170//170 173//175 152//171 
f 168//167 171//172 149//168 
f 166//164 169//169 146//165 
f 165//162 167//166 143//163 
f 139//161 164//161 165//162 
f 137//160 163//160 164//161 
f 135//159 178//181 163//160 
f 162//158 178//181 135//159 
f 131//157 161//157 162//158 
f 129//156 160//156 161//157 
f 127//154 179//182 160//156 
f 159//155 179//182 127//154 
o mesh5
f 124//183 180//183 159//183 
f 159//183 125//183 124//183 
o mesh6
f 181//184 182//185 183//186 
f 210//187 183//186 184//188 
f 211//189 184//188 185//190 
f 212//191 185//190 186//192 
f 213//193 186//192 187//194 
f 214//195 187//194 188//196 
f 215//197 188//196 189//198 
f 216//199 189//198 190//200 
f 217//201 190//200 191//202 
f 218//203 191//202 192//204 
f 219//205 192//204 193//206 
f 220//207 193//206 194//208 
f 221//209 194//208 195//210 
f 222//211 195//210 196//212 
f 223//213 196//212 124//214 
f 197//215 181//184 210//187 
f 224//216 210//187 211//189 
f 225//217 211//189 212//191 
f 226//218 212//191 213//193 
f 227//219 213//193 214//195 
f 228//220 214//195 215//197 
f 229//221 215//197 216//199 
f 230//222 216//199 217//201 
f 231//223 217//201 218//203 
f 232//224 218//203 219//205 
f 233//225 219//205 220//207 
f 234//226 220//207 221//209 
f 235//227 221//209 222//211 
f 236//228 222//211 223//213 
f 237//229 223//213 123//230 
f 198//231 197//215 224//216 
f 238//232 224//216 225//217 
f 239//233 225//217 226//218 
f 240//234 226//218 227//219 
f 241//235 227//219 228//220 
f 242//236 228//220 229//221 
f 243//237 229//221 230//222 
f 244//238 230//222 231//223 
f 245//239 231//223 232//224 
f 246//240 232//224 233//225 
f 247//241 233//225 234//226 
f 248//242 234//226 235//227 
f 249//243 235//227 236//228 
f 250//244 236//228 237//229 
f 251//245 237//229 126//246 
f 199//247 198//231 238//232 
f 252//248 238//232 239//233 
f 253//249 239//233 240//234 
f 254//250 240//234 241//235 
f 255//251 241//235 242//236 
f 256//252 242//236 243//237 
f 257//253 243//237 244//238 
f 258//254 244//238 245//239 
f 259//255 245//239 246//240 
f 260//256 246//240 247//241 
f 261//257 247//241 248//242 
f 262//258 248//242 249//243 
f 263//259 249//243 250//244 
f 264//260 250//244 251//245 
f 265//261 251//245 128//262 
f 200//263 199//247 252//248 
f 266//264 252//248 253//249 
f 267//265 253//249 254//250 
f 268//266 254//250 255//251 
f 269//267 255//251 256//252 
f 270//268 256//252 257//253 
f 271//269 257//253 258//254 
f 272//270 258//254 259//255 
f 273//271 259//255 260//256 
f 274//272 260//256 261//257 
f 275//273 261//257 262//258 
f 276//274 262//258 263//259 
f 277//275 263//259 264//260 
f 278//276 264//260 265//261 
f 279//277 265//261 130//278 
f 201//279 200//263 266//264 
f 280//280 266//264 267//265 
f 281//281 267//265 268//266 
f 282//282 268//266 269//267 
f 283//283 269//267 270//268 
f 284//284 270//268 271//269 
f 285//285 271//269 272//270 
f 286//286 272//270 273//271 
f 287//287 273//271 274//272 
f 288//288 274//272 275//273 
f 289//289 275//273 276//274 
f 290//290 276//274 277//275 
f 291//291 277//275 278//276 
f 292//292 278//276 279//277 
f 293//293 279//277 132//294 
f 202//295 201//279 280//280 
f 294//296 280//280 281//281 
f 295//297 281//281 282//282 
f 296//298 282//282 283//283 
f 297//299 283//283 284//284 
f 298//300 284//284 285//285 
f 299//301 285//285 286//286 
f 300//302 286//286 287//287 
f 301//303 287//287 288//288 
f 302//304 288//288 289//289 
f 303//305 289//289 290//290 
f 304//306 290//290 291//291 
f 305//307 291//291 292//292 
f 306//308 292//292 293//293 
f 307//309 293//293 134//310 
f 203//311 202//295 294//296 
f 308//312 294//296 295//297 
f 309//313 295//297 296//298 
f 310//314 296//298 297//299 
f 311//315 297//299 298//300 
f 312//316 298//300 299//301 
f 313//317 299//301 300//302 
f 314//318 300//302 301//303 
f 315//319 301//303 302//304 
f 316//320 302//304 303//305 
f 317//321 303//305 304//306 
f 318//322 304//306 305//307 
f 319//323 305//307 306//308 
f 320//324 306//308 307//309 
f 321//325 307//309 136//326 
f 204//327 203//311 308//312 
f 322//328 308//312 309//313 
f 323//329 309//313 310//314 
f 324//330 310//314 311//315 
f 325//331 311//315 312//316 
f 326//332 312//316 313//317 
f 327//333 313//317 314//318 
f 328//334 314//318 315//319 
f 329//335 315//319 316//320 
f 330//336 316//320 317//321 
f 331//337 317//321 318//322 
f 332//338 318//322 319//323 
f 333//339 319//323 320//324 
f 334//340 320//324 321//325 
f 335//341 321//325 138//342 
f 205//343 204//327 322//328 
f 336//344 322//328 323//329 
f 337//345 323//329 324//330 
f 338//346 324//330 325//331 
f 339//347 325//331 326//332 
f 340//348 326//332 327//333 
f 341//349 327//333 328//334 
f 342//350 328//334 329//335 
f 343//351 329//335 330//336 
f 344//352 330//336 331//337 
f 345//353 331//337 332//338 
f 346//354 332//338 333//339 
f 347//355 333//339 334//340 
f 348//356 334//340 335//341 
f 349//357 335//341 140//358 
f 206//359 205//343 336//344 
f 350//360 336//344 337//345 
f 351//361 337//345 338//346 
f 352//362 338//346 339//347 
f 353//363 339//347 340//348 
f 354//364 340//348 341//349 
f 355//365 341//349 342//350 
f 356//366 342//350 343//351 
f 357//367 343//351 344//352 
f 358//368 344//352 345//353 
f 359//369 345//353 346//354 
f 360//370 346//354 347//355 
f 361//371 347//355 348//356 
f 362//372 348//356 349//357 
f 363//373 349//357 142//374 
f 207//375 206//359 350//360 
f 364//376 350//360 351//361 
f 365//377 351//361 352//362 
f 366//378 352//362 353//363 
f 367//379 353//363 354//364 
f 368//380 354//364 355//365 
f 369//381 355//365 356//366 
f 370//382 356//366 357//367 
f 371//383 357//367 358//368 
f 372//384 358//368 359//369 
f 373//385 359//369 360//370 
f 374//386 360//370 361//371 
f 375//387 361//371 362//372 
f 376//388 362//372 363//373 
f 377//389 363//373 145//390 
f 208//391 207//375 364//376 
f 378//392 364//376 365//377 
f 379//393 365//377 366//378 
f 380//394 366//378 367//379 
f 381//395 367//379 368//380 
f 382//396 368//380 369//381 
f 383//397 369//381 370//382 
f 384//398 370//382 371//383 
f 385//399 371//383 372//384 
f 386//400 372//384 373//385 
f 387//401 373//385 374//386 
f 388//402 374//386 375//387 
f 389//403 375//387 376//388 
f 390//404 376//388 377//389 
f 391//405 377//389 148//406 
f 209//407 208//391 378//392 
f 392//408 378//392 379//393 
f 393//409 379//393 380//394 
f 394//410 380//394 381//395 
f 395//411 381//395 382//396 
f 396//412 382//396 383//397 
f 397//413 383//397 384//398 
f 398//414 384//398 385//399 
f 399//415 385//399 386//400 
f 400//416 386//400 387//401 
f 401//417 387//401 388//402 
f 402//418 388//402 389//403 
f 403//419 389//403 390//404 
f 404//420 390//404 391//405 
f 405//421 391//405 151//422 
f 117//423 405//421 154//424 
f 117//423 404//420 405//421 
f 117//423 403//419 404//420 
f 117//423 402//418 403//419 
f 117//423 401//417 402//418 
f 117//423 400//416 401//417 
f 117//423 399//415 400//416 
f 117//423 398//414 399//415 
f 117//423 397//413 398//414 
f 117//423 396//412 397//413 
f 117//423 395//411 396//412 
f 117//423 394//410 395//411 
f 117//423 393//409 394//410 
f 117//423 392//408 393//409 
f 117//423 209//407 392//408 
f 151//422 154//424 405//421 
f 391//405 405//421 404//420 
f 390//404 404//420 403//419 
f 389//403 403//419 402//418 
f 388//402 402//418 401//417 
f 387//401 401//417 400//416 
f 386//400 400//416 399//415 
f 385//399 399//415 398//414 
f 384//398 398//414 397//413 
f 383//397 397//413 396//412 
f 382//396 396//412 395//411 
f 381//395 395//411 394//410 
f 380//394 394//410 393//409 
f 379//393 393//409 392//408 
f 378//392 392//408 209//407 
f 148//406 151//422 391//405 
f 377//389 391//405 390//404 
f 376//388 390//404 389//403 
f 375//387 389//403 388//402 
f 374//386 388//402 387//401 
f 373//385 387//401 386//400 
f 372//384 386//400 385//399 
f 371//383 385//399 384//398 
f 370//382 384//398 383//397 
f 369//381 383//397 382//396 
f 368//380 382//396 381//395 
f 367//379 381//395 380//394 
f 366//378 380//394 379//393 
f 365//377 379//393 378//392 
f 364//376 378//392 208//391 
f 145//390 148//406 377//389 
f 363//373 377//389 376//388 
f 362//372 376//388 375//387 
f 361//371 375//387 374//386 
f 360//370 374//386 373//385 
f 359//369 373//385 372//384 
f 358//368 372//384 371//383 
f 357//367 371//383 370//382 
f 356//366 370//382 369//381 
f 355//365 369//381 368//380 
f 354//364 368//380 367//379 
f 353//363 367//379 366//378 
f 352//362 366//378 365//377 
f 351//361 365//377 364//376 
f 350//360 364//376 207//375 
f 142//374 145//390 363//373 
f 349//357 363//373 362//372 
f 348//356 362//372 361//371 
f 347//355 361//371 360//370 
f 346//354 360//370 359//369 
f 345//353 359//369 358//368 
f 344//352 358//368 357//367 
f 343//351 357//367 356//366 
f 342//350 356//366 355//365 
f 341//349 355//365 354//364 
f 340//348 354//364 353//363 
f 339//347 353//363 352//362 
f 338//346 352//362 351//361 
f 337//345 351//361 350//360 
f 336//344 350//360 206//359 
f 140//358 142//374 349//357 
f 335//341 349//357 348//356 
f 334//340 348//356 347//355 
f 333//339 347//355 346//354 
f 332//338 346//354 345//353 
f 331//337 345//353 344//352 
f 330//336 344//352 343//351 
f 329//335 343//351 342//350 
f 328//334 342//350 341//349 
f 327//333 341//349 340//348 
f 326//332 340//348 339//347 
f 325//331 339//347 338//346 
f 324//330 338//346 337//345 
f 323//329 337//345 336//344 
f 322//328 336//344 205//343 
f 138//342 140//358 335//341 
f 321//325 335//341 334//340 
f 320//324 334//340 333//339 
f 319//323 333//339 332//338 
f 318//322 332//338 331//337 
f 317//321 331//337 330//336 
f 316//320 330//336 329//335 
f 315//319 329//335 328//334 
f 314//318 328//334 327//333 
f 313//317 327//333 326//332 
f 312//316 326//332 325//331 
f 311//315 325//331 324//330 
f 310//314 324//330 323//329 
f 309//313 323//329 322//328 
f 308//312 322//328 204//327 
f 136//326 138//342 321//325 
f 307//309 321//325 320//324 
f 306//308 320//324 319//323 
f 305//307 319//323 318//322 
f 304//306 318//322 317//321 
f 303//305 317//321 316//320 
f 302//304 316//320 315//319 
f 301//303 315//319 314//318 
f 300//302 314//318 313//317 
f 299//301 313//317 312//316 
f 298//300 312//316 311//315 
f 297//299 311//315 310//314 
f 296//298 310//314 309//313 
f 295//297 309//313 308//312 
f 294//296 308//312 203//311 
f 134//310 136//326 307//309 
f 293//293 307//309 306//308 
f 292//292 306//308 305//307 
f 291//291 305//307 304//306 
f 290//290 304//306 303//305 
f 289//289 303//305 302//304 
f 288//288 302//304 301//303 
f 287//287 301//303 300//302 
f 286//286 300//302 299//301 
f 285//285 299//301 298//300 
f 284//284 298//300 297//299 
f 283//283 297//299 296//298 
f 282//282 296//298 295//297 
f 281//281 295//297 294//296 
f 280//280 294//296 202//295 
f 132//294 134//310 293//293 
f 279//277 293//293 292//292 
f 278//276 292//292 291//291 
f 277//275 291//291 290//290 
f 276//274 290//290 289//289 
f 275//273 289//289 288//288 
f 274//272 288//288 287//287 
f 273//271 287//287 286//286 
f 272//270 286//286 285//285 
f 271//269 285//285 284//284 
f 270//268 284//284 283//283 
f 269//267 283//283 282//282 
f 268//266 282//282 281//281 
f 267//265 281//281 280//280 
f 266//264 280//280 201//279 
f 130//278 132//294 279//277 
f 265//261 279//277 278//276 
f 264//260 278//276 277//275 
f 263//259 277//275 276//274 
f 262//258 276//274 275//273 
f 261//257 275//273 274//272 
f 260//256 274//272 273//271 
f 259//255 273//271 272//270 
f 258//254 272//270 271//269 
f 257//253 271//269 270//268 
f 256//252 270//268 269//267 
f 255//251 269//267 268//266 
f 254//250 268//266 267//265 
f 253//249 267//265 266//264 
f 252//248 266//264 200//263 
f 128//262 130//278 265//261 
f 251//245 265//261 264//260 
f 250//244 264//260 263//259 
f 249//243 263//259 262//258 
f 248//242 262//258 261//257 
f 247//241 261//257 260//256 
f 246//240 260//256 259//255 
f 245//239 259//255 258//254 
f 244//238 258//254 257//253 
f 243//237 257//253 256//252 
f 242//236 256//252 255//251 
f 241//235 255//251 254//250 
f 240//234 254//250 253//249 
f 239//233 253//249 252//248 
f 238//232 252//248 199//247 
f 126//246 128//262 251//245 
f 237//229 251//245 250//244 
f 236//228 250//244 249//243 
f 235//227 249//243 248//242 
f 234//226 248//242 247//241 
f 233//225 247//241 246//240 
f 232//224 246//240 245//239 
f 231//223 245//239 244//238 
f 230//222 244//238 243//237 
f 229//221 243//237 242//236 
f 228//220 242//236 241//235 
f 227//219 241//235 240//234 
f 226//218 240//234 239//233 
f 225//217 239//233 238//232 
f 224//216 238//232 198//231 
f 123//230 126//246 237//229 
f 223//213 237//229 236//228 
f 222//211 236//228 235//227 
f 221//209 235//227 234//226 
f 220//207 234//226 233//225 
f 219//205 233//225 232//224 
f 218//203 232//224 231//223 
f 217//201 231//223 230//222 
f 216//199 230//222 229//221 
f 215//197 229//221 228//220 
f 214//195 228//220 227//219 
f 213//193 227//219 226//218 
f 212//191 226//218 225//217 
f 211//189 225//217 224//216 
f 210//187 224//216 197//215 
f 124//214 123//230 223//213 
f 196//212 223//213 222//211 
f 195//210 222//211 221//209 
f 194//208 221//209 220//207 
f 193//206 220//207 219//205 
f 192//204 219//205 218//203 
f 191//202 218//203 217//201 
f 190//200 217//201 216//199 
f 189//198 216//199 215//197 
f 188//196 215//197 214//195 
f 187//194 214//195 213//193 
f 186//192 213//193 212//191 
f 185//190 212//191 211//189 
f 184//188 211//189 210//187 
f 183//186 210//187 181//184 
o mesh7
f 406//425 177//426 176//427 
f 406//425 121//428 177//426 
f 407//427 174//429 175//430 
f 407//427 176//427 174//429 
f 408//430 172//431 173//432 
f 408//430 175//430 172//431 
f 409//432 170//433 171//434 
f 409//432 173//432 170//433 
f 410//434 168//435 169//436 
f 410//434 171//434 168//435 
f 411//436 166//437 167//438 
f 411//436 169//436 166//437 
f 412//438 167//438 165//439 
f 413//439 165//439 164//440 
f 414//440 164//440 163//441 
f 415//441 163//441 178//442 
f 416//442 178//442 162//443 
f 417//443 162//443 161//444 
f 418//444 161//444 160//445 
f 419//445 160//445 179//446 
f 420//446 179//446 159//447 
f 159//447 180//447 420//446 
f 179//446 420//446 419//445 
f 160//445 419//445 418//444 
f 161//444 418//444 417//443 
f 162//443 417//443 416//442 
f 178//442 416//442 415//441 
f 163//441 415//441 414//440 
f 164//440 414//440 413//439 
f 165//439 413//439 412//438 
f 167//438 412//438 411//436 
f 169//436 411//436 410//434 
f 171//434 410//434 409//432 
f 173//432 409//432 408//430 
f 175//430 408//430 407//427 
f 176//427 407//427 406//425 
o mesh8
f 180//447 124//447 196//448 
f 421//448 196//448 195//449 
f 422//449 195//449 194//450 
f 423//450 194//450 193//451 
f 424//451 193//451 192//452 
f 425//452 192//452 191//453 
f 426//453 191//453 190//454 
f 427//454 190//454 189//455 
f 428//455 189//455 188//456 
f 429//456 188//456 187//457 
f 430//457 187//457 186//458 
f 431//458 186//458 185//459 
f 432//459 185//459 184//460 
f 433//460 184//460 183//461 
f 434//461 183//461 182//462 
f 182//462 435//462 434//461 
f 183//461 434//461 433//460 
f 184//460 433//460 432//459 
f 185//459 432//459 431//458 
f 186//458 431//458 430//457 
f 187//457 430//457 429//456 
f 188//456 429//456 428//455 
f 189//455 428//455 427//454 
f 190//454 427//454 426//453 
f 191//453 426//453 425//452 
f 192//452 425//452 424//451 
f 193//451 424//451 423//450 
f 194//450 423//450 422//449 
f 195//449 422//449 421//448 
f 196//448 421//448 180//447 
o mesh9
f 117//463 119//463 436//464 
f 209//464 436//464 437//465 
f 208//465 437//465 438//466 
f 207//466 438//466 439//467 
f 206//467 439//467 440//468 
f 205//468 440//468 441//469 
f 204//469 441//469 442//470 
f 203//470 442//470 443//471 
f 202//471 443//471 444//472 
f 201//472 444//472 445//473 
f 200//473 445//473 446//474 
f 199//474 446//474 447//475 
f 198//475 447//475 448//476 
f 197//476 448//476 449//477 
f 181//477 449//477 450//478 
f 450//478 182//478 181//477 
f 449//477 181//477 197//476 
f 448//476 197//476 198//475 
f 447//475 198//475 199//474 
f 446//474 199//474 200//473 
f 445//473 200//473 201//472 
f 444//472 201//472 202//471 
f 443//471 202//471 203//470 
f 442//470 203//470 204//469 
f 441//469 204//469 205//468 
f 440//468 205//468 206//467 
f 439//467 206//467 207//466 
f 438//466 207//466 208//465 
f 437//465 208//465 209//464 
f 436//464 209//464 117//463 
o mesh10
f 119//479 451//480 452//481 
f 119//479 120//482 451//480 
f 453//481 454//483 455//484 
f 453//481 452//481 454//483 
f 456//484 457//485 458//486 
f 456//484 455//484 457//485 
f 459//486 460//487 461//488 
f 459//486 458//486 460//487 
f 462//488 463//489 464//490 
f 462//488 461//488 463//489 
f 465//490 466//491 467//492 
f 465//490 464//490 466//491 
f 468//492 467//492 469//493 
f 470//493 469//493 471//494 
f 472//494 471//494 473//495 
f 474//495 473//495 475//496 
f 476//496 475//496 477//497 
f 478//497 477//497 479//498 
f 480//498 479//498 481//499 
f 482//499 481//499 483//500 
f 484//500 483//500 485//501 
f 485//501 486//501 484//500 
f 483//500 484//500 482//499 
f 481//499 482//499 480//498 
f 479//498 480//498 478//497 
f 477//497 478//497 476//496 
f 475//496 476//496 474//495 
f 473//495 474//495 472//494 
f 471//494 472//494 470//493 
f 469//493 470//493 468//492 
f 467//492 468//492 465//490 
f 464//490 465//490 462//488 
f 461//488 462//488 459//486 
f 458//486 459//486 456//484 
f 455//484 456//484 453//481 
f 452//481 453//481 119//479 
o mesh11
f 451//502 487//502 488//503 
f 451//502 122//504 487//502 
f 488//503 452//503 451//502 
f 454//505 489//505 490//506 
f 454//505 488//503 489//505 
f 490//506 455//506 454//505 
f 457//507 491//507 492//508 
f 457//507 490//506 491//507 
f 492//508 458//508 457//507 
f 493//509 494//510 461//510 
f 461//510 460//509 493//509 
f 458//508 492//508 493//509 
f 463//511 495//511 496//512 
f 496//512 464//512 463//511 
f 461//510 494//510 495//511 
f 466//513 497//513 498//514 
f 466//513 496//512 497//513 
f 498//514 467//514 466//513 
f 467//514 498//514 499//515 
f 499//515 500//516 471//516 
f 500//516 501//517 473//517 
f 473//517 501//517 502//518 
f 502//518 503//519 477//519 
f 503//519 504//520 479//520 
f 504//520 505//521 481//521 
f 505//521 506//522 483//522 
f 483//522 506//522 507//523 
f 507//523 485//523 483//522 
f 483//522 481//521 505//521 
f 481//521 479//520 504//520 
f 479//520 477//519 503//519 
f 477//519 475//524 502//518 
f 502//518 475//524 473//517 
f 473//517 471//516 500//516 
f 471//516 469//525 499//515 
f 499//515 469//525 467//514 
f 466//513 464//512 496//512 
f 463//511 461//510 495//511 
f 460//509 458//508 493//509 
f 457//507 455//506 490//506 
f 454//505 452//503 488//503 
f 451//502 120//526 122//504 
o mesh12
f 406//527 10//527 12//527 
f 406//527 4//527 6//527 
f 121//527 50//527 52//527 
f 121//527 44//527 46//527 
f 12//527 14//527 406//527 
f 6//527 8//527 406//527 
f 121//527 56//527 58//527 
f 121//527 48//527 50//527 
f 121//527 42//527 44//527 
f 121//527 32//527 34//527 
f 406//527 22//527 24//527 
f 406//527 18//527 20//527 
f 8//527 10//527 406//527 
f 406//527 508//527 2//527 
f 508//527 108//527 110//527 
f 122//527 80//527 82//527 
f 122//527 72//527 74//527 
f 122//527 62//527 64//527 
f 121//527 54//527 56//527 
f 46//527 48//527 121//527 
f 121//527 38//527 40//527 
f 34//527 36//527 121//527 
f 121//527 406//527 30//527 
f 20//527 22//527 406//527 
f 14//527 16//527 406//527 
f 2//527 1//527 406//527 
f 508//527 112//527 114//527 
f 508//527 106//527 108//527 
f 508//527 90//527 92//527 
f 122//527 78//527 80//527 
f 74//527 76//527 122//527 
f 122//527 68//527 70//527 
f 64//527 66//527 122//527 
f 52//527 54//527 121//527 
f 36//527 38//527 121//527 
f 406//527 28//527 30//527 
f 16//527 18//527 406//527 
f 114//527 2//527 508//527 
f 508//527 104//527 106//527 
f 508//527 100//527 102//527 
f 508//527 96//527 98//527 
f 92//527 94//527 508//527 
f 508//527 86//527 88//527 
f 122//527 84//527 86//527 
f 76//527 78//527 122//527 
f 66//527 68//527 122//527 
f 40//527 42//527 121//527 
f 406//527 26//527 28//527 
f 1//527 4//527 406//527 
f 102//527 104//527 508//527 
f 94//527 96//527 508//527 
f 86//527 508//527 122//527 
f 70//527 72//527 122//527 
f 122//527 58//527 60//527 
f 30//527 32//527 121//527 
f 110//527 112//527 508//527 
f 88//527 90//527 508//527 
f 60//527 62//527 122//527 
f 24//527 26//527 406//527 
f 82//527 84//527 122//527 
f 98//527 100//527 508//527 
f 58//527 122//527 121//527 
o mesh13
f 434//528 435//529 509//530 
f 523//531 509//530 510//532 
f 524//533 510//532 511//534 
f 525//535 511//534 512//536 
f 526//537 512//536 513//538 
f 527//539 513//538 514//540 
f 528//541 514//540 515//542 
f 529//543 515//542 516//544 
f 530//545 516//544 517//546 
f 531//547 517//546 518//548 
f 532//549 518//548 519//550 
f 533//551 519//550 520//552 
f 534//553 520//552 521//554 
f 535//555 521//554 522//556 
f 536//557 522//556 406//558 
f 433//559 434//528 523//531 
f 537//560 523//531 524//533 
f 538//561 524//533 525//535 
f 539//562 525//535 526//537 
f 540//563 526//537 527//539 
f 541//564 527//539 528//541 
f 542//565 528//541 529//543 
f 543//566 529//543 530//545 
f 544//567 530//545 531//547 
f 545//568 531//547 532//549 
f 546//569 532//549 533//551 
f 547//570 533//551 534//553 
f 548//571 534//553 535//555 
f 549//572 535//555 536//557 
f 550//573 536//557 407//574 
f 432//575 433//559 537//560 
f 551//576 537//560 538//561 
f 552//577 538//561 539//562 
f 553//578 539//562 540//563 
f 554//579 540//563 541//564 
f 555//580 541//564 542//565 
f 556//581 542//565 543//566 
f 557//582 543//566 544//567 
f 558//583 544//567 545//568 
f 559//584 545//568 546//569 
f 560//585 546//569 547//570 
f 561//586 547//570 548//571 
f 562//587 548//571 549//572 
f 563//588 549//572 550//573 
f 564//589 550//573 408//590 
f 431//591 432//575 551//576 
f 565//592 551//576 552//577 
f 566//593 552//577 553//578 
f 567//594 553//578 554//579 
f 568//595 554//579 555//580 
f 569//596 555//580 556//581 
f 570//597 556//581 557//582 
f 571//598 557//582 558//583 
f 572//599 558//583 559//584 
f 573//600 559//584 560//585 
f 574//601 560//585 561//586 
f 575//602 561//586 562//587 
f 576//603 562//587 563//588 
f 577//604 563//588 564//589 
f 578//605 564//589 409//606 
f 430//607 431//591 565//592 
f 579//608 565//592 566//593 
f 580//609 566//593 567//594 
f 581//610 567//594 568//595 
f 582//611 568//595 569//596 
f 583//612 569//596 570//597 
f 584//613 570//597 571//598 
f 585//614 571//598 572//599 
f 586//615 572//599 573//600 
f 587//616 573//600 574//601 
f 588//617 574//601 575//602 
f 589//618 575//602 576//603 
f 590//619 576//603 577//604 
f 591//620 577//604 578//605 
f 592//621 578//605 410//622 
f 429//623 430//607 579//608 
f 593//624 579//608 580//609 
f 594//625 580//609 581//610 
f 595//626 581//610 582//611 
f 596//627 582//611 583//612 
f 597//628 583//612 584//613 
f 598//629 584//613 585//614 
f 599//630 585//614 586//615 
f 600//631 586//615 587//616 
f 601//632 587//616 588//617 
f 602//633 588//617 589//618 
f 603//634 589//618 590//619 
f 604//635 590//619 591//620 
f 605//636 591//620 592//621 
f 606//637 592//621 411//638 
f 428//639 429//623 593//624 
f 607//640 593//624 594//625 
f 608//641 594//625 595//626 
f 609//642 595//626 596//627 
f 610//643 596//627 597//628 
f 611//644 597//628 598//629 
f 612//645 598//629 599//630 
f 613//646 599//630 600//631 
f 614//647 600//631 601//632 
f 615//648 601//632 602//633 
f 616//649 602//633 603//634 
f 617//650 603//634 604//635 
f 618//651 604//635 605//636 
f 619//652 605//636 606//637 
f 620//653 606//637 412//654 
f 427//655 428//639 607//640 
f 621//656 607//640 608//641 
f 622//657 608//641 609//642 
f 623//658 609//642 610//643 
f 624//659 610//643 611//644 
f 625//660 611//644 612//645 
f 626//661 612//645 613//646 
f 627//662 613//646 614//647 
f 628//663 614//647 615//648 
f 629//664 615//648 616//649 
f 630//665 616//649 617//650 
f 631//666 617//650 618//651 
f 632//667 618//651 619//652 
f 633//668 619//652 620//653 
f 634//669 620//653 413//670 
f 426//671 427//655 621//656 
f 635//672 621//656 622//657 
f 636//673 622//657 623//658 
f 637//674 623//658 624//659 
f 638//675 624//659 625//660 
f 639//676 625//660 626//661 
f 640//677 626//661 627//662 
f 641//678 627//662 628//663 
f 642//679 628//663 629//664 
f 643//680 629//664 630//665 
f 644//681 630//665 631//666 
f 645//682 631//666 632//667 
f 646//683 632//667 633//668 
f 647//684 633//668 634//669 
f 648//685 634//669 414//686 
f 425//687 426//671 635//672 
f 649//688 635//672 636//673 
f 650//689 636//673 637//674 
f 651//690 637//674 638//675 
f 652//691 638//675 639//676 
f 653//692 639//676 640//677 
f 654//693 640//677 641//678 
f 655//694 641//678 642//679 
f 656//695 642//679 643//680 
f 657//696 643//680 644//681 
f 658//697 644//681 645//682 
f 659//698 645//682 646//683 
f 660//699 646//683 647//684 
f 661//700 647//684 648//685 
f 662//701 648//685 415//702 
f 424//703 425//687 649//688 
f 663//704 649//688 650//689 
f 664//705 650//689 651//690 
f 665//706 651//690 652//691 
f 666//707 652//691 653//692 
f 667//708 653//692 654//693 
f 668//709 654//693 655//694 
f 669//710 655//694 656//695 
f 670//711 656//695 657//696 
f 671//712 657//696 658//697 
f 672//713 658//697 659//698 
f 673//714 659//698 660//699 
f 674//715 660//699 661//700 
f 675//716 661//700 662//701 
f 676//717 662//701 416//718 
f 423//719 424//703 663//704 
f 677//720 663//704 664//705 
f 678//721 664//705 665//706 
f 679//722 665//706 666//707 
f 680//723 666//707 667//708 
f 681//724 667//708 668//709 
f 682//725 668//709 669//710 
f 683//726 669//710 670//711 
f 684//727 670//711 671//712 
f 685//728 671//712 672//713 
f 686//729 672//713 673//714 
f 687//730 673//714 674//715 
f 688//731 674//715 675//716 
f 689//732 675//716 676//717 
f 690//733 676//717 417//734 
f 422//735 423//719 677//720 
f 691//736 677//720 678//721 
f 692//737 678//721 679//722 
f 693//738 679//722 680//723 
f 694//739 680//723 681//724 
f 695//740 681//724 682//725 
f 696//741 682//725 683//726 
f 697//742 683//726 684//727 
f 698//743 684//727 685//728 
f 699//744 685//728 686//729 
f 700//745 686//729 687//730 
f 701//746 687//730 688//731 
f 702//747 688//731 689//732 
f 703//748 689//732 690//733 
f 704//749 690//733 418//750 
f 421//751 422//735 691//736 
f 705//752 691//736 692//737 
f 706//753 692//737 693//738 
f 707//754 693//738 694//739 
f 708//755 694//739 695//740 
f 709//756 695//740 696//741 
f 710//757 696//741 697//742 
f 711//758 697//742 698//743 
f 712//759 698//743 699//744 
f 713//760 699//744 700//745 
f 714//761 700//745 701//746 
f 715//762 701//746 702//747 
f 716//763 702//747 703//748 
f 717//764 703//748 704//749 
f 718//765 704//749 419//766 
f 180//767 718//765 420//768 
f 180//767 717//764 718//765 
f 180//767 716//763 717//764 
f 180//767 715//762 716//763 
f 180//767 714//761 715//762 
f 180//767 713//760 714//761 
f 180//767 712//759 713//760 
f 180//767 711//758 712//759 
f 180//767 710//757 711//758 
f 180//767 709//756 710//757 
f 180//767 708//755 709//756 
f 180//767 707//754 708//755 
f 180//767 706//753 707//754 
f 180//767 705//752 706//753 
f 180//767 421//751 705//752 
f 419//766 420//768 718//765 
f 704//749 718//765 717//764 
f 703//748 717//764 716//763 
f 702//747 716//763 715//762 
f 701//746 715//762 714//761 
f 700//745 714//761 713//760 
f 699//744 713//760 712//759 
f 698//743 712//759 711//758 
f 697//742 711//758 710//757 
f 696//741 710//757 709//756 
f 695//740 709//756 708//755 
f 694//739 708//755 707//754 
f 693//738 707//754 706//753 
f 692//737 706//753 705//752 
f 691//736 705//752 421//751 
f 418//750 419//766 704//749 
f 690//733 704//749 703//748 
f 689//732 703//748 702//747 
f 688//731 702//747 701//746 
f 687//730 701//746 700//745 
f 686//729 700//745 699//744 
f 685//728 699//744 698//743 
f 684//727 698//743 697//742 
f 683//726 697//742 696//741 
f 682//725 696//741 695//740 
f 681//724 695//740 694//739 
f 680//723 694//739 693//738 
f 679//722 693//738 692//737 
f 678//721 692//737 691//736 
f 677//720 691//736 422//735 
f 417//734 418//750 690//733 
f 676//717 690//733 689//732 
f 675//716 689//732 688//731 
f 674//715 688//731 687//730 
f 673//714 687//730 686//729 
f 672//713 686//729 685//728 
f 671//712 685//728 684//727 
f 670//711 684//727 683//726 
f 669//710 683//726 682//725 
f 668//709 682//725 681//724 
f 667//708 681//724 680//723 
f 666//707 680//723 679//722 
f 665//706 679//722 678//721 
f 664//705 678//721 677//720 
f 663//704 677//720 423//719 
f 416//718 417//734 676//717 
f 662//701 676//717 675//716 
f 661//700 675//716 674//715 
f 660//699 674//715 673//714 
f 659//698 673//714 672//713 
f 658//697 672//713 671//712 
f 657//696 671//712 670//711 
f 656//695 670//711 669//710 
f 655//694 669//710 668//709 
f 654//693 668//709 667//708 
f 653//692 667//708 666//707 
f 652//691 666//707 665//706 
f 651//690 665//706 664//705 
f 650//689 664//705 663//704 
f 649//688 663//704 424//703 
f 415//702 416//718 662//701 
f 648//685 662//701 661//700 
f 647//684 661//700 660//699 
f 646//683 660//699 659//698 
f 645//682 659//698 658//697 
f 644//681 658//697 657//696 
f 643//680 657//696 656//695 
f 642//679 656//695 655//694 
f 641//678 655//694 654//693 
f 640//677 654//693 653//692 
f 639//676 653//692 652//691 
f 638//675 652//691 651//690 
f 637//674 651//690 650//689 
f 636//673 650//689 649//688 
f 635//672 649//688 425//687 
f 414//686 415//702 648//685 
f 634//669 648//685 647//684 
f 633//668 647//684 646//683 
f 632//667 646//683 645//682 
f 631//666 645//682 644//681 
f 630//665 644//681 643//680 
f 629//664 643//680 642//679 
f 628//663 642//679 641//678 
f 627//662 641//678 640//677 
f 626//661 640//677 639//676 
f 625//660 639//676 638//675 
f 624//659 638//675 637//674 
f 623//658 637//674 636//673 
f 622//657 636//673 635//672 
f 621//656 635//672 426//671 
f 413//670 414//686 634//669 
f 620//653 634//669 633//668 
f 619//652 633//668 632//667 
f 618//651 632//667 631//666 
f 617//650 631//666 630//665 
f 616//649 630//665 629//664 
f 615//648 629//664 628//663 
f 614//647 628//663 627//662 
f 613//646 627//662 626//661 
f 612//645 626//661 625//660 
f 611//644 625//660 624//659 
f 610//643 624//659 623//658 
f 609//642 623//658 622//657 
f 608//641 622//657 621//656 
f 607//640 621//656 427//655 
f 412//654 413//670 620//653 
f 606//637 620//653 619//652 
f 605//636 619//652 618//651 
f 604//635 618//651 617//650 
f 603//634 617//650 616//649 
f 602//633 616//649 615//648 
f 601//632 615//648 614//647 
f 600//631 614//647 613//646 
f 599//630 613//646 612//645 
f 598//629 612//645 611//644 
f 597//628 611//644 610//643 
f 596//627 610//643 609//642 
f 595//626 609//642 608//641 
f 594//625 608//641 607//640 
f 593//624 607//640 428//639 
f 411//638 412//654 606//637 
f 592//621 606//637 605//636 
f 591//620 605//636 604//635 
f 590//619 604//635 603//634 
f 589//618 603//634 602//633 
f 588//617 602//633 601//632 
f 587//616 601//632 600//631 
f 586//615 600//631 599//630 
f 585//614 599//630 598//629 
f 584//613 598//629 597//628 
f 583//612 597//628 596//627 
f 582//611 596//627 595//626 
f 581//610 595//626 594//625 
f 580//609 594//625 593//624 
f 579//608 593//624 429//623 
f 410//622 411//638 592//621 
f 578//605 592//621 591//620 
f 577//604 591//620 590//619 
f 576//603 590//619 589//618 
f 575//602 589//618 588//617 
f 574//601 588//617 587//616 
f 573//600 587//616 586//615 
f 572//599 586//615 585//614 
f 571//598 585//614 584//613 
f 570//597 584//613 583//612 
f 569//596 583//612 582//611 
f 568//595 582//611 581//610 
f 567//594 581//610 580//609 
f 566//593 580//609 579//608 
f 565//592 579//608 430//607 
f 409//606 410//622 578//605 
f 564//589 578//605 577//604 
f 563//588 577//604 576//603 
f 562//587 576//603 575//602 
f 561//586 575//602 574//601 
f 560//585 574//601 573//600 
f 559//584 573//600 572//599 
f 558//583 572//599 571//598 
f 557//582 571//598 570//597 
f 556//581 570//597 569//596 
f 555//580 569//596 568//595 
f 554//579 568//595 567//594 
f 553//578 567//594 566//593 
f 552//577 566//593 565//592 
f 551//576 565//592 431//591 
f 408//590 409//606 564//589 
f 550//573 564//589 563//588 
f 549//572 563//588 562//587 
f 548//571 562//587 561//586 
f 547//570 561//586 560//585 
f 546//569 560//585 559//584 
f 545//568 559//584 558//583 
f 544//567 558//583 557//582 
f 543//566 557//582 556//581 
f 542//565 556//581 555//580 
f 541//564 555//580 554//579 
f 540//563 554//579 553//578 
f 539//562 553//578 552//577 
f 538//561 552//577 551//576 
f 537//560 551//576 432//575 
f 407//574 408//590 550//573 
f 536//557 550//573 549//572 
f 535//555 549//572 548//571 
f 534//553 548//571 547//570 
f 533//551 547//570 546//569 
f 532//549 546//569 545//568 
f 531//547 545//568 544//567 
f 530//545 544//567 543//566 
f 529//543 543//566 542//565 
f 528//541 542//565 541//564 
f 527//539 541//564 540//563 
f 526//537 540//563 539//562 
f 525//535 539//562 538//561 
f 524//533 538//561 537//560 
f 523//531 537//560 433//559 
f 406//558 407//574 536//557 
f 522//556 536//557 535//555 
f 521//554 535//555 534//553 
f 520//552 534//553 533//551 
f 519//550 533//551 532//549 
f 518//548 532//549 531//547 
f 517//546 531//547 530//545 
f 516//544 530//545 529//543 
f 515//542 529//543 528//541 
f 514//540 528//541 527//539 
f 513//538 527//539 526//537 
f 512//536 526//537 525//535 
f 511//534 525//535 524//533 
f 510//532 524//533 523//531 
f 509//530 523//531 434//528 
o mesh14
f 182//769 450//769 719//769 
f 719//769 435//769 182//769 
o mesh15
f 486//770 485//770 507//770 
f 507//770 720//770 486//770 
o mesh16
f 484//771 486//770 721//772 
f 735//773 721//772 722//774 
f 736//775 722//774 723//776 
f 737//777 723//776 724//778 
f 738//779 724//778 725//780 
f 739//781 725//780 726//782 
f 740//783 726//782 727//784 
f 741//785 727//784 728//786 
f 742//787 728//786 729//788 
f 743//789 729//788 730//790 
f 744//791 730//790 731//792 
f 745//793 731//792 732//794 
f 746//795 732//794 733//796 
f 747//797 733//796 734//798 
f 748//799 734//798 450//800 
f 482//801 484//771 735//773 
f 749//802 735//773 736//775 
f 750//803 736//775 737//777 
f 751//804 737//777 738//779 
f 752//805 738//779 739//781 
f 753//806 739//781 740//783 
f 754//807 740//783 741//785 
f 755//808 741//785 742//787 
f 756//809 742//787 743//789 
f 757//810 743//789 744//791 
f 758//811 744//791 745//793 
f 759//812 745//793 746//795 
f 760//813 746//795 747//797 
f 761//814 747//797 748//799 
f 762//815 748//799 449//816 
f 480//817 482//801 749//802 
f 763//818 749//802 750//803 
f 764//819 750//803 751//804 
f 765//820 751//804 752//805 
f 766//821 752//805 753//806 
f 767//822 753//806 754//807 
f 768//823 754//807 755//808 
f 769//824 755//808 756//809 
f 770//825 756//809 757//810 
f 771//826 757//810 758//811 
f 772//827 758//811 759//812 
f 773//828 759//812 760//813 
f 774//829 760//813 761//814 
f 775//830 761//814 762//815 
f 776//831 762//815 448//832 
f 478//833 480//817 763//818 
f 777//834 763//818 764//819 
f 778//835 764//819 765//820 
f 779//836 765//820 766//821 
f 780//837 766//821 767//822 
f 781//838 767//822 768//823 
f 782//839 768//823 769//824 
f 783//840 769//824 770//825 
f 784//841 770//825 771//826 
f 785//842 771//826 772//827 
f 786//843 772//827 773//828 
f 787//844 773//828 774//829 
f 788//845 774//829 775//830 
f 789//846 775//830 776//831 
f 790//847 776//831 447//848 
f 476//849 478//833 777//834 
f 791//850 777//834 778//835 
f 792//851 778//835 779//836 
f 793//852 779//836 780//837 
f 794//853 780//837 781//838 
f 795//854 781//838 782//839 
f 796//855 782//839 783//840 
f 797//856 783//840 784//841 
f 798//857 784//841 785//842 
f 799//858 785//842 786//843 
f 800//859 786//843 787//844 
f 801//860 787//844 788//845 
f 802//861 788//845 789//846 
f 803//862 789//846 790//847 
f 804//863 790//847 446//864 
f 474//865 476//849 791//850 
f 805//866 791//850 792//851 
f 806//867 792//851 793//852 
f 807//868 793//852 794//853 
f 808//869 794//853 795//854 
f 809//870 795//854 796//855 
f 810//871 796//855 797//856 
f 811//872 797//856 798//857 
f 812//873 798//857 799//858 
f 813//874 799//858 800//859 
f 814//875 800//859 801//860 
f 815//876 801//860 802//861 
f 816//877 802//861 803//862 
f 817//878 803//862 804//863 
f 818//879 804//863 445//880 
f 472//881 474//865 805//866 
f 819//882 805//866 806//867 
f 820//883 806//867 807//868 
f 821//884 807//868 808//869 
f 822//885 808//869 809//870 
f 823//886 809//870 810//871 
f 824//887 810//871 811//872 
f 825//888 811//872 812//873 
f 826//889 812//873 813//874 
f 827//890 813//874 814//875 
f 828//891 814//875 815//876 
f 829//892 815//876 816//877 
f 830//893 816//877 817//878 
f 831//894 817//878 818//879 
f 832//895 818//879 444//896 
f 470//897 472//881 819//882 
f 833//898 819//882 820//883 
f 834//899 820//883 821//884 
f 835//900 821//884 822//885 
f 836//901 822//885 823//886 
f 837//902 823//886 824//887 
f 838//903 824//887 825//888 
f 839//904 825//888 826//889 
f 840//905 826//889 827//890 
f 841//906 827//890 828//891 
f 842//907 828//891 829//892 
f 843//908 829//892 830//893 
f 844//909 830//893 831//894 
f 845//910 831//894 832//895 
f 846//911 832//895 443//912 
f 468//913 470//897 833//898 
f 847//914 833//898 834//899 
f 848//915 834//899 835//900 
f 849//916 835//900 836//901 
f 850//917 836//901 837//902 
f 851//918 837//902 838//903 
f 852//919 838//903 839//904 
f 853//920 839//904 840//905 
f 854//921 840//905 841//906 
f 855//922 841//906 842//907 
f 856//923 842//907 843//908 
f 857//924 843//908 844//909 
f 858//925 844//909 845//910 
f 859//926 845//910 846//911 
f 860//927 846//911 442//928 
f 465//929 468//913 847//914 
f 861//930 847//914 848//915 
f 862//931 848//915 849//916 
f 863//932 849//916 850//917 
f 864//933 850//917 851//918 
f 865//934 851//918 852//919 
f 866//935 852//919 853//920 
f 867//936 853//920 854//921 
f 868//937 854//921 855//922 
f 869//938 855//922 856//923 
f 870//939 856//923 857//924 
f 871//940 857//924 858//925 
f 872//941 858//925 859//926 
f 873//942 859//926 860//927 
f 874//943 860//927 441//944 
f 462//945 465//929 861//930 
f 875//946 861//930 862//931 
f 876//947 862//931 863//932 
f 877//948 863//932 864//933 
f 878//949 864//933 865//934 
f 879//950 865//934 866//935 
f 880//951 866//935 867//936 
f 881//952 867//936 868//937 
f 882//953 868//937 869//938 
f 883//954 869//938 870//939 
f 884//955 870//939 871//940 
f 885//956 871//940 872//941 
f 886//957 872//941 873//942 
f 887//958 873//942 874//943 
f 888//959 874//943 440//960 
f 459//961 462//945 875//946 
f 889//962 875//946 876//947 
f 890//963 876//947 877//948 
f 891//964 877//948 878//949 
f 892//965 878//949 879//950 
f 893//966 879//950 880//951 
f 894//967 880//951 881//952 
f 895//968 881//952 882//953 
f 896//969 882//953 883//954 
f 897//970 883//954 884//955 
f 898//971 884//955 885//956 
f 899//972 885//956 886//957 
f 900//973 886//957 887//958 
f 901//974 887//958 888//959 
f 902//975 888//959 439//976 
f 456//977 459//961 889//962 
f 903//978 889//962 890//963 
f 904//979 890//963 891//964 
f 905//980 891//964 892//965 
f 906//981 892//965 893//966 
f 907//982 893//966 894//967 
f 908//983 894//967 895//968 
f 909//984 895//968 896//969 
f 910//985 896//969 897//970 
f 911//986 897//970 898//971 
f 912//987 898//971 899//972 
f 913//988 899//972 900//973 
f 914//989 900//973 901//974 
f 915//990 901//974 902//975 
f 916//991 902//975 438//992 
f 453//993 456//977 903//978 
f 917//994 903//978 904//979 
f 918//995 904//979 905//980 
f 919//996 905//980 906//981 
f 920//997 906//981 907//982 
f 921//998 907//982 908//983 
f 922//999 908//983 909//984 
f 923//1000 909//984 910//985 
f 924//1001 910//985 911//986 
f 925//1002 911//986 912//987 
f 926//1003 912//987 913//988 
f 927//1004 913//988 914//989 
f 928//1005 914//989 915//990 
f 929//1006 915//990 916//991 
f 930//1007 916//991 437//1008 
f 119//1009 930//1007 436//1010 
f 119//1009 929//1006 930//1007 
f 119//1009 928//1005 929//1006 
f 119//1009 927//1004 928//1005 
f 119//1009 926//1003 927//1004 
f 119//1009 925//1002 926//1003 
f 119//1009 924//1001 925//1002 
f 119//1009 923//1000 924//1001 
f 119//1009 922//999 923//1000 
f 119//1009 921//998 922//999 
f 119//1009 920//997 921//998 
f 119//1009 919//996 920//997 
f 119//1009 918//995 919//996 
f 119//1009 917//994 918//995 
f 119//1009 453//993 917//994 
f 437//1008 436//1010 930//1007 
f 916//991 930//1007 929//1006 
f 915//990 929//1006 928//1005 
f 914//989 928//1005 927//1004 
f 913//988 927//1004 926//1003 
f 912//987 926//1003 925//1002 
f 911//986 925//1002 924//1001 
f 910//985 924//1001 923//1000 
f 909//984 923//1000 922//999 
f 908//983 922//999 921//998 
f 907//982 921//998 920//997 
f 906//981 920//997 919//996 
f 905//980 919//996 918//995 
f 904//979 918//995 917//994 
f 903//978 917//994 453//993 
f 438//992 437//1008 916//991 
f 902//975 916//991 915//990 
f 901//974 915//990 914//989 
f 900//973 914//989 913//988 
f 899//972 913//988 912//987 
f 898//971 912//987 911//986 
f 897//970 911//986 910//985 
f 896//969 910//985 909//984 
f 895//968 909//984 908//983 
f 894//967 908//983 907//982 
f 893//966 907//982 906//981 
f 892//965 906//981 905//980 
f 891//964 905//980 904//979 
f 890//963 904//979 903//978 
f 889//962 903//978 456//977 
f 439//976 438//992 902//975 
f 888//959 902//975 901//974 
f 887//958 901//974 900//973 
f 886//957 900//973 899//972 
f 885//956 899//972 898//971 
f 884//955 898//971 897//970 
f 883//954 897//970 896//969 
f 882//953 896//969 895//968 
f 881//952 895//968 894//967 
f 880//951 894//967 893//966 
f 879//950 893//966 892//965 
f 878//949 892//965 891//964 
f 877//948 891//964 890//963 
f 876//947 890//963 889//962 
f 875//946 889//962 459//961 
f 440//960 439//976 888//959 
f 874//943 888//959 887//958 
f 873//942 887//958 886//957 
f 872//941 886//957 885//956 
f 871//940 885//956 884//955 
f 870//939 884//955 883//954 
f 869//938 883//954 882//953 
f 868//937 882//953 881//952 
f 867//936 881//952 880//951 
f 866//935 880//951 879//950 
f 865//934 879//950 878//949 
f 864//933 878//949 877//948 
f 863//932 877//948 876//947 
f 862//931 876//947 875//946 
f 861//930 875//946 462//945 
f 441//944 440//960 874//943 
f 860//927 874//943 873//942 
f 859//926 873//942 872//941 
f 858//925 872//941 871//940 
f 857//924 871//940 870//939 
f 856//923 870//939 869//938 
f 855//922 869//938 868//937 
f 854//921 868//937 867//936 
f 853//920 867//936 866//935 
f 852//919 866//935 865//934 
f 851//918 865//934 864//933 
f 850//917 864//933 863//932 
f 849//916 863//932 862//931 
f 848//915 862//931 861//930 
f 847//914 861//930 465//929 
f 442//928 441//944 860//927 
f 846//911 860//927 859//926 
f 845//910 859//926 858//925 
f 844//909 858//925 857//924 
f 843//908 857//924 856//923 
f 842//907 856//923 855//922 
f 841//906 855//922 854//921 
f 840//905 854//921 853//920 
f 839//904 853//920 852//919 
f 838//903 852//919 851//918 
f 837//902 851//918 850//917 
f 836//901 850//917 849//916 
f 835//900 849//916 848//915 
f 834//899 848//915 847//914 
f 833//898 847//914 468//913 
f 443//912 442//928 846//911 
f 832//895 846//911 845//910 
f 831//894 845//910 844//909 
f 830//893 844//909 843//908 
f 829//892 843//908 842//907 
f 828//891 842//907 841//906 
f 827//890 841//906 840//905 
f 826//889 840//905 839//904 
f 825//888 839//904 838//903 
f 824//887 838//903 837//902 
f 823//886 837//902 836//901 
f 822//885 836//901 835//900 
f 821//884 835//900 834//899 
f 820//883 834//899 833//898 
f 819//882 833//898 470//897 
f 444//896 443//912 832//895 
f 818//879 832//895 831//894 
f 817//878 831//894 830//893 
f 816//877 830//893 829//892 
f 815//876 829//892 828//891 
f 814//875 828//891 827//890 
f 813//874 827//890 826//889 
f 812//873 826//889 825//888 
f 811//872 825//888 824//887 
f 810//871 824//887 823//886 
f 809//870 823//886 822//885 
f 808//869 822//885 821//884 
f 807//868 821//884 820//883 
f 806//867 820//883 819//882 
f 805//866 819//882 472//881 
f 445//880 444//896 818//879 
f 804//863 818//879 817//878 
f 803//862 817//878 816//877 
f 802//861 816//877 815//876 
f 801//860 815//876 814//875 
f 800//859 814//875 813//874 
f 799//858 813//874 812//873 
f 798//857 812//873 811//872 
f 797//856 811//872 810//871 
f 796//855 810//871 809//870 
f 795//854 809//870 808//869 
f 794//853 808//869 807//868 
f 793//852 807//868 806//867 
f 792//851 806//867 805//866 
f 791//850 805//866 474//865 
f 446//864 445//880 804//863 
f 790//847 804//863 803//862 
f 789//846 803//862 802//861 
f 788//845 802//861 801//860 
f 787//844 801//860 800//859 
f 786//843 800//859 799//858 
f 785//842 799//858 798//857 
f 784//841 798//857 797//856 
f 783//840 797//856 796//855 
f 782//839 796//855 795//854 
f 781//838 795//854 794//853 
f 780//837 794//853 793//852 
f 779//836 793//852 792//851 
f 778//835 792//851 791//850 
f 777//834 791//850 476//849 
f 447//848 446//864 790//847 
f 776//831 790//847 789//846 
f 775//830 789//846 788//845 
f 774//829 788//845 787//844 
f 773//828 787//844 786//843 
f 772//827 786//843 785//842 
f 771//826 785//842 784//841 
f 770//825 784//841 783//840 
f 769//824 783//840 782//839 
f 768//823 782//839 781//838 
f 767//822 781//838 780//837 
f 766//821 780//837 779//836 
f 765//820 779//836 778//835 
f 764//819 778//835 777//834 
f 763//818 777//834 478//833 
f 448//832 447//848 776//831 
f 762//815 776//831 775//830 
f 761//814 775//830 774//829 
f 760//813 774//829 773//828 
f 759//812 773//828 772//827 
f 758//811 772//827 771//826 
f 757//810 771//826 770//825 
f 756//809 770//825 769//824 
f 755//808 769//824 768//823 
f 754//807 768//823 767//822 
f 753//806 767//822 766//821 
f 752//805 766//821 765//820 
f 751//804 765//820 764//819 
f 750//803 764//819 763//818 
f 749//802 763//818 480//817 
f 449//816 448//832 762//815 
f 748//799 762//815 761//814 
f 747//797 761//814 760//813 
f 746//795 760//813 759//812 
f 745//793 759//812 758//811 
f 744//791 758//811 757//810 
f 743//789 757//810 756//809 
f 742//787 756//809 755//808 
f 741//785 755//808 754//807 
f 740//783 754//807 753//806 
f 739//781 753//806 752//805 
f 738//779 752//805 751//804 
f 737//777 751//804 750//803 
f 736//775 750//803 749//802 
f 735//773 749//802 482//801 
f 450//800 449//816 748//799 
f 734//798 748//799 747//797 
f 733//796 747//797 746//795 
f 732//794 746//795 745//793 
f 731//792 745//793 744//791 
f 730//790 744//791 743//789 
f 729//788 743//789 742//787 
f 728//786 742//787 741//785 
f 727//784 741//785 740//783 
f 726//782 740//783 739//781 
f 725//780 739//781 738//779 
f 724//778 738//779 737//777 
f 723//776 737//777 736//775 
f 722//774 736//775 735//773 
f 721//772 735//773 484//771 
o mesh17
f 486//1011 720//1011 931//1012 
f 721//1012 931//1012 932//1013 
f 722//1013 932//1013 933//1014 
f 723//1014 933//1014 934//1015 
f 724//1015 934//1015 935//1016 
f 725//1016 935//1016 936//1017 
f 726//1017 936//1017 937//1018 
f 727//1018 937//1018 938//1019 
f 728//1019 938//1019 939//1020 
f 729//1020 939//1020 940//1021 
f 730//1021 940//1021 941//1022 
f 731//1022 941//1022 942//1023 
f 732//1023 942//1023 943//1024 
f 733//1024 943//1024 944//1025 
f 734//1025 944//1025 719//1026 
f 719//1026 450//1026 734//1025 
f 944//1025 734//1025 733//1024 
f 943//1024 733//1024 732//1023 
f 942//1023 732//1023 731//1022 
f 941//1022 731//1022 730//1021 
f 940//1021 730//1021 729//1020 
f 939//1020 729//1020 728//1019 
f 938//1019 728//1019 727//1018 
f 937//1018 727//1018 726//1017 
f 936//1017 726//1017 725//1016 
f 935//1016 725//1016 724//1015 
f 934//1015 724//1015 723//1014 
f 933//1014 723//1014 722//1013 
f 932//1013 722//1013 721//1012 
f 931//1012 721//1012 486//1011 
o mesh18
f 435//1026 719//1026 945//1027 
f 509//1027 945//1027 946//1028 
f 510//1028 946//1028 947//1029 
f 511//1029 947//1029 948//1030 
f 512//1030 948//1030 949//1031 
f 513//1031 949//1031 950//1032 
f 514//1032 950//1032 951//1033 
f 515//1033 951//1033 952//1034 
f 516//1034 952//1034 953//1035 
f 517//1035 953//1035 954//1036 
f 518//1036 954//1036 955//1037 
f 519//1037 955//1037 956//1038 
f 520//1038 956//1038 957//1039 
f 521//1039 957//1039 958//1040 
f 522//1040 958//1040 508//1041 
f 508//1041 406//1041 522//1040 
f 958//1040 522//1040 521//1039 
f 957//1039 521//1039 520//1038 
f 956//1038 520//1038 519//1037 
f 955//1037 519//1037 518//1036 
f 954//1036 518//1036 517//1035 
f 953//1035 517//1035 516//1034 
f 952//1034 516//1034 515//1033 
f 951//1033 515//1033 514//1032 
f 950//1032 514//1032 513//1031 
f 949//1031 513//1031 512//1030 
f 948//1030 512//1030 511//1029 
f 947//1029 511//1029 510//1028 
f 946//1028 510//1028 509//1027 
f 945//1027 509//1027 435//1026 
o mesh19
f 959//1042 720//1043 507//1043 
f 960//1044 959//1042 506//1045 
f 961//1046 960//1044 505//1047 
f 962//1048 961//1046 504//1049 
f 963//1050 962//1048 503//1051 
f 964//1052 963//1050 502//1053 
f 965//1054 964//1052 501//1055 
f 966//1056 965//1054 500//1057 
f 967//1058 966//1056 499//1059 
f 968//1060 967//1058 498//1061 
f 498//1061 497//1062 968//1060 
f 969//1063 968//1060 496//1064 
f 496//1064 495//1065 969//1063 
f 970//1066 969//1063 494//1067 
f 494//1067 493//1068 970//1066 
f 971//1069 970//1066 492//1070 
f 492//1070 491//1071 971//1069 
f 972//1072 971//1069 490//1073 
f 490//1073 489//1074 972//1072 
f 508//1075 972//1072 488//1076 
f 488//1076 487//1077 508//1075 
f 487//1077 122//1078 508//1075 
f 489//1074 488//1076 972//1072 
f 491//1071 490//1073 971//1069 
f 493//1068 492//1070 970//1066 
f 495//1065 494//1067 969//1063 
f 497//1062 496//1064 968//1060 
f 499//1059 498//1061 967//1058 
f 500//1057 499//1059 966//1056 
f 501//1055 500//1057 965//1054 
f 502//1053 501//1055 964//1052 
f 503//1051 502//1053 963//1050 
f 504//1049 503//1051 962//1048 
f 505//1047 504//1049 961//1046 
f 506//1045 505//1047 960//1044 
f 507//1043 506//1045 959//1042 
o mesh20
f 931//1079 720//1080 959//1081 
f 973//1082 959//1081 960//1083 
f 974//1084 960//1083 961//1085 
f 975//1086 961//1085 962//1087 
f 976//1088 962//1087 963//1089 
f 977//1090 963//1089 964//1091 
f 978//1092 964//1091 965//1093 
f 979//1094 965//1093 966//1095 
f 980//1096 966//1095 967//1097 
f 981//1098 967//1097 968//1099 
f 982//1100 968//1099 969//1101 
f 983//1102 969//1101 970//1103 
f 984//1104 970//1103 971//1105 
f 985//1106 971//1105 972//1107 
f 986//1108 972//1107 508//1109 
f 932//1110 931//1079 973//1082 
f 987//1111 973//1082 974//1084 
f 988//1112 974//1084 975//1086 
f 989//1113 975//1086 976//1088 
f 990//1114 976//1088 977//1090 
f 991//1115 977//1090 978//1092 
f 992//1116 978//1092 979//1094 
f 993//1117 979//1094 980//1096 
f 994//1118 980//1096 981//1098 
f 995//1119 981//1098 982//1100 
f 996//1120 982//1100 983//1102 
f 997//1121 983//1102 984//1104 
f 998//1122 984//1104 985//1106 
f 999//1123 985//1106 986//1108 
f 1000//1124 986//1108 958//1125 
f 933//1126 932//1110 987//1111 
f 1001//1127 987//1111 988//1112 
f 1002//1128 988//1112 989//1113 
f 1003//1129 989//1113 990//1114 
f 1004//1130 990//1114 991//1115 
f 1005//1131 991//1115 992//1116 
f 1006//1132 992//1116 993//1117 
f 1007//1133 993//1117 994//1118 
f 1008//1134 994//1118 995//1119 
f 1009//1135 995//1119 996//1120 
f 1010//1136 996//1120 997//1121 
f 1011//1137 997//1121 998//1122 
f 1012//1138 998//1122 999//1123 
f 1013//1139 999//1123 1000//1124 
f 1014//1140 1000//1124 957//1141 
f 934//1142 933//1126 1001//1127 
f 1015//1143 1001//1127 1002//1128 
f 1016//1144 1002//1128 1003//1129 
f 1017//1145 1003//1129 1004//1130 
f 1018//1146 1004//1130 1005//1131 
f 1019//1147 1005//1131 1006//1132 
f 1020//1148 1006//1132 1007//1133 
f 1021//1149 1007//1133 1008//1134 
f 1022//1150 1008//1134 1009//1135 
f 1023//1151 1009//1135 1010//1136 
f 1024//1152 1010//1136 1011//1137 
f 1025//1153 1011//1137 1012//1138 
f 1026//1154 1012//1138 1013//1139 
f 1027//1155 1013//1139 1014//1140 
f 1028//1156 1014//1140 956//1157 
f 935//1158 934//1142 1015//1143 
f 1029//1159 1015//1143 1016//1144 
f 1030//1160 1016//1144 1017//1145 
f 1031//1161 1017//1145 1018//1146 
f 1032//1162 1018//1146 1019//1147 
f 1033//1163 1019//1147 1020//1148 
f 1034//1164 1020//1148 1021//1149 
f 1035//1165 1021//1149 1022//1150 
f 1036//1166 1022//1150 1023//1151 
f 1037//1167 1023//1151 1024//1152 
f 1038//1168 1024//1152 1025//1153 
f 1039//1169 1025//1153 1026//1154 
f 1040//1170 1026//1154 1027//1155 
f 1041//1171 1027//1155 1028//1156 
f 1042//1172 1028//1156 955//1173 
f 936//1174 935//1158 1029//1159 
f 1043//1175 1029//1159 1030//1160 
f 1044//1176 1030//1160 1031//1161 
f 1045//1177 1031//1161 1032//1162 
f 1046//1178 1032//1162 1033//1163 
f 1047//1179 1033//1163 1034//1164 
f 1048//1180 1034//1164 1035//1165 
f 1049//1181 1035//1165 1036//1166 
f 1050//1182 1036//1166 1037//1167 
f 1051//1183 1037//1167 1038//1168 
f 1052//1184 1038//1168 1039//1169 
f 1053//1185 1039//1169 1040//1170 
f 1054//1186 1040//1170 1041//1171 
f 1055//1187 1041//1171 1042//1172 
f 1056//1188 1042//1172 954//1189 
f 937//1190 936//1174 1043//1175 
f 1057//1191 1043//1175 1044//1176 
f 1058//1192 1044//1176 1045//1177 
f 1059//1193 1045//1177 1046//1178 
f 1060//1194 1046//1178 1047//1179 
f 1061//1195 1047//1179 1048//1180 
f 1062//1196 1048//1180 1049//1181 
f 1063//1197 1049//1181 1050//1182 
f 1064//1198 1050//1182 1051//1183 
f 1065//1199 1051//1183 1052//1184 
f 1066//1200 1052//1184 1053//1185 
f 1067//1201 1053//1185 1054//1186 
f 1068//1202 1054//1186 1055//1187 
f 1069//1203 1055//1187 1056//1188 
f 1070//1204 1056//1188 953//1205 
f 938//1206 937//1190 1057//1191 
f 1071//1207 1057//1191 1058//1192 
f 1072//1208 1058//1192 1059//1193 
f 1073//1209 1059//1193 1060//1194 
f 1074//1210 1060//1194 1061//1195 
f 1075//1211 1061//1195 1062//1196 
f 1076//1212 1062//1196 1063//1197 
f 1077//1213 1063//1197 1064//1198 
f 1078//1214 1064//1198 1065//1199 
f 1079//1215 1065//1199 1066//1200 
f 1080//1216 1066//1200 1067//1201 
f 1081//1217 1067//1201 1068//1202 
f 1082//1218 1068//1202 1069//1203 
f 1083//1219 1069//1203 1070//1204 
f 1084//1220 1070//1204 952//1221 
f 939//1222 938//1206 1071//1207 
f 1085//1223 1071//1207 1072//1208 
f 1086//1224 1072//1208 1073//1209 
f 1087//1225 1073//1209 1074//1210 
f 1088//1226 1074//1210 1075//1211 
f 1089//1227 1075//1211 1076//1212 
f 1090//1228 1076//1212 1077//1213 
f 1091//1229 1077//1213 1078//1214 
f 1092//1230 1078//1214 1079//1215 
f 1093//1231 1079//1215 1080//1216 
f 1094//1232 1080//1216 1081//1217 
f 1095//1233 1081//1217 1082//1218 
f 1096//1234 1082//1218 1083//1219 
f 1097//1235 1083//1219 1084//1220 
f 1098//1236 1084//1220 951//1237 
f 940//1238 939//1222 1085//1223 
f 1099//1239 1085//1223 1086//1224 
f 1100//1240 1086//1224 1087//1225 
f 1101//1241 1087//1225 1088//1226 
f 1102//1242 1088//1226 1089//1227 
f 1103//1243 1089//1227 1090//1228 
f 1104//1244 1090//1228 1091//1229 
f 1105//1245 1091//1229 1092//1230 
f 1106//1246 1092//1230 1093//1231 
f 1107//1247 1093//1231 1094//1232 
f 1108//1248 1094//1232 1095//1233 
f 1109//1249 1095//1233 1096//1234 
f 1110//1250 1096//1234 1097//1235 
f 1111//1251 1097//1235 1098//1236 
f 1112//1252 1098//1236 950//1253 
f 941//1254 940//1238 1099//1239 
f 1113//1255 1099//1239 1100//1240 
f 1114//1256 1100//1240 1101//1241 
f 1115//1257 1101//1241 1102//1242 
f 1116//1258 1102//1242 1103//1243 
f 1117//1259 1103//1243 1104//1244 
f 1118//1260 1104//1244 1105//1245 
f 1119//1261 1105//1245 1106//1246 
f 1120//1262 1106//1246 1107//1247 
f 1121//1263 1107//1247 1108//1248 
f 1122//1264 1108//1248 1109//1249 
f 1123//1265 1109//1249 1110//1250 
f 1124//1266 1110//1250 1111//1251 
f 1125//1267 1111//1251 1112//1252 
f 1126//1268 1112//1252 949//1269 
f 942//1270 941//1254 1113//1255 
f 1127//1271 1113//1255 1114//1256 
f 1128//1272 1114//1256 1115//1257 
f 1129//1273 1115//1257 1116//1258 
f 1130//1274 1116//1258 1117//1259 
f 1131//1275 1117//1259 1118//1260 
f 1132//1276 1118//1260 1119//1261 
f 1133//1277 1119//1261 1120//1262 
f 1134//1278 1120//1262 1121//1263 
f 1135//1279 1121//1263 1122//1264 
f 1136//1280 1122//1264 1123//1265 
f 1137//1281 1123//1265 1124//1266 
f 1138//1282 1124//1266 1125//1267 
f 1139//1283 1125//1267 1126//1268 
f 1140//1284 1126//1268 948//1285 
f 943//1286 942//1270 1127//1271 
f 1141//1287 1127//1271 1128//1272 
f 1142//1288 1128//1272 1129//1273 
f 1143//1289 1129//1273 1130//1274 
f 1144//1290 1130//1274 1131//1275 
f 1145//1291 1131//1275 1132//1276 
f 1146//1292 1132//1276 1133//1277 
f 1147//1293 1133//1277 1134//1278 
f 1148//1294 1134//1278 1135//1279 
f 1149//1295 1135//1279 1136//1280 
f 1150//1296 1136//1280 1137//1281 
f 1151//1297 1137//1281 1138//1282 
f 1152//1298 1138//1282 1139//1283 
f 1153//1299 1139//1283 1140//1284 
f 1154//1300 1140//1284 947//1301 
f 944//1302 943//1286 1141//1287 
f 1155//1303 1141//1287 1142//1288 
f 1156//1304 1142//1288 1143//1289 
f 1157//1305 1143//1289 1144//1290 
f 1158//1306 1144//1290 1145//1291 
f 1159//1307 1145//1291 1146//1292 
f 1160//1308 1146//1292 1147//1293 
f 1161//1309 1147//1293 1148//1294 
f 1162//1310 1148//1294 1149//1295 
f 1163//1311 1149//1295 1150//1296 
f 1164//1312 1150//1296 1151//1297 
f 1165//1313 1151//1297 1152//1298 
f 1166//1314 1152//1298 1153//1299 
f 1167//1315 1153//1299 1154//1300 
f 1168//1316 1154//1300 946//1317 
f 719//1318 1168//1316 945//1319 
f 719//1318 1167//1315 1168//1316 
f 719//1318 1166//1314 1167//1315 
f 719//1318 1165//1313 1166//1314 
f 719//1318 1164//1312 1165//1313 
f 719//1318 1163//1311 1164//1312 
f 719//1318 1162//1310 1163//1311 
f 719//1318 1161//1309 1162//1310 
f 719//1318 1160//1308 1161//1309 
f 719//1318 1159//1307 1160//1308 
f 719//1318 1158//1306 1159//1307 
f 719//1318 1157//1305 1158//1306 
f 719//1318 1156//1304 1157//1305 
f 719//1318 1155//1303 1156//1304 
f 719//1318 944//1302 1155//1303 
f 946//1317 945//1319 1168//1316 
f 1154//1300 1168//1316 1167//1315 
f 1153//1299 1167//1315 1166//1314 
f 1152//1298 1166//1314 1165//1313 
f 1151//1297 1165//1313 1164//1312 
f 1150//1296 1164//1312 1163//1311 
f 1149//1295 1163//1311 1162//1310 
f 1148//1294 1162//1310 1161//1309 
f 1147//1293 1161//1309 1160//1308 
f 1146//1292 1160//1308 1159//1307 
f 1145//1291 1159//1307 1158//1306 
f 1144//1290 1158//1306 1157//1305 
f 1143//1289 1157//1305 1156//1304 
f 1142//1288 1156//1304 1155//1303 
f 1141//1287 1155//1303 944//1302 
f 947//1301 946//1317 1154//1300 
f 1140//1284 1154//1300 1153//1299 
f 1139//1283 1153//1299 1152//1298 
f 1138//1282 1152//1298 1151//1297 
f 1137//1281 1151//1297 1150//1296 
f 1136//1280 1150//1296 1149//1295 
f 1135//1279 1149//1295 1148//1294 
f 1134//1278 1148//1294 1147//1293 
f 1133//1277 1147//1293 1146//1292 
f 1132//1276 1146//1292 1145//1291 
f 1131//1275 1145//1291 1144//1290 
f 1130//1274 1144//1290 1143//1289 
f 1129//1273 1143//1289 1142//1288 
f 1128//1272 1142//1288 1141//1287 
f 1127//1271 1141//1287 943//1286 
f 948//1285 947//1301 1140//1284 
f 1126//1268 1140//1284 1139//1283 
f 1125//1267 1139//1283 1138//1282 
f 1124//1266 1138//1282 1137//1281 
f 1123//1265 1137//1281 1136//1280 
f 1122//1264 1136//1280 1135//1279 
f 1121//1263 1135//1279 1134//1278 
f 1120//1262 1134//1278 1133//1277 
f 1119//1261 1133//1277 1132//1276 
f 1118//1260 1132//1276 1131//1275 
f 1117//1259 1131//1275 1130//1274 
f 1116//1258 1130//1274 1129//1273 
f 1115//1257 1129//1273 1128//1272 
f 1114//1256 1128//1272 1127//1271 
f 1113//1255 1127//1271 942//1270 
f 949//1269 948//1285 1126//1268 
f 1112//1252 1126//1268 1125//1267 
f 1111//1251 1125//1267 1124//1266 
f 1110//1250 1124//1266 1123//1265 
f 1109//1249 1123//1265 1122//1264 
f 1108//1248 1122//1264 1121//1263 
f 1107//1247 1121//1263 1120//1262 
f 1106//1246 1120//1262 1119//1261 
f 1105//1245 1119//1261 1118//1260 
f 1104//1244 1118//1260 1117//1259 
f 1103//1243 1117//1259 1116//1258 
f 1102//1242 1116//1258 1115//1257 
f 1101//1241 1115//1257 1114//1256 
f 1100//1240 1114//1256 1113//1255 
f 1099//1239 1113//1255 941//1254 
f 950//1253 949//1269 1112//1252 
f 1098//1236 1112//1252 1111//1251 
f 1097//1235 1111//1251 1110//1250 
f 1096//1234 1110//1250 1109//1249 
f 1095//1233 1109//1249 1108//1248 
f 1094//1232 1108//1248 1107//1247 
f 1093//1231 1107//1247 1106//1246 
f 1092//1230 1106//1246 1105//1245 
f 1091//1229 1105//1245 1104//1244 
f 1090//1228 1104//1244 1103//1243 
f 1089//1227 1103//1243 1102//1242 
f 1088//1226 1102//1242 1101//1241 
f 1087//1225 1101//1241 1100//1240 
f 1086//1224 1100//1240 1099//1239 
f 1085//1223 1099//1239 940//1238 
f 951//1237 950//1253 1098//1236 
f 1084//1220 1098//1236 1097//1235 
f 1083//1219 1097//1235 1096//1234 
f 1082//1218 1096//1234 1095//1233 
f 1081//1217 1095//1233 1094//1232 
f 1080//1216 1094//1232 1093//1231 
f 1079//1215 1093//1231 1092//1230 
f 1078//1214 1092//1230 1091//1229 
f 1077//1213 1091//1229 1090//1228 
f 1076//1212 1090//1228 1089//1227 
f 1075//1211 1089//1227 1088//1226 
f 1074//1210 1088//1226 1087//1225 
f 1073//1209 1087//1225 1086//1224 
f 1072//1208 1086//1224 1085//1223 
f 1071//1207 1085//1223 939//1222 
f 952//1221 951//1237 1084//1220 
f 1070//1204 1084//1220 1083//1219 
f 1069//1203 1083//1219 1082//1218 
f 1068//1202 1082//1218 1081//1217 
f 1067//1201 1081//1217 1080//1216 
f 1066//1200 1080//1216 1079//1215 
f 1065//1199 1079//1215 1078//1214 
f 1064//1198 1078//1214 1077//1213 
f 1063//1197 1077//1213 1076//1212 
f 1062//1196 1076//1212 1075//1211 
f 1061//1195 1075//1211 1074//1210 
f 1060//1194 1074//1210 1073//1209 
f 1059//1193 1073//1209 1072//1208 
f 1058//1192 1072//1208 1071//1207 
f 1057//1191 1071//1207 938//1206 
f 953//1205 952//1221 1070//1204 
f 1056//1188 1070//1204 1069//1203 
f 1055//1187 1069//1203 1068//1202 
f 1054//1186 1068//1202 1067//1201 
f 1053//1185 1067//1201 1066//1200 
f 1052//1184 1066//1200 1065//1199 
f 1051//1183 1065//1199 1064//1198 
f 1050//1182 1064//1198 1063//1197 
f 1049//1181 1063//1197 1062//1196 
f 1048//1180 1062//1196 1061//1195 
f 1047//1179 1061//1195 1060//1194 
f 1046//1178 1060//1194 1059//1193 
f 1045//1177 1059//1193 1058//1192 
f 1044//1176 1058//1192 1057//1191 
f 1043//1175 1057//1191 937//1190 
f 954//1189 953//1205 1056//1188 
f 1042//1172 1056//1188 1055//1187 
f 1041//1171 1055//1187 1054//1186 
f 1040//1170 1054//1186 1053//1185 
f 1039//1169 1053//1185 1052//1184 
f 1038//1168 1052//1184 1051//1183 
f 1037//1167 1051//1183 1050//1182 
f 1036//1166 1050//1182 1049//1181 
f 1035//1165 1049//1181 1048//1180 
f 1034//1164 1048//1180 1047//1179 
f 1033//1163 1047//1179 1046//1178 
f 1032//1162 1046//1178 1045//1177 
f 1031//1161 1045//1177 1044//1176 
f 1030//1160 1044//1176 1043//1175 
f 1029//1159 1043//1175 936//1174 
f 955//1173 954//1189 1042//1172 
f 1028//1156 1042//1172 1041//1171 
f 1027//1155 1041//1171 1040//1170 
f 1026//1154 1040//1170 1039//1169 
f 1025//1153 1039//1169 1038//1168 
f 1024//1152 1038//1168 1037//1167 
f 1023//1151 1037//1167 1036//1166 
f 1022//1150 1036//1166 1035//1165 
f 1021//1149 1035//1165 1034//1164 
f 1020//1148 1034//1164 1033//1163 
f 1019//1147 1033//1163 1032//1162 
f 1018//1146 1032//1162 1031//1161 
f 1017//1145 1031//1161 1030//1160 
f 1016//1144 1030//1160 1029//1159 
f 1015//1143 1029//1159 935//1158 
f 956//1157 955//1173 1028//1156 
f 1014//1140 1028//1156 1027//1155 
f 1013//1139 1027//1155 1026//1154 
f 1012//1138 1026//1154 1025//1153 
f 1011//1137 1025//1153 1024//1152 
f 1010//1136 1024//1152 1023//1151 
f 1009//1135 1023//1151 1022//1150 
f 1008//1134 1022//1150 1021//1149 
f 1007//1133 1021//1149 1020//1148 
f 1006//1132 1020//1148 1019//1147 
f 1005//1131 1019//1147 1018//1146 
f 1004//1130 1018//1146 1017//1145 
f 1003//1129 1017//1145 1016//1144 
f 1002//1128 1016//1144 1015//1143 
f 1001//1127 1015//1143 934//1142 
f 957//1141 956//1157 1014//1140 
f 1000//1124 1014//1140 1013//1139 
f 999//1123 1013//1139 1012//1138 
f 998//1122 1012//1138 1011//1137 
f 997//1121 1011//1137 1010//1136 
f 996//1120 1010//1136 1009//1135 
f 995//1119 1009//1135 1008//1134 
f 994//1118 1008//1134 1007//1133 
f 993//1117 1007//1133 1006//1132 
f 992//1116 1006//1132 1005//1131 
f 991//1115 1005//1131 1004//1130 
f 990//1114 1004//1130 1003//1129 
f 989//1113 1003//1129 1002//1128 
f 988//1112 1002//1128 1001//1127 
f 987//1111 1001//1127 933//1126 
f 958//1125 957//1141 1000//1124 
f 986//1108 1000//1124 999//1123 
f 985//1106 999//1123 998//1122 
f 984//1104 998//1122 997//1121 
f 983//1102 997//1121 996//1120 
f 982//1100 996//1120 995//1119 
f 981//1098 995//1119 994//1118 
f 980//1096 994//1118 993//1117 
f 979//1094 993//1117 992//1116 
f 978//1092 992//1116 991//1115 
f 977//1090 991//1115 990//1114 
f 976//1088 990//1114 989//1113 
f 975//1086 989//1113 988//1112 
f 974//1084 988//1112 987//1111 
f 973//1082 987//1111 932//1110 
f 508//1109 958//1125 986//1108 
f 972//1107 986//1108 985//1106 
f 971//1105 985//1106 984//1104 
f 970//1103 984//1104 983//1102 
f 969//1101 983//1102 982//1100 
f 968//1099 982//1100 981//1098 
f 967//1097 981//1098 980//1096 
f 966//1095 980//1096 979//1094 
f 965//1093 979//1094 978//1092 
f 964//1091 978//1092 977//1090 
f 963//1089 977//1090 976//1088 
f 962//1087 976//1088 975//1086 
f 961//1085 975//1086 974//1084 
f 960//1083 974//1084 973//1082 
f 959//1081 973//1082 931//1079 
g Part 9
v 0.00940938 0.0115 0.019173 
v 0.0094 0.0115 0.019 
v 0.0094 0.0145 0.019 
v 0.00943741 0.0115 0.019344 
v 0.00940938 0.0145 0.019173 
v 0.00948375 0.0115 0.0195109 
v 0.00943741 0.0145 0.019344 
v 0.00954788 0.0115 0.0196718 
v 0.00948375 0.0145 0.0195109 
v 0.00962903 0.0115 0.0198249 
v 0.00954788 0.0145 0.0196718 
v 0.00972625 0.0115 0.0199683 
v 0.00962903 0.0145 0.0198249 
v 0.00983841 0.0115 0.0201003 
v 0.00972625 0.0145 0.0199683 
v 0.00996418 0.0115 0.0202195 
v 0.00983841 0.0145 0.0201003 
v 0.0101021 0.0115 0.0203243 
v 0.00996418 0.0145 0.0202195 
v 0.0102505 0.0115 0.0204136 
v 0.0101021 0.0145 0.0203243 
v 0.0104078 0.0115 0.0204864 
v 0.0102505 0.0145 0.0204136 
v 0.010572 0.0115 0.0205417 
v 0.0104078 0.0145 0.0204864 
v 0.0107411 0.0115 0.0205789 
v 0.010572 0.0145 0.0205417 
v 0.0109134 0.0115 0.0205977 
v 0.0107411 0.0145 0.0205789 
v 0.0110866 0.0115 0.0205977 
v 0.0109134 0.0145 0.0205977 
v 0.0112589 0.0115 0.0205789 
v 0.0110866 0.0145 0.0205977 
v 0.011428 0.0115 0.0205417 
v 0.0112589 0.0145 0.0205789 
v 0.0115922 0.0115 0.0204864 
v 0.011428 0.0145 0.0205417 
v 0.0117495 0.0115 0.0204136 
v 0.0115922 0.0145 0.0204864 
v 0.0118979 0.0115 0.0203243 
v 0.0117495 0.0145 0.0204136 
v 0.0120358 0.0115 0.0202195 
v 0.0118979 0.0145 0.0203243 
v 0.0121616 0.0115 0.0201003 
v 0.0120358 0.0145 0.0202195 
v 0.0122737 0.0115 0.0199683 
v 0.0121616 0.0145 0.0201003 
v 0.012371 0.0115 0.0198249 
v 0.0122737 0.0145 0.0199683 
v 0.0124521 0.0115 0.0196718 
v 0.012371 0.0145 0.0198249 
v 0.0125162 0.0115 0.0195109 
v 0.0124521 0.0145 0.0196718 
v 0.0125626 0.0115 0.019344 
v 0.0125162 0.0145 0.0195109 
v 0.0125906 0.0115 0.019173 
v 0.0125626 0.0145 0.019344 
v 0.0126 0.0115 0.019 
v 0.0125906 0.0145 0.019173 
v 0.0125906 0.0115 0.018827 
v 0.0126 0.0145 0.019 
v 0.0125626 0.0115 0.018656 
v 0.0125906 0.0145 0.018827 
v 0.0125162 0.0115 0.0184891 
v 0.0125626 0.0145 0.018656 
v 0.0124521 0.0115 0.0183282 
v 0.0125162 0.0145 0.0184891 
v 0.012371 0.0115 0.0181751 
v 0.0124521 0.0145 0.0183282 
v 0.0122737 0.0115 0.0180317 
v 0.012371 0.0145 0.0181751 
v 0.0121616 0.0115 0.0178997 
v 0.0122737 0.0145 0.0180317 
v 0.0120358 0.0115 0.0177805 
v 0.0121616 0.0145 0.0178997 
v 0.0118979 0.0115 0.0176757 
v 0.0120358 0.0145 0.0177805 
v 0.0117495 0.0115 0.0175864 
v 0.0118979 0.0145 0.0176757 
v 0.0115922 0.0115 0.0175136 
v 0.0117495 0.0145 0.0175864 
v 0.011428 0.0115 0.0174583 
v 0.0115922 0.0145 0.0175136 
v 0.0112589 0.0115 0.0174211 
v 0.011428 0.0145 0.0174583 
v 0.0110866 0.0115 0.0174023 
v 0.0112589 0.0145 0.0174211 
v 0.0109134 0.0115 0.0174023 
v 0.0110866 0.0145 0.0174023 
v 0.0107411 0.0115 0.0174211 
v 0.0109134 0.0145 0.0174023 
v 0.010572 0.0115 0.0174583 
v 0.0107411 0.0145 0.0174211 
v 0.0104078 0.0115 0.0175136 
v 0.010572 0.0145 0.0174583 
v 0.0102505 0.0115 0.0175864 
v 0.0104078 0.0145 0.0175136 
v 0.0101021 0.0115 0.0176757 
v 0.0102505 0.0145 0.0175864 
v 0.00996418 0.0115 0.0177805 
v 0.0101021 0.0145 0.0176757 
v 0.00983841 0.0115 0.0178997 
v 0.00996418 0.0145 0.0177805 
v 0.00972625 0.0115 0.0180317 
v 0.00983841 0.0145 0.0178997 
v 0.00962903 0.0115 0.0181751 
v 0.00972625 0.0145 0.0180317 
v 0.00954788 0.0115 0.0183282 
v 0.00962903 0.0145 0.0181751 
v 0.00948375 0.0115 0.0184891 
v 0.00954788 0.0145 0.0183282 
v 0.00943741 0.0115 0.018656 
v 0.00948375 0.0145 0.0184891 
v 0.00940938 0.0115 0.018827 
v 0.00943741 0.0145 0.018656 
v 0.00940938 0.0145 0.018827 
v 0.0138 0.0145 0.0218 
v 0.004 0.0145 0.0218 
v 0.0138 0.0145 0.0162 
v 0.004 0.0145 0.0162 
v 0.004 0.0115 0.0218 
v 0.004 0.0115 0.0162 
v 0.00400027 0.0144997 0.0218105 
v 0.0040011 0.0144989 0.0218209 
v 0.0138 0.0144989 0.0218209 
v 0.00400246 0.0144975 0.0218313 
v 0.00400437 0.0144956 0.0218416 
v 0.0138 0.0144956 0.0218416 
v 0.00400681 0.0144932 0.0218518 
v 0.00400979 0.0144902 0.0218618 
v 0.0138 0.0144902 0.0218618 
v 0.00401328 0.0144867 0.0218717 
v 0.00401729 0.0144827 0.0218813 
v 0.0138 0.0144827 0.0218813 
v 0.0040218 0.0144782 0.0218908 
v 0.00402679 0.0144732 0.0219 
v 0.0138 0.0144732 0.0219 
v 0.00403227 0.0144677 0.0219089 
v 0.0040382 0.0144618 0.0219176 
v 0.0138 0.0144618 0.0219176 
v 0.00405137 0.0144486 0.0219338 
v 0.0138 0.0144486 0.0219338 
v 0.00406617 0.0144338 0.0219486 
v 0.0138 0.0144338 0.0219486 
v 0.00408244 0.0144176 0.0219618 
v 0.0138 0.0144176 0.0219618 
v 0.0041 0.0144 0.0219732 
v 0.0138 0.0144 0.0219732 
v 0.00411865 0.0143813 0.0219827 
v 0.0138 0.0143813 0.0219827 
v 0.0041382 0.0143618 0.0219902 
v 0.0138 0.0143618 0.0219902 
v 0.00415842 0.0143416 0.0219956 
v 0.0138 0.0143416 0.0219956 
v 0.00417909 0.0143209 0.0219989 
v 0.0138 0.0143209 0.0219989 
v 0.0042 0.0143 0.022 
v 0.0138 0.0143 0.022 
v 0.00400027 0.0115003 0.0218105 
v 0.0040011 0.0115011 0.0218209 
v 0.00400246 0.0115025 0.0218313 
v 0.00400437 0.0115044 0.0218416 
v 0.00400681 0.0115068 0.0218518 
v 0.00400979 0.0115098 0.0218618 
v 0.00401328 0.0115133 0.0218717 
v 0.00401729 0.0115173 0.0218813 
v 0.0040218 0.0115218 0.0218908 
v 0.00402679 0.0115268 0.0219 
v 0.00403227 0.0115323 0.0219089 
v 0.0040382 0.0115382 0.0219176 
v 0.00405137 0.0115514 0.0219338 
v 0.00406617 0.0115662 0.0219486 
v 0.00408244 0.0115824 0.0219618 
v 0.0041 0.0116 0.0219732 
v 0.00411865 0.0116187 0.0219827 
v 0.0041382 0.0116382 0.0219902 
v 0.00415842 0.0116584 0.0219956 
v 0.00417909 0.0116791 0.0219989 
v 0.0042 0.0117 0.022 
v 0.0138 0.0117 0.022 
v 0.0139989 0.0143 0.0218209 
v 0.014 0.0143 0.0218 
v 0.0139989 0.0143209 0.0218 
v 0.0139956 0.0143416 0.0218 
v 0.0139902 0.0143618 0.0218 
v 0.0139827 0.0143813 0.0218 
v 0.0139732 0.0144 0.0218 
v 0.0139618 0.0144176 0.0218 
v 0.0139486 0.0144338 0.0218 
v 0.0139338 0.0144486 0.0218 
v 0.0139176 0.0144618 0.0218 
v 0.0139 0.0144732 0.0218 
v 0.0138813 0.0144827 0.0218 
v 0.0138618 0.0144902 0.0218 
v 0.0138416 0.0144956 0.0218 
v 0.0138209 0.0144989 0.0218 
v 0.0139956 0.0143 0.0218416 
v 0.0139902 0.0143 0.0218618 
v 0.0139827 0.0143 0.0218813 
v 0.0139732 0.0143 0.0219 
v 0.0139618 0.0143 0.0219176 
v 0.0139486 0.0143 0.0219338 
v 0.0139338 0.0143 0.0219486 
v 0.0139176 0.0143 0.0219618 
v 0.0139 0.0143 0.0219732 
v 0.0138813 0.0143 0.0219827 
v 0.0138618 0.0143 0.0219902 
v 0.0138416 0.0143 0.0219956 
v 0.0138209 0.0143 0.0219989 
v 0.0139978 0.0143208 0.0218209 
v 0.0139946 0.0143414 0.0218209 
v 0.0139892 0.0143615 0.0218209 
v 0.0139817 0.0143809 0.0218209 
v 0.0139723 0.0143995 0.0218209 
v 0.0139609 0.0144169 0.0218209 
v 0.0139478 0.0144331 0.0218209 
v 0.0139331 0.0144478 0.0218209 
v 0.0139169 0.0144609 0.0218209 
v 0.0138995 0.0144723 0.0218209 
v 0.0138809 0.0144817 0.0218209 
v 0.0138615 0.0144892 0.0218209 
v 0.0138414 0.0144946 0.0218209 
v 0.0138208 0.0144978 0.0218209 
v 0.0139946 0.0143204 0.0218416 
v 0.0139914 0.0143407 0.0218416 
v 0.0139861 0.0143605 0.0218416 
v 0.0139787 0.0143796 0.0218416 
v 0.0139694 0.0143978 0.0218416 
v 0.0139583 0.014415 0.0218416 
v 0.0139454 0.0144309 0.0218416 
v 0.0139309 0.0144454 0.0218416 
v 0.013915 0.0144583 0.0218416 
v 0.0138978 0.0144694 0.0218416 
v 0.0138796 0.0144787 0.0218416 
v 0.0138605 0.0144861 0.0218416 
v 0.0138407 0.0144914 0.0218416 
v 0.0138204 0.0144946 0.0218416 
v 0.0139892 0.0143199 0.0218618 
v 0.0139861 0.0143395 0.0218618 
v 0.0139809 0.0143588 0.0218618 
v 0.0139738 0.0143774 0.0218618 
v 0.0139647 0.0143951 0.0218618 
v 0.0139539 0.0144118 0.0218618 
v 0.0139414 0.0144273 0.0218618 
v 0.0139273 0.0144414 0.0218618 
v 0.0139118 0.0144539 0.0218618 
v 0.0138951 0.0144647 0.0218618 
v 0.0138774 0.0144738 0.0218618 
v 0.0138588 0.0144809 0.0218618 
v 0.0138395 0.0144861 0.0218618 
v 0.0138199 0.0144892 0.0218618 
v 0.0139817 0.0143191 0.0218813 
v 0.0139787 0.014338 0.0218813 
v 0.0139738 0.0143565 0.0218813 
v 0.0139669 0.0143743 0.0218813 
v 0.0139582 0.0143914 0.0218813 
v 0.0139478 0.0144074 0.0218813 
v 0.0139358 0.0144223 0.0218813 
v 0.0139223 0.0144358 0.0218813 
v 0.0139074 0.0144478 0.0218813 
v 0.0138914 0.0144582 0.0218813 
v 0.0138743 0.0144669 0.0218813 
v 0.0138565 0.0144738 0.0218813 
v 0.013838 0.0144787 0.0218813 
v 0.0138191 0.0144817 0.0218813 
v 0.0139723 0.0143181 0.0219 
v 0.0139694 0.014336 0.0219 
v 0.0139647 0.0143535 0.0219 
v 0.0139582 0.0143704 0.0219 
v 0.01395 0.0143866 0.0219 
v 0.0139401 0.0144018 0.0219 
v 0.0139287 0.0144159 0.0219 
v 0.0139159 0.0144287 0.0219 
v 0.0139018 0.0144401 0.0219 
v 0.0138866 0.01445 0.0219 
v 0.0138704 0.0144582 0.0219 
v 0.0138535 0.0144647 0.0219 
v 0.013836 0.0144694 0.0219 
v 0.0138181 0.0144723 0.0219 
v 0.0139609 0.0143169 0.0219176 
v 0.0139583 0.0143336 0.0219176 
v 0.0139539 0.01435 0.0219176 
v 0.0139478 0.0143658 0.0219176 
v 0.0139401 0.0143809 0.0219176 
v 0.0139309 0.0143951 0.0219176 
v 0.0139202 0.0144083 0.0219176 
v 0.0139083 0.0144202 0.0219176 
v 0.0138951 0.0144309 0.0219176 
v 0.0138809 0.0144401 0.0219176 
v 0.0138658 0.0144478 0.0219176 
v 0.01385 0.0144539 0.0219176 
v 0.0138336 0.0144583 0.0219176 
v 0.0138169 0.0144609 0.0219176 
v 0.0139478 0.0143155 0.0219338 
v 0.0139454 0.0143309 0.0219338 
v 0.0139414 0.0143459 0.0219338 
v 0.0139358 0.0143605 0.0219338 
v 0.0139287 0.0143743 0.0219338 
v 0.0139202 0.0143874 0.0219338 
v 0.0139105 0.0143995 0.0219338 
v 0.0138995 0.0144105 0.0219338 
v 0.0138874 0.0144202 0.0219338 
v 0.0138743 0.0144287 0.0219338 
v 0.0138605 0.0144358 0.0219338 
v 0.0138459 0.0144414 0.0219338 
v 0.0138309 0.0144454 0.0219338 
v 0.0138155 0.0144478 0.0219338 
v 0.0139331 0.014314 0.0219486 
v 0.0139309 0.0143278 0.0219486 
v 0.0139273 0.0143414 0.0219486 
v 0.0139223 0.0143544 0.0219486 
v 0.0139159 0.0143669 0.0219486 
v 0.0139083 0.0143787 0.0219486 
v 0.0138995 0.0143895 0.0219486 
v 0.0138895 0.0143995 0.0219486 
v 0.0138787 0.0144083 0.0219486 
v 0.0138669 0.0144159 0.0219486 
v 0.0138544 0.0144223 0.0219486 
v 0.0138414 0.0144273 0.0219486 
v 0.0138278 0.0144309 0.0219486 
v 0.013814 0.0144331 0.0219486 
v 0.0139169 0.0143123 0.0219618 
v 0.013915 0.0143244 0.0219618 
v 0.0139118 0.0143363 0.0219618 
v 0.0139074 0.0143478 0.0219618 
v 0.0139018 0.0143588 0.0219618 
v 0.0138951 0.0143691 0.0219618 
v 0.0138874 0.0143787 0.0219618 
v 0.0138787 0.0143874 0.0219618 
v 0.0138691 0.0143951 0.0219618 
v 0.0138588 0.0144018 0.0219618 
v 0.0138478 0.0144074 0.0219618 
v 0.0138363 0.0144118 0.0219618 
v 0.0138244 0.014415 0.0219618 
v 0.0138123 0.0144169 0.0219618 
v 0.0138995 0.0143105 0.0219732 
v 0.0138978 0.0143208 0.0219732 
v 0.0138951 0.0143309 0.0219732 
v 0.0138914 0.0143407 0.0219732 
v 0.0138866 0.01435 0.0219732 
v 0.0138809 0.0143588 0.0219732 
v 0.0138743 0.0143669 0.0219732 
v 0.0138669 0.0143743 0.0219732 
v 0.0138588 0.0143809 0.0219732 
v 0.01385 0.0143866 0.0219732 
v 0.0138407 0.0143914 0.0219732 
v 0.0138309 0.0143951 0.0219732 
v 0.0138208 0.0143978 0.0219732 
v 0.0138105 0.0143995 0.0219732 
v 0.0138809 0.0143085 0.0219827 
v 0.0138796 0.0143169 0.0219827 
v 0.0138774 0.0143251 0.0219827 
v 0.0138743 0.0143331 0.0219827 
v 0.0138704 0.0143407 0.0219827 
v 0.0138658 0.0143478 0.0219827 
v 0.0138605 0.0143544 0.0219827 
v 0.0138544 0.0143605 0.0219827 
v 0.0138478 0.0143658 0.0219827 
v 0.0138407 0.0143704 0.0219827 
v 0.0138331 0.0143743 0.0219827 
v 0.0138251 0.0143774 0.0219827 
v 0.0138169 0.0143796 0.0219827 
v 0.0138085 0.0143809 0.0219827 
v 0.0138615 0.0143065 0.0219902 
v 0.0138605 0.0143128 0.0219902 
v 0.0138588 0.0143191 0.0219902 
v 0.0138565 0.0143251 0.0219902 
v 0.0138535 0.0143309 0.0219902 
v 0.01385 0.0143363 0.0219902 
v 0.0138459 0.0143414 0.0219902 
v 0.0138414 0.0143459 0.0219902 
v 0.0138363 0.01435 0.0219902 
v 0.0138309 0.0143535 0.0219902 
v 0.0138251 0.0143565 0.0219902 
v 0.0138191 0.0143588 0.0219902 
v 0.0138128 0.0143605 0.0219902 
v 0.0138065 0.0143615 0.0219902 
v 0.0138414 0.0143043 0.0219956 
v 0.0138407 0.0143086 0.0219956 
v 0.0138395 0.0143128 0.0219956 
v 0.013838 0.0143169 0.0219956 
v 0.013836 0.0143208 0.0219956 
v 0.0138336 0.0143244 0.0219956 
v 0.0138309 0.0143278 0.0219956 
v 0.0138278 0.0143309 0.0219956 
v 0.0138244 0.0143336 0.0219956 
v 0.0138208 0.014336 0.0219956 
v 0.0138169 0.014338 0.0219956 
v 0.0138128 0.0143395 0.0219956 
v 0.0138086 0.0143407 0.0219956 
v 0.0138043 0.0143414 0.0219956 
v 0.0138208 0.0143022 0.0219989 
v 0.0138204 0.0143043 0.0219989 
v 0.0138199 0.0143065 0.0219989 
v 0.0138191 0.0143085 0.0219989 
v 0.0138181 0.0143105 0.0219989 
v 0.0138169 0.0143123 0.0219989 
v 0.0138155 0.014314 0.0219989 
v 0.013814 0.0143155 0.0219989 
v 0.0138123 0.0143169 0.0219989 
v 0.0138105 0.0143181 0.0219989 
v 0.0138085 0.0143191 0.0219989 
v 0.0138065 0.0143199 0.0219989 
v 0.0138043 0.0143204 0.0219989 
v 0.0138022 0.0143208 0.0219989 
v 0.0138 0.0116791 0.0219989 
v 0.0138 0.0116584 0.0219956 
v 0.0138 0.0116382 0.0219902 
v 0.0138 0.0116187 0.0219827 
v 0.0138 0.0116 0.0219732 
v 0.0138 0.0115824 0.0219618 
v 0.0138 0.0115662 0.0219486 
v 0.0138 0.0115514 0.0219338 
v 0.0138 0.0115382 0.0219176 
v 0.0138 0.0115268 0.0219 
v 0.0138 0.0115173 0.0218813 
v 0.0138 0.0115098 0.0218618 
v 0.0138 0.0115044 0.0218416 
v 0.0138 0.0115011 0.0218209 
v 0.0138 0.0115 0.0218 
v 0.0138209 0.0117 0.0219989 
v 0.0138416 0.0117 0.0219956 
v 0.0138618 0.0117 0.0219902 
v 0.0138813 0.0117 0.0219827 
v 0.0139 0.0117 0.0219732 
v 0.0139176 0.0117 0.0219618 
v 0.0139338 0.0117 0.0219486 
v 0.0139486 0.0117 0.0219338 
v 0.0139618 0.0117 0.0219176 
v 0.0139732 0.0117 0.0219 
v 0.0139827 0.0117 0.0218813 
v 0.0139902 0.0117 0.0218618 
v 0.0139956 0.0117 0.0218416 
v 0.0139989 0.0117 0.0218209 
v 0.014 0.0117 0.0218 
v 0.0138209 0.0144989 0.0162 
v 0.0138416 0.0144956 0.0162 
v 0.0138618 0.0144902 0.0162 
v 0.0138813 0.0144827 0.0162 
v 0.0139 0.0144732 0.0162 
v 0.0139176 0.0144618 0.0162 
v 0.0139338 0.0144486 0.0162 
v 0.0139486 0.0144338 0.0162 
v 0.0139618 0.0144176 0.0162 
v 0.0139732 0.0144 0.0162 
v 0.0139827 0.0143813 0.0162 
v 0.0139902 0.0143618 0.0162 
v 0.0139956 0.0143416 0.0162 
v 0.0139989 0.0143209 0.0162 
v 0.014 0.0143 0.0162 
v 0.0138 0.0143209 0.0160011 
v 0.0138 0.0143 0.016 
v 0.0042 0.0143 0.016 
v 0.0138 0.0143416 0.0160044 
v 0.00417909 0.0143209 0.0160011 
v 0.0138 0.0143618 0.0160098 
v 0.00415842 0.0143416 0.0160044 
v 0.0138 0.0143813 0.0160173 
v 0.0041382 0.0143618 0.0160098 
v 0.0138 0.0144 0.0160268 
v 0.00411865 0.0143813 0.0160173 
v 0.0138 0.0144176 0.0160382 
v 0.0041 0.0144 0.0160268 
v 0.0138 0.0144338 0.0160514 
v 0.00408244 0.0144176 0.0160382 
v 0.0138 0.0144486 0.0160662 
v 0.00406617 0.0144338 0.0160514 
v 0.0138 0.0144618 0.0160824 
v 0.00405137 0.0144486 0.0160662 
v 0.0138 0.0144732 0.0161 
v 0.0040382 0.0144618 0.0160824 
v 0.00403227 0.0144677 0.0160911 
v 0.0138 0.0144827 0.0161187 
v 0.00402679 0.0144732 0.0161 
v 0.0040218 0.0144782 0.0161092 
v 0.0138 0.0144902 0.0161382 
v 0.00401729 0.0144827 0.0161187 
v 0.00401328 0.0144867 0.0161283 
v 0.0138 0.0144956 0.0161584 
v 0.00400979 0.0144902 0.0161382 
v 0.00400681 0.0144932 0.0161482 
v 0.0138 0.0144989 0.0161791 
v 0.00400437 0.0144956 0.0161584 
v 0.00400246 0.0144975 0.0161687 
v 0.0040011 0.0144989 0.0161791 
v 0.00400027 0.0144997 0.0161895 
v 0.00417909 0.0116791 0.0160011 
v 0.00415842 0.0116584 0.0160044 
v 0.00411865 0.0116187 0.0160173 
v 0.0041 0.0116 0.0160268 
v 0.00408244 0.0115824 0.0160382 
v 0.00406617 0.0115662 0.0160514 
v 0.00405137 0.0115514 0.0160662 
v 0.0040382 0.0115382 0.0160824 
v 0.00403227 0.0115323 0.0160911 
v 0.00402679 0.0115268 0.0161 
v 0.0040218 0.0115218 0.0161092 
v 0.00401729 0.0115173 0.0161187 
v 0.00401328 0.0115133 0.0161283 
v 0.00400979 0.0115098 0.0161382 
v 0.00400681 0.0115068 0.0161482 
v 0.00400437 0.0115044 0.0161584 
v 0.00400246 0.0115025 0.0161687 
v 0.0040011 0.0115011 0.0161791 
v 0.00400027 0.0115003 0.0161895 
v 0.0041382 0.0116382 0.0160098 
v 0.0042 0.0117 0.016 
v 0.0138 0.0115 0.0162 
v 0.0138209 0.0115011 0.0218 
v 0.0138416 0.0115044 0.0218 
v 0.0138618 0.0115098 0.0218 
v 0.0138813 0.0115173 0.0218 
v 0.0139 0.0115268 0.0218 
v 0.0139176 0.0115382 0.0218 
v 0.0139338 0.0115514 0.0218 
v 0.0139486 0.0115662 0.0218 
v 0.0139618 0.0115824 0.0218 
v 0.0139732 0.0116 0.0218 
v 0.0139827 0.0116187 0.0218 
v 0.0139902 0.0116382 0.0218 
v 0.0139956 0.0116584 0.0218 
v 0.0139989 0.0116791 0.0218 
v 0.0138208 0.0115022 0.0218209 
v 0.0138414 0.0115054 0.0218209 
v 0.0138615 0.0115108 0.0218209 
v 0.0138809 0.0115183 0.0218209 
v 0.0138995 0.0115277 0.0218209 
v 0.0139169 0.0115391 0.0218209 
v 0.0139331 0.0115522 0.0218209 
v 0.0139478 0.0115669 0.0218209 
v 0.0139609 0.0115831 0.0218209 
v 0.0139723 0.0116005 0.0218209 
v 0.0139817 0.0116191 0.0218209 
v 0.0139892 0.0116385 0.0218209 
v 0.0139946 0.0116586 0.0218209 
v 0.0139978 0.0116792 0.0218209 
v 0.0138204 0.0115054 0.0218416 
v 0.0138407 0.0115086 0.0218416 
v 0.0138605 0.0115139 0.0218416 
v 0.0138796 0.0115213 0.0218416 
v 0.0138978 0.0115306 0.0218416 
v 0.013915 0.0115417 0.0218416 
v 0.0139309 0.0115546 0.0218416 
v 0.0139454 0.0115691 0.0218416 
v 0.0139583 0.011585 0.0218416 
v 0.0139694 0.0116022 0.0218416 
v 0.0139787 0.0116204 0.0218416 
v 0.0139861 0.0116395 0.0218416 
v 0.0139914 0.0116593 0.0218416 
v 0.0139946 0.0116796 0.0218416 
v 0.0138199 0.0115108 0.0218618 
v 0.0138395 0.0115139 0.0218618 
v 0.0138588 0.0115191 0.0218618 
v 0.0138774 0.0115262 0.0218618 
v 0.0138951 0.0115353 0.0218618 
v 0.0139118 0.0115461 0.0218618 
v 0.0139273 0.0115586 0.0218618 
v 0.0139414 0.0115727 0.0218618 
v 0.0139539 0.0115882 0.0218618 
v 0.0139647 0.0116049 0.0218618 
v 0.0139738 0.0116226 0.0218618 
v 0.0139809 0.0116412 0.0218618 
v 0.0139861 0.0116605 0.0218618 
v 0.0139892 0.0116801 0.0218618 
v 0.0138191 0.0115183 0.0218813 
v 0.013838 0.0115213 0.0218813 
v 0.0138565 0.0115262 0.0218813 
v 0.0138743 0.0115331 0.0218813 
v 0.0138914 0.0115418 0.0218813 
v 0.0139074 0.0115522 0.0218813 
v 0.0139223 0.0115642 0.0218813 
v 0.0139358 0.0115777 0.0218813 
v 0.0139478 0.0115926 0.0218813 
v 0.0139582 0.0116086 0.0218813 
v 0.0139669 0.0116257 0.0218813 
v 0.0139738 0.0116435 0.0218813 
v 0.0139787 0.011662 0.0218813 
v 0.0139817 0.0116809 0.0218813 
v 0.0138181 0.0115277 0.0219 
v 0.013836 0.0115306 0.0219 
v 0.0138535 0.0115353 0.0219 
v 0.0138704 0.0115418 0.0219 
v 0.0138866 0.01155 0.0219 
v 0.0139018 0.0115599 0.0219 
v 0.0139159 0.0115713 0.0219 
v 0.0139287 0.0115841 0.0219 
v 0.0139401 0.0115982 0.0219 
v 0.01395 0.0116134 0.0219 
v 0.0139582 0.0116296 0.0219 
v 0.0139647 0.0116465 0.0219 
v 0.0139694 0.011664 0.0219 
v 0.0139723 0.0116819 0.0219 
v 0.0138169 0.0115391 0.0219176 
v 0.0138336 0.0115417 0.0219176 
v 0.01385 0.0115461 0.0219176 
v 0.0138658 0.0115522 0.0219176 
v 0.0138809 0.0115599 0.0219176 
v 0.0138951 0.0115691 0.0219176 
v 0.0139083 0.0115798 0.0219176 
v 0.0139202 0.0115917 0.0219176 
v 0.0139309 0.0116049 0.0219176 
v 0.0139401 0.0116191 0.0219176 
v 0.0139478 0.0116342 0.0219176 
v 0.0139539 0.01165 0.0219176 
v 0.0139583 0.0116664 0.0219176 
v 0.0139609 0.0116831 0.0219176 
v 0.0138155 0.0115522 0.0219338 
v 0.0138309 0.0115546 0.0219338 
v 0.0138459 0.0115586 0.0219338 
v 0.0138605 0.0115642 0.0219338 
v 0.0138743 0.0115713 0.0219338 
v 0.0138874 0.0115798 0.0219338 
v 0.0138995 0.0115895 0.0219338 
v 0.0139105 0.0116005 0.0219338 
v 0.0139202 0.0116126 0.0219338 
v 0.0139287 0.0116257 0.0219338 
v 0.0139358 0.0116395 0.0219338 
v 0.0139414 0.0116541 0.0219338 
v 0.0139454 0.0116691 0.0219338 
v 0.0139478 0.0116845 0.0219338 
v 0.013814 0.0115669 0.0219486 
v 0.0138278 0.0115691 0.0219486 
v 0.0138414 0.0115727 0.0219486 
v 0.0138544 0.0115777 0.0219486 
v 0.0138669 0.0115841 0.0219486 
v 0.0138787 0.0115917 0.0219486 
v 0.0138895 0.0116005 0.0219486 
v 0.0138995 0.0116105 0.0219486 
v 0.0139083 0.0116213 0.0219486 
v 0.0139159 0.0116331 0.0219486 
v 0.0139223 0.0116456 0.0219486 
v 0.0139273 0.0116586 0.0219486 
v 0.0139309 0.0116722 0.0219486 
v 0.0139331 0.011686 0.0219486 
v 0.0138123 0.0115831 0.0219618 
v 0.0138244 0.011585 0.0219618 
v 0.0138363 0.0115882 0.0219618 
v 0.0138478 0.0115926 0.0219618 
v 0.0138588 0.0115982 0.0219618 
v 0.0138691 0.0116049 0.0219618 
v 0.0138787 0.0116126 0.0219618 
v 0.0138874 0.0116213 0.0219618 
v 0.0138951 0.0116309 0.0219618 
v 0.0139018 0.0116412 0.0219618 
v 0.0139074 0.0116522 0.0219618 
v 0.0139118 0.0116637 0.0219618 
v 0.013915 0.0116756 0.0219618 
v 0.0139169 0.0116877 0.0219618 
v 0.0138105 0.0116005 0.0219732 
v 0.0138208 0.0116022 0.0219732 
v 0.0138309 0.0116049 0.0219732 
v 0.0138407 0.0116086 0.0219732 
v 0.01385 0.0116134 0.0219732 
v 0.0138588 0.0116191 0.0219732 
v 0.0138669 0.0116257 0.0219732 
v 0.0138743 0.0116331 0.0219732 
v 0.0138809 0.0116412 0.0219732 
v 0.0138866 0.01165 0.0219732 
v 0.0138914 0.0116593 0.0219732 
v 0.0138951 0.0116691 0.0219732 
v 0.0138978 0.0116792 0.0219732 
v 0.0138995 0.0116895 0.0219732 
v 0.0138085 0.0116191 0.0219827 
v 0.0138169 0.0116204 0.0219827 
v 0.0138251 0.0116226 0.0219827 
v 0.0138331 0.0116257 0.0219827 
v 0.0138407 0.0116296 0.0219827 
v 0.0138478 0.0116342 0.0219827 
v 0.0138544 0.0116395 0.0219827 
v 0.0138605 0.0116456 0.0219827 
v 0.0138658 0.0116522 0.0219827 
v 0.0138704 0.0116593 0.0219827 
v 0.0138743 0.0116669 0.0219827 
v 0.0138774 0.0116749 0.0219827 
v 0.0138796 0.0116831 0.0219827 
v 0.0138809 0.0116915 0.0219827 
v 0.0138065 0.0116385 0.0219902 
v 0.0138128 0.0116395 0.0219902 
v 0.0138191 0.0116412 0.0219902 
v 0.0138251 0.0116435 0.0219902 
v 0.0138309 0.0116465 0.0219902 
v 0.0138363 0.01165 0.0219902 
v 0.0138414 0.0116541 0.0219902 
v 0.0138459 0.0116586 0.0219902 
v 0.01385 0.0116637 0.0219902 
v 0.0138535 0.0116691 0.0219902 
v 0.0138565 0.0116749 0.0219902 
v 0.0138588 0.0116809 0.0219902 
v 0.0138605 0.0116872 0.0219902 
v 0.0138615 0.0116935 0.0219902 
v 0.0138043 0.0116586 0.0219956 
v 0.0138086 0.0116593 0.0219956 
v 0.0138128 0.0116605 0.0219956 
v 0.0138169 0.011662 0.0219956 
v 0.0138208 0.011664 0.0219956 
v 0.0138244 0.0116664 0.0219956 
v 0.0138278 0.0116691 0.0219956 
v 0.0138309 0.0116722 0.0219956 
v 0.0138336 0.0116756 0.0219956 
v 0.013836 0.0116792 0.0219956 
v 0.013838 0.0116831 0.0219956 
v 0.0138395 0.0116872 0.0219956 
v 0.0138407 0.0116914 0.0219956 
v 0.0138414 0.0116957 0.0219956 
v 0.0138022 0.0116792 0.0219989 
v 0.0138043 0.0116796 0.0219989 
v 0.0138065 0.0116801 0.0219989 
v 0.0138085 0.0116809 0.0219989 
v 0.0138105 0.0116819 0.0219989 
v 0.0138123 0.0116831 0.0219989 
v 0.013814 0.0116845 0.0219989 
v 0.0138155 0.011686 0.0219989 
v 0.0138169 0.0116877 0.0219989 
v 0.0138181 0.0116895 0.0219989 
v 0.0138191 0.0116915 0.0219989 
v 0.0138199 0.0116935 0.0219989 
v 0.0138204 0.0116957 0.0219989 
v 0.0138208 0.0116978 0.0219989 
v 0.014 0.0117 0.0162 
v 0.0138 0.0117 0.016 
v 0.0138209 0.0143 0.0160011 
v 0.0138416 0.0143 0.0160044 
v 0.0138618 0.0143 0.0160098 
v 0.0138813 0.0143 0.0160173 
v 0.0139 0.0143 0.0160268 
v 0.0139176 0.0143 0.0160382 
v 0.0139338 0.0143 0.0160514 
v 0.0139486 0.0143 0.0160662 
v 0.0139618 0.0143 0.0160824 
v 0.0139732 0.0143 0.0161 
v 0.0139827 0.0143 0.0161187 
v 0.0139902 0.0143 0.0161382 
v 0.0139956 0.0143 0.0161584 
v 0.0139989 0.0143 0.0161791 
v 0.0138209 0.0143208 0.0160022 
v 0.0138209 0.0143414 0.0160054 
v 0.0138209 0.0143615 0.0160108 
v 0.0138209 0.0143809 0.0160183 
v 0.0138209 0.0143995 0.0160277 
v 0.0138209 0.0144169 0.0160391 
v 0.0138209 0.0144331 0.0160522 
v 0.0138209 0.0144478 0.0160669 
v 0.0138209 0.0144609 0.0160831 
v 0.0138209 0.0144723 0.0161005 
v 0.0138209 0.0144817 0.0161191 
v 0.0138209 0.0144892 0.0161385 
v 0.0138209 0.0144946 0.0161586 
v 0.0138209 0.0144978 0.0161792 
v 0.0138416 0.0143204 0.0160054 
v 0.0138416 0.0143407 0.0160086 
v 0.0138416 0.0143605 0.0160139 
v 0.0138416 0.0143796 0.0160213 
v 0.0138416 0.0143978 0.0160306 
v 0.0138416 0.014415 0.0160417 
v 0.0138416 0.0144309 0.0160546 
v 0.0138416 0.0144454 0.0160691 
v 0.0138416 0.0144583 0.016085 
v 0.0138416 0.0144694 0.0161022 
v 0.0138416 0.0144787 0.0161204 
v 0.0138416 0.0144861 0.0161395 
v 0.0138416 0.0144914 0.0161593 
v 0.0138416 0.0144946 0.0161796 
v 0.0138618 0.0143199 0.0160108 
v 0.0138618 0.0143395 0.0160139 
v 0.0138618 0.0143588 0.0160191 
v 0.0138618 0.0143774 0.0160262 
v 0.0138618 0.0143951 0.0160353 
v 0.0138618 0.0144118 0.0160461 
v 0.0138618 0.0144273 0.0160586 
v 0.0138618 0.0144414 0.0160727 
v 0.0138618 0.0144539 0.0160882 
v 0.0138618 0.0144647 0.0161049 
v 0.0138618 0.0144738 0.0161226 
v 0.0138618 0.0144809 0.0161412 
v 0.0138618 0.0144861 0.0161605 
v 0.0138618 0.0144892 0.0161801 
v 0.0138813 0.0143191 0.0160183 
v 0.0138813 0.014338 0.0160213 
v 0.0138813 0.0143565 0.0160262 
v 0.0138813 0.0143743 0.0160331 
v 0.0138813 0.0143914 0.0160418 
v 0.0138813 0.0144074 0.0160522 
v 0.0138813 0.0144223 0.0160642 
v 0.0138813 0.0144358 0.0160777 
v 0.0138813 0.0144478 0.0160926 
v 0.0138813 0.0144582 0.0161086 
v 0.0138813 0.0144669 0.0161257 
v 0.0138813 0.0144738 0.0161435 
v 0.0138813 0.0144787 0.016162 
v 0.0138813 0.0144817 0.0161809 
v 0.0139 0.0143181 0.0160277 
v 0.0139 0.014336 0.0160306 
v 0.0139 0.0143535 0.0160353 
v 0.0139 0.0143704 0.0160418 
v 0.0139 0.0143866 0.01605 
v 0.0139 0.0144018 0.0160599 
v 0.0139 0.0144159 0.0160713 
v 0.0139 0.0144287 0.0160841 
v 0.0139 0.0144401 0.0160982 
v 0.0139 0.01445 0.0161134 
v 0.0139 0.0144582 0.0161296 
v 0.0139 0.0144647 0.0161465 
v 0.0139 0.0144694 0.016164 
v 0.0139 0.0144723 0.0161819 
v 0.0139176 0.0143169 0.0160391 
v 0.0139176 0.0143336 0.0160417 
v 0.0139176 0.01435 0.0160461 
v 0.0139176 0.0143658 0.0160522 
v 0.0139176 0.0143809 0.0160599 
v 0.0139176 0.0143951 0.0160691 
v 0.0139176 0.0144083 0.0160798 
v 0.0139176 0.0144202 0.0160917 
v 0.0139176 0.0144309 0.0161049 
v 0.0139176 0.0144401 0.0161191 
v 0.0139176 0.0144478 0.0161342 
v 0.0139176 0.0144539 0.01615 
v 0.0139176 0.0144583 0.0161664 
v 0.0139176 0.0144609 0.0161831 
v 0.0139338 0.0143155 0.0160522 
v 0.0139338 0.0143309 0.0160546 
v 0.0139338 0.0143459 0.0160586 
v 0.0139338 0.0143605 0.0160642 
v 0.0139338 0.0143743 0.0160713 
v 0.0139338 0.0143874 0.0160798 
v 0.0139338 0.0143995 0.0160895 
v 0.0139338 0.0144105 0.0161005 
v 0.0139338 0.0144202 0.0161126 
v 0.0139338 0.0144287 0.0161257 
v 0.0139338 0.0144358 0.0161395 
v 0.0139338 0.0144414 0.0161541 
v 0.0139338 0.0144454 0.0161691 
v 0.0139338 0.0144478 0.0161845 
v 0.0139486 0.014314 0.0160669 
v 0.0139486 0.0143278 0.0160691 
v 0.0139486 0.0143414 0.0160727 
v 0.0139486 0.0143544 0.0160777 
v 0.0139486 0.0143669 0.0160841 
v 0.0139486 0.0143787 0.0160917 
v 0.0139486 0.0143895 0.0161005 
v 0.0139486 0.0143995 0.0161105 
v 0.0139486 0.0144083 0.0161213 
v 0.0139486 0.0144159 0.0161331 
v 0.0139486 0.0144223 0.0161456 
v 0.0139486 0.0144273 0.0161586 
v 0.0139486 0.0144309 0.0161722 
v 0.0139486 0.0144331 0.016186 
v 0.0139618 0.0143123 0.0160831 
v 0.0139618 0.0143244 0.016085 
v 0.0139618 0.0143363 0.0160882 
v 0.0139618 0.0143478 0.0160926 
v 0.0139618 0.0143588 0.0160982 
v 0.0139618 0.0143691 0.0161049 
v 0.0139618 0.0143787 0.0161126 
v 0.0139618 0.0143874 0.0161213 
v 0.0139618 0.0143951 0.0161309 
v 0.0139618 0.0144018 0.0161412 
v 0.0139618 0.0144074 0.0161522 
v 0.0139618 0.0144118 0.0161637 
v 0.0139618 0.014415 0.0161756 
v 0.0139618 0.0144169 0.0161877 
v 0.0139732 0.0143105 0.0161005 
v 0.0139732 0.0143208 0.0161022 
v 0.0139732 0.0143309 0.0161049 
v 0.0139732 0.0143407 0.0161086 
v 0.0139732 0.01435 0.0161134 
v 0.0139732 0.0143588 0.0161191 
v 0.0139732 0.0143669 0.0161257 
v 0.0139732 0.0143743 0.0161331 
v 0.0139732 0.0143809 0.0161412 
v 0.0139732 0.0143866 0.01615 
v 0.0139732 0.0143914 0.0161593 
v 0.0139732 0.0143951 0.0161691 
v 0.0139732 0.0143978 0.0161792 
v 0.0139732 0.0143995 0.0161895 
v 0.0139827 0.0143085 0.0161191 
v 0.0139827 0.0143169 0.0161204 
v 0.0139827 0.0143251 0.0161226 
v 0.0139827 0.0143331 0.0161257 
v 0.0139827 0.0143407 0.0161296 
v 0.0139827 0.0143478 0.0161342 
v 0.0139827 0.0143544 0.0161395 
v 0.0139827 0.0143605 0.0161456 
v 0.0139827 0.0143658 0.0161522 
v 0.0139827 0.0143704 0.0161593 
v 0.0139827 0.0143743 0.0161669 
v 0.0139827 0.0143774 0.0161749 
v 0.0139827 0.0143796 0.0161831 
v 0.0139827 0.0143809 0.0161915 
v 0.0139902 0.0143065 0.0161385 
v 0.0139902 0.0143128 0.0161395 
v 0.0139902 0.0143191 0.0161412 
v 0.0139902 0.0143251 0.0161435 
v 0.0139902 0.0143309 0.0161465 
v 0.0139902 0.0143363 0.01615 
v 0.0139902 0.0143414 0.0161541 
v 0.0139902 0.0143459 0.0161586 
v 0.0139902 0.01435 0.0161637 
v 0.0139902 0.0143535 0.0161691 
v 0.0139902 0.0143565 0.0161749 
v 0.0139902 0.0143588 0.0161809 
v 0.0139902 0.0143605 0.0161872 
v 0.0139902 0.0143615 0.0161935 
v 0.0139956 0.0143043 0.0161586 
v 0.0139956 0.0143086 0.0161593 
v 0.0139956 0.0143128 0.0161605 
v 0.0139956 0.0143169 0.016162 
v 0.0139956 0.0143208 0.016164 
v 0.0139956 0.0143244 0.0161664 
v 0.0139956 0.0143278 0.0161691 
v 0.0139956 0.0143309 0.0161722 
v 0.0139956 0.0143336 0.0161756 
v 0.0139956 0.014336 0.0161792 
v 0.0139956 0.014338 0.0161831 
v 0.0139956 0.0143395 0.0161872 
v 0.0139956 0.0143407 0.0161914 
v 0.0139956 0.0143414 0.0161957 
v 0.0139989 0.0143022 0.0161792 
v 0.0139989 0.0143043 0.0161796 
v 0.0139989 0.0143065 0.0161801 
v 0.0139989 0.0143085 0.0161809 
v 0.0139989 0.0143105 0.0161819 
v 0.0139989 0.0143123 0.0161831 
v 0.0139989 0.014314 0.0161845 
v 0.0139989 0.0143155 0.016186 
v 0.0139989 0.0143169 0.0161877 
v 0.0139989 0.0143181 0.0161895 
v 0.0139989 0.0143191 0.0161915 
v 0.0139989 0.0143199 0.0161935 
v 0.0139989 0.0143204 0.0161957 
v 0.0139989 0.0143208 0.0161978 
v 0.0138209 0.0115011 0.0162 
v 0.0138416 0.0115044 0.0162 
v 0.0138618 0.0115098 0.0162 
v 0.0138813 0.0115173 0.0162 
v 0.0139 0.0115268 0.0162 
v 0.0139176 0.0115382 0.0162 
v 0.0139338 0.0115514 0.0162 
v 0.0139486 0.0115662 0.0162 
v 0.0139618 0.0115824 0.0162 
v 0.0139732 0.0116 0.0162 
v 0.0139827 0.0116187 0.0162 
v 0.0139902 0.0116382 0.0162 
v 0.0139956 0.0116584 0.0162 
v 0.0139989 0.0116791 0.0162 
v 0.0138209 0.0117 0.0160011 
v 0.0138416 0.0117 0.0160044 
v 0.0138618 0.0117 0.0160098 
v 0.0138813 0.0117 0.0160173 
v 0.0139 0.0117 0.0160268 
v 0.0139176 0.0117 0.0160382 
v 0.0139338 0.0117 0.0160514 
v 0.0139486 0.0117 0.0160662 
v 0.0139618 0.0117 0.0160824 
v 0.0139732 0.0117 0.0161 
v 0.0139827 0.0117 0.0161187 
v 0.0139902 0.0117 0.0161382 
v 0.0139956 0.0117 0.0161584 
v 0.0139989 0.0117 0.0161791 
v 0.0138 0.0115011 0.0161791 
v 0.0138 0.0115044 0.0161584 
v 0.0138 0.0115098 0.0161382 
v 0.0138 0.0115173 0.0161187 
v 0.0138 0.0115268 0.0161 
v 0.0138 0.0115382 0.0160824 
v 0.0138 0.0115514 0.0160662 
v 0.0138 0.0115662 0.0160514 
v 0.0138 0.0115824 0.0160382 
v 0.0138 0.0116 0.0160268 
v 0.0138 0.0116187 0.0160173 
v 0.0138 0.0116382 0.0160098 
v 0.0138 0.0116584 0.0160044 
v 0.0138 0.0116791 0.0160011 
v 0.0138209 0.0115022 0.0161792 
v 0.0138209 0.0115054 0.0161586 
v 0.0138209 0.0115108 0.0161385 
v 0.0138209 0.0115183 0.0161191 
v 0.0138209 0.0115277 0.0161005 
v 0.0138209 0.0115391 0.0160831 
v 0.0138209 0.0115522 0.0160669 
v 0.0138209 0.0115669 0.0160522 
v 0.0138209 0.0115831 0.0160391 
v 0.0138209 0.0116005 0.0160277 
v 0.0138209 0.0116191 0.0160183 
v 0.0138209 0.0116385 0.0160108 
v 0.0138209 0.0116586 0.0160054 
v 0.0138209 0.0116792 0.0160022 
v 0.0138416 0.0115054 0.0161796 
v 0.0138416 0.0115086 0.0161593 
v 0.0138416 0.0115139 0.0161395 
v 0.0138416 0.0115213 0.0161204 
v 0.0138416 0.0115306 0.0161022 
v 0.0138416 0.0115417 0.016085 
v 0.0138416 0.0115546 0.0160691 
v 0.0138416 0.0115691 0.0160546 
v 0.0138416 0.011585 0.0160417 
v 0.0138416 0.0116022 0.0160306 
v 0.0138416 0.0116204 0.0160213 
v 0.0138416 0.0116395 0.0160139 
v 0.0138416 0.0116593 0.0160086 
v 0.0138416 0.0116796 0.0160054 
v 0.0138618 0.0115108 0.0161801 
v 0.0138618 0.0115139 0.0161605 
v 0.0138618 0.0115191 0.0161412 
v 0.0138618 0.0115262 0.0161226 
v 0.0138618 0.0115353 0.0161049 
v 0.0138618 0.0115461 0.0160882 
v 0.0138618 0.0115586 0.0160727 
v 0.0138618 0.0115727 0.0160586 
v 0.0138618 0.0115882 0.0160461 
v 0.0138618 0.0116049 0.0160353 
v 0.0138618 0.0116226 0.0160262 
v 0.0138618 0.0116412 0.0160191 
v 0.0138618 0.0116605 0.0160139 
v 0.0138618 0.0116801 0.0160108 
v 0.0138813 0.0115183 0.0161809 
v 0.0138813 0.0115213 0.016162 
v 0.0138813 0.0115262 0.0161435 
v 0.0138813 0.0115331 0.0161257 
v 0.0138813 0.0115418 0.0161086 
v 0.0138813 0.0115522 0.0160926 
v 0.0138813 0.0115642 0.0160777 
v 0.0138813 0.0115777 0.0160642 
v 0.0138813 0.0115926 0.0160522 
v 0.0138813 0.0116086 0.0160418 
v 0.0138813 0.0116257 0.0160331 
v 0.0138813 0.0116435 0.0160262 
v 0.0138813 0.011662 0.0160213 
v 0.0138813 0.0116809 0.0160183 
v 0.0139 0.0115277 0.0161819 
v 0.0139 0.0115306 0.016164 
v 0.0139 0.0115353 0.0161465 
v 0.0139 0.0115418 0.0161296 
v 0.0139 0.01155 0.0161134 
v 0.0139 0.0115599 0.0160982 
v 0.0139 0.0115713 0.0160841 
v 0.0139 0.0115841 0.0160713 
v 0.0139 0.0115982 0.0160599 
v 0.0139 0.0116134 0.01605 
v 0.0139 0.0116296 0.0160418 
v 0.0139 0.0116465 0.0160353 
v 0.0139 0.011664 0.0160306 
v 0.0139 0.0116819 0.0160277 
v 0.0139176 0.0115391 0.0161831 
v 0.0139176 0.0115417 0.0161664 
v 0.0139176 0.0115461 0.01615 
v 0.0139176 0.0115522 0.0161342 
v 0.0139176 0.0115599 0.0161191 
v 0.0139176 0.0115691 0.0161049 
v 0.0139176 0.0115798 0.0160917 
v 0.0139176 0.0115917 0.0160798 
v 0.0139176 0.0116049 0.0160691 
v 0.0139176 0.0116191 0.0160599 
v 0.0139176 0.0116342 0.0160522 
v 0.0139176 0.01165 0.0160461 
v 0.0139176 0.0116664 0.0160417 
v 0.0139176 0.0116831 0.0160391 
v 0.0139338 0.0115522 0.0161845 
v 0.0139338 0.0115546 0.0161691 
v 0.0139338 0.0115586 0.0161541 
v 0.0139338 0.0115642 0.0161395 
v 0.0139338 0.0115713 0.0161257 
v 0.0139338 0.0115798 0.0161126 
v 0.0139338 0.0115895 0.0161005 
v 0.0139338 0.0116005 0.0160895 
v 0.0139338 0.0116126 0.0160798 
v 0.0139338 0.0116257 0.0160713 
v 0.0139338 0.0116395 0.0160642 
v 0.0139338 0.0116541 0.0160586 
v 0.0139338 0.0116691 0.0160546 
v 0.0139338 0.0116845 0.0160522 
v 0.0139486 0.0115669 0.016186 
v 0.0139486 0.0115691 0.0161722 
v 0.0139486 0.0115727 0.0161586 
v 0.0139486 0.0115777 0.0161456 
v 0.0139486 0.0115841 0.0161331 
v 0.0139486 0.0115917 0.0161213 
v 0.0139486 0.0116005 0.0161105 
v 0.0139486 0.0116105 0.0161005 
v 0.0139486 0.0116213 0.0160917 
v 0.0139486 0.0116331 0.0160841 
v 0.0139486 0.0116456 0.0160777 
v 0.0139486 0.0116586 0.0160727 
v 0.0139486 0.0116722 0.0160691 
v 0.0139486 0.011686 0.0160669 
v 0.0139618 0.0115831 0.0161877 
v 0.0139618 0.011585 0.0161756 
v 0.0139618 0.0115882 0.0161637 
v 0.0139618 0.0115926 0.0161522 
v 0.0139618 0.0115982 0.0161412 
v 0.0139618 0.0116049 0.0161309 
v 0.0139618 0.0116126 0.0161213 
v 0.0139618 0.0116213 0.0161126 
v 0.0139618 0.0116309 0.0161049 
v 0.0139618 0.0116412 0.0160982 
v 0.0139618 0.0116522 0.0160926 
v 0.0139618 0.0116637 0.0160882 
v 0.0139618 0.0116756 0.016085 
v 0.0139618 0.0116877 0.0160831 
v 0.0139732 0.0116005 0.0161895 
v 0.0139732 0.0116022 0.0161792 
v 0.0139732 0.0116049 0.0161691 
v 0.0139732 0.0116086 0.0161593 
v 0.0139732 0.0116134 0.01615 
v 0.0139732 0.0116191 0.0161412 
v 0.0139732 0.0116257 0.0161331 
v 0.0139732 0.0116331 0.0161257 
v 0.0139732 0.0116412 0.0161191 
v 0.0139732 0.01165 0.0161134 
v 0.0139732 0.0116593 0.0161086 
v 0.0139732 0.0116691 0.0161049 
v 0.0139732 0.0116792 0.0161022 
v 0.0139732 0.0116895 0.0161005 
v 0.0139827 0.0116191 0.0161915 
v 0.0139827 0.0116204 0.0161831 
v 0.0139827 0.0116226 0.0161749 
v 0.0139827 0.0116257 0.0161669 
v 0.0139827 0.0116296 0.0161593 
v 0.0139827 0.0116342 0.0161522 
v 0.0139827 0.0116395 0.0161456 
v 0.0139827 0.0116456 0.0161395 
v 0.0139827 0.0116522 0.0161342 
v 0.0139827 0.0116593 0.0161296 
v 0.0139827 0.0116669 0.0161257 
v 0.0139827 0.0116749 0.0161226 
v 0.0139827 0.0116831 0.0161204 
v 0.0139827 0.0116915 0.0161191 
v 0.0139902 0.0116385 0.0161935 
v 0.0139902 0.0116395 0.0161872 
v 0.0139902 0.0116412 0.0161809 
v 0.0139902 0.0116435 0.0161749 
v 0.0139902 0.0116465 0.0161691 
v 0.0139902 0.01165 0.0161637 
v 0.0139902 0.0116541 0.0161586 
v 0.0139902 0.0116586 0.0161541 
v 0.0139902 0.0116637 0.01615 
v 0.0139902 0.0116691 0.0161465 
v 0.0139902 0.0116749 0.0161435 
v 0.0139902 0.0116809 0.0161412 
v 0.0139902 0.0116872 0.0161395 
v 0.0139902 0.0116935 0.0161385 
v 0.0139956 0.0116586 0.0161957 
v 0.0139956 0.0116593 0.0161914 
v 0.0139956 0.0116605 0.0161872 
v 0.0139956 0.011662 0.0161831 
v 0.0139956 0.011664 0.0161792 
v 0.0139956 0.0116664 0.0161756 
v 0.0139956 0.0116691 0.0161722 
v 0.0139956 0.0116722 0.0161691 
v 0.0139956 0.0116756 0.0161664 
v 0.0139956 0.0116792 0.016164 
v 0.0139956 0.0116831 0.016162 
v 0.0139956 0.0116872 0.0161605 
v 0.0139956 0.0116914 0.0161593 
v 0.0139956 0.0116957 0.0161586 
v 0.0139989 0.0116792 0.0161978 
v 0.0139989 0.0116796 0.0161957 
v 0.0139989 0.0116801 0.0161935 
v 0.0139989 0.0116809 0.0161915 
v 0.0139989 0.0116819 0.0161895 
v 0.0139989 0.0116831 0.0161877 
v 0.0139989 0.0116845 0.016186 
v 0.0139989 0.011686 0.0161845 
v 0.0139989 0.0116877 0.0161831 
v 0.0139989 0.0116895 0.0161819 
v 0.0139989 0.0116915 0.0161809 
v 0.0139989 0.0116935 0.0161801 
v 0.0139989 0.0116957 0.0161796 
v 0.0139989 0.0116978 0.0161792 
vn 0.994138 1.72455e-16 -0.108119 
vn 1 1.73472e-16 -2.44929e-16 
vn 0.976621 1.69417e-16 -0.21497 
vn 0.994138 1.72455e-16 -0.108119 
vn 0.947653 1.64392e-16 -0.319302 
vn 0.976621 1.69417e-16 -0.21497 
vn 0.907575 1.57439e-16 -0.419889 
vn 0.947653 1.64392e-16 -0.319302 
vn 0.856857 1.48641e-16 -0.515554 
vn 0.907575 1.57439e-16 -0.419889 
vn 0.796093 1.381e-16 -0.605174 
vn 0.856857 1.48641e-16 -0.515554 
vn 0.725995 1.2594e-16 -0.687699 
vn 0.796093 1.381e-16 -0.605174 
vn 0.647386 1.12304e-16 -0.762162 
vn 0.725995 1.2594e-16 -0.687699 
vn 0.561187 9.73504e-17 -0.827689 
vn 0.647386 1.12304e-16 -0.762162 
vn 0.468408 8.12559e-17 -0.883512 
vn 0.561187 9.73504e-17 -0.827689 
vn 0.370138 6.42087e-17 -0.928977 
vn 0.468408 8.12559e-17 -0.883512 
vn 0.267528 4.64088e-17 -0.96355 
vn 0.370138 6.42087e-17 -0.928977 
vn 0.161782 2.80647e-17 -0.986827 
vn 0.267528 4.64088e-17 -0.96355 
vn 0.0541389 9.3916e-18 -0.998533 
vn 0.161782 2.80647e-17 -0.986827 
vn -0.0541389 -9.3916e-18 -0.998533 
vn 0.0541389 9.3916e-18 -0.998533 
vn -0.161782 -2.80647e-17 -0.986827 
vn -0.0541389 -9.3916e-18 -0.998533 
vn -0.267528 -4.64088e-17 -0.96355 
vn -0.161782 -2.80647e-17 -0.986827 
vn -0.370138 -6.42087e-17 -0.928977 
vn -0.267528 -4.64088e-17 -0.96355 
vn -0.468408 -8.12559e-17 -0.883512 
vn -0.370138 -6.42087e-17 -0.928977 
vn -0.561187 -9.73504e-17 -0.827689 
vn -0.468408 -8.12559e-17 -0.883512 
vn -0.647386 -1.12304e-16 -0.762162 
vn -0.561187 -9.73504e-17 -0.827689 
vn -0.725995 -1.2594e-16 -0.687699 
vn -0.647386 -1.12304e-16 -0.762162 
vn -0.796093 -1.381e-16 -0.605174 
vn -0.725995 -1.2594e-16 -0.687699 
vn -0.856857 -1.48641e-16 -0.515554 
vn -0.796093 -1.381e-16 -0.605174 
vn -0.907575 -1.57439e-16 -0.419889 
vn -0.856857 -1.48641e-16 -0.515554 
vn -0.947653 -1.64392e-16 -0.319302 
vn -0.907575 -1.57439e-16 -0.419889 
vn -0.976621 -1.69417e-16 -0.21497 
vn -0.947653 -1.64392e-16 -0.319302 
vn -0.994138 -1.72455e-16 -0.108119 
vn -0.976621 -1.69417e-16 -0.21497 
vn -1 -1.73472e-16 1.22465e-16 
vn -0.994138 -1.72455e-16 -0.108119 
vn -0.994138 -1.72455e-16 0.108119 
vn -1 -1.73472e-16 1.22465e-16 
vn -0.976621 -1.69417e-16 0.21497 
vn -0.994138 -1.72455e-16 0.108119 
vn -0.947653 -1.64392e-16 0.319302 
vn -0.976621 -1.69417e-16 0.21497 
vn -0.907575 -1.57439e-16 0.419889 
vn -0.947653 -1.64392e-16 0.319302 
vn -0.856857 -1.48641e-16 0.515554 
vn -0.907575 -1.57439e-16 0.419889 
vn -0.796093 -1.381e-16 0.605174 
vn -0.856857 -1.48641e-16 0.515554 
vn -0.725995 -1.2594e-16 0.687699 
vn -0.796093 -1.381e-16 0.605174 
vn -0.647386 -1.12304e-16 0.762162 
vn -0.725995 -1.2594e-16 0.687699 
vn -0.561187 -9.73504e-17 0.827689 
vn -0.647386 -1.12304e-16 0.762162 
vn -0.468408 -8.12559e-17 0.883512 
vn -0.561187 -9.73504e-17 0.827689 
vn -0.370138 -6.42087e-17 0.928977 
vn -0.468408 -8.12559e-17 0.883512 
vn -0.267528 -4.64088e-17 0.96355 
vn -0.370138 -6.42087e-17 0.928977 
vn -0.161782 -2.80647e-17 0.986827 
vn -0.267528 -4.64088e-17 0.96355 
vn -0.0541389 -9.3916e-18 0.998533 
vn -0.161782 -2.80647e-17 0.986827 
vn 0.0541389 9.3916e-18 0.998533 
vn -0.0541389 -9.3916e-18 0.998533 
vn 0.161782 2.80647e-17 0.986827 
vn 0.0541389 9.3916e-18 0.998533 
vn 0.267528 4.64088e-17 0.96355 
vn 0.161782 2.80647e-17 0.986827 
vn 0.370138 6.42087e-17 0.928977 
vn 0.267528 4.64088e-17 0.96355 
vn 0.468408 8.12559e-17 0.883512 
vn 0.370138 6.42087e-17 0.928977 
vn 0.561187 9.73504e-17 0.827689 
vn 0.468408 8.12559e-17 0.883512 
vn 0.647386 1.12304e-16 0.762162 
vn 0.561187 9.73504e-17 0.827689 
vn 0.725995 1.2594e-16 0.687699 
vn 0.647386 1.12304e-16 0.762162 
vn 0.796093 1.381e-16 0.605174 
vn 0.725995 1.2594e-16 0.687699 
vn 0.856857 1.48641e-16 0.515554 
vn 0.796093 1.381e-16 0.605174 
vn 0.907575 1.57439e-16 0.419889 
vn 0.856857 1.48641e-16 0.515554 
vn 0.947653 1.64392e-16 0.319302 
vn 0.907575 1.57439e-16 0.419889 
vn 0.976621 1.69417e-16 0.21497 
vn 0.947653 1.64392e-16 0.319302 
vn 0.994138 1.72455e-16 0.108119 
vn 0.976621 1.69417e-16 0.21497 
vn 0 1 0 
vn -1 0 0 
vn 0 0.99863 0.052336 
vn 0 0.994522 0.104528 
vn 0 1 0 
vn 0 0.987688 0.156434 
vn 0 0.978148 0.207912 
vn 0 0.965926 0.258819 
vn 0 0.951057 0.309017 
vn 0 0.93358 0.358368 
vn 0 0.913545 0.406737 
vn 0 0.891007 0.45399 
vn 0 0.866025 0.5 
vn 0 0.838671 0.544639 
vn 0 0.809017 0.587785 
vn 0 0.743145 0.669131 
vn 0 0.669131 0.743145 
vn 0 0.587785 0.809017 
vn 0 0.5 0.866025 
vn 0 0.406737 0.913545 
vn 0 0.309017 0.951057 
vn 0 0.207912 0.978148 
vn 0 0.104528 0.994522 
vn 0 -1.83697e-16 1 
vn -0.99863 0 0.052336 
vn -0.994522 0 0.104528 
vn -1 0 0 
vn -0.987688 0 0.156434 
vn -0.978148 0 0.207912 
vn -0.965926 0 0.258819 
vn -0.951057 0 0.309017 
vn -0.93358 0 0.358368 
vn -0.913545 0 0.406737 
vn -0.891007 0 0.45399 
vn -0.866025 0 0.5 
vn -0.838671 0 0.544639 
vn -0.809017 0 0.587785 
vn -0.743145 0 0.669131 
vn -0.669131 0 0.743145 
vn -0.587785 0 0.809017 
vn -0.5 0 0.866025 
vn -0.406737 0 0.913545 
vn -0.309017 0 0.951057 
vn -0.207912 0 0.978148 
vn -0.104528 0 0.994522 
vn 1.83697e-16 0 1 
vn -0.5 0 0.866025 
vn -0.669131 0 0.743145 
vn -1 0 0 
vn 0 0 1 
vn 0.994522 -6.08969e-17 0.104528 
vn 1 -6.12323e-17 0 
vn 0.994522 0.104528 0 
vn 0.989074 0.103956 0.104528 
vn 0.978148 0.207912 0 
vn 0.972789 0.206773 0.104528 
vn 0.951057 0.309017 0 
vn 0.945847 0.307324 0.104528 
vn 0.913545 0.406737 0 
vn 0.908541 0.404508 0.104528 
vn 0.866025 0.5 0 
vn 0.861281 0.497261 0.104528 
vn 0.809017 0.587785 0 
vn 0.804585 0.584565 0.104528 
vn 0.743145 0.669131 0 
vn 0.739074 0.665465 0.104528 
vn 0.669131 0.743145 0 
vn 0.665465 0.739074 0.104528 
vn 0.587785 0.809017 0 
vn 0.584565 0.804585 0.104528 
vn 0.5 0.866025 0 
vn 0.497261 0.861281 0.104528 
vn 0.406737 0.913545 0 
vn 0.404508 0.908541 0.104528 
vn 0.309017 0.951057 0 
vn 0.307324 0.945847 0.104528 
vn 0.207912 0.978148 0 
vn 0.206773 0.972789 0.104528 
vn 0.104528 0.994522 0 
vn 0.103956 0.989074 0.104528 
vn 1.38778e-16 1 0 
vn 0.978148 -5.98943e-17 0.207912 
vn 0.972789 0.102244 0.207912 
vn 0.956773 0.203368 0.207912 
vn 0.930274 0.302264 0.207912 
vn 0.893582 0.397848 0.207912 
vn 0.847101 0.489074 0.207912 
vn 0.791338 0.574941 0.207912 
vn 0.726905 0.654508 0.207912 
vn 0.654508 0.726905 0.207912 
vn 0.574941 0.791338 0.207912 
vn 0.489074 0.847101 0.207912 
vn 0.397848 0.893582 0.207912 
vn 0.302264 0.930274 0.207912 
vn 0.203368 0.956773 0.207912 
vn 0.102244 0.972789 0.207912 
vn 1.38018e-16 0.994522 0.104528 
vn 0.951057 -5.82354e-17 0.309017 
vn 0.945847 0.0994125 0.309017 
vn 0.930274 0.197736 0.309017 
vn 0.904508 0.293893 0.309017 
vn 0.868833 0.38683 0.309017 
vn 0.823639 0.475528 0.309017 
vn 0.769421 0.559017 0.309017 
vn 0.706773 0.636381 0.309017 
vn 0.636381 0.706773 0.309017 
vn 0.559017 0.769421 0.309017 
vn 0.475528 0.823639 0.309017 
vn 0.38683 0.868833 0.309017 
vn 0.293893 0.904508 0.309017 
vn 0.197736 0.930274 0.309017 
vn 0.0994125 0.945847 0.309017 
vn 1.35745e-16 0.978148 0.207912 
vn 0.913545 -5.59385e-17 0.406737 
vn 0.908541 0.0954915 0.406737 
vn 0.893582 0.189937 0.406737 
vn 0.868833 0.282301 0.406737 
vn 0.834565 0.371572 0.406737 
vn 0.791154 0.456773 0.406737 
vn 0.739074 0.536969 0.406737 
vn 0.678897 0.611281 0.406737 
vn 0.611281 0.678897 0.406737 
vn 0.536969 0.739074 0.406737 
vn 0.456773 0.791154 0.406737 
vn 0.371572 0.834565 0.406737 
vn 0.282301 0.868833 0.406737 
vn 0.189937 0.893582 0.406737 
vn 0.0954915 0.908541 0.406737 
vn 1.31986e-16 0.951057 0.309017 
vn 0.866025 -5.30288e-17 0.5 
vn 0.861281 0.0905243 0.5 
vn 0.847101 0.180057 0.5 
vn 0.823639 0.267617 0.5 
vn 0.791154 0.352244 0.5 
vn 0.75 0.433013 0.5 
vn 0.700629 0.509037 0.5 
vn 0.643582 0.579484 0.5 
vn 0.579484 0.643582 0.5 
vn 0.509037 0.700629 0.5 
vn 0.433013 0.75 0.5 
vn 0.352244 0.791154 0.5 
vn 0.267617 0.823639 0.5 
vn 0.180057 0.847101 0.5 
vn 0.0905243 0.861281 0.5 
vn 1.2678e-16 0.913545 0.406737 
vn 0.809017 -4.9538e-17 0.587785 
vn 0.804585 0.0845653 0.587785 
vn 0.791338 0.168204 0.587785 
vn 0.769421 0.25 0.587785 
vn 0.739074 0.329057 0.587785 
vn 0.700629 0.404508 0.587785 
vn 0.654508 0.475528 0.587785 
vn 0.601217 0.541338 0.587785 
vn 0.541338 0.601217 0.587785 
vn 0.475528 0.654508 0.587785 
vn 0.404508 0.700629 0.587785 
vn 0.329057 0.739074 0.587785 
vn 0.25 0.769421 0.587785 
vn 0.168204 0.791338 0.587785 
vn 0.0845653 0.804585 0.587785 
vn 1.20185e-16 0.866025 0.5 
vn 0.743145 -4.55045e-17 0.669131 
vn 0.739074 0.0776798 0.669131 
vn 0.726905 0.154508 0.669131 
vn 0.706773 0.229644 0.669131 
vn 0.678897 0.302264 0.669131 
vn 0.643582 0.371572 0.669131 
vn 0.601217 0.43681 0.669131 
vn 0.552264 0.497261 0.669131 
vn 0.497261 0.552264 0.669131 
vn 0.43681 0.601217 0.669131 
vn 0.371572 0.643582 0.669131 
vn 0.302264 0.678897 0.669131 
vn 0.229644 0.706773 0.669131 
vn 0.154508 0.726905 0.669131 
vn 0.0776798 0.739074 0.669131 
vn 1.12274e-16 0.809017 0.587785 
vn 0.669131 -4.09724e-17 0.743145 
vn 0.665465 0.0699432 0.743145 
vn 0.654508 0.13912 0.743145 
vn 0.636381 0.206773 0.743145 
vn 0.611281 0.27216 0.743145 
vn 0.579484 0.334565 0.743145 
vn 0.541338 0.393305 0.743145 
vn 0.497261 0.447736 0.743145 
vn 0.447736 0.497261 0.743145 
vn 0.393305 0.541338 0.743145 
vn 0.334565 0.579484 0.743145 
vn 0.27216 0.611281 0.743145 
vn 0.206773 0.636381 0.743145 
vn 0.13912 0.654508 0.743145 
vn 0.0699432 0.665465 0.743145 
vn 1.03132e-16 0.743145 0.669131 
vn 0.587785 -3.59915e-17 0.809017 
vn 0.584565 0.0614403 0.809017 
vn 0.574941 0.122207 0.809017 
vn 0.559017 0.181636 0.809017 
vn 0.536969 0.239074 0.809017 
vn 0.509037 0.293893 0.809017 
vn 0.475528 0.345492 0.809017 
vn 0.43681 0.393305 0.809017 
vn 0.393305 0.43681 0.809017 
vn 0.345492 0.475528 0.809017 
vn 0.293893 0.509037 0.809017 
vn 0.239074 0.536969 0.809017 
vn 0.181636 0.559017 0.809017 
vn 0.122207 0.574941 0.809017 
vn 0.0614403 0.584565 0.809017 
vn 9.28605e-17 0.669131 0.743145 
vn 0.5 -3.06162e-17 0.866025 
vn 0.497261 0.0522642 0.866025 
vn 0.489074 0.103956 0.866025 
vn 0.475528 0.154508 0.866025 
vn 0.456773 0.203368 0.866025 
vn 0.433013 0.25 0.866025 
vn 0.404508 0.293893 0.866025 
vn 0.371572 0.334565 0.866025 
vn 0.334565 0.371572 0.866025 
vn 0.293893 0.404508 0.866025 
vn 0.25 0.433013 0.866025 
vn 0.203368 0.456773 0.866025 
vn 0.154508 0.475528 0.866025 
vn 0.103956 0.489074 0.866025 
vn 0.0522642 0.497261 0.866025 
vn 8.15716e-17 0.587785 0.809017 
vn 0.406737 -2.49054e-17 0.913545 
vn 0.404508 0.0425156 0.913545 
vn 0.397848 0.0845653 0.913545 
vn 0.38683 0.125689 0.913545 
vn 0.371572 0.165435 0.913545 
vn 0.352244 0.203368 0.913545 
vn 0.329057 0.239074 0.913545 
vn 0.302264 0.27216 0.913545 
vn 0.27216 0.302264 0.913545 
vn 0.239074 0.329057 0.913545 
vn 0.203368 0.352244 0.913545 
vn 0.165435 0.371572 0.913545 
vn 0.125689 0.38683 0.913545 
vn 0.0845653 0.397848 0.913545 
vn 0.0425156 0.404508 0.913545 
vn 6.93889e-17 0.5 0.866025 
vn 0.309017 -1.89218e-17 0.951057 
vn 0.307324 0.0323011 0.951057 
vn 0.302264 0.0642482 0.951057 
vn 0.293893 0.0954915 0.951057 
vn 0.282301 0.125689 0.951057 
vn 0.267617 0.154508 0.951057 
vn 0.25 0.181636 0.951057 
vn 0.229644 0.206773 0.951057 
vn 0.206773 0.229644 0.951057 
vn 0.181636 0.25 0.951057 
vn 0.154508 0.267617 0.951057 
vn 0.125689 0.282301 0.951057 
vn 0.0954915 0.293893 0.951057 
vn 0.0642482 0.302264 0.951057 
vn 0.0323011 0.307324 0.951057 
vn 5.6446e-17 0.406737 0.913545 
vn 0.207912 -1.27309e-17 0.978148 
vn 0.206773 0.0217327 0.978148 
vn 0.203368 0.0432273 0.978148 
vn 0.197736 0.0642482 0.978148 
vn 0.189937 0.0845653 0.978148 
vn 0.180057 0.103956 0.978148 
vn 0.168204 0.122207 0.978148 
vn 0.154508 0.13912 0.978148 
vn 0.13912 0.154508 0.978148 
vn 0.122207 0.168204 0.978148 
vn 0.103956 0.180057 0.978148 
vn 0.0845653 0.189937 0.978148 
vn 0.0642482 0.197736 0.978148 
vn 0.0432273 0.203368 0.978148 
vn 0.0217327 0.206773 0.978148 
vn 4.28847e-17 0.309017 0.951057 
vn 0.104528 -6.40052e-18 0.994522 
vn 0.103956 0.0109262 0.994522 
vn 0.102244 0.0217327 0.994522 
vn 0.0994125 0.0323011 0.994522 
vn 0.0954915 0.0425156 0.994522 
vn 0.0905243 0.0522642 0.994522 
vn 0.0845653 0.0614403 0.994522 
vn 0.0776798 0.0699432 0.994522 
vn 0.0699432 0.0776798 0.994522 
vn 0.0614403 0.0845653 0.994522 
vn 0.0522642 0.0905243 0.994522 
vn 0.0425156 0.0954915 0.994522 
vn 0.0323011 0.0994125 0.994522 
vn 0.0217327 0.102244 0.994522 
vn 0.0109262 0.103956 0.994522 
vn 2.88535e-17 0.207912 0.978148 
vn 0 0 1 
vn 1.45062e-17 0.104528 0.994522 
vn 1.81328e-17 -0.104528 0.994522 
vn -8.02238e-31 4.62459e-15 1 
vn 3.60669e-17 -0.207912 0.978148 
vn 0 -0.104528 0.994522 
vn 5.36059e-17 -0.309017 0.951057 
vn 0 -0.207912 0.978148 
vn 7.05576e-17 -0.406737 0.913545 
vn 0 -0.309017 0.951057 
vn 8.67362e-17 -0.5 0.866025 
vn 0 -0.406737 0.913545 
vn 1.01964e-16 -0.587785 0.809017 
vn 0 -0.5 0.866025 
vn 1.16076e-16 -0.669131 0.743145 
vn 0 -0.587785 0.809017 
vn 1.28915e-16 -0.743145 0.669131 
vn 0 -0.669131 0.743145 
vn 1.40342e-16 -0.809017 0.587785 
vn 0 -0.743145 0.669131 
vn 1.50231e-16 -0.866025 0.5 
vn 0 -0.809017 0.587785 
vn 0 -0.838671 0.544639 
vn 1.58475e-16 -0.913545 0.406737 
vn 0 -0.866025 0.5 
vn 0 -0.891007 0.45399 
vn 1.64982e-16 -0.951057 0.309017 
vn 0 -0.913545 0.406737 
vn 0 -0.93358 0.358368 
vn 1.69682e-16 -0.978148 0.207912 
vn 0 -0.951057 0.309017 
vn 0 -0.965926 0.258819 
vn 1.72522e-16 -0.994522 0.104528 
vn 0 -0.978148 0.207912 
vn 0 -0.987688 0.156434 
vn 1.73472e-16 -1 2.44929e-16 
vn 0 -0.994522 0.104528 
vn 0 -0.99863 0.052336 
vn 1.73472e-16 -1 0 
vn -1.83697e-16 0 1 
vn 0.104528 0 0.994522 
vn 0.207912 0 0.978148 
vn 0.309017 0 0.951057 
vn 0.406737 0 0.913545 
vn 0.5 0 0.866025 
vn 0.587785 0 0.809017 
vn 0.669131 0 0.743145 
vn 0.743145 0 0.669131 
vn 0.809017 0 0.587785 
vn 0.866025 0 0.5 
vn 0.913545 0 0.406737 
vn 0.951057 0 0.309017 
vn 0.978148 0 0.207912 
vn 0.994522 0 0.104528 
vn 1 0 2.44929e-16 
vn 0 1 0 
vn 0.104528 0.994522 0 
vn 0.207912 0.978148 0 
vn 0.309017 0.951057 0 
vn 0.406737 0.913545 0 
vn 0.5 0.866025 0 
vn 0.587785 0.809017 0 
vn 0.669131 0.743145 0 
vn 0.743145 0.669131 0 
vn 0.809017 0.587785 0 
vn 0.866025 0.5 0 
vn 0.913545 0.406737 0 
vn 0.951057 0.309017 0 
vn 0.978148 0.207912 0 
vn 0.994522 0.104528 0 
vn 1 6.12323e-17 0 
vn 0 0.104528 -0.994522 
vn 0 -6.12323e-17 -1 
vn 0 0.207912 -0.978148 
vn 0 0.104528 -0.994522 
vn 0 0.309017 -0.951057 
vn 0 0.207912 -0.978148 
vn 0 0.406737 -0.913545 
vn 0 0.309017 -0.951057 
vn 0 0.5 -0.866025 
vn 0 0.406737 -0.913545 
vn 0 0.587785 -0.809017 
vn 0 0.5 -0.866025 
vn 0 0.669131 -0.743145 
vn 0 0.587785 -0.809017 
vn 0 0.743145 -0.669131 
vn 0 0.669131 -0.743145 
vn 0 0.809017 -0.587785 
vn 0 0.743145 -0.669131 
vn 0 0.866025 -0.5 
vn 0 0.809017 -0.587785 
vn 0 0.838671 -0.544639 
vn 0 0.913545 -0.406737 
vn 0 0.866025 -0.5 
vn 0 0.891007 -0.45399 
vn 0 0.951057 -0.309017 
vn 0 0.913545 -0.406737 
vn 0 0.93358 -0.358368 
vn 0 0.978148 -0.207912 
vn 0 0.951057 -0.309017 
vn 0 0.965926 -0.258819 
vn 0 0.994522 -0.104528 
vn 0 0.978148 -0.207912 
vn 0 0.987688 -0.156434 
vn 0 1 -1.22465e-16 
vn 0 0.994522 -0.104528 
vn 0 0.99863 -0.052336 
vn 0 1 -1.22465e-16 
vn -0.104528 0 -0.994522 
vn 6.12323e-17 0 -1 
vn -0.207912 0 -0.978148 
vn -0.309017 0 -0.951057 
vn -0.406737 0 -0.913545 
vn -0.5 0 -0.866025 
vn -0.587785 0 -0.809017 
vn -0.669131 0 -0.743145 
vn -0.743145 0 -0.669131 
vn -0.809017 0 -0.587785 
vn -0.838671 0 -0.544639 
vn -0.866025 0 -0.5 
vn -0.891007 0 -0.45399 
vn -0.913545 0 -0.406737 
vn -0.93358 0 -0.358368 
vn -0.951057 0 -0.309017 
vn -0.965926 0 -0.258819 
vn -0.978148 0 -0.207912 
vn -0.987688 0 -0.156434 
vn -0.994522 0 -0.104528 
vn -0.99863 0 -0.052336 
vn -1 0 -1.22465e-16 
vn -0.309017 0 -0.951057 
vn 0 0 -1 
vn 1.73472e-16 -1 0 
vn 0 -0.994522 0.104528 
vn 0.104528 -0.994522 0 
vn 0.103956 -0.989074 0.104528 
vn 0.207912 -0.978148 0 
vn 0.206773 -0.972789 0.104528 
vn 0.309017 -0.951057 0 
vn 0.307324 -0.945847 0.104528 
vn 0.406737 -0.913545 0 
vn 0.404508 -0.908541 0.104528 
vn 0.5 -0.866025 0 
vn 0.497261 -0.861281 0.104528 
vn 0.587785 -0.809017 0 
vn 0.584565 -0.804585 0.104528 
vn 0.669131 -0.743145 0 
vn 0.665465 -0.739074 0.104528 
vn 0.743145 -0.669131 0 
vn 0.739074 -0.665465 0.104528 
vn 0.809017 -0.587785 0 
vn 0.804585 -0.584565 0.104528 
vn 0.866025 -0.5 0 
vn 0.861281 -0.497261 0.104528 
vn 0.913545 -0.406737 0 
vn 0.908541 -0.404508 0.104528 
vn 0.951057 -0.309017 0 
vn 0.945847 -0.307324 0.104528 
vn 0.978148 -0.207912 0 
vn 0.972789 -0.206773 0.104528 
vn 0.994522 -0.104528 0 
vn 0.989074 -0.103956 0.104528 
vn 1 -1.38778e-16 0 
vn 0 -0.978148 0.207912 
vn 0.102244 -0.972789 0.207912 
vn 0.203368 -0.956773 0.207912 
vn 0.302264 -0.930274 0.207912 
vn 0.397848 -0.893582 0.207912 
vn 0.489074 -0.847101 0.207912 
vn 0.574941 -0.791338 0.207912 
vn 0.654508 -0.726905 0.207912 
vn 0.726905 -0.654508 0.207912 
vn 0.791338 -0.574941 0.207912 
vn 0.847101 -0.489074 0.207912 
vn 0.893582 -0.397848 0.207912 
vn 0.930274 -0.302264 0.207912 
vn 0.956773 -0.203368 0.207912 
vn 0.972789 -0.102244 0.207912 
vn 0.994522 -1.38018e-16 0.104528 
vn 0 -0.951057 0.309017 
vn 0.0994125 -0.945847 0.309017 
vn 0.197736 -0.930274 0.309017 
vn 0.293893 -0.904508 0.309017 
vn 0.38683 -0.868833 0.309017 
vn 0.475528 -0.823639 0.309017 
vn 0.559017 -0.769421 0.309017 
vn 0.636381 -0.706773 0.309017 
vn 0.706773 -0.636381 0.309017 
vn 0.769421 -0.559017 0.309017 
vn 0.823639 -0.475528 0.309017 
vn 0.868833 -0.38683 0.309017 
vn 0.904508 -0.293893 0.309017 
vn 0.930274 -0.197736 0.309017 
vn 0.945847 -0.0994125 0.309017 
vn 0.978148 -1.35745e-16 0.207912 
vn 0 -0.913545 0.406737 
vn 0.0954915 -0.908541 0.406737 
vn 0.189937 -0.893582 0.406737 
vn 0.282301 -0.868833 0.406737 
vn 0.371572 -0.834565 0.406737 
vn 0.456773 -0.791154 0.406737 
vn 0.536969 -0.739074 0.406737 
vn 0.611281 -0.678897 0.406737 
vn 0.678897 -0.611281 0.406737 
vn 0.739074 -0.536969 0.406737 
vn 0.791154 -0.456773 0.406737 
vn 0.834565 -0.371572 0.406737 
vn 0.868833 -0.282301 0.406737 
vn 0.893582 -0.189937 0.406737 
vn 0.908541 -0.0954915 0.406737 
vn 0.951057 -1.31986e-16 0.309017 
vn 0 -0.866025 0.5 
vn 0.0905243 -0.861281 0.5 
vn 0.180057 -0.847101 0.5 
vn 0.267617 -0.823639 0.5 
vn 0.352244 -0.791154 0.5 
vn 0.433013 -0.75 0.5 
vn 0.509037 -0.700629 0.5 
vn 0.579484 -0.643582 0.5 
vn 0.643582 -0.579484 0.5 
vn 0.700629 -0.509037 0.5 
vn 0.75 -0.433013 0.5 
vn 0.791154 -0.352244 0.5 
vn 0.823639 -0.267617 0.5 
vn 0.847101 -0.180057 0.5 
vn 0.861281 -0.0905243 0.5 
vn 0.913545 -1.2678e-16 0.406737 
vn 0 -0.809017 0.587785 
vn 0.0845653 -0.804585 0.587785 
vn 0.168204 -0.791338 0.587785 
vn 0.25 -0.769421 0.587785 
vn 0.329057 -0.739074 0.587785 
vn 0.404508 -0.700629 0.587785 
vn 0.475528 -0.654508 0.587785 
vn 0.541338 -0.601217 0.587785 
vn 0.601217 -0.541338 0.587785 
vn 0.654508 -0.475528 0.587785 
vn 0.700629 -0.404508 0.587785 
vn 0.739074 -0.329057 0.587785 
vn 0.769421 -0.25 0.587785 
vn 0.791338 -0.168204 0.587785 
vn 0.804585 -0.0845653 0.587785 
vn 0.866025 -1.20185e-16 0.5 
vn 0 -0.743145 0.669131 
vn 0.0776798 -0.739074 0.669131 
vn 0.154508 -0.726905 0.669131 
vn 0.229644 -0.706773 0.669131 
vn 0.302264 -0.678897 0.669131 
vn 0.371572 -0.643582 0.669131 
vn 0.43681 -0.601217 0.669131 
vn 0.497261 -0.552264 0.669131 
vn 0.552264 -0.497261 0.669131 
vn 0.601217 -0.43681 0.669131 
vn 0.643582 -0.371572 0.669131 
vn 0.678897 -0.302264 0.669131 
vn 0.706773 -0.229644 0.669131 
vn 0.726905 -0.154508 0.669131 
vn 0.739074 -0.0776798 0.669131 
vn 0.809017 -1.12274e-16 0.587785 
vn 0 -0.669131 0.743145 
vn 0.0699432 -0.665465 0.743145 
vn 0.13912 -0.654508 0.743145 
vn 0.206773 -0.636381 0.743145 
vn 0.27216 -0.611281 0.743145 
vn 0.334565 -0.579484 0.743145 
vn 0.393305 -0.541338 0.743145 
vn 0.447736 -0.497261 0.743145 
vn 0.497261 -0.447736 0.743145 
vn 0.541338 -0.393305 0.743145 
vn 0.579484 -0.334565 0.743145 
vn 0.611281 -0.27216 0.743145 
vn 0.636381 -0.206773 0.743145 
vn 0.654508 -0.13912 0.743145 
vn 0.665465 -0.0699432 0.743145 
vn 0.743145 -1.03132e-16 0.669131 
vn 0 -0.587785 0.809017 
vn 0.0614403 -0.584565 0.809017 
vn 0.122207 -0.574941 0.809017 
vn 0.181636 -0.559017 0.809017 
vn 0.239074 -0.536969 0.809017 
vn 0.293893 -0.509037 0.809017 
vn 0.345492 -0.475528 0.809017 
vn 0.393305 -0.43681 0.809017 
vn 0.43681 -0.393305 0.809017 
vn 0.475528 -0.345492 0.809017 
vn 0.509037 -0.293893 0.809017 
vn 0.536969 -0.239074 0.809017 
vn 0.559017 -0.181636 0.809017 
vn 0.574941 -0.122207 0.809017 
vn 0.584565 -0.0614403 0.809017 
vn 0.669131 -9.28605e-17 0.743145 
vn 0 -0.5 0.866025 
vn 0.0522642 -0.497261 0.866025 
vn 0.103956 -0.489074 0.866025 
vn 0.154508 -0.475528 0.866025 
vn 0.203368 -0.456773 0.866025 
vn 0.25 -0.433013 0.866025 
vn 0.293893 -0.404508 0.866025 
vn 0.334565 -0.371572 0.866025 
vn 0.371572 -0.334565 0.866025 
vn 0.404508 -0.293893 0.866025 
vn 0.433013 -0.25 0.866025 
vn 0.456773 -0.203368 0.866025 
vn 0.475528 -0.154508 0.866025 
vn 0.489074 -0.103956 0.866025 
vn 0.497261 -0.0522642 0.866025 
vn 0.587785 -8.15716e-17 0.809017 
vn 0 -0.406737 0.913545 
vn 0.0425156 -0.404508 0.913545 
vn 0.0845653 -0.397848 0.913545 
vn 0.125689 -0.38683 0.913545 
vn 0.165435 -0.371572 0.913545 
vn 0.203368 -0.352244 0.913545 
vn 0.239074 -0.329057 0.913545 
vn 0.27216 -0.302264 0.913545 
vn 0.302264 -0.27216 0.913545 
vn 0.329057 -0.239074 0.913545 
vn 0.352244 -0.203368 0.913545 
vn 0.371572 -0.165435 0.913545 
vn 0.38683 -0.125689 0.913545 
vn 0.397848 -0.0845653 0.913545 
vn 0.404508 -0.0425156 0.913545 
vn 0.5 -6.93889e-17 0.866025 
vn 0 -0.309017 0.951057 
vn 0.0323011 -0.307324 0.951057 
vn 0.0642482 -0.302264 0.951057 
vn 0.0954915 -0.293893 0.951057 
vn 0.125689 -0.282301 0.951057 
vn 0.154508 -0.267617 0.951057 
vn 0.181636 -0.25 0.951057 
vn 0.206773 -0.229644 0.951057 
vn 0.229644 -0.206773 0.951057 
vn 0.25 -0.181636 0.951057 
vn 0.267617 -0.154508 0.951057 
vn 0.282301 -0.125689 0.951057 
vn 0.293893 -0.0954915 0.951057 
vn 0.302264 -0.0642482 0.951057 
vn 0.307324 -0.0323011 0.951057 
vn 0.406737 -5.6446e-17 0.913545 
vn 0 -0.207912 0.978148 
vn 0.0217327 -0.206773 0.978148 
vn 0.0432273 -0.203368 0.978148 
vn 0.0642482 -0.197736 0.978148 
vn 0.0845653 -0.189937 0.978148 
vn 0.103956 -0.180057 0.978148 
vn 0.122207 -0.168204 0.978148 
vn 0.13912 -0.154508 0.978148 
vn 0.154508 -0.13912 0.978148 
vn 0.168204 -0.122207 0.978148 
vn 0.180057 -0.103956 0.978148 
vn 0.189937 -0.0845653 0.978148 
vn 0.197736 -0.0642482 0.978148 
vn 0.203368 -0.0432273 0.978148 
vn 0.206773 -0.0217327 0.978148 
vn 0.309017 -4.28847e-17 0.951057 
vn 0 -0.104528 0.994522 
vn 0.0109262 -0.103956 0.994522 
vn 0.0217327 -0.102244 0.994522 
vn 0.0323011 -0.0994125 0.994522 
vn 0.0425156 -0.0954915 0.994522 
vn 0.0522642 -0.0905243 0.994522 
vn 0.0614403 -0.0845653 0.994522 
vn 0.0699432 -0.0776798 0.994522 
vn 0.0776798 -0.0699432 0.994522 
vn 0.0845653 -0.0614403 0.994522 
vn 0.0905243 -0.0522642 0.994522 
vn 0.0954915 -0.0425156 0.994522 
vn 0.0994125 -0.0323011 0.994522 
vn 0.102244 -0.0217327 0.994522 
vn 0.103956 -0.0109262 0.994522 
vn 0.207912 -2.88535e-17 0.978148 
vn 0 0 1 
vn 0.104528 -1.45062e-17 0.994522 
vn 1 0 0 
vn 0 0 -1 
vn 0.104528 -6.08969e-17 -0.994522 
vn 0 0.104528 -0.994522 
vn 0.104528 0.103956 -0.989074 
vn 0 0.207912 -0.978148 
vn 0.104528 0.206773 -0.972789 
vn 0 0.309017 -0.951057 
vn 0.104528 0.307324 -0.945847 
vn 0 0.406737 -0.913545 
vn 0.104528 0.404508 -0.908541 
vn 0 0.5 -0.866025 
vn 0.104528 0.497261 -0.861281 
vn 0 0.587785 -0.809017 
vn 0.104528 0.584565 -0.804585 
vn 0 0.669131 -0.743145 
vn 0.104528 0.665465 -0.739074 
vn 0 0.743145 -0.669131 
vn 0.104528 0.739074 -0.665465 
vn 0 0.809017 -0.587785 
vn 0.104528 0.804585 -0.584565 
vn 0 0.866025 -0.5 
vn 0.104528 0.861281 -0.497261 
vn 0 0.913545 -0.406737 
vn 0.104528 0.908541 -0.404508 
vn 0 0.951057 -0.309017 
vn 0.104528 0.945847 -0.307324 
vn 0 0.978148 -0.207912 
vn 0.104528 0.972789 -0.206773 
vn 0 0.994522 -0.104528 
vn 0.104528 0.989074 -0.103956 
vn 0 1 -1.38778e-16 
vn 0.207912 -5.98943e-17 -0.978148 
vn 0.207912 0.102244 -0.972789 
vn 0.207912 0.203368 -0.956773 
vn 0.207912 0.302264 -0.930274 
vn 0.207912 0.397848 -0.893582 
vn 0.207912 0.489074 -0.847101 
vn 0.207912 0.574941 -0.791338 
vn 0.207912 0.654508 -0.726905 
vn 0.207912 0.726905 -0.654508 
vn 0.207912 0.791338 -0.574941 
vn 0.207912 0.847101 -0.489074 
vn 0.207912 0.893582 -0.397848 
vn 0.207912 0.930274 -0.302264 
vn 0.207912 0.956773 -0.203368 
vn 0.207912 0.972789 -0.102244 
vn 0.104528 0.994522 -1.38018e-16 
vn 0.309017 -5.82354e-17 -0.951057 
vn 0.309017 0.0994125 -0.945847 
vn 0.309017 0.197736 -0.930274 
vn 0.309017 0.293893 -0.904508 
vn 0.309017 0.38683 -0.868833 
vn 0.309017 0.475528 -0.823639 
vn 0.309017 0.559017 -0.769421 
vn 0.309017 0.636381 -0.706773 
vn 0.309017 0.706773 -0.636381 
vn 0.309017 0.769421 -0.559017 
vn 0.309017 0.823639 -0.475528 
vn 0.309017 0.868833 -0.38683 
vn 0.309017 0.904508 -0.293893 
vn 0.309017 0.930274 -0.197736 
vn 0.309017 0.945847 -0.0994125 
vn 0.207912 0.978148 -1.35745e-16 
vn 0.406737 -5.59385e-17 -0.913545 
vn 0.406737 0.0954915 -0.908541 
vn 0.406737 0.189937 -0.893582 
vn 0.406737 0.282301 -0.868833 
vn 0.406737 0.371572 -0.834565 
vn 0.406737 0.456773 -0.791154 
vn 0.406737 0.536969 -0.739074 
vn 0.406737 0.611281 -0.678897 
vn 0.406737 0.678897 -0.611281 
vn 0.406737 0.739074 -0.536969 
vn 0.406737 0.791154 -0.456773 
vn 0.406737 0.834565 -0.371572 
vn 0.406737 0.868833 -0.282301 
vn 0.406737 0.893582 -0.189937 
vn 0.406737 0.908541 -0.0954915 
vn 0.309017 0.951057 -1.31986e-16 
vn 0.5 -5.30288e-17 -0.866025 
vn 0.5 0.0905243 -0.861281 
vn 0.5 0.180057 -0.847101 
vn 0.5 0.267617 -0.823639 
vn 0.5 0.352244 -0.791154 
vn 0.5 0.433013 -0.75 
vn 0.5 0.509037 -0.700629 
vn 0.5 0.579484 -0.643582 
vn 0.5 0.643582 -0.579484 
vn 0.5 0.700629 -0.509037 
vn 0.5 0.75 -0.433013 
vn 0.5 0.791154 -0.352244 
vn 0.5 0.823639 -0.267617 
vn 0.5 0.847101 -0.180057 
vn 0.5 0.861281 -0.0905243 
vn 0.406737 0.913545 -1.2678e-16 
vn 0.587785 -4.9538e-17 -0.809017 
vn 0.587785 0.0845653 -0.804585 
vn 0.587785 0.168204 -0.791338 
vn 0.587785 0.25 -0.769421 
vn 0.587785 0.329057 -0.739074 
vn 0.587785 0.404508 -0.700629 
vn 0.587785 0.475528 -0.654508 
vn 0.587785 0.541338 -0.601217 
vn 0.587785 0.601217 -0.541338 
vn 0.587785 0.654508 -0.475528 
vn 0.587785 0.700629 -0.404508 
vn 0.587785 0.739074 -0.329057 
vn 0.587785 0.769421 -0.25 
vn 0.587785 0.791338 -0.168204 
vn 0.587785 0.804585 -0.0845653 
vn 0.5 0.866025 -1.20185e-16 
vn 0.669131 -4.55045e-17 -0.743145 
vn 0.669131 0.0776798 -0.739074 
vn 0.669131 0.154508 -0.726905 
vn 0.669131 0.229644 -0.706773 
vn 0.669131 0.302264 -0.678897 
vn 0.669131 0.371572 -0.643582 
vn 0.669131 0.43681 -0.601217 
vn 0.669131 0.497261 -0.552264 
vn 0.669131 0.552264 -0.497261 
vn 0.669131 0.601217 -0.43681 
vn 0.669131 0.643582 -0.371572 
vn 0.669131 0.678897 -0.302264 
vn 0.669131 0.706773 -0.229644 
vn 0.669131 0.726905 -0.154508 
vn 0.669131 0.739074 -0.0776798 
vn 0.587785 0.809017 -1.12274e-16 
vn 0.743145 -4.09724e-17 -0.669131 
vn 0.743145 0.0699432 -0.665465 
vn 0.743145 0.13912 -0.654508 
vn 0.743145 0.206773 -0.636381 
vn 0.743145 0.27216 -0.611281 
vn 0.743145 0.334565 -0.579484 
vn 0.743145 0.393305 -0.541338 
vn 0.743145 0.447736 -0.497261 
vn 0.743145 0.497261 -0.447736 
vn 0.743145 0.541338 -0.393305 
vn 0.743145 0.579484 -0.334565 
vn 0.743145 0.611281 -0.27216 
vn 0.743145 0.636381 -0.206773 
vn 0.743145 0.654508 -0.13912 
vn 0.743145 0.665465 -0.0699432 
vn 0.669131 0.743145 -1.03132e-16 
vn 0.809017 -3.59915e-17 -0.587785 
vn 0.809017 0.0614403 -0.584565 
vn 0.809017 0.122207 -0.574941 
vn 0.809017 0.181636 -0.559017 
vn 0.809017 0.239074 -0.536969 
vn 0.809017 0.293893 -0.509037 
vn 0.809017 0.345492 -0.475528 
vn 0.809017 0.393305 -0.43681 
vn 0.809017 0.43681 -0.393305 
vn 0.809017 0.475528 -0.345492 
vn 0.809017 0.509037 -0.293893 
vn 0.809017 0.536969 -0.239074 
vn 0.809017 0.559017 -0.181636 
vn 0.809017 0.574941 -0.122207 
vn 0.809017 0.584565 -0.0614403 
vn 0.743145 0.669131 -9.28605e-17 
vn 0.866025 -3.06162e-17 -0.5 
vn 0.866025 0.0522642 -0.497261 
vn 0.866025 0.103956 -0.489074 
vn 0.866025 0.154508 -0.475528 
vn 0.866025 0.203368 -0.456773 
vn 0.866025 0.25 -0.433013 
vn 0.866025 0.293893 -0.404508 
vn 0.866025 0.334565 -0.371572 
vn 0.866025 0.371572 -0.334565 
vn 0.866025 0.404508 -0.293893 
vn 0.866025 0.433013 -0.25 
vn 0.866025 0.456773 -0.203368 
vn 0.866025 0.475528 -0.154508 
vn 0.866025 0.489074 -0.103956 
vn 0.866025 0.497261 -0.0522642 
vn 0.809017 0.587785 -8.15716e-17 
vn 0.913545 -2.49054e-17 -0.406737 
vn 0.913545 0.0425156 -0.404508 
vn 0.913545 0.0845653 -0.397848 
vn 0.913545 0.125689 -0.38683 
vn 0.913545 0.165435 -0.371572 
vn 0.913545 0.203368 -0.352244 
vn 0.913545 0.239074 -0.329057 
vn 0.913545 0.27216 -0.302264 
vn 0.913545 0.302264 -0.27216 
vn 0.913545 0.329057 -0.239074 
vn 0.913545 0.352244 -0.203368 
vn 0.913545 0.371572 -0.165435 
vn 0.913545 0.38683 -0.125689 
vn 0.913545 0.397848 -0.0845653 
vn 0.913545 0.404508 -0.0425156 
vn 0.866025 0.5 -6.93889e-17 
vn 0.951057 -1.89218e-17 -0.309017 
vn 0.951057 0.0323011 -0.307324 
vn 0.951057 0.0642482 -0.302264 
vn 0.951057 0.0954915 -0.293893 
vn 0.951057 0.125689 -0.282301 
vn 0.951057 0.154508 -0.267617 
vn 0.951057 0.181636 -0.25 
vn 0.951057 0.206773 -0.229644 
vn 0.951057 0.229644 -0.206773 
vn 0.951057 0.25 -0.181636 
vn 0.951057 0.267617 -0.154508 
vn 0.951057 0.282301 -0.125689 
vn 0.951057 0.293893 -0.0954915 
vn 0.951057 0.302264 -0.0642482 
vn 0.951057 0.307324 -0.0323011 
vn 0.913545 0.406737 -5.6446e-17 
vn 0.978148 -1.27309e-17 -0.207912 
vn 0.978148 0.0217327 -0.206773 
vn 0.978148 0.0432273 -0.203368 
vn 0.978148 0.0642482 -0.197736 
vn 0.978148 0.0845653 -0.189937 
vn 0.978148 0.103956 -0.180057 
vn 0.978148 0.122207 -0.168204 
vn 0.978148 0.13912 -0.154508 
vn 0.978148 0.154508 -0.13912 
vn 0.978148 0.168204 -0.122207 
vn 0.978148 0.180057 -0.103956 
vn 0.978148 0.189937 -0.0845653 
vn 0.978148 0.197736 -0.0642482 
vn 0.978148 0.203368 -0.0432273 
vn 0.978148 0.206773 -0.0217327 
vn 0.951057 0.309017 -4.28847e-17 
vn 0.994522 -6.40052e-18 -0.104528 
vn 0.994522 0.0109262 -0.103956 
vn 0.994522 0.0217327 -0.102244 
vn 0.994522 0.0323011 -0.0994125 
vn 0.994522 0.0425156 -0.0954915 
vn 0.994522 0.0522642 -0.0905243 
vn 0.994522 0.0614403 -0.0845653 
vn 0.994522 0.0699432 -0.0776798 
vn 0.994522 0.0776798 -0.0699432 
vn 0.994522 0.0845653 -0.0614403 
vn 0.994522 0.0905243 -0.0522642 
vn 0.994522 0.0954915 -0.0425156 
vn 0.994522 0.0994125 -0.0323011 
vn 0.994522 0.102244 -0.0217327 
vn 0.994522 0.103956 -0.0109262 
vn 0.978148 0.207912 -2.88535e-17 
vn 1 0 0 
vn 0.994522 0.104528 -1.45062e-17 
vn 0 -1 0 
vn 0.104528 -0.994522 0 
vn 0.207912 -0.978148 0 
vn 0.309017 -0.951057 0 
vn 0.406737 -0.913545 0 
vn 0.5 -0.866025 0 
vn 0.587785 -0.809017 0 
vn 0.669131 -0.743145 0 
vn 0.743145 -0.669131 0 
vn 0.809017 -0.587785 0 
vn 0.866025 -0.5 0 
vn 0.913545 -0.406737 0 
vn 0.951057 -0.309017 0 
vn 0.978148 -0.207912 0 
vn 0.994522 -0.104528 0 
vn 1 -6.12323e-17 0 
vn -6.12323e-17 0 -1 
vn 0.104528 0 -0.994522 
vn 0.207912 0 -0.978148 
vn 0.309017 0 -0.951057 
vn 0.406737 0 -0.913545 
vn 0.5 0 -0.866025 
vn 0.587785 0 -0.809017 
vn 0.669131 0 -0.743145 
vn 0.743145 0 -0.669131 
vn 0.809017 0 -0.587785 
vn 0.866025 0 -0.5 
vn 0.913545 0 -0.406737 
vn 0.951057 0 -0.309017 
vn 0.978148 0 -0.207912 
vn 0.994522 0 -0.104528 
vn 1 0 -1.22465e-16 
vn 1.73472e-16 -1 -1.22465e-16 
vn 0 -0.99863 -0.052336 
vn 0 -0.994522 -0.104528 
vn 0 -1 0 
vn 0 -0.987688 -0.156434 
vn 0 -0.978148 -0.207912 
vn 0 -0.965926 -0.258819 
vn 0 -0.951057 -0.309017 
vn 0 -0.93358 -0.358368 
vn 0 -0.913545 -0.406737 
vn 0 -0.891007 -0.45399 
vn 0 -0.866025 -0.5 
vn 0 -0.838671 -0.544639 
vn 0 -0.809017 -0.587785 
vn 0 -0.743145 -0.669131 
vn 0 -0.669131 -0.743145 
vn 0 -0.587785 -0.809017 
vn 0 -0.5 -0.866025 
vn 0 -0.406737 -0.913545 
vn 0 -0.309017 -0.951057 
vn 0 -0.207912 -0.978148 
vn 0 -0.104528 -0.994522 
vn 2.97527e-31 -1.71512e-15 -1 
vn 0.104528 -0.994522 0 
vn 0 -1 0 
vn 0 -0.994522 -0.104528 
vn 0.104528 -0.989074 -0.103956 
vn 0 -0.978148 -0.207912 
vn 0.104528 -0.972789 -0.206773 
vn 0 -0.951057 -0.309017 
vn 0.104528 -0.945847 -0.307324 
vn 0 -0.913545 -0.406737 
vn 0.104528 -0.908541 -0.404508 
vn 0 -0.866025 -0.5 
vn 0.104528 -0.861281 -0.497261 
vn 0 -0.809017 -0.587785 
vn 0.104528 -0.804585 -0.584565 
vn 0 -0.743145 -0.669131 
vn 0.104528 -0.739074 -0.665465 
vn 0 -0.669131 -0.743145 
vn 0.104528 -0.665465 -0.739074 
vn 0 -0.587785 -0.809017 
vn 0.104528 -0.584565 -0.804585 
vn 0 -0.5 -0.866025 
vn 0.104528 -0.497261 -0.861281 
vn 0 -0.406737 -0.913545 
vn 0.104528 -0.404508 -0.908541 
vn 0 -0.309017 -0.951057 
vn 0.104528 -0.307324 -0.945847 
vn 0 -0.207912 -0.978148 
vn 0.104528 -0.206773 -0.972789 
vn 0 -0.104528 -0.994522 
vn 0.104528 -0.103956 -0.989074 
vn 0 -1.2032e-14 -1 
vn 0.207912 -0.978148 0 
vn 0.207912 -0.972789 -0.102244 
vn 0.207912 -0.956773 -0.203368 
vn 0.207912 -0.930274 -0.302264 
vn 0.207912 -0.893582 -0.397848 
vn 0.207912 -0.847101 -0.489074 
vn 0.207912 -0.791338 -0.574941 
vn 0.207912 -0.726905 -0.654508 
vn 0.207912 -0.654508 -0.726905 
vn 0.207912 -0.574941 -0.791338 
vn 0.207912 -0.489074 -0.847101 
vn 0.207912 -0.397848 -0.893582 
vn 0.207912 -0.302264 -0.930274 
vn 0.207912 -0.203368 -0.956773 
vn 0.207912 -0.102244 -0.972789 
vn 0.104528 -1.19661e-14 -0.994522 
vn 0.309017 -0.951057 0 
vn 0.309017 -0.945847 -0.0994125 
vn 0.309017 -0.930274 -0.197736 
vn 0.309017 -0.904508 -0.293893 
vn 0.309017 -0.868833 -0.38683 
vn 0.309017 -0.823639 -0.475528 
vn 0.309017 -0.769421 -0.559017 
vn 0.309017 -0.706773 -0.636381 
vn 0.309017 -0.636381 -0.706773 
vn 0.309017 -0.559017 -0.769421 
vn 0.309017 -0.475528 -0.823639 
vn 0.309017 -0.38683 -0.868833 
vn 0.309017 -0.293893 -0.904508 
vn 0.309017 -0.197736 -0.930274 
vn 0.309017 -0.0994125 -0.945847 
vn 0.207912 -1.17691e-14 -0.978148 
vn 0.406737 -0.913545 0 
vn 0.406737 -0.908541 -0.0954915 
vn 0.406737 -0.893582 -0.189937 
vn 0.406737 -0.868833 -0.282301 
vn 0.406737 -0.834565 -0.371572 
vn 0.406737 -0.791154 -0.456773 
vn 0.406737 -0.739074 -0.536969 
vn 0.406737 -0.678897 -0.611281 
vn 0.406737 -0.611281 -0.678897 
vn 0.406737 -0.536969 -0.739074 
vn 0.406737 -0.456773 -0.791154 
vn 0.406737 -0.371572 -0.834565 
vn 0.406737 -0.282301 -0.868833 
vn 0.406737 -0.189937 -0.893582 
vn 0.406737 -0.0954915 -0.908541 
vn 0.309017 -1.14432e-14 -0.951057 
vn 0.5 -0.866025 0 
vn 0.5 -0.861281 -0.0905243 
vn 0.5 -0.847101 -0.180057 
vn 0.5 -0.823639 -0.267617 
vn 0.5 -0.791154 -0.352244 
vn 0.5 -0.75 -0.433013 
vn 0.5 -0.700629 -0.509037 
vn 0.5 -0.643582 -0.579484 
vn 0.5 -0.579484 -0.643582 
vn 0.5 -0.509037 -0.700629 
vn 0.5 -0.433013 -0.75 
vn 0.5 -0.352244 -0.791154 
vn 0.5 -0.267617 -0.823639 
vn 0.5 -0.180057 -0.847101 
vn 0.5 -0.0905243 -0.861281 
vn 0.406737 -1.09918e-14 -0.913545 
vn 0.587785 -0.809017 0 
vn 0.587785 -0.804585 -0.0845653 
vn 0.587785 -0.791338 -0.168204 
vn 0.587785 -0.769421 -0.25 
vn 0.587785 -0.739074 -0.329057 
vn 0.587785 -0.700629 -0.404508 
vn 0.587785 -0.654508 -0.475528 
vn 0.587785 -0.601217 -0.541338 
vn 0.587785 -0.541338 -0.601217 
vn 0.587785 -0.475528 -0.654508 
vn 0.587785 -0.404508 -0.700629 
vn 0.587785 -0.329057 -0.739074 
vn 0.587785 -0.25 -0.769421 
vn 0.587785 -0.168204 -0.791338 
vn 0.587785 -0.0845653 -0.804585 
vn 0.5 -1.04201e-14 -0.866025 
vn 0.669131 -0.743145 0 
vn 0.669131 -0.739074 -0.0776798 
vn 0.669131 -0.726905 -0.154508 
vn 0.669131 -0.706773 -0.229644 
vn 0.669131 -0.678897 -0.302264 
vn 0.669131 -0.643582 -0.371572 
vn 0.669131 -0.601217 -0.43681 
vn 0.669131 -0.552264 -0.497261 
vn 0.669131 -0.497261 -0.552264 
vn 0.669131 -0.43681 -0.601217 
vn 0.669131 -0.371572 -0.643582 
vn 0.669131 -0.302264 -0.678897 
vn 0.669131 -0.229644 -0.706773 
vn 0.669131 -0.154508 -0.726905 
vn 0.669131 -0.0776798 -0.739074 
vn 0.587785 -9.73413e-15 -0.809017 
vn 0.743145 -0.669131 0 
vn 0.743145 -0.665465 -0.0699432 
vn 0.743145 -0.654508 -0.13912 
vn 0.743145 -0.636381 -0.206773 
vn 0.743145 -0.611281 -0.27216 
vn 0.743145 -0.579484 -0.334565 
vn 0.743145 -0.541338 -0.393305 
vn 0.743145 -0.497261 -0.447736 
vn 0.743145 -0.447736 -0.497261 
vn 0.743145 -0.393305 -0.541338 
vn 0.743145 -0.334565 -0.579484 
vn 0.743145 -0.27216 -0.611281 
vn 0.743145 -0.206773 -0.636381 
vn 0.743145 -0.13912 -0.654508 
vn 0.743145 -0.0699432 -0.665465 
vn 0.669131 -8.94155e-15 -0.743145 
vn 0.809017 -0.587785 0 
vn 0.809017 -0.584565 -0.0614403 
vn 0.809017 -0.574941 -0.122207 
vn 0.809017 -0.559017 -0.181636 
vn 0.809017 -0.536969 -0.239074 
vn 0.809017 -0.509037 -0.293893 
vn 0.809017 -0.475528 -0.345492 
vn 0.809017 -0.43681 -0.393305 
vn 0.809017 -0.393305 -0.43681 
vn 0.809017 -0.345492 -0.475528 
vn 0.809017 -0.293893 -0.509037 
vn 0.809017 -0.239074 -0.536969 
vn 0.809017 -0.181636 -0.559017 
vn 0.809017 -0.122207 -0.574941 
vn 0.809017 -0.0614403 -0.584565 
vn 0.743145 -8.05101e-15 -0.669131 
vn 0.866025 -0.5 0 
vn 0.866025 -0.497261 -0.0522642 
vn 0.866025 -0.489074 -0.103956 
vn 0.866025 -0.475528 -0.154508 
vn 0.866025 -0.456773 -0.203368 
vn 0.866025 -0.433013 -0.25 
vn 0.866025 -0.404508 -0.293893 
vn 0.866025 -0.371572 -0.334565 
vn 0.866025 -0.334565 -0.371572 
vn 0.866025 -0.293893 -0.404508 
vn 0.866025 -0.25 -0.433013 
vn 0.866025 -0.203368 -0.456773 
vn 0.866025 -0.154508 -0.475528 
vn 0.866025 -0.103956 -0.489074 
vn 0.866025 -0.0522642 -0.497261 
vn 0.809017 -7.07226e-15 -0.587785 
vn 0.913545 -0.406737 0 
vn 0.913545 -0.404508 -0.0425156 
vn 0.913545 -0.397848 -0.0845653 
vn 0.913545 -0.38683 -0.125689 
vn 0.913545 -0.371572 -0.165435 
vn 0.913545 -0.352244 -0.203368 
vn 0.913545 -0.329057 -0.239074 
vn 0.913545 -0.302264 -0.27216 
vn 0.913545 -0.27216 -0.302264 
vn 0.913545 -0.239074 -0.329057 
vn 0.913545 -0.203368 -0.352244 
vn 0.913545 -0.165435 -0.371572 
vn 0.913545 -0.125689 -0.38683 
vn 0.913545 -0.0845653 -0.397848 
vn 0.913545 -0.0425156 -0.404508 
vn 0.866025 -6.01602e-15 -0.5 
vn 0.951057 -0.309017 0 
vn 0.951057 -0.307324 -0.0323011 
vn 0.951057 -0.302264 -0.0642482 
vn 0.951057 -0.293893 -0.0954915 
vn 0.951057 -0.282301 -0.125689 
vn 0.951057 -0.267617 -0.154508 
vn 0.951057 -0.25 -0.181636 
vn 0.951057 -0.229644 -0.206773 
vn 0.951057 -0.206773 -0.229644 
vn 0.951057 -0.181636 -0.25 
vn 0.951057 -0.154508 -0.267617 
vn 0.951057 -0.125689 -0.282301 
vn 0.951057 -0.0954915 -0.293893 
vn 0.951057 -0.0642482 -0.302264 
vn 0.951057 -0.0323011 -0.307324 
vn 0.913545 -4.89387e-15 -0.406737 
vn 0.978148 -0.207912 0 
vn 0.978148 -0.206773 -0.0217327 
vn 0.978148 -0.203368 -0.0432273 
vn 0.978148 -0.197736 -0.0642482 
vn 0.978148 -0.189937 -0.0845653 
vn 0.978148 -0.180057 -0.103956 
vn 0.978148 -0.168204 -0.122207 
vn 0.978148 -0.154508 -0.13912 
vn 0.978148 -0.13912 -0.154508 
vn 0.978148 -0.122207 -0.168204 
vn 0.978148 -0.103956 -0.180057 
vn 0.978148 -0.0845653 -0.189937 
vn 0.978148 -0.0642482 -0.197736 
vn 0.978148 -0.0432273 -0.203368 
vn 0.978148 -0.0217327 -0.206773 
vn 0.951057 -3.71811e-15 -0.309017 
vn 0.994522 -0.104528 0 
vn 0.994522 -0.103956 -0.0109262 
vn 0.994522 -0.102244 -0.0217327 
vn 0.994522 -0.0994125 -0.0323011 
vn 0.994522 -0.0954915 -0.0425156 
vn 0.994522 -0.0905243 -0.0522642 
vn 0.994522 -0.0845653 -0.0614403 
vn 0.994522 -0.0776798 -0.0699432 
vn 0.994522 -0.0699432 -0.0776798 
vn 0.994522 -0.0614403 -0.0845653 
vn 0.994522 -0.0522642 -0.0905243 
vn 0.994522 -0.0425156 -0.0954915 
vn 0.994522 -0.0323011 -0.0994125 
vn 0.994522 -0.0217327 -0.102244 
vn 0.994522 -0.0109262 -0.103956 
vn 0.978148 -2.5016e-15 -0.207912 
vn 1 0 0 
vn 0.994522 -1.25769e-15 -0.104528 
usemtl 0.647059_0.647059_0.647059_0.000000_0.000000
o mesh21
f 1169//1320 1170//1321 1171//1321 
f 1172//1322 1169//1320 1173//1323 
f 1174//1324 1172//1322 1175//1325 
f 1176//1326 1174//1324 1177//1327 
f 1178//1328 1176//1326 1179//1329 
f 1180//1330 1178//1328 1181//1331 
f 1182//1332 1180//1330 1183//1333 
f 1184//1334 1182//1332 1185//1335 
f 1186//1336 1184//1334 1187//1337 
f 1188//1338 1186//1336 1189//1339 
f 1190//1340 1188//1338 1191//1341 
f 1192//1342 1190//1340 1193//1343 
f 1194//1344 1192//1342 1195//1345 
f 1196//1346 1194//1344 1197//1347 
f 1198//1348 1196//1346 1199//1349 
f 1200//1350 1198//1348 1201//1351 
f 1202//1352 1200//1350 1203//1353 
f 1204//1354 1202//1352 1205//1355 
f 1206//1356 1204//1354 1207//1357 
f 1208//1358 1206//1356 1209//1359 
f 1210//1360 1208//1358 1211//1361 
f 1212//1362 1210//1360 1213//1363 
f 1214//1364 1212//1362 1215//1365 
f 1216//1366 1214//1364 1217//1367 
f 1218//1368 1216//1366 1219//1369 
f 1220//1370 1218//1368 1221//1371 
f 1222//1372 1220//1370 1223//1373 
f 1224//1374 1222//1372 1225//1375 
f 1226//1376 1224//1374 1227//1377 
f 1228//1378 1226//1376 1229//1379 
f 1230//1380 1228//1378 1231//1381 
f 1232//1382 1230//1380 1233//1383 
f 1234//1384 1232//1382 1235//1385 
f 1236//1386 1234//1384 1237//1387 
f 1238//1388 1236//1386 1239//1389 
f 1240//1390 1238//1388 1241//1391 
f 1242//1392 1240//1390 1243//1393 
f 1244//1394 1242//1392 1245//1395 
f 1246//1396 1244//1394 1247//1397 
f 1248//1398 1246//1396 1249//1399 
f 1250//1400 1248//1398 1251//1401 
f 1252//1402 1250//1400 1253//1403 
f 1254//1404 1252//1402 1255//1405 
f 1256//1406 1254//1404 1257//1407 
f 1258//1408 1256//1406 1259//1409 
f 1260//1410 1258//1408 1261//1411 
f 1262//1412 1260//1410 1263//1413 
f 1264//1414 1262//1412 1265//1415 
f 1266//1416 1264//1414 1267//1417 
f 1268//1418 1266//1416 1269//1419 
f 1270//1420 1268//1418 1271//1421 
f 1272//1422 1270//1420 1273//1423 
f 1274//1424 1272//1422 1275//1425 
f 1276//1426 1274//1424 1277//1427 
f 1278//1428 1276//1426 1279//1429 
f 1280//1430 1278//1428 1281//1431 
f 1282//1432 1280//1430 1283//1433 
f 1170//1321 1282//1432 1284//1432 
f 1284//1432 1171//1321 1170//1321 
f 1283//1433 1284//1432 1282//1432 
f 1281//1431 1283//1433 1280//1430 
f 1279//1429 1281//1431 1278//1428 
f 1277//1427 1279//1429 1276//1426 
f 1275//1425 1277//1427 1274//1424 
f 1273//1423 1275//1425 1272//1422 
f 1271//1421 1273//1423 1270//1420 
f 1269//1419 1271//1421 1268//1418 
f 1267//1417 1269//1419 1266//1416 
f 1265//1415 1267//1417 1264//1414 
f 1263//1413 1265//1415 1262//1412 
f 1261//1411 1263//1413 1260//1410 
f 1259//1409 1261//1411 1258//1408 
f 1257//1407 1259//1409 1256//1406 
f 1255//1405 1257//1407 1254//1404 
f 1253//1403 1255//1405 1252//1402 
f 1251//1401 1253//1403 1250//1400 
f 1249//1399 1251//1401 1248//1398 
f 1247//1397 1249//1399 1246//1396 
f 1245//1395 1247//1397 1244//1394 
f 1243//1393 1245//1395 1242//1392 
f 1241//1391 1243//1393 1240//1390 
f 1239//1389 1241//1391 1238//1388 
f 1237//1387 1239//1389 1236//1386 
f 1235//1385 1237//1387 1234//1384 
f 1233//1383 1235//1385 1232//1382 
f 1231//1381 1233//1383 1230//1380 
f 1229//1379 1231//1381 1228//1378 
f 1227//1377 1229//1379 1226//1376 
f 1225//1375 1227//1377 1224//1374 
f 1223//1373 1225//1375 1222//1372 
f 1221//1371 1223//1373 1220//1370 
f 1219//1369 1221//1371 1218//1368 
f 1217//1367 1219//1369 1216//1366 
f 1215//1365 1217//1367 1214//1364 
f 1213//1363 1215//1365 1212//1362 
f 1211//1361 1213//1363 1210//1360 
f 1209//1359 1211//1361 1208//1358 
f 1207//1357 1209//1359 1206//1356 
f 1205//1355 1207//1357 1204//1354 
f 1203//1353 1205//1355 1202//1352 
f 1201//1351 1203//1353 1200//1350 
f 1199//1349 1201//1351 1198//1348 
f 1197//1347 1199//1349 1196//1346 
f 1195//1345 1197//1347 1194//1344 
f 1193//1343 1195//1345 1192//1342 
f 1191//1341 1193//1343 1190//1340 
f 1189//1339 1191//1341 1188//1338 
f 1187//1337 1189//1339 1186//1336 
f 1185//1335 1187//1337 1184//1334 
f 1183//1333 1185//1335 1182//1332 
f 1181//1331 1183//1333 1180//1330 
f 1179//1329 1181//1331 1178//1328 
f 1177//1327 1179//1329 1176//1326 
f 1175//1325 1177//1327 1174//1324 
f 1173//1323 1175//1325 1172//1322 
f 1171//1321 1173//1323 1169//1320 
o mesh22
f 1285//1434 1219//1434 1217//1434 
f 1286//1434 1185//1434 1183//1434 
f 1217//1434 1215//1434 1285//1434 
f 1285//1434 1223//1434 1221//1434 
f 1285//1434 1227//1434 1225//1434 
f 1285//1434 1287//1434 1229//1434 
f 1287//1434 1235//1434 1233//1434 
f 1287//1434 1239//1434 1237//1434 
f 1287//1434 1243//1434 1241//1434 
f 1286//1434 1181//1434 1179//1434 
f 1286//1434 1187//1434 1185//1434 
f 1285//1434 1207//1434 1205//1434 
f 1221//1434 1219//1434 1285//1434 
f 1229//1434 1227//1434 1285//1434 
f 1233//1434 1231//1434 1287//1434 
f 1241//1434 1239//1434 1287//1434 
f 1288//1434 1277//1434 1275//1434 
f 1286//1434 1177//1434 1175//1434 
f 1183//1434 1181//1434 1286//1434 
f 1286//1434 1197//1434 1195//1434 
f 1285//1434 1209//1434 1207//1434 
f 1285//1434 1213//1434 1211//1434 
f 1225//1434 1223//1434 1285//1434 
f 1237//1434 1235//1434 1287//1434 
f 1287//1434 1247//1434 1245//1434 
f 1287//1434 1255//1434 1253//1434 
f 1275//1434 1273//1434 1288//1434 
f 1288//1434 1281//1434 1279//1434 
f 1288//1434 1284//1434 1283//1434 
f 1288//1434 1286//1434 1171//1434 
f 1175//1434 1173//1434 1286//1434 
f 1286//1434 1189//1434 1187//1434 
f 1195//1434 1193//1434 1286//1434 
f 1211//1434 1209//1434 1285//1434 
f 1231//1434 1229//1434 1287//1434 
f 1287//1434 1249//1434 1247//1434 
f 1253//1434 1251//1434 1287//1434 
f 1279//1434 1277//1434 1288//1434 
f 1171//1434 1284//1434 1288//1434 
f 1179//1434 1177//1434 1286//1434 
f 1193//1434 1191//1434 1286//1434 
f 1215//1434 1213//1434 1285//1434 
f 1251//1434 1249//1434 1287//1434 
f 1288//1434 1265//1434 1263//1434 
f 1283//1434 1281//1434 1288//1434 
f 1191//1434 1189//1434 1286//1434 
f 1286//1434 1285//1434 1199//1434 
f 1245//1434 1243//1434 1287//1434 
f 1287//1434 1259//1434 1257//1434 
f 1288//1434 1261//1434 1259//1434 
f 1288//1434 1267//1434 1265//1434 
f 1288//1434 1271//1434 1269//1434 
f 1173//1434 1171//1434 1286//1434 
f 1285//1434 1201//1434 1199//1434 
f 1205//1434 1203//1434 1285//1434 
f 1259//1434 1287//1434 1288//1434 
f 1269//1434 1267//1434 1288//1434 
f 1199//1434 1197//1434 1286//1434 
f 1257//1434 1255//1434 1287//1434 
f 1273//1434 1271//1434 1288//1434 
f 1263//1434 1261//1434 1288//1434 
f 1203//1434 1201//1434 1285//1434 
o mesh23
f 1289//1435 1286//1435 1288//1435 
f 1288//1435 1290//1435 1289//1435 
o mesh24
f 1285//1434 1291//1436 1292//1437 
f 1285//1434 1286//1438 1291//1436 
f 1293//1437 1294//1439 1295//1440 
f 1293//1437 1292//1437 1294//1439 
f 1296//1440 1297//1441 1298//1442 
f 1296//1440 1295//1440 1297//1441 
f 1299//1442 1300//1443 1301//1444 
f 1299//1442 1298//1442 1300//1443 
f 1302//1444 1303//1445 1304//1446 
f 1302//1444 1301//1444 1303//1445 
f 1305//1446 1306//1447 1307//1448 
f 1305//1446 1304//1446 1306//1447 
f 1308//1448 1307//1448 1309//1449 
f 1310//1449 1309//1449 1311//1450 
f 1312//1450 1311//1450 1313//1451 
f 1314//1451 1313//1451 1315//1452 
f 1316//1452 1315//1452 1317//1453 
f 1318//1453 1317//1453 1319//1454 
f 1320//1454 1319//1454 1321//1455 
f 1322//1455 1321//1455 1323//1456 
f 1324//1456 1323//1456 1325//1457 
f 1325//1457 1326//1457 1324//1456 
f 1323//1456 1324//1456 1322//1455 
f 1321//1455 1322//1455 1320//1454 
f 1319//1454 1320//1454 1318//1453 
f 1317//1453 1318//1453 1316//1452 
f 1315//1452 1316//1452 1314//1451 
f 1313//1451 1314//1451 1312//1450 
f 1311//1450 1312//1450 1310//1449 
f 1309//1449 1310//1449 1308//1448 
f 1307//1448 1308//1448 1305//1446 
f 1304//1446 1305//1446 1302//1444 
f 1301//1444 1302//1444 1299//1442 
f 1298//1442 1299//1442 1296//1440 
f 1295//1440 1296//1440 1293//1437 
f 1292//1437 1293//1437 1285//1434 
o mesh25
f 1291//1458 1327//1458 1328//1459 
f 1291//1458 1289//1460 1327//1458 
f 1328//1459 1292//1459 1291//1458 
f 1329//1461 1330//1462 1295//1462 
f 1295//1462 1294//1461 1329//1461 
f 1292//1459 1328//1459 1329//1461 
f 1297//1463 1331//1463 1332//1464 
f 1297//1463 1330//1462 1331//1463 
f 1332//1464 1298//1464 1297//1463 
f 1333//1465 1334//1466 1301//1466 
f 1301//1466 1300//1465 1333//1465 
f 1298//1464 1332//1464 1333//1465 
f 1303//1467 1335//1467 1336//1468 
f 1303//1467 1334//1466 1335//1467 
f 1336//1468 1304//1468 1303//1467 
f 1306//1469 1337//1469 1338//1470 
f 1306//1469 1336//1468 1337//1469 
f 1338//1470 1307//1470 1306//1469 
f 1307//1470 1338//1470 1339//1471 
f 1309//1471 1339//1471 1340//1472 
f 1340//1472 1341//1473 1313//1473 
f 1313//1473 1341//1473 1342//1474 
f 1342//1474 1343//1475 1317//1475 
f 1343//1475 1344//1476 1319//1476 
f 1319//1476 1344//1476 1345//1477 
f 1321//1477 1345//1477 1346//1478 
f 1346//1478 1347//1479 1325//1479 
f 1325//1479 1323//1478 1346//1478 
f 1346//1478 1323//1478 1321//1477 
f 1345//1477 1321//1477 1319//1476 
f 1319//1476 1317//1475 1343//1475 
f 1317//1475 1315//1480 1342//1474 
f 1342//1474 1315//1480 1313//1473 
f 1313//1473 1311//1481 1340//1472 
f 1340//1472 1311//1481 1309//1471 
f 1339//1471 1309//1471 1307//1470 
f 1306//1469 1304//1468 1336//1468 
f 1303//1467 1301//1466 1334//1466 
f 1300//1465 1298//1464 1333//1465 
f 1297//1463 1295//1462 1330//1462 
f 1294//1461 1292//1459 1329//1461 
f 1291//1458 1286//1482 1289//1460 
o mesh26
f 1326//1483 1325//1483 1347//1483 
f 1347//1483 1348//1483 1326//1483 
o mesh27
f 1349//1484 1350//1485 1351//1486 
f 1378//1487 1351//1486 1352//1488 
f 1379//1489 1352//1488 1353//1490 
f 1380//1491 1353//1490 1354//1492 
f 1381//1493 1354//1492 1355//1494 
f 1382//1495 1355//1494 1356//1496 
f 1383//1497 1356//1496 1357//1498 
f 1384//1499 1357//1498 1358//1500 
f 1385//1501 1358//1500 1359//1502 
f 1386//1503 1359//1502 1360//1504 
f 1387//1505 1360//1504 1361//1506 
f 1388//1507 1361//1506 1362//1508 
f 1389//1509 1362//1508 1363//1510 
f 1390//1511 1363//1510 1364//1512 
f 1391//1513 1364//1512 1285//1514 
f 1365//1515 1349//1484 1378//1487 
f 1392//1516 1378//1487 1379//1489 
f 1393//1517 1379//1489 1380//1491 
f 1394//1518 1380//1491 1381//1493 
f 1395//1519 1381//1493 1382//1495 
f 1396//1520 1382//1495 1383//1497 
f 1397//1521 1383//1497 1384//1499 
f 1398//1522 1384//1499 1385//1501 
f 1399//1523 1385//1501 1386//1503 
f 1400//1524 1386//1503 1387//1505 
f 1401//1525 1387//1505 1388//1507 
f 1402//1526 1388//1507 1389//1509 
f 1403//1527 1389//1509 1390//1511 
f 1404//1528 1390//1511 1391//1513 
f 1405//1529 1391//1513 1293//1530 
f 1366//1531 1365//1515 1392//1516 
f 1406//1532 1392//1516 1393//1517 
f 1407//1533 1393//1517 1394//1518 
f 1408//1534 1394//1518 1395//1519 
f 1409//1535 1395//1519 1396//1520 
f 1410//1536 1396//1520 1397//1521 
f 1411//1537 1397//1521 1398//1522 
f 1412//1538 1398//1522 1399//1523 
f 1413//1539 1399//1523 1400//1524 
f 1414//1540 1400//1524 1401//1525 
f 1415//1541 1401//1525 1402//1526 
f 1416//1542 1402//1526 1403//1527 
f 1417//1543 1403//1527 1404//1528 
f 1418//1544 1404//1528 1405//1529 
f 1419//1545 1405//1529 1296//1546 
f 1367//1547 1366//1531 1406//1532 
f 1420//1548 1406//1532 1407//1533 
f 1421//1549 1407//1533 1408//1534 
f 1422//1550 1408//1534 1409//1535 
f 1423//1551 1409//1535 1410//1536 
f 1424//1552 1410//1536 1411//1537 
f 1425//1553 1411//1537 1412//1538 
f 1426//1554 1412//1538 1413//1539 
f 1427//1555 1413//1539 1414//1540 
f 1428//1556 1414//1540 1415//1541 
f 1429//1557 1415//1541 1416//1542 
f 1430//1558 1416//1542 1417//1543 
f 1431//1559 1417//1543 1418//1544 
f 1432//1560 1418//1544 1419//1545 
f 1433//1561 1419//1545 1299//1562 
f 1368//1563 1367//1547 1420//1548 
f 1434//1564 1420//1548 1421//1549 
f 1435//1565 1421//1549 1422//1550 
f 1436//1566 1422//1550 1423//1551 
f 1437//1567 1423//1551 1424//1552 
f 1438//1568 1424//1552 1425//1553 
f 1439//1569 1425//1553 1426//1554 
f 1440//1570 1426//1554 1427//1555 
f 1441//1571 1427//1555 1428//1556 
f 1442//1572 1428//1556 1429//1557 
f 1443//1573 1429//1557 1430//1558 
f 1444//1574 1430//1558 1431//1559 
f 1445//1575 1431//1559 1432//1560 
f 1446//1576 1432//1560 1433//1561 
f 1447//1577 1433//1561 1302//1578 
f 1369//1579 1368//1563 1434//1564 
f 1448//1580 1434//1564 1435//1565 
f 1449//1581 1435//1565 1436//1566 
f 1450//1582 1436//1566 1437//1567 
f 1451//1583 1437//1567 1438//1568 
f 1452//1584 1438//1568 1439//1569 
f 1453//1585 1439//1569 1440//1570 
f 1454//1586 1440//1570 1441//1571 
f 1455//1587 1441//1571 1442//1572 
f 1456//1588 1442//1572 1443//1573 
f 1457//1589 1443//1573 1444//1574 
f 1458//1590 1444//1574 1445//1575 
f 1459//1591 1445//1575 1446//1576 
f 1460//1592 1446//1576 1447//1577 
f 1461//1593 1447//1577 1305//1594 
f 1370//1595 1369//1579 1448//1580 
f 1462//1596 1448//1580 1449//1581 
f 1463//1597 1449//1581 1450//1582 
f 1464//1598 1450//1582 1451//1583 
f 1465//1599 1451//1583 1452//1584 
f 1466//1600 1452//1584 1453//1585 
f 1467//1601 1453//1585 1454//1586 
f 1468//1602 1454//1586 1455//1587 
f 1469//1603 1455//1587 1456//1588 
f 1470//1604 1456//1588 1457//1589 
f 1471//1605 1457//1589 1458//1590 
f 1472//1606 1458//1590 1459//1591 
f 1473//1607 1459//1591 1460//1592 
f 1474//1608 1460//1592 1461//1593 
f 1475//1609 1461//1593 1308//1610 
f 1371//1611 1370//1595 1462//1596 
f 1476//1612 1462//1596 1463//1597 
f 1477//1613 1463//1597 1464//1598 
f 1478//1614 1464//1598 1465//1599 
f 1479//1615 1465//1599 1466//1600 
f 1480//1616 1466//1600 1467//1601 
f 1481//1617 1467//1601 1468//1602 
f 1482//1618 1468//1602 1469//1603 
f 1483//1619 1469//1603 1470//1604 
f 1484//1620 1470//1604 1471//1605 
f 1485//1621 1471//1605 1472//1606 
f 1486//1622 1472//1606 1473//1607 
f 1487//1623 1473//1607 1474//1608 
f 1488//1624 1474//1608 1475//1609 
f 1489//1625 1475//1609 1310//1626 
f 1372//1627 1371//1611 1476//1612 
f 1490//1628 1476//1612 1477//1613 
f 1491//1629 1477//1613 1478//1614 
f 1492//1630 1478//1614 1479//1615 
f 1493//1631 1479//1615 1480//1616 
f 1494//1632 1480//1616 1481//1617 
f 1495//1633 1481//1617 1482//1618 
f 1496//1634 1482//1618 1483//1619 
f 1497//1635 1483//1619 1484//1620 
f 1498//1636 1484//1620 1485//1621 
f 1499//1637 1485//1621 1486//1622 
f 1500//1638 1486//1622 1487//1623 
f 1501//1639 1487//1623 1488//1624 
f 1502//1640 1488//1624 1489//1625 
f 1503//1641 1489//1625 1312//1642 
f 1373//1643 1372//1627 1490//1628 
f 1504//1644 1490//1628 1491//1629 
f 1505//1645 1491//1629 1492//1630 
f 1506//1646 1492//1630 1493//1631 
f 1507//1647 1493//1631 1494//1632 
f 1508//1648 1494//1632 1495//1633 
f 1509//1649 1495//1633 1496//1634 
f 1510//1650 1496//1634 1497//1635 
f 1511//1651 1497//1635 1498//1636 
f 1512//1652 1498//1636 1499//1637 
f 1513//1653 1499//1637 1500//1638 
f 1514//1654 1500//1638 1501//1639 
f 1515//1655 1501//1639 1502//1640 
f 1516//1656 1502//1640 1503//1641 
f 1517//1657 1503//1641 1314//1658 
f 1374//1659 1373//1643 1504//1644 
f 1518//1660 1504//1644 1505//1645 
f 1519//1661 1505//1645 1506//1646 
f 1520//1662 1506//1646 1507//1647 
f 1521//1663 1507//1647 1508//1648 
f 1522//1664 1508//1648 1509//1649 
f 1523//1665 1509//1649 1510//1650 
f 1524//1666 1510//1650 1511//1651 
f 1525//1667 1511//1651 1512//1652 
f 1526//1668 1512//1652 1513//1653 
f 1527//1669 1513//1653 1514//1654 
f 1528//1670 1514//1654 1515//1655 
f 1529//1671 1515//1655 1516//1656 
f 1530//1672 1516//1656 1517//1657 
f 1531//1673 1517//1657 1316//1674 
f 1375//1675 1374//1659 1518//1660 
f 1532//1676 1518//1660 1519//1661 
f 1533//1677 1519//1661 1520//1662 
f 1534//1678 1520//1662 1521//1663 
f 1535//1679 1521//1663 1522//1664 
f 1536//1680 1522//1664 1523//1665 
f 1537//1681 1523//1665 1524//1666 
f 1538//1682 1524//1666 1525//1667 
f 1539//1683 1525//1667 1526//1668 
f 1540//1684 1526//1668 1527//1669 
f 1541//1685 1527//1669 1528//1670 
f 1542//1686 1528//1670 1529//1671 
f 1543//1687 1529//1671 1530//1672 
f 1544//1688 1530//1672 1531//1673 
f 1545//1689 1531//1673 1318//1690 
f 1376//1691 1375//1675 1532//1676 
f 1546//1692 1532//1676 1533//1677 
f 1547//1693 1533//1677 1534//1678 
f 1548//1694 1534//1678 1535//1679 
f 1549//1695 1535//1679 1536//1680 
f 1550//1696 1536//1680 1537//1681 
f 1551//1697 1537//1681 1538//1682 
f 1552//1698 1538//1682 1539//1683 
f 1553//1699 1539//1683 1540//1684 
f 1554//1700 1540//1684 1541//1685 
f 1555//1701 1541//1685 1542//1686 
f 1556//1702 1542//1686 1543//1687 
f 1557//1703 1543//1687 1544//1688 
f 1558//1704 1544//1688 1545//1689 
f 1559//1705 1545//1689 1320//1706 
f 1377//1707 1376//1691 1546//1692 
f 1560//1708 1546//1692 1547//1693 
f 1561//1709 1547//1693 1548//1694 
f 1562//1710 1548//1694 1549//1695 
f 1563//1711 1549//1695 1550//1696 
f 1564//1712 1550//1696 1551//1697 
f 1565//1713 1551//1697 1552//1698 
f 1566//1714 1552//1698 1553//1699 
f 1567//1715 1553//1699 1554//1700 
f 1568//1716 1554//1700 1555//1701 
f 1569//1717 1555//1701 1556//1702 
f 1570//1718 1556//1702 1557//1703 
f 1571//1719 1557//1703 1558//1704 
f 1572//1720 1558//1704 1559//1705 
f 1573//1721 1559//1705 1322//1722 
f 1326//1723 1573//1721 1324//1724 
f 1326//1723 1572//1720 1573//1721 
f 1326//1723 1571//1719 1572//1720 
f 1326//1723 1570//1718 1571//1719 
f 1326//1723 1569//1717 1570//1718 
f 1326//1723 1568//1716 1569//1717 
f 1326//1723 1567//1715 1568//1716 
f 1326//1723 1566//1714 1567//1715 
f 1326//1723 1565//1713 1566//1714 
f 1326//1723 1564//1712 1565//1713 
f 1326//1723 1563//1711 1564//1712 
f 1326//1723 1562//1710 1563//1711 
f 1326//1723 1561//1709 1562//1710 
f 1326//1723 1560//1708 1561//1709 
f 1326//1723 1377//1707 1560//1708 
f 1322//1722 1324//1724 1573//1721 
f 1559//1705 1573//1721 1572//1720 
f 1558//1704 1572//1720 1571//1719 
f 1557//1703 1571//1719 1570//1718 
f 1556//1702 1570//1718 1569//1717 
f 1555//1701 1569//1717 1568//1716 
f 1554//1700 1568//1716 1567//1715 
f 1553//1699 1567//1715 1566//1714 
f 1552//1698 1566//1714 1565//1713 
f 1551//1697 1565//1713 1564//1712 
f 1550//1696 1564//1712 1563//1711 
f 1549//1695 1563//1711 1562//1710 
f 1548//1694 1562//1710 1561//1709 
f 1547//1693 1561//1709 1560//1708 
f 1546//1692 1560//1708 1377//1707 
f 1320//1706 1322//1722 1559//1705 
f 1545//1689 1559//1705 1558//1704 
f 1544//1688 1558//1704 1557//1703 
f 1543//1687 1557//1703 1556//1702 
f 1542//1686 1556//1702 1555//1701 
f 1541//1685 1555//1701 1554//1700 
f 1540//1684 1554//1700 1553//1699 
f 1539//1683 1553//1699 1552//1698 
f 1538//1682 1552//1698 1551//1697 
f 1537//1681 1551//1697 1550//1696 
f 1536//1680 1550//1696 1549//1695 
f 1535//1679 1549//1695 1548//1694 
f 1534//1678 1548//1694 1547//1693 
f 1533//1677 1547//1693 1546//1692 
f 1532//1676 1546//1692 1376//1691 
f 1318//1690 1320//1706 1545//1689 
f 1531//1673 1545//1689 1544//1688 
f 1530//1672 1544//1688 1543//1687 
f 1529//1671 1543//1687 1542//1686 
f 1528//1670 1542//1686 1541//1685 
f 1527//1669 1541//1685 1540//1684 
f 1526//1668 1540//1684 1539//1683 
f 1525//1667 1539//1683 1538//1682 
f 1524//1666 1538//1682 1537//1681 
f 1523//1665 1537//1681 1536//1680 
f 1522//1664 1536//1680 1535//1679 
f 1521//1663 1535//1679 1534//1678 
f 1520//1662 1534//1678 1533//1677 
f 1519//1661 1533//1677 1532//1676 
f 1518//1660 1532//1676 1375//1675 
f 1316//1674 1318//1690 1531//1673 
f 1517//1657 1531//1673 1530//1672 
f 1516//1656 1530//1672 1529//1671 
f 1515//1655 1529//1671 1528//1670 
f 1514//1654 1528//1670 1527//1669 
f 1513//1653 1527//1669 1526//1668 
f 1512//1652 1526//1668 1525//1667 
f 1511//1651 1525//1667 1524//1666 
f 1510//1650 1524//1666 1523//1665 
f 1509//1649 1523//1665 1522//1664 
f 1508//1648 1522//1664 1521//1663 
f 1507//1647 1521//1663 1520//1662 
f 1506//1646 1520//1662 1519//1661 
f 1505//1645 1519//1661 1518//1660 
f 1504//1644 1518//1660 1374//1659 
f 1314//1658 1316//1674 1517//1657 
f 1503//1641 1517//1657 1516//1656 
f 1502//1640 1516//1656 1515//1655 
f 1501//1639 1515//1655 1514//1654 
f 1500//1638 1514//1654 1513//1653 
f 1499//1637 1513//1653 1512//1652 
f 1498//1636 1512//1652 1511//1651 
f 1497//1635 1511//1651 1510//1650 
f 1496//1634 1510//1650 1509//1649 
f 1495//1633 1509//1649 1508//1648 
f 1494//1632 1508//1648 1507//1647 
f 1493//1631 1507//1647 1506//1646 
f 1492//1630 1506//1646 1505//1645 
f 1491//1629 1505//1645 1504//1644 
f 1490//1628 1504//1644 1373//1643 
f 1312//1642 1314//1658 1503//1641 
f 1489//1625 1503//1641 1502//1640 
f 1488//1624 1502//1640 1501//1639 
f 1487//1623 1501//1639 1500//1638 
f 1486//1622 1500//1638 1499//1637 
f 1485//1621 1499//1637 1498//1636 
f 1484//1620 1498//1636 1497//1635 
f 1483//1619 1497//1635 1496//1634 
f 1482//1618 1496//1634 1495//1633 
f 1481//1617 1495//1633 1494//1632 
f 1480//1616 1494//1632 1493//1631 
f 1479//1615 1493//1631 1492//1630 
f 1478//1614 1492//1630 1491//1629 
f 1477//1613 1491//1629 1490//1628 
f 1476//1612 1490//1628 1372//1627 
f 1310//1626 1312//1642 1489//1625 
f 1475//1609 1489//1625 1488//1624 
f 1474//1608 1488//1624 1487//1623 
f 1473//1607 1487//1623 1486//1622 
f 1472//1606 1486//1622 1485//1621 
f 1471//1605 1485//1621 1484//1620 
f 1470//1604 1484//1620 1483//1619 
f 1469//1603 1483//1619 1482//1618 
f 1468//1602 1482//1618 1481//1617 
f 1467//1601 1481//1617 1480//1616 
f 1466//1600 1480//1616 1479//1615 
f 1465//1599 1479//1615 1478//1614 
f 1464//1598 1478//1614 1477//1613 
f 1463//1597 1477//1613 1476//1612 
f 1462//1596 1476//1612 1371//1611 
f 1308//1610 1310//1626 1475//1609 
f 1461//1593 1475//1609 1474//1608 
f 1460//1592 1474//1608 1473//1607 
f 1459//1591 1473//1607 1472//1606 
f 1458//1590 1472//1606 1471//1605 
f 1457//1589 1471//1605 1470//1604 
f 1456//1588 1470//1604 1469//1603 
f 1455//1587 1469//1603 1468//1602 
f 1454//1586 1468//1602 1467//1601 
f 1453//1585 1467//1601 1466//1600 
f 1452//1584 1466//1600 1465//1599 
f 1451//1583 1465//1599 1464//1598 
f 1450//1582 1464//1598 1463//1597 
f 1449//1581 1463//1597 1462//1596 
f 1448//1580 1462//1596 1370//1595 
f 1305//1594 1308//1610 1461//1593 
f 1447//1577 1461//1593 1460//1592 
f 1446//1576 1460//1592 1459//1591 
f 1445//1575 1459//1591 1458//1590 
f 1444//1574 1458//1590 1457//1589 
f 1443//1573 1457//1589 1456//1588 
f 1442//1572 1456//1588 1455//1587 
f 1441//1571 1455//1587 1454//1586 
f 1440//1570 1454//1586 1453//1585 
f 1439//1569 1453//1585 1452//1584 
f 1438//1568 1452//1584 1451//1583 
f 1437//1567 1451//1583 1450//1582 
f 1436//1566 1450//1582 1449//1581 
f 1435//1565 1449//1581 1448//1580 
f 1434//1564 1448//1580 1369//1579 
f 1302//1578 1305//1594 1447//1577 
f 1433//1561 1447//1577 1446//1576 
f 1432//1560 1446//1576 1445//1575 
f 1431//1559 1445//1575 1444//1574 
f 1430//1558 1444//1574 1443//1573 
f 1429//1557 1443//1573 1442//1572 
f 1428//1556 1442//1572 1441//1571 
f 1427//1555 1441//1571 1440//1570 
f 1426//1554 1440//1570 1439//1569 
f 1425//1553 1439//1569 1438//1568 
f 1424//1552 1438//1568 1437//1567 
f 1423//1551 1437//1567 1436//1566 
f 1422//1550 1436//1566 1435//1565 
f 1421//1549 1435//1565 1434//1564 
f 1420//1548 1434//1564 1368//1563 
f 1299//1562 1302//1578 1433//1561 
f 1419//1545 1433//1561 1432//1560 
f 1418//1544 1432//1560 1431//1559 
f 1417//1543 1431//1559 1430//1558 
f 1416//1542 1430//1558 1429//1557 
f 1415//1541 1429//1557 1428//1556 
f 1414//1540 1428//1556 1427//1555 
f 1413//1539 1427//1555 1426//1554 
f 1412//1538 1426//1554 1425//1553 
f 1411//1537 1425//1553 1424//1552 
f 1410//1536 1424//1552 1423//1551 
f 1409//1535 1423//1551 1422//1550 
f 1408//1534 1422//1550 1421//1549 
f 1407//1533 1421//1549 1420//1548 
f 1406//1532 1420//1548 1367//1547 
f 1296//1546 1299//1562 1419//1545 
f 1405//1529 1419//1545 1418//1544 
f 1404//1528 1418//1544 1417//1543 
f 1403//1527 1417//1543 1416//1542 
f 1402//1526 1416//1542 1415//1541 
f 1401//1525 1415//1541 1414//1540 
f 1400//1524 1414//1540 1413//1539 
f 1399//1523 1413//1539 1412//1538 
f 1398//1522 1412//1538 1411//1537 
f 1397//1521 1411//1537 1410//1536 
f 1396//1520 1410//1536 1409//1535 
f 1395//1519 1409//1535 1408//1534 
f 1394//1518 1408//1534 1407//1533 
f 1393//1517 1407//1533 1406//1532 
f 1392//1516 1406//1532 1366//1531 
f 1293//1530 1296//1546 1405//1529 
f 1391//1513 1405//1529 1404//1528 
f 1390//1511 1404//1528 1403//1527 
f 1389//1509 1403//1527 1402//1526 
f 1388//1507 1402//1526 1401//1525 
f 1387//1505 1401//1525 1400//1524 
f 1386//1503 1400//1524 1399//1523 
f 1385//1501 1399//1523 1398//1522 
f 1384//1499 1398//1522 1397//1521 
f 1383//1497 1397//1521 1396//1520 
f 1382//1495 1396//1520 1395//1519 
f 1381//1493 1395//1519 1394//1518 
f 1380//1491 1394//1518 1393//1517 
f 1379//1489 1393//1517 1392//1516 
f 1378//1487 1392//1516 1365//1515 
f 1285//1514 1293//1530 1391//1513 
f 1364//1512 1391//1513 1390//1511 
f 1363//1510 1390//1511 1389//1509 
f 1362//1508 1389//1509 1388//1507 
f 1361//1506 1388//1507 1387//1505 
f 1360//1504 1387//1505 1386//1503 
f 1359//1502 1386//1503 1385//1501 
f 1358//1500 1385//1501 1384//1499 
f 1357//1498 1384//1499 1383//1497 
f 1356//1496 1383//1497 1382//1495 
f 1355//1494 1382//1495 1381//1493 
f 1354//1492 1381//1493 1380//1491 
f 1353//1490 1380//1491 1379//1489 
f 1352//1488 1379//1489 1378//1487 
f 1351//1486 1378//1487 1349//1484 
o mesh28
f 1574//1725 1348//1726 1347//1726 
f 1575//1727 1574//1725 1346//1728 
f 1576//1729 1575//1727 1345//1730 
f 1577//1731 1576//1729 1344//1732 
f 1578//1733 1577//1731 1343//1734 
f 1579//1735 1578//1733 1342//1736 
f 1580//1737 1579//1735 1341//1738 
f 1581//1739 1580//1737 1340//1740 
f 1582//1741 1581//1739 1339//1742 
f 1583//1743 1582//1741 1338//1744 
f 1338//1744 1337//1745 1583//1743 
f 1584//1746 1583//1743 1336//1747 
f 1336//1747 1335//1748 1584//1746 
f 1585//1749 1584//1746 1334//1750 
f 1334//1750 1333//1751 1585//1749 
f 1586//1752 1585//1749 1332//1753 
f 1332//1753 1331//1754 1586//1752 
f 1587//1755 1586//1752 1330//1756 
f 1330//1756 1329//1757 1587//1755 
f 1588//1758 1587//1755 1328//1759 
f 1328//1759 1327//1760 1588//1758 
f 1327//1760 1289//1761 1588//1758 
f 1329//1757 1328//1759 1587//1755 
f 1331//1754 1330//1756 1586//1752 
f 1333//1751 1332//1753 1585//1749 
f 1335//1748 1334//1750 1584//1746 
f 1337//1745 1336//1747 1583//1743 
f 1339//1742 1338//1744 1582//1741 
f 1340//1740 1339//1742 1581//1739 
f 1341//1738 1340//1740 1580//1737 
f 1342//1736 1341//1738 1579//1735 
f 1343//1734 1342//1736 1578//1733 
f 1344//1732 1343//1734 1577//1731 
f 1345//1730 1344//1732 1576//1729 
f 1346//1728 1345//1730 1575//1727 
f 1347//1726 1346//1728 1574//1725 
o mesh29
f 1326//1762 1348//1762 1589//1763 
f 1377//1763 1589//1763 1590//1764 
f 1376//1764 1590//1764 1591//1765 
f 1375//1765 1591//1765 1592//1766 
f 1374//1766 1592//1766 1593//1767 
f 1373//1767 1593//1767 1594//1768 
f 1372//1768 1594//1768 1595//1769 
f 1371//1769 1595//1769 1596//1770 
f 1370//1770 1596//1770 1597//1771 
f 1369//1771 1597//1771 1598//1772 
f 1368//1772 1598//1772 1599//1773 
f 1367//1773 1599//1773 1600//1774 
f 1366//1774 1600//1774 1601//1775 
f 1365//1775 1601//1775 1602//1776 
f 1349//1776 1602//1776 1603//1777 
f 1603//1777 1350//1777 1349//1776 
f 1602//1776 1349//1776 1365//1775 
f 1601//1775 1365//1775 1366//1774 
f 1600//1774 1366//1774 1367//1773 
f 1599//1773 1367//1773 1368//1772 
f 1598//1772 1368//1772 1369//1771 
f 1597//1771 1369//1771 1370//1770 
f 1596//1770 1370//1770 1371//1769 
f 1595//1769 1371//1769 1372//1768 
f 1594//1768 1372//1768 1373//1767 
f 1593//1767 1373//1767 1374//1766 
f 1592//1766 1374//1766 1375//1765 
f 1591//1765 1375//1765 1376//1764 
f 1590//1764 1376//1764 1377//1763 
f 1589//1763 1377//1763 1326//1762 
o mesh30
f 1287//1778 1285//1778 1364//1779 
f 1604//1779 1364//1779 1363//1780 
f 1605//1780 1363//1780 1362//1781 
f 1606//1781 1362//1781 1361//1782 
f 1607//1782 1361//1782 1360//1783 
f 1608//1783 1360//1783 1359//1784 
f 1609//1784 1359//1784 1358//1785 
f 1610//1785 1358//1785 1357//1786 
f 1611//1786 1357//1786 1356//1787 
f 1612//1787 1356//1787 1355//1788 
f 1613//1788 1355//1788 1354//1789 
f 1614//1789 1354//1789 1353//1790 
f 1615//1790 1353//1790 1352//1791 
f 1616//1791 1352//1791 1351//1792 
f 1617//1792 1351//1792 1350//1793 
f 1350//1793 1618//1793 1617//1792 
f 1351//1792 1617//1792 1616//1791 
f 1352//1791 1616//1791 1615//1790 
f 1353//1790 1615//1790 1614//1789 
f 1354//1789 1614//1789 1613//1788 
f 1355//1788 1613//1788 1612//1787 
f 1356//1787 1612//1787 1611//1786 
f 1357//1786 1611//1786 1610//1785 
f 1358//1785 1610//1785 1609//1784 
f 1359//1784 1609//1784 1608//1783 
f 1360//1783 1608//1783 1607//1782 
f 1361//1782 1607//1782 1606//1781 
f 1362//1781 1606//1781 1605//1780 
f 1363//1780 1605//1780 1604//1779 
f 1364//1779 1604//1779 1287//1778 
o mesh31
f 1619//1794 1620//1795 1621//1795 
f 1622//1796 1619//1794 1623//1797 
f 1624//1798 1622//1796 1625//1799 
f 1626//1800 1624//1798 1627//1801 
f 1628//1802 1626//1800 1629//1803 
f 1630//1804 1628//1802 1631//1805 
f 1632//1806 1630//1804 1633//1807 
f 1634//1808 1632//1806 1635//1809 
f 1636//1810 1634//1808 1637//1811 
f 1638//1812 1636//1810 1639//1813 
f 1639//1813 1640//1814 1638//1812 
f 1641//1815 1638//1812 1642//1816 
f 1642//1816 1643//1817 1641//1815 
f 1644//1818 1641//1815 1645//1819 
f 1645//1819 1646//1820 1644//1818 
f 1647//1821 1644//1818 1648//1822 
f 1648//1822 1649//1823 1647//1821 
f 1650//1824 1647//1821 1651//1825 
f 1651//1825 1652//1826 1650//1824 
f 1287//1827 1650//1824 1653//1828 
f 1653//1828 1654//1829 1287//1827 
f 1654//1829 1288//1830 1287//1827 
f 1652//1826 1653//1828 1650//1824 
f 1649//1823 1651//1825 1647//1821 
f 1646//1820 1648//1822 1644//1818 
f 1643//1817 1645//1819 1641//1815 
f 1640//1814 1642//1816 1638//1812 
f 1637//1811 1639//1813 1636//1810 
f 1635//1809 1637//1811 1634//1808 
f 1633//1807 1635//1809 1632//1806 
f 1631//1805 1633//1807 1630//1804 
f 1629//1803 1631//1805 1628//1802 
f 1627//1801 1629//1803 1626//1800 
f 1625//1799 1627//1801 1624//1798 
f 1623//1797 1625//1799 1622//1796 
f 1621//1795 1623//1797 1619//1794 
o mesh32
f 1655//1831 1623//1831 1621//1832 
f 1656//1833 1625//1833 1623//1831 
f 1627//1834 1625//1833 1656//1833 
f 1657//1835 1629//1835 1627//1834 
f 1658//1836 1631//1836 1629//1835 
f 1659//1837 1633//1837 1631//1836 
f 1660//1838 1635//1838 1633//1837 
f 1661//1839 1637//1839 1635//1838 
f 1662//1840 1639//1840 1637//1839 
f 1663//1841 1640//1841 1639//1840 
f 1639//1840 1662//1840 1663//1841 
f 1664//1842 1642//1842 1640//1841 
f 1665//1843 1643//1843 1642//1842 
f 1642//1842 1664//1842 1665//1843 
f 1666//1844 1645//1844 1643//1843 
f 1646//1845 1645//1844 1666//1844 
f 1666//1844 1667//1845 1646//1845 
f 1668//1846 1648//1846 1646//1845 
f 1669//1847 1649//1847 1648//1846 
f 1648//1846 1668//1846 1669//1847 
f 1670//1848 1651//1848 1649//1847 
f 1671//1849 1652//1849 1651//1848 
f 1651//1848 1670//1848 1671//1849 
f 1672//1850 1653//1850 1652//1849 
f 1673//1851 1654//1851 1653//1850 
f 1653//1850 1672//1850 1673//1851 
f 1290//1852 1288//1852 1654//1851 
f 1673//1851 1290//1852 1654//1851 
f 1671//1849 1672//1850 1652//1849 
f 1669//1847 1670//1848 1649//1847 
f 1667//1845 1668//1846 1646//1845 
f 1665//1843 1666//1844 1643//1843 
f 1663//1841 1664//1842 1640//1841 
f 1637//1839 1661//1839 1662//1840 
f 1635//1838 1660//1838 1661//1839 
f 1633//1837 1659//1837 1660//1838 
f 1631//1836 1658//1836 1659//1837 
f 1629//1835 1657//1835 1658//1836 
f 1627//1834 1674//1853 1657//1835 
f 1656//1833 1674//1853 1627//1834 
f 1623//1831 1655//1831 1656//1833 
f 1621//1832 1675//1854 1655//1831 
o mesh33
f 1289//1855 1178//1855 1180//1855 
f 1588//1855 1212//1855 1214//1855 
f 1180//1855 1182//1855 1289//1855 
f 1289//1855 1174//1855 1176//1855 
f 1588//1855 1224//1855 1226//1855 
f 1588//1855 1220//1855 1222//1855 
f 1588//1855 1216//1855 1218//1855 
f 1588//1855 1210//1855 1212//1855 
f 1588//1855 1200//1855 1202//1855 
f 1289//1855 1190//1855 1192//1855 
f 1176//1855 1178//1855 1289//1855 
f 1289//1855 1169//1855 1172//1855 
f 1289//1855 1290//1855 1170//1855 
f 1290//1855 1270//1855 1272//1855 
f 1222//1855 1224//1855 1588//1855 
f 1214//1855 1216//1855 1588//1855 
f 1588//1855 1206//1855 1208//1855 
f 1202//1855 1204//1855 1588//1855 
f 1289//1855 1188//1855 1190//1855 
f 1182//1855 1184//1855 1289//1855 
f 1170//1855 1169//1855 1289//1855 
f 1290//1855 1278//1855 1280//1855 
f 1290//1855 1274//1855 1276//1855 
f 1290//1855 1268//1855 1270//1855 
f 1218//1855 1220//1855 1588//1855 
f 1204//1855 1206//1855 1588//1855 
f 1588//1855 1196//1855 1198//1855 
f 1289//1855 1194//1855 1196//1855 
f 1289//1855 1186//1855 1188//1855 
f 1172//1855 1174//1855 1289//1855 
f 1280//1855 1282//1855 1290//1855 
f 1272//1855 1274//1855 1290//1855 
f 1208//1855 1210//1855 1588//1855 
f 1196//1855 1588//1855 1289//1855 
f 1184//1855 1186//1855 1289//1855 
f 1276//1855 1278//1855 1290//1855 
f 1290//1855 1258//1855 1260//1855 
f 1198//1855 1200//1855 1588//1855 
f 1282//1855 1170//1855 1290//1855 
f 1290//1855 1264//1855 1266//1855 
f 1260//1855 1262//1855 1290//1855 
f 1290//1855 1676//1855 1256//1855 
f 1676//1855 1248//1855 1250//1855 
f 1676//1855 1240//1855 1242//1855 
f 1676//1855 1236//1855 1238//1855 
f 1676//1855 1232//1855 1234//1855 
f 1676//1855 1228//1855 1230//1855 
f 1192//1855 1194//1855 1289//1855 
f 1262//1855 1264//1855 1290//1855 
f 1676//1855 1254//1855 1256//1855 
f 1676//1855 1246//1855 1248//1855 
f 1242//1855 1244//1855 1676//1855 
f 1234//1855 1236//1855 1676//1855 
f 1676//1855 1226//1855 1228//1855 
f 1266//1855 1268//1855 1290//1855 
f 1676//1855 1252//1855 1254//1855 
f 1244//1855 1246//1855 1676//1855 
f 1230//1855 1232//1855 1676//1855 
f 1256//1855 1258//1855 1290//1855 
f 1238//1855 1240//1855 1676//1855 
f 1250//1855 1252//1855 1676//1855 
f 1226//1855 1676//1855 1588//1855 
o mesh34
f 1587//1856 1588//1855 1677//1857 
f 1691//1858 1677//1857 1678//1859 
f 1692//1860 1678//1859 1679//1861 
f 1693//1862 1679//1861 1680//1863 
f 1694//1864 1680//1863 1681//1865 
f 1695//1866 1681//1865 1682//1867 
f 1696//1868 1682//1867 1683//1869 
f 1697//1870 1683//1869 1684//1871 
f 1698//1872 1684//1871 1685//1873 
f 1699//1874 1685//1873 1686//1875 
f 1700//1876 1686//1875 1687//1877 
f 1701//1878 1687//1877 1688//1879 
f 1702//1880 1688//1879 1689//1881 
f 1703//1882 1689//1881 1690//1883 
f 1704//1884 1690//1883 1603//1885 
f 1586//1886 1587//1856 1691//1858 
f 1705//1887 1691//1858 1692//1860 
f 1706//1888 1692//1860 1693//1862 
f 1707//1889 1693//1862 1694//1864 
f 1708//1890 1694//1864 1695//1866 
f 1709//1891 1695//1866 1696//1868 
f 1710//1892 1696//1868 1697//1870 
f 1711//1893 1697//1870 1698//1872 
f 1712//1894 1698//1872 1699//1874 
f 1713//1895 1699//1874 1700//1876 
f 1714//1896 1700//1876 1701//1878 
f 1715//1897 1701//1878 1702//1880 
f 1716//1898 1702//1880 1703//1882 
f 1717//1899 1703//1882 1704//1884 
f 1718//1900 1704//1884 1602//1901 
f 1585//1902 1586//1886 1705//1887 
f 1719//1903 1705//1887 1706//1888 
f 1720//1904 1706//1888 1707//1889 
f 1721//1905 1707//1889 1708//1890 
f 1722//1906 1708//1890 1709//1891 
f 1723//1907 1709//1891 1710//1892 
f 1724//1908 1710//1892 1711//1893 
f 1725//1909 1711//1893 1712//1894 
f 1726//1910 1712//1894 1713//1895 
f 1727//1911 1713//1895 1714//1896 
f 1728//1912 1714//1896 1715//1897 
f 1729//1913 1715//1897 1716//1898 
f 1730//1914 1716//1898 1717//1899 
f 1731//1915 1717//1899 1718//1900 
f 1732//1916 1718//1900 1601//1917 
f 1584//1918 1585//1902 1719//1903 
f 1733//1919 1719//1903 1720//1904 
f 1734//1920 1720//1904 1721//1905 
f 1735//1921 1721//1905 1722//1906 
f 1736//1922 1722//1906 1723//1907 
f 1737//1923 1723//1907 1724//1908 
f 1738//1924 1724//1908 1725//1909 
f 1739//1925 1725//1909 1726//1910 
f 1740//1926 1726//1910 1727//1911 
f 1741//1927 1727//1911 1728//1912 
f 1742//1928 1728//1912 1729//1913 
f 1743//1929 1729//1913 1730//1914 
f 1744//1930 1730//1914 1731//1915 
f 1745//1931 1731//1915 1732//1916 
f 1746//1932 1732//1916 1600//1933 
f 1583//1934 1584//1918 1733//1919 
f 1747//1935 1733//1919 1734//1920 
f 1748//1936 1734//1920 1735//1921 
f 1749//1937 1735//1921 1736//1922 
f 1750//1938 1736//1922 1737//1923 
f 1751//1939 1737//1923 1738//1924 
f 1752//1940 1738//1924 1739//1925 
f 1753//1941 1739//1925 1740//1926 
f 1754//1942 1740//1926 1741//1927 
f 1755//1943 1741//1927 1742//1928 
f 1756//1944 1742//1928 1743//1929 
f 1757//1945 1743//1929 1744//1930 
f 1758//1946 1744//1930 1745//1931 
f 1759//1947 1745//1931 1746//1932 
f 1760//1948 1746//1932 1599//1949 
f 1582//1950 1583//1934 1747//1935 
f 1761//1951 1747//1935 1748//1936 
f 1762//1952 1748//1936 1749//1937 
f 1763//1953 1749//1937 1750//1938 
f 1764//1954 1750//1938 1751//1939 
f 1765//1955 1751//1939 1752//1940 
f 1766//1956 1752//1940 1753//1941 
f 1767//1957 1753//1941 1754//1942 
f 1768//1958 1754//1942 1755//1943 
f 1769//1959 1755//1943 1756//1944 
f 1770//1960 1756//1944 1757//1945 
f 1771//1961 1757//1945 1758//1946 
f 1772//1962 1758//1946 1759//1947 
f 1773//1963 1759//1947 1760//1948 
f 1774//1964 1760//1948 1598//1965 
f 1581//1966 1582//1950 1761//1951 
f 1775//1967 1761//1951 1762//1952 
f 1776//1968 1762//1952 1763//1953 
f 1777//1969 1763//1953 1764//1954 
f 1778//1970 1764//1954 1765//1955 
f 1779//1971 1765//1955 1766//1956 
f 1780//1972 1766//1956 1767//1957 
f 1781//1973 1767//1957 1768//1958 
f 1782//1974 1768//1958 1769//1959 
f 1783//1975 1769//1959 1770//1960 
f 1784//1976 1770//1960 1771//1961 
f 1785//1977 1771//1961 1772//1962 
f 1786//1978 1772//1962 1773//1963 
f 1787//1979 1773//1963 1774//1964 
f 1788//1980 1774//1964 1597//1981 
f 1580//1982 1581//1966 1775//1967 
f 1789//1983 1775//1967 1776//1968 
f 1790//1984 1776//1968 1777//1969 
f 1791//1985 1777//1969 1778//1970 
f 1792//1986 1778//1970 1779//1971 
f 1793//1987 1779//1971 1780//1972 
f 1794//1988 1780//1972 1781//1973 
f 1795//1989 1781//1973 1782//1974 
f 1796//1990 1782//1974 1783//1975 
f 1797//1991 1783//1975 1784//1976 
f 1798//1992 1784//1976 1785//1977 
f 1799//1993 1785//1977 1786//1978 
f 1800//1994 1786//1978 1787//1979 
f 1801//1995 1787//1979 1788//1980 
f 1802//1996 1788//1980 1596//1997 
f 1579//1998 1580//1982 1789//1983 
f 1803//1999 1789//1983 1790//1984 
f 1804//2000 1790//1984 1791//1985 
f 1805//2001 1791//1985 1792//1986 
f 1806//2002 1792//1986 1793//1987 
f 1807//2003 1793//1987 1794//1988 
f 1808//2004 1794//1988 1795//1989 
f 1809//2005 1795//1989 1796//1990 
f 1810//2006 1796//1990 1797//1991 
f 1811//2007 1797//1991 1798//1992 
f 1812//2008 1798//1992 1799//1993 
f 1813//2009 1799//1993 1800//1994 
f 1814//2010 1800//1994 1801//1995 
f 1815//2011 1801//1995 1802//1996 
f 1816//2012 1802//1996 1595//2013 
f 1578//2014 1579//1998 1803//1999 
f 1817//2015 1803//1999 1804//2000 
f 1818//2016 1804//2000 1805//2001 
f 1819//2017 1805//2001 1806//2002 
f 1820//2018 1806//2002 1807//2003 
f 1821//2019 1807//2003 1808//2004 
f 1822//2020 1808//2004 1809//2005 
f 1823//2021 1809//2005 1810//2006 
f 1824//2022 1810//2006 1811//2007 
f 1825//2023 1811//2007 1812//2008 
f 1826//2024 1812//2008 1813//2009 
f 1827//2025 1813//2009 1814//2010 
f 1828//2026 1814//2010 1815//2011 
f 1829//2027 1815//2011 1816//2012 
f 1830//2028 1816//2012 1594//2029 
f 1577//2030 1578//2014 1817//2015 
f 1831//2031 1817//2015 1818//2016 
f 1832//2032 1818//2016 1819//2017 
f 1833//2033 1819//2017 1820//2018 
f 1834//2034 1820//2018 1821//2019 
f 1835//2035 1821//2019 1822//2020 
f 1836//2036 1822//2020 1823//2021 
f 1837//2037 1823//2021 1824//2022 
f 1838//2038 1824//2022 1825//2023 
f 1839//2039 1825//2023 1826//2024 
f 1840//2040 1826//2024 1827//2025 
f 1841//2041 1827//2025 1828//2026 
f 1842//2042 1828//2026 1829//2027 
f 1843//2043 1829//2027 1830//2028 
f 1844//2044 1830//2028 1593//2045 
f 1576//2046 1577//2030 1831//2031 
f 1845//2047 1831//2031 1832//2032 
f 1846//2048 1832//2032 1833//2033 
f 1847//2049 1833//2033 1834//2034 
f 1848//2050 1834//2034 1835//2035 
f 1849//2051 1835//2035 1836//2036 
f 1850//2052 1836//2036 1837//2037 
f 1851//2053 1837//2037 1838//2038 
f 1852//2054 1838//2038 1839//2039 
f 1853//2055 1839//2039 1840//2040 
f 1854//2056 1840//2040 1841//2041 
f 1855//2057 1841//2041 1842//2042 
f 1856//2058 1842//2042 1843//2043 
f 1857//2059 1843//2043 1844//2044 
f 1858//2060 1844//2044 1592//2061 
f 1575//2062 1576//2046 1845//2047 
f 1859//2063 1845//2047 1846//2048 
f 1860//2064 1846//2048 1847//2049 
f 1861//2065 1847//2049 1848//2050 
f 1862//2066 1848//2050 1849//2051 
f 1863//2067 1849//2051 1850//2052 
f 1864//2068 1850//2052 1851//2053 
f 1865//2069 1851//2053 1852//2054 
f 1866//2070 1852//2054 1853//2055 
f 1867//2071 1853//2055 1854//2056 
f 1868//2072 1854//2056 1855//2057 
f 1869//2073 1855//2057 1856//2058 
f 1870//2074 1856//2058 1857//2059 
f 1871//2075 1857//2059 1858//2060 
f 1872//2076 1858//2060 1591//2077 
f 1574//2078 1575//2062 1859//2063 
f 1873//2079 1859//2063 1860//2064 
f 1874//2080 1860//2064 1861//2065 
f 1875//2081 1861//2065 1862//2066 
f 1876//2082 1862//2066 1863//2067 
f 1877//2083 1863//2067 1864//2068 
f 1878//2084 1864//2068 1865//2069 
f 1879//2085 1865//2069 1866//2070 
f 1880//2086 1866//2070 1867//2071 
f 1881//2087 1867//2071 1868//2072 
f 1882//2088 1868//2072 1869//2073 
f 1883//2089 1869//2073 1870//2074 
f 1884//2090 1870//2074 1871//2075 
f 1885//2091 1871//2075 1872//2076 
f 1886//2092 1872//2076 1590//2093 
f 1348//2094 1886//2092 1589//2095 
f 1348//2094 1885//2091 1886//2092 
f 1348//2094 1884//2090 1885//2091 
f 1348//2094 1883//2089 1884//2090 
f 1348//2094 1882//2088 1883//2089 
f 1348//2094 1881//2087 1882//2088 
f 1348//2094 1880//2086 1881//2087 
f 1348//2094 1879//2085 1880//2086 
f 1348//2094 1878//2084 1879//2085 
f 1348//2094 1877//2083 1878//2084 
f 1348//2094 1876//2082 1877//2083 
f 1348//2094 1875//2081 1876//2082 
f 1348//2094 1874//2080 1875//2081 
f 1348//2094 1873//2079 1874//2080 
f 1348//2094 1574//2078 1873//2079 
f 1590//2093 1589//2095 1886//2092 
f 1872//2076 1886//2092 1885//2091 
f 1871//2075 1885//2091 1884//2090 
f 1870//2074 1884//2090 1883//2089 
f 1869//2073 1883//2089 1882//2088 
f 1868//2072 1882//2088 1881//2087 
f 1867//2071 1881//2087 1880//2086 
f 1866//2070 1880//2086 1879//2085 
f 1865//2069 1879//2085 1878//2084 
f 1864//2068 1878//2084 1877//2083 
f 1863//2067 1877//2083 1876//2082 
f 1862//2066 1876//2082 1875//2081 
f 1861//2065 1875//2081 1874//2080 
f 1860//2064 1874//2080 1873//2079 
f 1859//2063 1873//2079 1574//2078 
f 1591//2077 1590//2093 1872//2076 
f 1858//2060 1872//2076 1871//2075 
f 1857//2059 1871//2075 1870//2074 
f 1856//2058 1870//2074 1869//2073 
f 1855//2057 1869//2073 1868//2072 
f 1854//2056 1868//2072 1867//2071 
f 1853//2055 1867//2071 1866//2070 
f 1852//2054 1866//2070 1865//2069 
f 1851//2053 1865//2069 1864//2068 
f 1850//2052 1864//2068 1863//2067 
f 1849//2051 1863//2067 1862//2066 
f 1848//2050 1862//2066 1861//2065 
f 1847//2049 1861//2065 1860//2064 
f 1846//2048 1860//2064 1859//2063 
f 1845//2047 1859//2063 1575//2062 
f 1592//2061 1591//2077 1858//2060 
f 1844//2044 1858//2060 1857//2059 
f 1843//2043 1857//2059 1856//2058 
f 1842//2042 1856//2058 1855//2057 
f 1841//2041 1855//2057 1854//2056 
f 1840//2040 1854//2056 1853//2055 
f 1839//2039 1853//2055 1852//2054 
f 1838//2038 1852//2054 1851//2053 
f 1837//2037 1851//2053 1850//2052 
f 1836//2036 1850//2052 1849//2051 
f 1835//2035 1849//2051 1848//2050 
f 1834//2034 1848//2050 1847//2049 
f 1833//2033 1847//2049 1846//2048 
f 1832//2032 1846//2048 1845//2047 
f 1831//2031 1845//2047 1576//2046 
f 1593//2045 1592//2061 1844//2044 
f 1830//2028 1844//2044 1843//2043 
f 1829//2027 1843//2043 1842//2042 
f 1828//2026 1842//2042 1841//2041 
f 1827//2025 1841//2041 1840//2040 
f 1826//2024 1840//2040 1839//2039 
f 1825//2023 1839//2039 1838//2038 
f 1824//2022 1838//2038 1837//2037 
f 1823//2021 1837//2037 1836//2036 
f 1822//2020 1836//2036 1835//2035 
f 1821//2019 1835//2035 1834//2034 
f 1820//2018 1834//2034 1833//2033 
f 1819//2017 1833//2033 1832//2032 
f 1818//2016 1832//2032 1831//2031 
f 1817//2015 1831//2031 1577//2030 
f 1594//2029 1593//2045 1830//2028 
f 1816//2012 1830//2028 1829//2027 
f 1815//2011 1829//2027 1828//2026 
f 1814//2010 1828//2026 1827//2025 
f 1813//2009 1827//2025 1826//2024 
f 1812//2008 1826//2024 1825//2023 
f 1811//2007 1825//2023 1824//2022 
f 1810//2006 1824//2022 1823//2021 
f 1809//2005 1823//2021 1822//2020 
f 1808//2004 1822//2020 1821//2019 
f 1807//2003 1821//2019 1820//2018 
f 1806//2002 1820//2018 1819//2017 
f 1805//2001 1819//2017 1818//2016 
f 1804//2000 1818//2016 1817//2015 
f 1803//1999 1817//2015 1578//2014 
f 1595//2013 1594//2029 1816//2012 
f 1802//1996 1816//2012 1815//2011 
f 1801//1995 1815//2011 1814//2010 
f 1800//1994 1814//2010 1813//2009 
f 1799//1993 1813//2009 1812//2008 
f 1798//1992 1812//2008 1811//2007 
f 1797//1991 1811//2007 1810//2006 
f 1796//1990 1810//2006 1809//2005 
f 1795//1989 1809//2005 1808//2004 
f 1794//1988 1808//2004 1807//2003 
f 1793//1987 1807//2003 1806//2002 
f 1792//1986 1806//2002 1805//2001 
f 1791//1985 1805//2001 1804//2000 
f 1790//1984 1804//2000 1803//1999 
f 1789//1983 1803//1999 1579//1998 
f 1596//1997 1595//2013 1802//1996 
f 1788//1980 1802//1996 1801//1995 
f 1787//1979 1801//1995 1800//1994 
f 1786//1978 1800//1994 1799//1993 
f 1785//1977 1799//1993 1798//1992 
f 1784//1976 1798//1992 1797//1991 
f 1783//1975 1797//1991 1796//1990 
f 1782//1974 1796//1990 1795//1989 
f 1781//1973 1795//1989 1794//1988 
f 1780//1972 1794//1988 1793//1987 
f 1779//1971 1793//1987 1792//1986 
f 1778//1970 1792//1986 1791//1985 
f 1777//1969 1791//1985 1790//1984 
f 1776//1968 1790//1984 1789//1983 
f 1775//1967 1789//1983 1580//1982 
f 1597//1981 1596//1997 1788//1980 
f 1774//1964 1788//1980 1787//1979 
f 1773//1963 1787//1979 1786//1978 
f 1772//1962 1786//1978 1785//1977 
f 1771//1961 1785//1977 1784//1976 
f 1770//1960 1784//1976 1783//1975 
f 1769//1959 1783//1975 1782//1974 
f 1768//1958 1782//1974 1781//1973 
f 1767//1957 1781//1973 1780//1972 
f 1766//1956 1780//1972 1779//1971 
f 1765//1955 1779//1971 1778//1970 
f 1764//1954 1778//1970 1777//1969 
f 1763//1953 1777//1969 1776//1968 
f 1762//1952 1776//1968 1775//1967 
f 1761//1951 1775//1967 1581//1966 
f 1598//1965 1597//1981 1774//1964 
f 1760//1948 1774//1964 1773//1963 
f 1759//1947 1773//1963 1772//1962 
f 1758//1946 1772//1962 1771//1961 
f 1757//1945 1771//1961 1770//1960 
f 1756//1944 1770//1960 1769//1959 
f 1755//1943 1769//1959 1768//1958 
f 1754//1942 1768//1958 1767//1957 
f 1753//1941 1767//1957 1766//1956 
f 1752//1940 1766//1956 1765//1955 
f 1751//1939 1765//1955 1764//1954 
f 1750//1938 1764//1954 1763//1953 
f 1749//1937 1763//1953 1762//1952 
f 1748//1936 1762//1952 1761//1951 
f 1747//1935 1761//1951 1582//1950 
f 1599//1949 1598//1965 1760//1948 
f 1746//1932 1760//1948 1759//1947 
f 1745//1931 1759//1947 1758//1946 
f 1744//1930 1758//1946 1757//1945 
f 1743//1929 1757//1945 1756//1944 
f 1742//1928 1756//1944 1755//1943 
f 1741//1927 1755//1943 1754//1942 
f 1740//1926 1754//1942 1753//1941 
f 1739//1925 1753//1941 1752//1940 
f 1738//1924 1752//1940 1751//1939 
f 1737//1923 1751//1939 1750//1938 
f 1736//1922 1750//1938 1749//1937 
f 1735//1921 1749//1937 1748//1936 
f 1734//1920 1748//1936 1747//1935 
f 1733//1919 1747//1935 1583//1934 
f 1600//1933 1599//1949 1746//1932 
f 1732//1916 1746//1932 1745//1931 
f 1731//1915 1745//1931 1744//1930 
f 1730//1914 1744//1930 1743//1929 
f 1729//1913 1743//1929 1742//1928 
f 1728//1912 1742//1928 1741//1927 
f 1727//1911 1741//1927 1740//1926 
f 1726//1910 1740//1926 1739//1925 
f 1725//1909 1739//1925 1738//1924 
f 1724//1908 1738//1924 1737//1923 
f 1723//1907 1737//1923 1736//1922 
f 1722//1906 1736//1922 1735//1921 
f 1721//1905 1735//1921 1734//1920 
f 1720//1904 1734//1920 1733//1919 
f 1719//1903 1733//1919 1584//1918 
f 1601//1917 1600//1933 1732//1916 
f 1718//1900 1732//1916 1731//1915 
f 1717//1899 1731//1915 1730//1914 
f 1716//1898 1730//1914 1729//1913 
f 1715//1897 1729//1913 1728//1912 
f 1714//1896 1728//1912 1727//1911 
f 1713//1895 1727//1911 1726//1910 
f 1712//1894 1726//1910 1725//1909 
f 1711//1893 1725//1909 1724//1908 
f 1710//1892 1724//1908 1723//1907 
f 1709//1891 1723//1907 1722//1906 
f 1708//1890 1722//1906 1721//1905 
f 1707//1889 1721//1905 1720//1904 
f 1706//1888 1720//1904 1719//1903 
f 1705//1887 1719//1903 1585//1902 
f 1602//1901 1601//1917 1718//1900 
f 1704//1884 1718//1900 1717//1899 
f 1703//1882 1717//1899 1716//1898 
f 1702//1880 1716//1898 1715//1897 
f 1701//1878 1715//1897 1714//1896 
f 1700//1876 1714//1896 1713//1895 
f 1699//1874 1713//1895 1712//1894 
f 1698//1872 1712//1894 1711//1893 
f 1697//1870 1711//1893 1710//1892 
f 1696//1868 1710//1892 1709//1891 
f 1695//1866 1709//1891 1708//1890 
f 1694//1864 1708//1890 1707//1889 
f 1693//1862 1707//1889 1706//1888 
f 1692//1860 1706//1888 1705//1887 
f 1691//1858 1705//1887 1586//1886 
f 1603//1885 1602//1901 1704//1884 
f 1690//1883 1704//1884 1703//1882 
f 1689//1881 1703//1882 1702//1880 
f 1688//1879 1702//1880 1701//1878 
f 1687//1877 1701//1878 1700//1876 
f 1686//1875 1700//1876 1699//1874 
f 1685//1873 1699//1874 1698//1872 
f 1684//1871 1698//1872 1697//1870 
f 1683//1869 1697//1870 1696//1868 
f 1682//1867 1696//1868 1695//1866 
f 1681//1865 1695//1866 1694//1864 
f 1680//1863 1694//1864 1693//1862 
f 1679//1861 1693//1862 1692//1860 
f 1678//1859 1692//1860 1691//1858 
f 1677//1857 1691//1858 1587//1856 
o mesh35
f 1618//2096 1350//2096 1603//2096 
f 1603//2096 1887//2096 1618//2096 
o mesh36
f 1621//2097 1620//2097 1888//2097 
f 1888//2097 1675//2097 1621//2097 
o mesh37
f 1889//2098 1620//2097 1619//2099 
f 1903//2100 1619//2099 1622//2101 
f 1904//2102 1622//2101 1624//2103 
f 1905//2104 1624//2103 1626//2105 
f 1906//2106 1626//2105 1628//2107 
f 1907//2108 1628//2107 1630//2109 
f 1908//2110 1630//2109 1632//2111 
f 1909//2112 1632//2111 1634//2113 
f 1910//2114 1634//2113 1636//2115 
f 1911//2116 1636//2115 1638//2117 
f 1912//2118 1638//2117 1641//2119 
f 1913//2120 1641//2119 1644//2121 
f 1914//2122 1644//2121 1647//2123 
f 1915//2124 1647//2123 1650//2125 
f 1916//2126 1650//2125 1287//2127 
f 1890//2128 1889//2098 1903//2100 
f 1917//2129 1903//2100 1904//2102 
f 1918//2130 1904//2102 1905//2104 
f 1919//2131 1905//2104 1906//2106 
f 1920//2132 1906//2106 1907//2108 
f 1921//2133 1907//2108 1908//2110 
f 1922//2134 1908//2110 1909//2112 
f 1923//2135 1909//2112 1910//2114 
f 1924//2136 1910//2114 1911//2116 
f 1925//2137 1911//2116 1912//2118 
f 1926//2138 1912//2118 1913//2120 
f 1927//2139 1913//2120 1914//2122 
f 1928//2140 1914//2122 1915//2124 
f 1929//2141 1915//2124 1916//2126 
f 1930//2142 1916//2126 1604//2143 
f 1891//2144 1890//2128 1917//2129 
f 1931//2145 1917//2129 1918//2130 
f 1932//2146 1918//2130 1919//2131 
f 1933//2147 1919//2131 1920//2132 
f 1934//2148 1920//2132 1921//2133 
f 1935//2149 1921//2133 1922//2134 
f 1936//2150 1922//2134 1923//2135 
f 1937//2151 1923//2135 1924//2136 
f 1938//2152 1924//2136 1925//2137 
f 1939//2153 1925//2137 1926//2138 
f 1940//2154 1926//2138 1927//2139 
f 1941//2155 1927//2139 1928//2140 
f 1942//2156 1928//2140 1929//2141 
f 1943//2157 1929//2141 1930//2142 
f 1944//2158 1930//2142 1605//2159 
f 1892//2160 1891//2144 1931//2145 
f 1945//2161 1931//2145 1932//2146 
f 1946//2162 1932//2146 1933//2147 
f 1947//2163 1933//2147 1934//2148 
f 1948//2164 1934//2148 1935//2149 
f 1949//2165 1935//2149 1936//2150 
f 1950//2166 1936//2150 1937//2151 
f 1951//2167 1937//2151 1938//2152 
f 1952//2168 1938//2152 1939//2153 
f 1953//2169 1939//2153 1940//2154 
f 1954//2170 1940//2154 1941//2155 
f 1955//2171 1941//2155 1942//2156 
f 1956//2172 1942//2156 1943//2157 
f 1957//2173 1943//2157 1944//2158 
f 1958//2174 1944//2158 1606//2175 
f 1893//2176 1892//2160 1945//2161 
f 1959//2177 1945//2161 1946//2162 
f 1960//2178 1946//2162 1947//2163 
f 1961//2179 1947//2163 1948//2164 
f 1962//2180 1948//2164 1949//2165 
f 1963//2181 1949//2165 1950//2166 
f 1964//2182 1950//2166 1951//2167 
f 1965//2183 1951//2167 1952//2168 
f 1966//2184 1952//2168 1953//2169 
f 1967//2185 1953//2169 1954//2170 
f 1968//2186 1954//2170 1955//2171 
f 1969//2187 1955//2171 1956//2172 
f 1970//2188 1956//2172 1957//2173 
f 1971//2189 1957//2173 1958//2174 
f 1972//2190 1958//2174 1607//2191 
f 1894//2192 1893//2176 1959//2177 
f 1973//2193 1959//2177 1960//2178 
f 1974//2194 1960//2178 1961//2179 
f 1975//2195 1961//2179 1962//2180 
f 1976//2196 1962//2180 1963//2181 
f 1977//2197 1963//2181 1964//2182 
f 1978//2198 1964//2182 1965//2183 
f 1979//2199 1965//2183 1966//2184 
f 1980//2200 1966//2184 1967//2185 
f 1981//2201 1967//2185 1968//2186 
f 1982//2202 1968//2186 1969//2187 
f 1983//2203 1969//2187 1970//2188 
f 1984//2204 1970//2188 1971//2189 
f 1985//2205 1971//2189 1972//2190 
f 1986//2206 1972//2190 1608//2207 
f 1895//2208 1894//2192 1973//2193 
f 1987//2209 1973//2193 1974//2194 
f 1988//2210 1974//2194 1975//2195 
f 1989//2211 1975//2195 1976//2196 
f 1990//2212 1976//2196 1977//2197 
f 1991//2213 1977//2197 1978//2198 
f 1992//2214 1978//2198 1979//2199 
f 1993//2215 1979//2199 1980//2200 
f 1994//2216 1980//2200 1981//2201 
f 1995//2217 1981//2201 1982//2202 
f 1996//2218 1982//2202 1983//2203 
f 1997//2219 1983//2203 1984//2204 
f 1998//2220 1984//2204 1985//2205 
f 1999//2221 1985//2205 1986//2206 
f 2000//2222 1986//2206 1609//2223 
f 1896//2224 1895//2208 1987//2209 
f 2001//2225 1987//2209 1988//2210 
f 2002//2226 1988//2210 1989//2211 
f 2003//2227 1989//2211 1990//2212 
f 2004//2228 1990//2212 1991//2213 
f 2005//2229 1991//2213 1992//2214 
f 2006//2230 1992//2214 1993//2215 
f 2007//2231 1993//2215 1994//2216 
f 2008//2232 1994//2216 1995//2217 
f 2009//2233 1995//2217 1996//2218 
f 2010//2234 1996//2218 1997//2219 
f 2011//2235 1997//2219 1998//2220 
f 2012//2236 1998//2220 1999//2221 
f 2013//2237 1999//2221 2000//2222 
f 2014//2238 2000//2222 1610//2239 
f 1897//2240 1896//2224 2001//2225 
f 2015//2241 2001//2225 2002//2226 
f 2016//2242 2002//2226 2003//2227 
f 2017//2243 2003//2227 2004//2228 
f 2018//2244 2004//2228 2005//2229 
f 2019//2245 2005//2229 2006//2230 
f 2020//2246 2006//2230 2007//2231 
f 2021//2247 2007//2231 2008//2232 
f 2022//2248 2008//2232 2009//2233 
f 2023//2249 2009//2233 2010//2234 
f 2024//2250 2010//2234 2011//2235 
f 2025//2251 2011//2235 2012//2236 
f 2026//2252 2012//2236 2013//2237 
f 2027//2253 2013//2237 2014//2238 
f 2028//2254 2014//2238 1611//2255 
f 1898//2256 1897//2240 2015//2241 
f 2029//2257 2015//2241 2016//2242 
f 2030//2258 2016//2242 2017//2243 
f 2031//2259 2017//2243 2018//2244 
f 2032//2260 2018//2244 2019//2245 
f 2033//2261 2019//2245 2020//2246 
f 2034//2262 2020//2246 2021//2247 
f 2035//2263 2021//2247 2022//2248 
f 2036//2264 2022//2248 2023//2249 
f 2037//2265 2023//2249 2024//2250 
f 2038//2266 2024//2250 2025//2251 
f 2039//2267 2025//2251 2026//2252 
f 2040//2268 2026//2252 2027//2253 
f 2041//2269 2027//2253 2028//2254 
f 2042//2270 2028//2254 1612//2271 
f 1899//2272 1898//2256 2029//2257 
f 2043//2273 2029//2257 2030//2258 
f 2044//2274 2030//2258 2031//2259 
f 2045//2275 2031//2259 2032//2260 
f 2046//2276 2032//2260 2033//2261 
f 2047//2277 2033//2261 2034//2262 
f 2048//2278 2034//2262 2035//2263 
f 2049//2279 2035//2263 2036//2264 
f 2050//2280 2036//2264 2037//2265 
f 2051//2281 2037//2265 2038//2266 
f 2052//2282 2038//2266 2039//2267 
f 2053//2283 2039//2267 2040//2268 
f 2054//2284 2040//2268 2041//2269 
f 2055//2285 2041//2269 2042//2270 
f 2056//2286 2042//2270 1613//2287 
f 1900//2288 1899//2272 2043//2273 
f 2057//2289 2043//2273 2044//2274 
f 2058//2290 2044//2274 2045//2275 
f 2059//2291 2045//2275 2046//2276 
f 2060//2292 2046//2276 2047//2277 
f 2061//2293 2047//2277 2048//2278 
f 2062//2294 2048//2278 2049//2279 
f 2063//2295 2049//2279 2050//2280 
f 2064//2296 2050//2280 2051//2281 
f 2065//2297 2051//2281 2052//2282 
f 2066//2298 2052//2282 2053//2283 
f 2067//2299 2053//2283 2054//2284 
f 2068//2300 2054//2284 2055//2285 
f 2069//2301 2055//2285 2056//2286 
f 2070//2302 2056//2286 1614//2303 
f 1901//2304 1900//2288 2057//2289 
f 2071//2305 2057//2289 2058//2290 
f 2072//2306 2058//2290 2059//2291 
f 2073//2307 2059//2291 2060//2292 
f 2074//2308 2060//2292 2061//2293 
f 2075//2309 2061//2293 2062//2294 
f 2076//2310 2062//2294 2063//2295 
f 2077//2311 2063//2295 2064//2296 
f 2078//2312 2064//2296 2065//2297 
f 2079//2313 2065//2297 2066//2298 
f 2080//2314 2066//2298 2067//2299 
f 2081//2315 2067//2299 2068//2300 
f 2082//2316 2068//2300 2069//2301 
f 2083//2317 2069//2301 2070//2302 
f 2084//2318 2070//2302 1615//2319 
f 1902//2320 1901//2304 2071//2305 
f 2085//2321 2071//2305 2072//2306 
f 2086//2322 2072//2306 2073//2307 
f 2087//2323 2073//2307 2074//2308 
f 2088//2324 2074//2308 2075//2309 
f 2089//2325 2075//2309 2076//2310 
f 2090//2326 2076//2310 2077//2311 
f 2091//2327 2077//2311 2078//2312 
f 2092//2328 2078//2312 2079//2313 
f 2093//2329 2079//2313 2080//2314 
f 2094//2330 2080//2314 2081//2315 
f 2095//2331 2081//2315 2082//2316 
f 2096//2332 2082//2316 2083//2317 
f 2097//2333 2083//2317 2084//2318 
f 2098//2334 2084//2318 1616//2335 
f 1618//2336 2098//2334 1617//2337 
f 1618//2336 2097//2333 2098//2334 
f 1618//2336 2096//2332 2097//2333 
f 1618//2336 2095//2331 2096//2332 
f 1618//2336 2094//2330 2095//2331 
f 1618//2336 2093//2329 2094//2330 
f 1618//2336 2092//2328 2093//2329 
f 1618//2336 2091//2327 2092//2328 
f 1618//2336 2090//2326 2091//2327 
f 1618//2336 2089//2325 2090//2326 
f 1618//2336 2088//2324 2089//2325 
f 1618//2336 2087//2323 2088//2324 
f 1618//2336 2086//2322 2087//2323 
f 1618//2336 2085//2321 2086//2322 
f 1618//2336 1902//2320 2085//2321 
f 1616//2335 1617//2337 2098//2334 
f 2084//2318 2098//2334 2097//2333 
f 2083//2317 2097//2333 2096//2332 
f 2082//2316 2096//2332 2095//2331 
f 2081//2315 2095//2331 2094//2330 
f 2080//2314 2094//2330 2093//2329 
f 2079//2313 2093//2329 2092//2328 
f 2078//2312 2092//2328 2091//2327 
f 2077//2311 2091//2327 2090//2326 
f 2076//2310 2090//2326 2089//2325 
f 2075//2309 2089//2325 2088//2324 
f 2074//2308 2088//2324 2087//2323 
f 2073//2307 2087//2323 2086//2322 
f 2072//2306 2086//2322 2085//2321 
f 2071//2305 2085//2321 1902//2320 
f 1615//2319 1616//2335 2084//2318 
f 2070//2302 2084//2318 2083//2317 
f 2069//2301 2083//2317 2082//2316 
f 2068//2300 2082//2316 2081//2315 
f 2067//2299 2081//2315 2080//2314 
f 2066//2298 2080//2314 2079//2313 
f 2065//2297 2079//2313 2078//2312 
f 2064//2296 2078//2312 2077//2311 
f 2063//2295 2077//2311 2076//2310 
f 2062//2294 2076//2310 2075//2309 
f 2061//2293 2075//2309 2074//2308 
f 2060//2292 2074//2308 2073//2307 
f 2059//2291 2073//2307 2072//2306 
f 2058//2290 2072//2306 2071//2305 
f 2057//2289 2071//2305 1901//2304 
f 1614//2303 1615//2319 2070//2302 
f 2056//2286 2070//2302 2069//2301 
f 2055//2285 2069//2301 2068//2300 
f 2054//2284 2068//2300 2067//2299 
f 2053//2283 2067//2299 2066//2298 
f 2052//2282 2066//2298 2065//2297 
f 2051//2281 2065//2297 2064//2296 
f 2050//2280 2064//2296 2063//2295 
f 2049//2279 2063//2295 2062//2294 
f 2048//2278 2062//2294 2061//2293 
f 2047//2277 2061//2293 2060//2292 
f 2046//2276 2060//2292 2059//2291 
f 2045//2275 2059//2291 2058//2290 
f 2044//2274 2058//2290 2057//2289 
f 2043//2273 2057//2289 1900//2288 
f 1613//2287 1614//2303 2056//2286 
f 2042//2270 2056//2286 2055//2285 
f 2041//2269 2055//2285 2054//2284 
f 2040//2268 2054//2284 2053//2283 
f 2039//2267 2053//2283 2052//2282 
f 2038//2266 2052//2282 2051//2281 
f 2037//2265 2051//2281 2050//2280 
f 2036//2264 2050//2280 2049//2279 
f 2035//2263 2049//2279 2048//2278 
f 2034//2262 2048//2278 2047//2277 
f 2033//2261 2047//2277 2046//2276 
f 2032//2260 2046//2276 2045//2275 
f 2031//2259 2045//2275 2044//2274 
f 2030//2258 2044//2274 2043//2273 
f 2029//2257 2043//2273 1899//2272 
f 1612//2271 1613//2287 2042//2270 
f 2028//2254 2042//2270 2041//2269 
f 2027//2253 2041//2269 2040//2268 
f 2026//2252 2040//2268 2039//2267 
f 2025//2251 2039//2267 2038//2266 
f 2024//2250 2038//2266 2037//2265 
f 2023//2249 2037//2265 2036//2264 
f 2022//2248 2036//2264 2035//2263 
f 2021//2247 2035//2263 2034//2262 
f 2020//2246 2034//2262 2033//2261 
f 2019//2245 2033//2261 2032//2260 
f 2018//2244 2032//2260 2031//2259 
f 2017//2243 2031//2259 2030//2258 
f 2016//2242 2030//2258 2029//2257 
f 2015//2241 2029//2257 1898//2256 
f 1611//2255 1612//2271 2028//2254 
f 2014//2238 2028//2254 2027//2253 
f 2013//2237 2027//2253 2026//2252 
f 2012//2236 2026//2252 2025//2251 
f 2011//2235 2025//2251 2024//2250 
f 2010//2234 2024//2250 2023//2249 
f 2009//2233 2023//2249 2022//2248 
f 2008//2232 2022//2248 2021//2247 
f 2007//2231 2021//2247 2020//2246 
f 2006//2230 2020//2246 2019//2245 
f 2005//2229 2019//2245 2018//2244 
f 2004//2228 2018//2244 2017//2243 
f 2003//2227 2017//2243 2016//2242 
f 2002//2226 2016//2242 2015//2241 
f 2001//2225 2015//2241 1897//2240 
f 1610//2239 1611//2255 2014//2238 
f 2000//2222 2014//2238 2013//2237 
f 1999//2221 2013//2237 2012//2236 
f 1998//2220 2012//2236 2011//2235 
f 1997//2219 2011//2235 2010//2234 
f 1996//2218 2010//2234 2009//2233 
f 1995//2217 2009//2233 2008//2232 
f 1994//2216 2008//2232 2007//2231 
f 1993//2215 2007//2231 2006//2230 
f 1992//2214 2006//2230 2005//2229 
f 1991//2213 2005//2229 2004//2228 
f 1990//2212 2004//2228 2003//2227 
f 1989//2211 2003//2227 2002//2226 
f 1988//2210 2002//2226 2001//2225 
f 1987//2209 2001//2225 1896//2224 
f 1609//2223 1610//2239 2000//2222 
f 1986//2206 2000//2222 1999//2221 
f 1985//2205 1999//2221 1998//2220 
f 1984//2204 1998//2220 1997//2219 
f 1983//2203 1997//2219 1996//2218 
f 1982//2202 1996//2218 1995//2217 
f 1981//2201 1995//2217 1994//2216 
f 1980//2200 1994//2216 1993//2215 
f 1979//2199 1993//2215 1992//2214 
f 1978//2198 1992//2214 1991//2213 
f 1977//2197 1991//2213 1990//2212 
f 1976//2196 1990//2212 1989//2211 
f 1975//2195 1989//2211 1988//2210 
f 1974//2194 1988//2210 1987//2209 
f 1973//2193 1987//2209 1895//2208 
f 1608//2207 1609//2223 1986//2206 
f 1972//2190 1986//2206 1985//2205 
f 1971//2189 1985//2205 1984//2204 
f 1970//2188 1984//2204 1983//2203 
f 1969//2187 1983//2203 1982//2202 
f 1968//2186 1982//2202 1981//2201 
f 1967//2185 1981//2201 1980//2200 
f 1966//2184 1980//2200 1979//2199 
f 1965//2183 1979//2199 1978//2198 
f 1964//2182 1978//2198 1977//2197 
f 1963//2181 1977//2197 1976//2196 
f 1962//2180 1976//2196 1975//2195 
f 1961//2179 1975//2195 1974//2194 
f 1960//2178 1974//2194 1973//2193 
f 1959//2177 1973//2193 1894//2192 
f 1607//2191 1608//2207 1972//2190 
f 1958//2174 1972//2190 1971//2189 
f 1957//2173 1971//2189 1970//2188 
f 1956//2172 1970//2188 1969//2187 
f 1955//2171 1969//2187 1968//2186 
f 1954//2170 1968//2186 1967//2185 
f 1953//2169 1967//2185 1966//2184 
f 1952//2168 1966//2184 1965//2183 
f 1951//2167 1965//2183 1964//2182 
f 1950//2166 1964//2182 1963//2181 
f 1949//2165 1963//2181 1962//2180 
f 1948//2164 1962//2180 1961//2179 
f 1947//2163 1961//2179 1960//2178 
f 1946//2162 1960//2178 1959//2177 
f 1945//2161 1959//2177 1893//2176 
f 1606//2175 1607//2191 1958//2174 
f 1944//2158 1958//2174 1957//2173 
f 1943//2157 1957//2173 1956//2172 
f 1942//2156 1956//2172 1955//2171 
f 1941//2155 1955//2171 1954//2170 
f 1940//2154 1954//2170 1953//2169 
f 1939//2153 1953//2169 1952//2168 
f 1938//2152 1952//2168 1951//2167 
f 1937//2151 1951//2167 1950//2166 
f 1936//2150 1950//2166 1949//2165 
f 1935//2149 1949//2165 1948//2164 
f 1934//2148 1948//2164 1947//2163 
f 1933//2147 1947//2163 1946//2162 
f 1932//2146 1946//2162 1945//2161 
f 1931//2145 1945//2161 1892//2160 
f 1605//2159 1606//2175 1944//2158 
f 1930//2142 1944//2158 1943//2157 
f 1929//2141 1943//2157 1942//2156 
f 1928//2140 1942//2156 1941//2155 
f 1927//2139 1941//2155 1940//2154 
f 1926//2138 1940//2154 1939//2153 
f 1925//2137 1939//2153 1938//2152 
f 1924//2136 1938//2152 1937//2151 
f 1923//2135 1937//2151 1936//2150 
f 1922//2134 1936//2150 1935//2149 
f 1921//2133 1935//2149 1934//2148 
f 1920//2132 1934//2148 1933//2147 
f 1919//2131 1933//2147 1932//2146 
f 1918//2130 1932//2146 1931//2145 
f 1917//2129 1931//2145 1891//2144 
f 1604//2143 1605//2159 1930//2142 
f 1916//2126 1930//2142 1929//2141 
f 1915//2124 1929//2141 1928//2140 
f 1914//2122 1928//2140 1927//2139 
f 1913//2120 1927//2139 1926//2138 
f 1912//2118 1926//2138 1925//2137 
f 1911//2116 1925//2137 1924//2136 
f 1910//2114 1924//2136 1923//2135 
f 1909//2112 1923//2135 1922//2134 
f 1908//2110 1922//2134 1921//2133 
f 1907//2108 1921//2133 1920//2132 
f 1906//2106 1920//2132 1919//2131 
f 1905//2104 1919//2131 1918//2130 
f 1904//2102 1918//2130 1917//2129 
f 1903//2100 1917//2129 1890//2128 
f 1287//2127 1604//2143 1916//2126 
f 1650//2125 1916//2126 1915//2124 
f 1647//2123 1915//2124 1914//2122 
f 1644//2121 1914//2122 1913//2120 
f 1641//2119 1913//2120 1912//2118 
f 1638//2117 1912//2118 1911//2116 
f 1636//2115 1911//2116 1910//2114 
f 1634//2113 1910//2114 1909//2112 
f 1632//2111 1909//2112 1908//2110 
f 1630//2109 1908//2110 1907//2108 
f 1628//2107 1907//2108 1906//2106 
f 1626//2105 1906//2106 1905//2104 
f 1624//2103 1905//2104 1904//2102 
f 1622//2101 1904//2102 1903//2100 
f 1619//2099 1903//2100 1889//2098 
o mesh38
f 1588//2338 1676//2338 2099//2339 
f 1677//2339 2099//2339 2100//2340 
f 1678//2340 2100//2340 2101//2341 
f 1679//2341 2101//2341 2102//2342 
f 1680//2342 2102//2342 2103//2343 
f 1681//2343 2103//2343 2104//2344 
f 1682//2344 2104//2344 2105//2345 
f 1683//2345 2105//2345 2106//2346 
f 1684//2346 2106//2346 2107//2347 
f 1685//2347 2107//2347 2108//2348 
f 1686//2348 2108//2348 2109//2349 
f 1687//2349 2109//2349 2110//2350 
f 1688//2350 2110//2350 2111//2351 
f 1689//2351 2111//2351 2112//2352 
f 1690//2352 2112//2352 1887//2353 
f 1887//2353 1603//2353 1690//2352 
f 2112//2352 1690//2352 1689//2351 
f 2111//2351 1689//2351 1688//2350 
f 2110//2350 1688//2350 1687//2349 
f 2109//2349 1687//2349 1686//2348 
f 2108//2348 1686//2348 1685//2347 
f 2107//2347 1685//2347 1684//2346 
f 2106//2346 1684//2346 1683//2345 
f 2105//2345 1683//2345 1682//2344 
f 2104//2344 1682//2344 1681//2343 
f 2103//2343 1681//2343 1680//2342 
f 2102//2342 1680//2342 1679//2341 
f 2101//2341 1679//2341 1678//2340 
f 2100//2340 1678//2340 1677//2339 
f 2099//2339 1677//2339 1588//2338 
o mesh39
f 1888//2354 1620//2354 1889//2355 
f 2113//2355 1889//2355 1890//2356 
f 2114//2356 1890//2356 1891//2357 
f 2115//2357 1891//2357 1892//2358 
f 2116//2358 1892//2358 1893//2359 
f 2117//2359 1893//2359 1894//2360 
f 2118//2360 1894//2360 1895//2361 
f 2119//2361 1895//2361 1896//2362 
f 2120//2362 1896//2362 1897//2363 
f 2121//2363 1897//2363 1898//2364 
f 2122//2364 1898//2364 1899//2365 
f 2123//2365 1899//2365 1900//2366 
f 2124//2366 1900//2366 1901//2367 
f 2125//2367 1901//2367 1902//2368 
f 2126//2368 1902//2368 1618//2369 
f 1618//2369 1887//2369 2126//2368 
f 1902//2368 2126//2368 2125//2367 
f 1901//2367 2125//2367 2124//2366 
f 1900//2366 2124//2366 2123//2365 
f 1899//2365 2123//2365 2122//2364 
f 1898//2364 2122//2364 2121//2363 
f 1897//2363 2121//2363 2120//2362 
f 1896//2362 2120//2362 2119//2361 
f 1895//2361 2119//2361 2118//2360 
f 1894//2360 2118//2360 2117//2359 
f 1893//2359 2117//2359 2116//2358 
f 1892//2358 2116//2358 2115//2357 
f 1891//2357 2115//2357 2114//2356 
f 1890//2356 2114//2356 2113//2355 
f 1889//2355 2113//2355 1888//2354 
o mesh40
f 1676//2370 1673//2371 1672//2372 
f 1676//2370 1290//2373 1673//2371 
f 2127//2372 1671//2374 1670//2375 
f 2127//2372 1672//2372 1671//2374 
f 2128//2375 1669//2376 1668//2377 
f 2128//2375 1670//2375 1669//2376 
f 2129//2377 1667//2378 1666//2379 
f 2129//2377 1668//2377 1667//2378 
f 2130//2379 1665//2380 1664//2381 
f 2130//2379 1666//2379 1665//2380 
f 2131//2381 1663//2382 1662//2383 
f 2131//2381 1664//2381 1663//2382 
f 2132//2383 1662//2383 1661//2384 
f 2133//2384 1661//2384 1660//2385 
f 2134//2385 1660//2385 1659//2386 
f 2135//2386 1659//2386 1658//2387 
f 2136//2387 1658//2387 1657//2388 
f 2137//2388 1657//2388 1674//2389 
f 2138//2389 1674//2389 1656//2390 
f 2139//2390 1656//2390 1655//2391 
f 2140//2391 1655//2391 1675//2392 
f 1675//2392 1888//2392 2140//2391 
f 1655//2391 2140//2391 2139//2390 
f 1656//2390 2139//2390 2138//2389 
f 1674//2389 2138//2389 2137//2388 
f 1657//2388 2137//2388 2136//2387 
f 1658//2387 2136//2387 2135//2386 
f 1659//2386 2135//2386 2134//2385 
f 1660//2385 2134//2385 2133//2384 
f 1661//2384 2133//2384 2132//2383 
f 1662//2383 2132//2383 2131//2381 
f 1664//2381 2131//2381 2130//2379 
f 1666//2379 2130//2379 2129//2377 
f 1668//2377 2129//2377 2128//2375 
f 1670//2375 2128//2375 2127//2372 
f 1672//2372 2127//2372 1676//2370 
o mesh41
f 2099//2393 1676//2394 2127//2395 
f 2141//2396 2127//2395 2128//2397 
f 2142//2398 2128//2397 2129//2399 
f 2143//2400 2129//2399 2130//2401 
f 2144//2402 2130//2401 2131//2403 
f 2145//2404 2131//2403 2132//2405 
f 2146//2406 2132//2405 2133//2407 
f 2147//2408 2133//2407 2134//2409 
f 2148//2410 2134//2409 2135//2411 
f 2149//2412 2135//2411 2136//2413 
f 2150//2414 2136//2413 2137//2415 
f 2151//2416 2137//2415 2138//2417 
f 2152//2418 2138//2417 2139//2419 
f 2153//2420 2139//2419 2140//2421 
f 2154//2422 2140//2421 1888//2423 
f 2100//2424 2099//2393 2141//2396 
f 2155//2425 2141//2396 2142//2398 
f 2156//2426 2142//2398 2143//2400 
f 2157//2427 2143//2400 2144//2402 
f 2158//2428 2144//2402 2145//2404 
f 2159//2429 2145//2404 2146//2406 
f 2160//2430 2146//2406 2147//2408 
f 2161//2431 2147//2408 2148//2410 
f 2162//2432 2148//2410 2149//2412 
f 2163//2433 2149//2412 2150//2414 
f 2164//2434 2150//2414 2151//2416 
f 2165//2435 2151//2416 2152//2418 
f 2166//2436 2152//2418 2153//2420 
f 2167//2437 2153//2420 2154//2422 
f 2168//2438 2154//2422 2113//2439 
f 2101//2440 2100//2424 2155//2425 
f 2169//2441 2155//2425 2156//2426 
f 2170//2442 2156//2426 2157//2427 
f 2171//2443 2157//2427 2158//2428 
f 2172//2444 2158//2428 2159//2429 
f 2173//2445 2159//2429 2160//2430 
f 2174//2446 2160//2430 2161//2431 
f 2175//2447 2161//2431 2162//2432 
f 2176//2448 2162//2432 2163//2433 
f 2177//2449 2163//2433 2164//2434 
f 2178//2450 2164//2434 2165//2435 
f 2179//2451 2165//2435 2166//2436 
f 2180//2452 2166//2436 2167//2437 
f 2181//2453 2167//2437 2168//2438 
f 2182//2454 2168//2438 2114//2455 
f 2102//2456 2101//2440 2169//2441 
f 2183//2457 2169//2441 2170//2442 
f 2184//2458 2170//2442 2171//2443 
f 2185//2459 2171//2443 2172//2444 
f 2186//2460 2172//2444 2173//2445 
f 2187//2461 2173//2445 2174//2446 
f 2188//2462 2174//2446 2175//2447 
f 2189//2463 2175//2447 2176//2448 
f 2190//2464 2176//2448 2177//2449 
f 2191//2465 2177//2449 2178//2450 
f 2192//2466 2178//2450 2179//2451 
f 2193//2467 2179//2451 2180//2452 
f 2194//2468 2180//2452 2181//2453 
f 2195//2469 2181//2453 2182//2454 
f 2196//2470 2182//2454 2115//2471 
f 2103//2472 2102//2456 2183//2457 
f 2197//2473 2183//2457 2184//2458 
f 2198//2474 2184//2458 2185//2459 
f 2199//2475 2185//2459 2186//2460 
f 2200//2476 2186//2460 2187//2461 
f 2201//2477 2187//2461 2188//2462 
f 2202//2478 2188//2462 2189//2463 
f 2203//2479 2189//2463 2190//2464 
f 2204//2480 2190//2464 2191//2465 
f 2205//2481 2191//2465 2192//2466 
f 2206//2482 2192//2466 2193//2467 
f 2207//2483 2193//2467 2194//2468 
f 2208//2484 2194//2468 2195//2469 
f 2209//2485 2195//2469 2196//2470 
f 2210//2486 2196//2470 2116//2487 
f 2104//2488 2103//2472 2197//2473 
f 2211//2489 2197//2473 2198//2474 
f 2212//2490 2198//2474 2199//2475 
f 2213//2491 2199//2475 2200//2476 
f 2214//2492 2200//2476 2201//2477 
f 2215//2493 2201//2477 2202//2478 
f 2216//2494 2202//2478 2203//2479 
f 2217//2495 2203//2479 2204//2480 
f 2218//2496 2204//2480 2205//2481 
f 2219//2497 2205//2481 2206//2482 
f 2220//2498 2206//2482 2207//2483 
f 2221//2499 2207//2483 2208//2484 
f 2222//2500 2208//2484 2209//2485 
f 2223//2501 2209//2485 2210//2486 
f 2224//2502 2210//2486 2117//2503 
f 2105//2504 2104//2488 2211//2489 
f 2225//2505 2211//2489 2212//2490 
f 2226//2506 2212//2490 2213//2491 
f 2227//2507 2213//2491 2214//2492 
f 2228//2508 2214//2492 2215//2493 
f 2229//2509 2215//2493 2216//2494 
f 2230//2510 2216//2494 2217//2495 
f 2231//2511 2217//2495 2218//2496 
f 2232//2512 2218//2496 2219//2497 
f 2233//2513 2219//2497 2220//2498 
f 2234//2514 2220//2498 2221//2499 
f 2235//2515 2221//2499 2222//2500 
f 2236//2516 2222//2500 2223//2501 
f 2237//2517 2223//2501 2224//2502 
f 2238//2518 2224//2502 2118//2519 
f 2106//2520 2105//2504 2225//2505 
f 2239//2521 2225//2505 2226//2506 
f 2240//2522 2226//2506 2227//2507 
f 2241//2523 2227//2507 2228//2508 
f 2242//2524 2228//2508 2229//2509 
f 2243//2525 2229//2509 2230//2510 
f 2244//2526 2230//2510 2231//2511 
f 2245//2527 2231//2511 2232//2512 
f 2246//2528 2232//2512 2233//2513 
f 2247//2529 2233//2513 2234//2514 
f 2248//2530 2234//2514 2235//2515 
f 2249//2531 2235//2515 2236//2516 
f 2250//2532 2236//2516 2237//2517 
f 2251//2533 2237//2517 2238//2518 
f 2252//2534 2238//2518 2119//2535 
f 2107//2536 2106//2520 2239//2521 
f 2253//2537 2239//2521 2240//2522 
f 2254//2538 2240//2522 2241//2523 
f 2255//2539 2241//2523 2242//2524 
f 2256//2540 2242//2524 2243//2525 
f 2257//2541 2243//2525 2244//2526 
f 2258//2542 2244//2526 2245//2527 
f 2259//2543 2245//2527 2246//2528 
f 2260//2544 2246//2528 2247//2529 
f 2261//2545 2247//2529 2248//2530 
f 2262//2546 2248//2530 2249//2531 
f 2263//2547 2249//2531 2250//2532 
f 2264//2548 2250//2532 2251//2533 
f 2265//2549 2251//2533 2252//2534 
f 2266//2550 2252//2534 2120//2551 
f 2108//2552 2107//2536 2253//2537 
f 2267//2553 2253//2537 2254//2538 
f 2268//2554 2254//2538 2255//2539 
f 2269//2555 2255//2539 2256//2540 
f 2270//2556 2256//2540 2257//2541 
f 2271//2557 2257//2541 2258//2542 
f 2272//2558 2258//2542 2259//2543 
f 2273//2559 2259//2543 2260//2544 
f 2274//2560 2260//2544 2261//2545 
f 2275//2561 2261//2545 2262//2546 
f 2276//2562 2262//2546 2263//2547 
f 2277//2563 2263//2547 2264//2548 
f 2278//2564 2264//2548 2265//2549 
f 2279//2565 2265//2549 2266//2550 
f 2280//2566 2266//2550 2121//2567 
f 2109//2568 2108//2552 2267//2553 
f 2281//2569 2267//2553 2268//2554 
f 2282//2570 2268//2554 2269//2555 
f 2283//2571 2269//2555 2270//2556 
f 2284//2572 2270//2556 2271//2557 
f 2285//2573 2271//2557 2272//2558 
f 2286//2574 2272//2558 2273//2559 
f 2287//2575 2273//2559 2274//2560 
f 2288//2576 2274//2560 2275//2561 
f 2289//2577 2275//2561 2276//2562 
f 2290//2578 2276//2562 2277//2563 
f 2291//2579 2277//2563 2278//2564 
f 2292//2580 2278//2564 2279//2565 
f 2293//2581 2279//2565 2280//2566 
f 2294//2582 2280//2566 2122//2583 
f 2110//2584 2109//2568 2281//2569 
f 2295//2585 2281//2569 2282//2570 
f 2296//2586 2282//2570 2283//2571 
f 2297//2587 2283//2571 2284//2572 
f 2298//2588 2284//2572 2285//2573 
f 2299//2589 2285//2573 2286//2574 
f 2300//2590 2286//2574 2287//2575 
f 2301//2591 2287//2575 2288//2576 
f 2302//2592 2288//2576 2289//2577 
f 2303//2593 2289//2577 2290//2578 
f 2304//2594 2290//2578 2291//2579 
f 2305//2595 2291//2579 2292//2580 
f 2306//2596 2292//2580 2293//2581 
f 2307//2597 2293//2581 2294//2582 
f 2308//2598 2294//2582 2123//2599 
f 2111//2600 2110//2584 2295//2585 
f 2309//2601 2295//2585 2296//2586 
f 2310//2602 2296//2586 2297//2587 
f 2311//2603 2297//2587 2298//2588 
f 2312//2604 2298//2588 2299//2589 
f 2313//2605 2299//2589 2300//2590 
f 2314//2606 2300//2590 2301//2591 
f 2315//2607 2301//2591 2302//2592 
f 2316//2608 2302//2592 2303//2593 
f 2317//2609 2303//2593 2304//2594 
f 2318//2610 2304//2594 2305//2595 
f 2319//2611 2305//2595 2306//2596 
f 2320//2612 2306//2596 2307//2597 
f 2321//2613 2307//2597 2308//2598 
f 2322//2614 2308//2598 2124//2615 
f 2112//2616 2111//2600 2309//2601 
f 2323//2617 2309//2601 2310//2602 
f 2324//2618 2310//2602 2311//2603 
f 2325//2619 2311//2603 2312//2604 
f 2326//2620 2312//2604 2313//2605 
f 2327//2621 2313//2605 2314//2606 
f 2328//2622 2314//2606 2315//2607 
f 2329//2623 2315//2607 2316//2608 
f 2330//2624 2316//2608 2317//2609 
f 2331//2625 2317//2609 2318//2610 
f 2332//2626 2318//2610 2319//2611 
f 2333//2627 2319//2611 2320//2612 
f 2334//2628 2320//2612 2321//2613 
f 2335//2629 2321//2613 2322//2614 
f 2336//2630 2322//2614 2125//2631 
f 1887//2632 2336//2630 2126//2633 
f 1887//2632 2335//2629 2336//2630 
f 1887//2632 2334//2628 2335//2629 
f 1887//2632 2333//2627 2334//2628 
f 1887//2632 2332//2626 2333//2627 
f 1887//2632 2331//2625 2332//2626 
f 1887//2632 2330//2624 2331//2625 
f 1887//2632 2329//2623 2330//2624 
f 1887//2632 2328//2622 2329//2623 
f 1887//2632 2327//2621 2328//2622 
f 1887//2632 2326//2620 2327//2621 
f 1887//2632 2325//2619 2326//2620 
f 1887//2632 2324//2618 2325//2619 
f 1887//2632 2323//2617 2324//2618 
f 1887//2632 2112//2616 2323//2617 
f 2125//2631 2126//2633 2336//2630 
f 2322//2614 2336//2630 2335//2629 
f 2321//2613 2335//2629 2334//2628 
f 2320//2612 2334//2628 2333//2627 
f 2319//2611 2333//2627 2332//2626 
f 2318//2610 2332//2626 2331//2625 
f 2317//2609 2331//2625 2330//2624 
f 2316//2608 2330//2624 2329//2623 
f 2315//2607 2329//2623 2328//2622 
f 2314//2606 2328//2622 2327//2621 
f 2313//2605 2327//2621 2326//2620 
f 2312//2604 2326//2620 2325//2619 
f 2311//2603 2325//2619 2324//2618 
f 2310//2602 2324//2618 2323//2617 
f 2309//2601 2323//2617 2112//2616 
f 2124//2615 2125//2631 2322//2614 
f 2308//2598 2322//2614 2321//2613 
f 2307//2597 2321//2613 2320//2612 
f 2306//2596 2320//2612 2319//2611 
f 2305//2595 2319//2611 2318//2610 
f 2304//2594 2318//2610 2317//2609 
f 2303//2593 2317//2609 2316//2608 
f 2302//2592 2316//2608 2315//2607 
f 2301//2591 2315//2607 2314//2606 
f 2300//2590 2314//2606 2313//2605 
f 2299//2589 2313//2605 2312//2604 
f 2298//2588 2312//2604 2311//2603 
f 2297//2587 2311//2603 2310//2602 
f 2296//2586 2310//2602 2309//2601 
f 2295//2585 2309//2601 2111//2600 
f 2123//2599 2124//2615 2308//2598 
f 2294//2582 2308//2598 2307//2597 
f 2293//2581 2307//2597 2306//2596 
f 2292//2580 2306//2596 2305//2595 
f 2291//2579 2305//2595 2304//2594 
f 2290//2578 2304//2594 2303//2593 
f 2289//2577 2303//2593 2302//2592 
f 2288//2576 2302//2592 2301//2591 
f 2287//2575 2301//2591 2300//2590 
f 2286//2574 2300//2590 2299//2589 
f 2285//2573 2299//2589 2298//2588 
f 2284//2572 2298//2588 2297//2587 
f 2283//2571 2297//2587 2296//2586 
f 2282//2570 2296//2586 2295//2585 
f 2281//2569 2295//2585 2110//2584 
f 2122//2583 2123//2599 2294//2582 
f 2280//2566 2294//2582 2293//2581 
f 2279//2565 2293//2581 2292//2580 
f 2278//2564 2292//2580 2291//2579 
f 2277//2563 2291//2579 2290//2578 
f 2276//2562 2290//2578 2289//2577 
f 2275//2561 2289//2577 2288//2576 
f 2274//2560 2288//2576 2287//2575 
f 2273//2559 2287//2575 2286//2574 
f 2272//2558 2286//2574 2285//2573 
f 2271//2557 2285//2573 2284//2572 
f 2270//2556 2284//2572 2283//2571 
f 2269//2555 2283//2571 2282//2570 
f 2268//2554 2282//2570 2281//2569 
f 2267//2553 2281//2569 2109//2568 
f 2121//2567 2122//2583 2280//2566 
f 2266//2550 2280//2566 2279//2565 
f 2265//2549 2279//2565 2278//2564 
f 2264//2548 2278//2564 2277//2563 
f 2263//2547 2277//2563 2276//2562 
f 2262//2546 2276//2562 2275//2561 
f 2261//2545 2275//2561 2274//2560 
f 2260//2544 2274//2560 2273//2559 
f 2259//2543 2273//2559 2272//2558 
f 2258//2542 2272//2558 2271//2557 
f 2257//2541 2271//2557 2270//2556 
f 2256//2540 2270//2556 2269//2555 
f 2255//2539 2269//2555 2268//2554 
f 2254//2538 2268//2554 2267//2553 
f 2253//2537 2267//2553 2108//2552 
f 2120//2551 2121//2567 2266//2550 
f 2252//2534 2266//2550 2265//2549 
f 2251//2533 2265//2549 2264//2548 
f 2250//2532 2264//2548 2263//2547 
f 2249//2531 2263//2547 2262//2546 
f 2248//2530 2262//2546 2261//2545 
f 2247//2529 2261//2545 2260//2544 
f 2246//2528 2260//2544 2259//2543 
f 2245//2527 2259//2543 2258//2542 
f 2244//2526 2258//2542 2257//2541 
f 2243//2525 2257//2541 2256//2540 
f 2242//2524 2256//2540 2255//2539 
f 2241//2523 2255//2539 2254//2538 
f 2240//2522 2254//2538 2253//2537 
f 2239//2521 2253//2537 2107//2536 
f 2119//2535 2120//2551 2252//2534 
f 2238//2518 2252//2534 2251//2533 
f 2237//2517 2251//2533 2250//2532 
f 2236//2516 2250//2532 2249//2531 
f 2235//2515 2249//2531 2248//2530 
f 2234//2514 2248//2530 2247//2529 
f 2233//2513 2247//2529 2246//2528 
f 2232//2512 2246//2528 2245//2527 
f 2231//2511 2245//2527 2244//2526 
f 2230//2510 2244//2526 2243//2525 
f 2229//2509 2243//2525 2242//2524 
f 2228//2508 2242//2524 2241//2523 
f 2227//2507 2241//2523 2240//2522 
f 2226//2506 2240//2522 2239//2521 
f 2225//2505 2239//2521 2106//2520 
f 2118//2519 2119//2535 2238//2518 
f 2224//2502 2238//2518 2237//2517 
f 2223//2501 2237//2517 2236//2516 
f 2222//2500 2236//2516 2235//2515 
f 2221//2499 2235//2515 2234//2514 
f 2220//2498 2234//2514 2233//2513 
f 2219//2497 2233//2513 2232//2512 
f 2218//2496 2232//2512 2231//2511 
f 2217//2495 2231//2511 2230//2510 
f 2216//2494 2230//2510 2229//2509 
f 2215//2493 2229//2509 2228//2508 
f 2214//2492 2228//2508 2227//2507 
f 2213//2491 2227//2507 2226//2506 
f 2212//2490 2226//2506 2225//2505 
f 2211//2489 2225//2505 2105//2504 
f 2117//2503 2118//2519 2224//2502 
f 2210//2486 2224//2502 2223//2501 
f 2209//2485 2223//2501 2222//2500 
f 2208//2484 2222//2500 2221//2499 
f 2207//2483 2221//2499 2220//2498 
f 2206//2482 2220//2498 2219//2497 
f 2205//2481 2219//2497 2218//2496 
f 2204//2480 2218//2496 2217//2495 
f 2203//2479 2217//2495 2216//2494 
f 2202//2478 2216//2494 2215//2493 
f 2201//2477 2215//2493 2214//2492 
f 2200//2476 2214//2492 2213//2491 
f 2199//2475 2213//2491 2212//2490 
f 2198//2474 2212//2490 2211//2489 
f 2197//2473 2211//2489 2104//2488 
f 2116//2487 2117//2503 2210//2486 
f 2196//2470 2210//2486 2209//2485 
f 2195//2469 2209//2485 2208//2484 
f 2194//2468 2208//2484 2207//2483 
f 2193//2467 2207//2483 2206//2482 
f 2192//2466 2206//2482 2205//2481 
f 2191//2465 2205//2481 2204//2480 
f 2190//2464 2204//2480 2203//2479 
f 2189//2463 2203//2479 2202//2478 
f 2188//2462 2202//2478 2201//2477 
f 2187//2461 2201//2477 2200//2476 
f 2186//2460 2200//2476 2199//2475 
f 2185//2459 2199//2475 2198//2474 
f 2184//2458 2198//2474 2197//2473 
f 2183//2457 2197//2473 2103//2472 
f 2115//2471 2116//2487 2196//2470 
f 2182//2454 2196//2470 2195//2469 
f 2181//2453 2195//2469 2194//2468 
f 2180//2452 2194//2468 2193//2467 
f 2179//2451 2193//2467 2192//2466 
f 2178//2450 2192//2466 2191//2465 
f 2177//2449 2191//2465 2190//2464 
f 2176//2448 2190//2464 2189//2463 
f 2175//2447 2189//2463 2188//2462 
f 2174//2446 2188//2462 2187//2461 
f 2173//2445 2187//2461 2186//2460 
f 2172//2444 2186//2460 2185//2459 
f 2171//2443 2185//2459 2184//2458 
f 2170//2442 2184//2458 2183//2457 
f 2169//2441 2183//2457 2102//2456 
f 2114//2455 2115//2471 2182//2454 
f 2168//2438 2182//2454 2181//2453 
f 2167//2437 2181//2453 2180//2452 
f 2166//2436 2180//2452 2179//2451 
f 2165//2435 2179//2451 2178//2450 
f 2164//2434 2178//2450 2177//2449 
f 2163//2433 2177//2449 2176//2448 
f 2162//2432 2176//2448 2175//2447 
f 2161//2431 2175//2447 2174//2446 
f 2160//2430 2174//2446 2173//2445 
f 2159//2429 2173//2445 2172//2444 
f 2158//2428 2172//2444 2171//2443 
f 2157//2427 2171//2443 2170//2442 
f 2156//2426 2170//2442 2169//2441 
f 2155//2425 2169//2441 2101//2440 
f 2113//2439 2114//2455 2168//2438 
f 2154//2422 2168//2438 2167//2437 
f 2153//2420 2167//2437 2166//2436 
f 2152//2418 2166//2436 2165//2435 
f 2151//2416 2165//2435 2164//2434 
f 2150//2414 2164//2434 2163//2433 
f 2149//2412 2163//2433 2162//2432 
f 2148//2410 2162//2432 2161//2431 
f 2147//2408 2161//2431 2160//2430 
f 2146//2406 2160//2430 2159//2429 
f 2145//2404 2159//2429 2158//2428 
f 2144//2402 2158//2428 2157//2427 
f 2143//2400 2157//2427 2156//2426 
f 2142//2398 2156//2426 2155//2425 
f 2141//2396 2155//2425 2100//2424 
f 1888//2423 2113//2439 2154//2422 
f 2140//2421 2154//2422 2153//2420 
f 2139//2419 2153//2420 2152//2418 
f 2138//2417 2152//2418 2151//2416 
f 2137//2415 2151//2416 2150//2414 
f 2136//2413 2150//2414 2149//2412 
f 2135//2411 2149//2412 2148//2410 
f 2134//2409 2148//2410 2147//2408 
f 2133//2407 2147//2408 2146//2406 
f 2132//2405 2146//2406 2145//2404 
f 2131//2403 2145//2404 2144//2402 
f 2130//2401 2144//2402 2143//2400 
f 2129//2399 2143//2400 2142//2398 
f 2128//2397 2142//2398 2141//2396 
f 2127//2395 2141//2396 2099//2393 
g Part 2
v 0.000447736 -0.00789726 -0.0217988 
v 0.0005 -0.0079 -0.0217988 
v 0.0005 -0.00789759 -0.0217498 
v 0.0005 -0.00789039 -0.0217012 
v 0.0005 -0.00787847 -0.0216536 
v 0.0005 -0.00786194 -0.0216074 
v 0.0005 -0.00784096 -0.0215631 
v 0.0005 -0.00781573 -0.021521 
v 0.0005 -0.00778651 -0.0214816 
v 0.0005 -0.00775355 -0.0214452 
v 0.000396044 -0.00788907 -0.0217988 
v 0.000447736 -0.00775162 -0.0214472 
v 0.000345492 -0.00787553 -0.0217988 
v 0.000396044 -0.00774583 -0.021453 
v 0.000296632 -0.00785677 -0.0217988 
v 0.000345492 -0.00773625 -0.0214625 
v 0.00025 -0.00783301 -0.0217988 
v 0.000296632 -0.00772299 -0.0214758 
v 0.000206107 -0.00780451 -0.0217988 
v 0.00025 -0.00770619 -0.0214926 
v 0.000165435 -0.00777157 -0.0217988 
v 0.000206107 -0.00768603 -0.0215127 
v 0.000128428 -0.00773457 -0.0217988 
v 0.000165435 -0.00766274 -0.021536 
v 9.54915e-05 -0.00769389 -0.0217988 
v 0.000128428 -0.00763657 -0.0215622 
v 6.69873e-05 -0.00765 -0.0217988 
v 9.54915e-05 -0.00760781 -0.021591 
v 4.32273e-05 -0.00760337 -0.0217988 
v 6.69873e-05 -0.00757678 -0.021622 
v 2.44717e-05 -0.00755451 -0.0217988 
v 4.32273e-05 -0.0075438 -0.021655 
v 1.09262e-05 -0.00750396 -0.0217988 
v 2.44717e-05 -0.00750925 -0.0216895 
v 2.73905e-06 -0.00745226 -0.0217988 
v 1.09262e-05 -0.00747351 -0.0217253 
v 0 -0.0074 -0.0217988 
v 2.73905e-06 -0.00743696 -0.0217618 
v 0.000447736 -0.00789487 -0.02175 
v 0.000447736 -0.00788771 -0.0217018 
v 0.000447736 -0.00787585 -0.0216544 
v 0.000447736 -0.00785941 -0.0216085 
v 0.000447736 -0.00783855 -0.0215644 
v 0.000447736 -0.00781346 -0.0215225 
v 0.000447736 -0.00778439 -0.0214833 
v 0.000396044 -0.00788672 -0.0217508 
v 0.000396044 -0.00787968 -0.0217034 
v 0.000396044 -0.00786801 -0.0216568 
v 0.000396044 -0.00785185 -0.0216116 
v 0.000396044 -0.00783132 -0.0215682 
v 0.000396044 -0.00780665 -0.0215271 
v 0.000396044 -0.00777806 -0.0214885 
v 0.000345492 -0.00787324 -0.0217522 
v 0.000345492 -0.00786639 -0.021706 
v 0.000345492 -0.00785505 -0.0216607 
v 0.000345492 -0.00783933 -0.0216168 
v 0.000345492 -0.00781938 -0.0215746 
v 0.000345492 -0.00779539 -0.0215346 
v 0.000345492 -0.00776759 -0.0214971 
v 0.000296632 -0.00785457 -0.021754 
v 0.000296632 -0.007848 -0.0217097 
v 0.000296632 -0.0078371 -0.0216662 
v 0.000296632 -0.007822 -0.021624 
v 0.000296632 -0.00780284 -0.0215835 
v 0.000296632 -0.00777979 -0.021545 
v 0.000296632 -0.00775309 -0.021509 
v 0.00025 -0.00783093 -0.0217563 
v 0.00025 -0.00782469 -0.0217143 
v 0.00025 -0.00781437 -0.0216731 
v 0.00025 -0.00780005 -0.0216331 
v 0.00025 -0.00778188 -0.0215947 
v 0.00025 -0.00776004 -0.0215582 
v 0.00025 -0.00773472 -0.0215241 
v 0.000206107 -0.00780256 -0.0217591 
v 0.000206107 -0.00779674 -0.0217199 
v 0.000206107 -0.00778709 -0.0216814 
v 0.000206107 -0.00777372 -0.021644 
v 0.000206107 -0.00775674 -0.0216081 
v 0.000206107 -0.00773634 -0.021574 
v 0.000206107 -0.00771269 -0.0215422 
v 0.000165435 -0.00776978 -0.0217624 
v 0.000165435 -0.00776443 -0.0217263 
v 0.000165435 -0.00775557 -0.0216909 
v 0.000165435 -0.00774329 -0.0216566 
v 0.000165435 -0.0077277 -0.0216236 
v 0.000165435 -0.00770895 -0.0215923 
v 0.000165435 -0.00768723 -0.0215631 
v 0.000128428 -0.00773295 -0.021766 
v 0.000128428 -0.00772814 -0.0217335 
v 0.000128428 -0.00772016 -0.0217017 
v 0.000128428 -0.0077091 -0.0216707 
v 0.000128428 -0.00769506 -0.0216411 
v 0.000128428 -0.00767818 -0.0216129 
v 0.000128428 -0.00765862 -0.0215865 
v 9.54915e-05 -0.00769248 -0.02177 
v 9.54915e-05 -0.00768825 -0.0217414 
v 9.54915e-05 -0.00768124 -0.0217135 
v 9.54915e-05 -0.00767152 -0.0216863 
v 9.54915e-05 -0.00765919 -0.0216602 
v 9.54915e-05 -0.00764436 -0.0216355 
v 9.54915e-05 -0.00762718 -0.0216123 
v 6.69873e-05 -0.0076488 -0.0217743 
v 6.69873e-05 -0.0076452 -0.02175 
v 6.69873e-05 -0.00763924 -0.0217262 
v 6.69873e-05 -0.00763097 -0.0217031 
v 6.69873e-05 -0.00762048 -0.0216809 
v 6.69873e-05 -0.00760787 -0.0216599 
v 6.69873e-05 -0.00759325 -0.0216402 
v 4.32273e-05 -0.00760239 -0.0217788 
v 4.32273e-05 -0.00759946 -0.0217591 
v 4.32273e-05 -0.00759461 -0.0217397 
v 4.32273e-05 -0.00758789 -0.021721 
v 4.32273e-05 -0.00757935 -0.0217029 
v 4.32273e-05 -0.00756909 -0.0216858 
v 4.32273e-05 -0.00755721 -0.0216698 
v 2.44717e-05 -0.00755376 -0.0217836 
v 2.44717e-05 -0.00755154 -0.0217686 
v 2.44717e-05 -0.00754786 -0.0217539 
v 2.44717e-05 -0.00754275 -0.0217397 
v 2.44717e-05 -0.00753626 -0.0217259 
v 2.44717e-05 -0.00752847 -0.0217129 
v 2.44717e-05 -0.00751944 -0.0217008 
v 1.09262e-05 -0.00750346 -0.0217886 
v 1.09262e-05 -0.00750196 -0.0217785 
v 1.09262e-05 -0.00749948 -0.0217686 
v 1.09262e-05 -0.00749604 -0.021759 
v 1.09262e-05 -0.00749168 -0.0217498 
v 1.09262e-05 -0.00748644 -0.021741 
v 1.09262e-05 -0.00748036 -0.0217328 
v 2.73905e-06 -0.00745201 -0.0217937 
v 2.73905e-06 -0.00745126 -0.0217886 
v 2.73905e-06 -0.00745001 -0.0217836 
v 2.73905e-06 -0.00744829 -0.0217788 
v 2.73905e-06 -0.00744609 -0.0217741 
v 2.73905e-06 -0.00744346 -0.0217697 
v 2.73905e-06 -0.0074404 -0.0217656 
v 0.0065 -0.0079 -0.0217988 
v 0.0065 -0.00789759 -0.0217498 
v 0.0065 -0.00789039 -0.0217012 
v 0.0065 -0.00787847 -0.0216536 
v 0.0065 -0.00786194 -0.0216074 
v 0.0065 -0.00784096 -0.0215631 
v 0.0065 -0.00781573 -0.021521 
v 0.0065 -0.00778651 -0.0214816 
v 0.0065 -0.00775355 -0.0214452 
v 0.0065 -0.00447487 -0.0181665 
v 0.0005 -0.00447487 -0.0181665 
v 0.000450991 -0.00443852 -0.0181336 
v 0.000447757 -0.00443589 -0.0181316 
v 0.00654901 -0.00443852 -0.0181336 
v 0.00655224 -0.00443589 -0.0181316 
v 0.00659755 -0.00439911 -0.0181044 
v 0.000402455 -0.00439911 -0.0181044 
v 0.00039611 -0.0043935 -0.018101 
v 0.00660389 -0.0043935 -0.018101 
v 0.00664514 -0.00435702 -0.0180791 
v 0.000354858 -0.00435702 -0.0180791 
v 0.00034562 -0.00434815 -0.0180749 
v 0.00665438 -0.00434815 -0.0180749 
v 0.00669134 -0.00431266 -0.0180582 
v 0.000308658 -0.00431266 -0.0180582 
v 0.000296832 -0.00430034 -0.0180538 
v 0.00670317 -0.00430034 -0.0180538 
v 0.0067357 -0.00426646 -0.0180416 
v 0.000264302 -0.00426646 -0.0180416 
v 0.000250274 -0.0042506 -0.0180377 
v 0.00674973 -0.0042506 -0.0180377 
v 0.00677779 -0.00421887 -0.0180297 
v 0.000222215 -0.00421887 -0.0180297 
v 0.00679355 -0.00419945 -0.0180268 
v 0.000182803 -0.00417033 -0.0180225 
v 0.000206451 -0.00419945 -0.0180268 
v 0.0068172 -0.00417033 -0.0180225 
v 0.00683416 -0.00414746 -0.0180214 
v 0.000146447 -0.00412132 -0.0180201 
v 0.000165837 -0.00414746 -0.0180214 
v 0.00685355 -0.00412132 -0.0180201 
v 0.000128428 -0.00409447 -0.0180201 
v 9.54915e-05 -0.00403695 -0.0180201 
v 6.69873e-05 -0.00397487 -0.0180201 
v 4.32273e-05 -0.00390893 -0.0180201 
v 2.44717e-05 -0.00383983 -0.0180201 
v 1.09262e-05 -0.00376834 -0.0180201 
v 2.73905e-06 -0.00369523 -0.0180201 
v 0 -0.00362132 -0.0180201 
v 0.007 -0.0074 -0.0217988 
v 0.007 -0.00362132 -0.0180201 
v 0.00699726 -0.00369523 -0.0180201 
v 0.00699726 -0.00743696 -0.0217618 
v 0.00698907 -0.00376834 -0.0180201 
v 0.00698907 -0.00747351 -0.0217253 
v 0.00697553 -0.00383983 -0.0180201 
v 0.00697553 -0.00750925 -0.0216895 
v 0.00695677 -0.00390893 -0.0180201 
v 0.00695677 -0.0075438 -0.021655 
v 0.00693301 -0.00397487 -0.0180201 
v 0.00693301 -0.00757678 -0.021622 
v 0.00690451 -0.00403695 -0.0180201 
v 0.00690451 -0.00760781 -0.021591 
v 0.00687157 -0.00409447 -0.0180201 
v 0.00687157 -0.00763657 -0.0215622 
v 0.00683457 -0.00766274 -0.021536 
v 0.00679389 -0.00768603 -0.0215127 
v 0.00675 -0.00770619 -0.0214926 
v 0.00670337 -0.00772299 -0.0214758 
v 0.00665451 -0.00773625 -0.0214625 
v 0.00660396 -0.00774583 -0.021453 
v 0.00655226 -0.00775162 -0.0214472 
v 0.007 -0.00199497 -0.0196464 
v 0 -0.00199497 -0.0196464 
v 0.007 -0.00199497 -0.0203536 
v 0 -0.00199497 -0.0203536 
v 0.007 -0.0046 -0.0229586 
v 0 -0.0046 -0.0229586 
v 0.007 -0.0046 -0.0251 
v 0 -0.0046 -0.0251 
v 0.007 0.0046 -0.0251 
v 0 0.0046 -0.0251 
v 0.007 0.0046 -0.0229586 
v 0 0.0046 -0.0229586 
v 0.007 0.00199497 -0.0203536 
v 0 0.00199497 -0.0203536 
v 0.007 0.00199497 -0.0196464 
v 0 0.00199497 -0.0196464 
v 0.007 0.00362132 -0.0180201 
v 0 0.00362132 -0.0180201 
v 0.007 0.00432843 -0.0180201 
v 0 0.00432843 -0.0180201 
v 0.007 0.0045 -0.0181917 
v 0 0.0045 -0.0181917 
v 0.007 0.0045 -0.022 
v 0 0.0045 -0.022 
v 0.007 0.0074 -0.022 
v 0 0.0074 -0.022 
v 0.00655226 -0.00789726 -0.0217988 
v 0.00660396 -0.00788907 -0.0217988 
v 0.00665451 -0.00787553 -0.0217988 
v 0.00670337 -0.00785677 -0.0217988 
v 0.00675 -0.00783301 -0.0217988 
v 0.00679389 -0.00780451 -0.0217988 
v 0.00683457 -0.00777157 -0.0217988 
v 0.00687157 -0.00773457 -0.0217988 
v 0.00690451 -0.00769389 -0.0217988 
v 0.00693301 -0.00765 -0.0217988 
v 0.00695677 -0.00760337 -0.0217988 
v 0.00697553 -0.00755451 -0.0217988 
v 0.00698907 -0.00750396 -0.0217988 
v 0.00699726 -0.00745226 -0.0217988 
v 0.00655226 -0.00778439 -0.0214833 
v 0.00655226 -0.00781346 -0.0215225 
v 0.00655226 -0.00783855 -0.0215644 
v 0.00655226 -0.00785941 -0.0216085 
v 0.00655226 -0.00787585 -0.0216544 
v 0.00655226 -0.00788771 -0.0217018 
v 0.00655226 -0.00789487 -0.02175 
v 0.00660396 -0.00777806 -0.0214885 
v 0.00660396 -0.00780665 -0.0215271 
v 0.00660396 -0.00783132 -0.0215682 
v 0.00660396 -0.00785185 -0.0216116 
v 0.00660396 -0.00786801 -0.0216568 
v 0.00660396 -0.00787968 -0.0217034 
v 0.00660396 -0.00788672 -0.0217508 
v 0.00665451 -0.00776759 -0.0214971 
v 0.00665451 -0.00779539 -0.0215346 
v 0.00665451 -0.00781938 -0.0215746 
v 0.00665451 -0.00783933 -0.0216168 
v 0.00665451 -0.00785505 -0.0216607 
v 0.00665451 -0.00786639 -0.021706 
v 0.00665451 -0.00787324 -0.0217522 
v 0.00670337 -0.00775309 -0.021509 
v 0.00670337 -0.00777979 -0.021545 
v 0.00670337 -0.00780284 -0.0215835 
v 0.00670337 -0.007822 -0.021624 
v 0.00670337 -0.0078371 -0.0216662 
v 0.00670337 -0.007848 -0.0217097 
v 0.00670337 -0.00785457 -0.021754 
v 0.00675 -0.00773472 -0.0215241 
v 0.00675 -0.00776004 -0.0215582 
v 0.00675 -0.00778188 -0.0215947 
v 0.00675 -0.00780005 -0.0216331 
v 0.00675 -0.00781437 -0.0216731 
v 0.00675 -0.00782469 -0.0217143 
v 0.00675 -0.00783093 -0.0217563 
v 0.00679389 -0.00771269 -0.0215422 
v 0.00679389 -0.00773634 -0.021574 
v 0.00679389 -0.00775674 -0.0216081 
v 0.00679389 -0.00777372 -0.021644 
v 0.00679389 -0.00778709 -0.0216814 
v 0.00679389 -0.00779674 -0.0217199 
v 0.00679389 -0.00780256 -0.0217591 
v 0.00683457 -0.00768723 -0.0215631 
v 0.00683457 -0.00770895 -0.0215923 
v 0.00683457 -0.0077277 -0.0216236 
v 0.00683457 -0.00774329 -0.0216566 
v 0.00683457 -0.00775557 -0.0216909 
v 0.00683457 -0.00776443 -0.0217263 
v 0.00683457 -0.00776978 -0.0217624 
v 0.00687157 -0.00765862 -0.0215865 
v 0.00687157 -0.00767818 -0.0216129 
v 0.00687157 -0.00769506 -0.0216411 
v 0.00687157 -0.0077091 -0.0216707 
v 0.00687157 -0.00772016 -0.0217017 
v 0.00687157 -0.00772814 -0.0217335 
v 0.00687157 -0.00773295 -0.021766 
v 0.00690451 -0.00762718 -0.0216123 
v 0.00690451 -0.00764436 -0.0216355 
v 0.00690451 -0.00765919 -0.0216602 
v 0.00690451 -0.00767152 -0.0216863 
v 0.00690451 -0.00768124 -0.0217135 
v 0.00690451 -0.00768825 -0.0217414 
v 0.00690451 -0.00769248 -0.02177 
v 0.00693301 -0.00759325 -0.0216402 
v 0.00693301 -0.00760787 -0.0216599 
v 0.00693301 -0.00762048 -0.0216809 
v 0.00693301 -0.00763097 -0.0217031 
v 0.00693301 -0.00763924 -0.0217262 
v 0.00693301 -0.0076452 -0.02175 
v 0.00693301 -0.0076488 -0.0217743 
v 0.00695677 -0.00755721 -0.0216698 
v 0.00695677 -0.00756909 -0.0216858 
v 0.00695677 -0.00757935 -0.0217029 
v 0.00695677 -0.00758789 -0.021721 
v 0.00695677 -0.00759461 -0.0217397 
v 0.00695677 -0.00759946 -0.0217591 
v 0.00695677 -0.00760239 -0.0217788 
v 0.00697553 -0.00751944 -0.0217008 
v 0.00697553 -0.00752847 -0.0217129 
v 0.00697553 -0.00753626 -0.0217259 
v 0.00697553 -0.00754275 -0.0217397 
v 0.00697553 -0.00754786 -0.0217539 
v 0.00697553 -0.00755154 -0.0217686 
v 0.00697553 -0.00755376 -0.0217836 
v 0.00698907 -0.00748036 -0.0217328 
v 0.00698907 -0.00748644 -0.021741 
v 0.00698907 -0.00749168 -0.0217498 
v 0.00698907 -0.00749604 -0.021759 
v 0.00698907 -0.00749948 -0.0217686 
v 0.00698907 -0.00750196 -0.0217785 
v 0.00698907 -0.00750346 -0.0217886 
v 0.00699726 -0.0074404 -0.0217656 
v 0.00699726 -0.00744346 -0.0217697 
v 0.00699726 -0.00744609 -0.0217741 
v 0.00699726 -0.00744829 -0.0217788 
v 0.00699726 -0.00745001 -0.0217836 
v 0.00699726 -0.00745126 -0.0217886 
v 0.00699726 -0.00745201 -0.0217937 
v 0.0005 -0.0079 -0.0276929 
v 0.0065 -0.0079 -0.0276929 
v 0.000165435 -0.00777157 -0.0280275 
v 0.00683457 -0.00777157 -0.0280275 
v 0.00681677 -0.00778598 -0.0280097 
v 0.000183228 -0.00778598 -0.0280097 
v 0.000146447 -0.00775355 -0.0280464 
v 0.00685355 -0.00775355 -0.0280464 
v 0.00679389 -0.00780451 -0.0279868 
v 0.00677743 -0.0078152 -0.0279703 
v 0.000222566 -0.0078152 -0.0279703 
v 0.000206107 -0.00780451 -0.0279868 
v 0.00675 -0.00783301 -0.0279429 
v 0.00673543 -0.00784044 -0.0279283 
v 0.00026457 -0.00784044 -0.0279283 
v 0.00025 -0.00783301 -0.0279429 
v 0.000296632 -0.00785677 -0.0278963 
v 0.00670337 -0.00785677 -0.0278963 
v 0.00669116 -0.00786146 -0.027884 
v 0.000308844 -0.00786146 -0.027884 
v 0.00665451 -0.00787553 -0.0278474 
v 0.00664503 -0.00787807 -0.0278379 
v 0.000354968 -0.00787807 -0.0278379 
v 0.000345492 -0.00787553 -0.0278474 
v 0.000396044 -0.00788907 -0.0277968 
v 0.00660396 -0.00788907 -0.0277968 
v 0.0065975 -0.0078901 -0.0277904 
v 0.000402504 -0.0078901 -0.0277904 
v 0.000447736 -0.00789726 -0.0277452 
v 0.00655226 -0.00789726 -0.0277452 
v 0.006549 -0.00789743 -0.0277419 
v 0.000451001 -0.00789743 -0.0277419 
v 0 -0.0074 -0.0279 
v 2.73905e-06 -0.00745226 -0.0279523 
v 1.09262e-05 -0.00750396 -0.028004 
v 2.44717e-05 -0.00755451 -0.0280545 
v 4.32273e-05 -0.00760337 -0.0281034 
v 6.69873e-05 -0.00765 -0.02815 
v 9.54915e-05 -0.00769389 -0.0281061 
v 0.000128428 -0.00773457 -0.0280654 
v 0 0.0074 -0.0279 
v 0.00693301 -0.00765 -0.02815 
v 0.00695677 -0.00760337 -0.0281034 
v 0.00697553 -0.00755451 -0.0280545 
v 0.00698907 -0.00750396 -0.028004 
v 0.00699726 -0.00745226 -0.0279523 
v 0.007 -0.0074 -0.0279 
v 0.00687157 -0.00773457 -0.0280654 
v 0.00690451 -0.00769389 -0.0281061 
v 0.007 0.0074 -0.0279 
v 0.000128428 -0.00756543 -0.0282346 
v 0.00690451 -0.00760611 -0.0281939 
v 0.00687157 -0.00756543 -0.0282346 
v 9.54915e-05 -0.00760611 -0.0281939 
v 0.000146447 -0.00754645 -0.0282536 
v 0.00685355 -0.00754645 -0.0282536 
v 6.85233e-07 0.00742617 -0.0220007 
v 0.00699931 0.00742617 -0.0220007 
v 0.00699726 0.00745226 -0.0220027 
v 2.73905e-06 0.00745226 -0.0220027 
v 6.15583e-06 0.00747822 -0.0220062 
v 0.00699384 0.00747822 -0.0220062 
v 0.00698907 0.00750396 -0.0220109 
v 1.09262e-05 0.00750396 -0.0220109 
v 0.00698296 0.00752941 -0.022017 
v 0.00697553 0.00755451 -0.0220245 
v 2.44717e-05 0.00755451 -0.0220245 
v 1.70371e-05 0.00752941 -0.022017 
v 3.32098e-05 0.00757918 -0.0220332 
v 0.00696679 0.00757918 -0.0220332 
v 0.00695677 0.00760337 -0.0220432 
v 4.32273e-05 0.00760337 -0.0220432 
v 0.0069455 0.007627 -0.0220545 
v 0.00693301 0.00765 -0.022067 
v 6.69873e-05 0.00765 -0.022067 
v 5.44967e-05 0.007627 -0.0220545 
v 8.06647e-05 0.00767232 -0.0220807 
v 0.00691934 0.00767232 -0.0220807 
v 0.00690451 0.00769389 -0.0220955 
v 9.54915e-05 0.00769389 -0.0220955 
v 0.00687157 0.00773457 -0.0221284 
v 0.000128428 0.00773457 -0.0221284 
v 0.00683457 0.00777157 -0.0221654 
v 0.000165435 0.00777157 -0.0221654 
v 0.00679389 0.00780451 -0.0222061 
v 0.00675 0.00783301 -0.02225 
v 0.00025 0.00783301 -0.02225 
v 0.00670337 0.00785677 -0.0222966 
v 0.000296632 0.00785677 -0.0222966 
v 0.00665451 0.00787553 -0.0223455 
v 0.00660396 0.00788907 -0.022396 
v 0.000396044 0.00788907 -0.022396 
v 0.00655226 0.00789726 -0.0224477 
v 0.000447736 0.00789726 -0.0224477 
v 0.0065 0.0079 -0.0225 
v 0.0005 0.0079 -0.0225 
v 0.000345492 0.00787553 -0.0223455 
v 0.000206107 0.00780451 -0.0222061 
v 0.0065 0.0079 -0.0276929 
v 0.0005 0.0079 -0.0276929 
v 2.73905e-06 0.00745226 -0.0279523 
v 1.09262e-05 0.00750396 -0.028004 
v 2.44717e-05 0.00755451 -0.0280545 
v 4.32273e-05 0.00760337 -0.0281034 
v 6.69873e-05 0.00765 -0.02815 
v 0.000450991 0.00789759 -0.0277419 
v 0.000447757 0.00789711 -0.0277451 
v 0.000402455 0.00789039 -0.0277904 
v 0.00039611 0.0078888 -0.0277968 
v 0.000354858 0.00787847 -0.027838 
v 0.00034562 0.00787516 -0.0278473 
v 0.000308658 0.00786194 -0.0278842 
v 0.000296832 0.00785635 -0.0278961 
v 0.000264302 0.00784096 -0.0279286 
v 0.000250274 0.00783255 -0.0279426 
v 0.000222215 0.00781573 -0.0279707 
v 0.000206451 0.00780404 -0.0279864 
v 0.000182803 0.00778651 -0.0280101 
v 0.000165837 0.00777113 -0.0280271 
v 0.000146447 0.00775355 -0.0280464 
v 0.000128428 0.00773457 -0.0280654 
v 9.54915e-05 0.00769389 -0.0281061 
v 0.00699726 0.00745226 -0.0279523 
v 0.00698907 0.00750396 -0.028004 
v 0.00697553 0.00755451 -0.0280545 
v 0.00695677 0.00760337 -0.0281034 
v 0.00693301 0.00765 -0.02815 
v 0.00690451 0.00769389 -0.0281061 
v 0.00687157 0.00773457 -0.0280654 
v 0.00685355 0.00775355 -0.0280464 
v 0.00683416 0.00777113 -0.0280271 
v 0.0068172 0.00778651 -0.0280101 
v 0.00679355 0.00780404 -0.0279864 
v 0.00677779 0.00781573 -0.0279707 
v 0.00674973 0.00783255 -0.0279426 
v 0.0067357 0.00784096 -0.0279286 
v 0.00670317 0.00785635 -0.0278961 
v 0.00669134 0.00786194 -0.0278842 
v 0.00665438 0.00787516 -0.0278473 
v 0.00664514 0.00787847 -0.027838 
v 0.00660389 0.0078888 -0.0277968 
v 0.00659755 0.00789039 -0.0277904 
v 0.00655224 0.00789711 -0.0277451 
v 0.00654901 0.00789759 -0.0277419 
v 0.00685355 0.00754645 -0.0282536 
v 9.54915e-05 0.00760611 -0.0281939 
v 0.000128428 0.00756543 -0.0282346 
v 0.000146447 0.00754645 -0.0282536 
v 0.00690451 0.00760611 -0.0281939 
v 0.00687157 0.00756543 -0.0282346 
v 0.000450991 -0.0072419 -0.0283976 
v 0.000447736 0.00724516 -0.0283973 
v 0.000451001 0.00724189 -0.0283974 
v 0.0005 -0.00719289 -0.0284 
v 0.000447757 -0.00724514 -0.0283971 
v 0.000402455 -0.00729044 -0.0283904 
v 0.000396044 0.00729685 -0.0283891 
v 0.000402504 0.00729039 -0.0283901 
v 0.00039611 -0.00729678 -0.0283888 
v 0.000354858 -0.00733804 -0.0283785 
v 0.000345492 0.0073474 -0.0283755 
v 0.000354968 0.00733793 -0.0283781 
v 0.00034562 -0.00734727 -0.0283752 
v 0.000308658 -0.00738423 -0.0283619 
v 0.000296632 0.00739626 -0.0283568 
v 0.000308844 0.00738405 -0.0283615 
v 0.000296832 -0.00739606 -0.0283563 
v 0.00025 0.00744289 -0.028333 
v 0.00026457 0.00742832 -0.0283404 
v 0.000264302 -0.00742859 -0.028341 
v 0.000250274 -0.00744262 -0.0283326 
v 0.000206107 0.00748679 -0.0283045 
v 0.000222566 0.00747033 -0.0283152 
v 0.000222215 -0.00747068 -0.0283157 
v 0.000206451 -0.00748644 -0.028304 
v 0.000165435 0.00752746 -0.0282716 
v 0.000183228 0.00750966 -0.028286 
v 0.000182803 -0.00751009 -0.0282865 
v 0.000165837 -0.00752706 -0.0282711 
v 0.0005 0.00719289 -0.0284 
v 0.006549 0.00724189 -0.0283974 
v 0.00654901 -0.0072419 -0.0283976 
v 0.0065 -0.00719289 -0.0284 
v 0.00655224 -0.00724514 -0.0283971 
v 0.0065 0.00719289 -0.0284 
v 0.0065975 0.00729039 -0.0283901 
v 0.00659755 -0.00729044 -0.0283904 
v 0.00660389 -0.00729678 -0.0283888 
v 0.00655226 0.00724516 -0.0283973 
v 0.00664503 0.00733793 -0.0283781 
v 0.00664514 -0.00733804 -0.0283785 
v 0.00665438 -0.00734727 -0.0283752 
v 0.00660396 0.00729685 -0.0283891 
v 0.00669116 0.00738405 -0.0283615 
v 0.00669134 -0.00738423 -0.0283619 
v 0.00670317 -0.00739606 -0.0283563 
v 0.00665451 0.0073474 -0.0283755 
v 0.00673543 0.00742832 -0.0283404 
v 0.0067357 -0.00742859 -0.028341 
v 0.00674973 -0.00744262 -0.0283326 
v 0.00670337 0.00739626 -0.0283568 
v 0.00677743 0.00747033 -0.0283152 
v 0.00677779 -0.00747068 -0.0283157 
v 0.00679355 -0.00748644 -0.028304 
v 0.00675 0.00744289 -0.028333 
v 0.00681677 0.00750966 -0.028286 
v 0.0068172 -0.00751009 -0.0282865 
v 0.00683416 -0.00752706 -0.0282711 
v 0.00679389 0.00748679 -0.0283045 
v 0.00683457 0.00752746 -0.0282716 
vn -0.104528 -0.994522 -1.21794e-16 
vn 0 -1 -1.22465e-16 
vn 0 -0.995185 0.0980171 
vn -0.104528 -0.989733 0.0974802 
vn 0 -0.980785 0.19509 
vn -0.104528 -0.975412 0.194022 
vn 0 -0.95694 0.290285 
vn -0.104528 -0.951698 0.288694 
vn 0 -0.92388 0.382683 
vn -0.104528 -0.918818 0.380587 
vn 0 -0.881921 0.471397 
vn -0.104528 -0.87709 0.468814 
vn 0 -0.83147 0.55557 
vn -0.104528 -0.826915 0.552527 
vn 0 -0.77301 0.634393 
vn -0.104528 -0.768776 0.630918 
vn 0 -0.707107 0.707107 
vn -0.207912 -0.978148 -1.19789e-16 
vn -0.207912 -0.973438 0.0958752 
vn -0.207912 -0.959353 0.190827 
vn -0.207912 -0.936029 0.283941 
vn -0.207912 -0.903691 0.374321 
vn -0.207912 -0.862649 0.461096 
vn -0.207912 -0.8133 0.54343 
vn -0.207912 -0.756118 0.62053 
vn -0.104528 -0.703233 0.703233 
vn -0.309017 -0.951057 -1.16471e-16 
vn -0.309017 -0.946477 0.0932198 
vn -0.309017 -0.932782 0.185542 
vn -0.309017 -0.910104 0.276077 
vn -0.309017 -0.878662 0.363954 
vn -0.309017 -0.838757 0.448325 
vn -0.309017 -0.790775 0.528379 
vn -0.309017 -0.735177 0.603344 
vn -0.207912 -0.691655 0.691655 
vn -0.406737 -0.913545 -1.11877e-16 
vn -0.406737 -0.909146 0.0895431 
vn -0.406737 -0.895992 0.178224 
vn -0.406737 -0.874208 0.265188 
vn -0.406737 -0.844006 0.349599 
vn -0.406737 -0.805675 0.430642 
vn -0.406737 -0.759585 0.507539 
vn -0.406737 -0.70618 0.579547 
vn -0.309017 -0.672499 0.672499 
vn -0.5 -0.866025 -1.06058e-16 
vn -0.5 -0.861855 0.0848853 
vn -0.5 -0.849385 0.168953 
vn -0.5 -0.828735 0.251394 
vn -0.5 -0.800103 0.331414 
vn -0.5 -0.763766 0.408242 
vn -0.5 -0.720074 0.481138 
vn -0.5 -0.669447 0.549401 
vn -0.406737 -0.645974 0.645974 
vn -0.587785 -0.809017 -9.9076e-17 
vn -0.587785 -0.805121 0.0792975 
vn -0.587785 -0.793472 0.157831 
vn -0.587785 -0.774181 0.234845 
vn -0.587785 -0.747434 0.309597 
vn -0.587785 -0.713489 0.381368 
vn -0.587785 -0.672673 0.449466 
vn -0.587785 -0.625379 0.513235 
vn -0.5 -0.612372 0.612372 
vn -0.669131 -0.743145 -9.1009e-17 
vn -0.669131 -0.739566 0.0728409 
vn -0.669131 -0.728866 0.14498 
vn -0.669131 -0.711145 0.215724 
vn -0.669131 -0.686576 0.284389 
vn -0.669131 -0.655395 0.350316 
vn -0.669131 -0.617902 0.412869 
vn -0.669131 -0.574459 0.471446 
vn -0.587785 -0.572061 0.572061 
vn -0.743145 -0.669131 -8.19449e-17 
vn -0.743145 -0.665909 0.0655863 
vn -0.743145 -0.656273 0.130541 
vn -0.743145 -0.640318 0.194238 
vn -0.743145 -0.618196 0.256065 
vn -0.743145 -0.590121 0.315426 
vn -0.743145 -0.556362 0.371749 
vn -0.743145 -0.517245 0.424492 
vn -0.669131 -0.525483 0.525483 
vn -0.809017 -0.587785 -7.19829e-17 
vn -0.809017 -0.584955 0.057613 
vn -0.809017 -0.576491 0.114671 
vn -0.809017 -0.562475 0.170625 
vn -0.809017 -0.543043 0.224936 
vn -0.809017 -0.51838 0.27708 
vn -0.809017 -0.488726 0.326556 
vn -0.809017 -0.454364 0.372887 
vn -0.743145 -0.473147 0.473147 
vn -0.866025 -0.5 -6.12323e-17 
vn -0.866025 -0.497592 0.0490086 
vn -0.866025 -0.490393 0.0975452 
vn -0.866025 -0.47847 0.145142 
vn -0.866025 -0.46194 0.191342 
vn -0.866025 -0.440961 0.235698 
vn -0.866025 -0.415735 0.277785 
vn -0.866025 -0.386505 0.317197 
vn -0.809017 -0.415627 0.415627 
vn -0.913545 -0.406737 -4.98109e-17 
vn -0.913545 -0.404778 0.0398672 
vn -0.913545 -0.398921 0.0793504 
vn -0.913545 -0.389223 0.118069 
vn -0.913545 -0.375776 0.155651 
vn -0.913545 -0.35871 0.191734 
vn -0.913545 -0.338189 0.225971 
vn -0.913545 -0.314412 0.258031 
vn -0.866025 -0.353553 0.353553 
vn -0.951057 -0.309017 -3.78437e-17 
vn -0.951057 -0.307529 0.030289 
vn -0.951057 -0.303079 0.0602862 
vn -0.951057 -0.295711 0.0897029 
vn -0.951057 -0.285494 0.118256 
vn -0.951057 -0.272529 0.14567 
vn -0.951057 -0.256938 0.171681 
vn -0.951057 -0.238873 0.196038 
vn -0.913545 -0.287606 0.287606 
vn -0.978148 -0.207912 -2.54618e-17 
vn -0.978148 -0.206911 0.0203789 
vn -0.978148 -0.203917 0.0405616 
vn -0.978148 -0.198959 0.0603536 
vn -0.978148 -0.192085 0.0795644 
vn -0.978148 -0.183362 0.0980089 
vn -0.978148 -0.172872 0.11551 
vn -0.978148 -0.160718 0.131898 
vn -0.951057 -0.218508 0.218508 
vn -0.994522 -0.104528 -1.2801e-17 
vn -0.994522 -0.104025 0.0102456 
vn -0.994522 -0.10252 0.0203925 
vn -0.994522 -0.100028 0.030343 
vn -0.994522 -0.0965717 0.0400013 
vn -0.994522 -0.0921859 0.0492744 
vn -0.994522 -0.0869122 0.0580729 
vn -0.994522 -0.0808016 0.0663122 
vn -0.978148 -0.147016 0.147016 
vn -1 0 0 
vn -0.994522 -0.0739128 0.0739128 
vn 0 -1 -1.22465e-16 
vn 0 -0.995185 0.0980171 
vn 0 -0.980785 0.19509 
vn 0 -0.95694 0.290285 
vn 0 -0.92388 0.382683 
vn 0 -0.881921 0.471397 
vn 0 -0.83147 0.55557 
vn 0 -0.77301 0.634393 
vn 0 -0.707107 0.707107 
vn 0 -0.634393 0.77301 
vn 0 -0.629329 0.777139 
vn 0 -0.55557 0.83147 
vn 0 -0.544653 0.838661 
vn 0 -0.471397 0.881921 
vn 0 -0.454008 0.890998 
vn 0 -0.382683 0.92388 
vn 0 -0.358385 0.933574 
vn 0 -0.290285 0.95694 
vn 0 -0.258834 0.965922 
vn 0 -0.19509 0.980785 
vn 0 -0.156444 0.987687 
vn 0 -0.0980171 0.995185 
vn 0 -0.0523394 0.998629 
vn 0 -1.83697e-16 1 
vn -0.104528 -0.703233 0.703233 
vn 1.22465e-16 -0.707107 0.707107 
vn -0.0980171 -0.703702 0.703702 
vn -0.207912 -0.691655 0.691655 
vn -0.104518 -0.703234 0.703234 
vn -0.19509 -0.69352 0.69352 
vn -0.309017 -0.672499 0.672499 
vn -0.207895 -0.691657 0.691657 
vn -0.290285 -0.676659 0.676659 
vn -0.406737 -0.645974 0.645974 
vn -0.308999 -0.672503 0.672503 
vn -0.382683 -0.653281 0.653281 
vn -0.5 -0.612372 0.612372 
vn -0.40672 -0.645979 0.645979 
vn -0.471397 -0.623613 0.623613 
vn -0.587785 -0.572061 0.572061 
vn -0.499987 -0.612378 0.612378 
vn -0.55557 -0.587938 0.587938 
vn -0.669131 -0.525483 0.525483 
vn -0.587777 -0.572066 0.572066 
vn -0.634393 -0.546601 0.546601 
vn -0.743145 -0.473147 0.473147 
vn -0.669128 -0.525484 0.525484 
vn -0.707107 -0.5 0.5 
vn -0.809017 -0.415627 0.415627 
vn -0.743145 -0.473147 0.473147 
vn -0.866025 -0.353553 0.353553 
vn -0.809017 -0.415627 0.415627 
vn -0.913545 -0.287606 0.287606 
vn -0.866025 -0.353553 0.353553 
vn -0.951057 -0.218508 0.218508 
vn -0.913545 -0.287606 0.287606 
vn -0.978148 -0.147016 0.147016 
vn -0.951057 -0.218508 0.218508 
vn -0.994522 -0.0739128 0.0739128 
vn -0.978148 -0.147016 0.147016 
vn -1 9.9187e-15 -9.9187e-15 
vn -0.994522 -0.0739128 0.0739128 
vn 1 2.75903e-14 -2.75903e-14 
vn 0.994522 -0.0739128 0.0739128 
vn 0.978148 -0.147016 0.147016 
vn 0.951057 -0.218508 0.218508 
vn 0.913545 -0.287606 0.287606 
vn 0.866025 -0.353553 0.353553 
vn 0.809017 -0.415627 0.415627 
vn 0.743145 -0.473147 0.473147 
vn 0.707107 -0.5 0.5 
vn 0.669128 -0.525484 0.525484 
vn 0.669131 -0.525483 0.525483 
vn 0.634393 -0.546601 0.546601 
vn 0.587777 -0.572066 0.572066 
vn 0.587785 -0.572061 0.572061 
vn 0.55557 -0.587938 0.587938 
vn 0.499987 -0.612378 0.612378 
vn 0.5 -0.612372 0.612372 
vn 0.471397 -0.623613 0.623613 
vn 0.40672 -0.645979 0.645979 
vn 0.406737 -0.645974 0.645974 
vn 0.382683 -0.653281 0.653281 
vn 0.308999 -0.672503 0.672503 
vn 0.309017 -0.672499 0.672499 
vn 0.290285 -0.676659 0.676659 
vn 0.207895 -0.691657 0.691657 
vn 0.207912 -0.691655 0.691655 
vn 0.19509 -0.69352 0.69352 
vn 0.104518 -0.703234 0.703234 
vn 0.104528 -0.703233 0.703233 
vn 0.0980171 -0.703702 0.703702 
vn 0 -0.707107 0.707107 
vn 0 0 1 
vn 0 0.707107 0.707107 
vn 0 1 0 
vn 0 0.707107 -0.707107 
vn 0 0 1 
vn 0 -1 0 
vn 0 -0.707107 -0.707107 
vn 0 -0.707107 0.707107 
vn 0 0 1 
vn 0 0.707107 0.707107 
vn 0 1 0 
vn 0 0 1 
vn 0.104528 -0.703233 0.703233 
vn 0 -0.707107 0.707107 
vn 0 -0.77301 0.634393 
vn 0.104528 -0.768776 0.630918 
vn 0 -0.83147 0.55557 
vn 0.104528 -0.826915 0.552527 
vn 0 -0.881921 0.471397 
vn 0.104528 -0.87709 0.468814 
vn 0 -0.92388 0.382683 
vn 0.104528 -0.918818 0.380587 
vn 0 -0.95694 0.290285 
vn 0.104528 -0.951698 0.288694 
vn 0 -0.980785 0.19509 
vn 0.104528 -0.975412 0.194022 
vn 0 -0.995185 0.0980171 
vn 0.104528 -0.989733 0.0974802 
vn 0 -1 -1.27676e-15 
vn 0.207912 -0.691655 0.691655 
vn 0.207912 -0.756118 0.62053 
vn 0.207912 -0.8133 0.54343 
vn 0.207912 -0.862649 0.461096 
vn 0.207912 -0.903691 0.374321 
vn 0.207912 -0.936029 0.283941 
vn 0.207912 -0.959353 0.190827 
vn 0.207912 -0.973438 0.0958752 
vn 0.104528 -0.994522 1.16573e-15 
vn 0.309017 -0.672499 0.672499 
vn 0.309017 -0.735177 0.603344 
vn 0.309017 -0.790775 0.528379 
vn 0.309017 -0.838757 0.448325 
vn 0.309017 -0.878662 0.363954 
vn 0.309017 -0.910104 0.276077 
vn 0.309017 -0.932782 0.185542 
vn 0.309017 -0.946477 0.0932198 
vn 0.207912 -0.978148 -2.55351e-15 
vn 0.406737 -0.645974 0.645974 
vn 0.406737 -0.70618 0.579547 
vn 0.406737 -0.759585 0.507539 
vn 0.406737 -0.805675 0.430642 
vn 0.406737 -0.844006 0.349599 
vn 0.406737 -0.874208 0.265188 
vn 0.406737 -0.895992 0.178224 
vn 0.406737 -0.909146 0.0895431 
vn 0.309017 -0.951057 -5.55112e-17 
vn 0.5 -0.612372 0.612372 
vn 0.5 -0.669447 0.549401 
vn 0.5 -0.720074 0.481138 
vn 0.5 -0.763766 0.408242 
vn 0.5 -0.800103 0.331414 
vn 0.5 -0.828735 0.251394 
vn 0.5 -0.849385 0.168953 
vn 0.5 -0.861855 0.0848853 
vn 0.406737 -0.913545 1.11022e-15 
vn 0.587785 -0.572061 0.572061 
vn 0.587785 -0.625379 0.513235 
vn 0.587785 -0.672673 0.449466 
vn 0.587785 -0.713489 0.381368 
vn 0.587785 -0.747434 0.309597 
vn 0.587785 -0.774181 0.234845 
vn 0.587785 -0.793472 0.157831 
vn 0.587785 -0.805121 0.0792975 
vn 0.5 -0.866025 -1.16573e-15 
vn 0.669131 -0.525483 0.525483 
vn 0.669131 -0.574459 0.471446 
vn 0.669131 -0.617902 0.412869 
vn 0.669131 -0.655395 0.350316 
vn 0.669131 -0.686576 0.284389 
vn 0.669131 -0.711145 0.215724 
vn 0.669131 -0.728866 0.14498 
vn 0.669131 -0.739566 0.0728409 
vn 0.587785 -0.809017 2.38698e-15 
vn 0.743145 -0.473147 0.473147 
vn 0.743145 -0.517245 0.424492 
vn 0.743145 -0.556362 0.371749 
vn 0.743145 -0.590121 0.315426 
vn 0.743145 -0.618196 0.256065 
vn 0.743145 -0.640318 0.194238 
vn 0.743145 -0.656273 0.130541 
vn 0.743145 -0.665909 0.0655863 
vn 0.669131 -0.743145 1.22125e-15 
vn 0.809017 -0.415627 0.415627 
vn 0.809017 -0.454364 0.372887 
vn 0.809017 -0.488726 0.326556 
vn 0.809017 -0.51838 0.27708 
vn 0.809017 -0.543043 0.224936 
vn 0.809017 -0.562475 0.170625 
vn 0.809017 -0.576491 0.114671 
vn 0.809017 -0.584955 0.057613 
vn 0.743145 -0.669131 -5.55112e-17 
vn 0.866025 -0.353553 0.353553 
vn 0.866025 -0.386505 0.317197 
vn 0.866025 -0.415735 0.277785 
vn 0.866025 -0.440961 0.235698 
vn 0.866025 -0.46194 0.191342 
vn 0.866025 -0.47847 0.145142 
vn 0.866025 -0.490393 0.0975452 
vn 0.866025 -0.497592 0.0490086 
vn 0.809017 -0.587785 1.16573e-15 
vn 0.913545 -0.287606 0.287606 
vn 0.913545 -0.314412 0.258031 
vn 0.913545 -0.338189 0.225971 
vn 0.913545 -0.35871 0.191734 
vn 0.913545 -0.375776 0.155651 
vn 0.913545 -0.389223 0.118069 
vn 0.913545 -0.398921 0.0793504 
vn 0.913545 -0.404778 0.0398672 
vn 0.866025 -0.5 -1.27676e-15 
vn 0.951057 -0.218508 0.218508 
vn 0.951057 -0.238873 0.196038 
vn 0.951057 -0.256938 0.171681 
vn 0.951057 -0.272529 0.14567 
vn 0.951057 -0.285494 0.118256 
vn 0.951057 -0.295711 0.0897029 
vn 0.951057 -0.303079 0.0602862 
vn 0.951057 -0.307529 0.030289 
vn 0.913545 -0.406737 -2.77556e-17 
vn 0.978148 -0.147016 0.147016 
vn 0.978148 -0.160718 0.131898 
vn 0.978148 -0.172872 0.11551 
vn 0.978148 -0.183362 0.0980089 
vn 0.978148 -0.192085 0.0795644 
vn 0.978148 -0.198959 0.0603536 
vn 0.978148 -0.203917 0.0405616 
vn 0.978148 -0.206911 0.0203789 
vn 0.951057 -0.309017 -1.249e-15 
vn 0.994522 -0.0739128 0.0739128 
vn 0.994522 -0.0808016 0.0663122 
vn 0.994522 -0.0869122 0.0580729 
vn 0.994522 -0.0921859 0.0492744 
vn 0.994522 -0.0965717 0.0400013 
vn 0.994522 -0.100028 0.030343 
vn 0.994522 -0.10252 0.0203925 
vn 0.994522 -0.104025 0.0102456 
vn 0.978148 -0.207912 -1.249e-15 
vn 1 0 0 
vn 0.994522 -0.104528 -1.24206e-15 
vn 0 -1 0 
vn 0 -0.743145 -0.669131 
vn 0 -0.773006 -0.634399 
vn 0 -0.707107 -0.707107 
vn 0 -0.809017 -0.587785 
vn 0 -0.831462 -0.555582 
vn 0 -0.866025 -0.5 
vn 0 -0.881912 -0.471414 
vn 0 -0.913545 -0.406737 
vn 0 -0.923871 -0.382704 
vn 0 -0.951057 -0.309017 
vn 0 -0.956934 -0.290307 
vn 0 -0.978148 -0.207912 
vn 0 -0.980781 -0.19511 
vn 0 -0.994522 -0.104528 
vn 0 -0.995184 -0.0980293 
vn 0 -1 0 
vn -0.994522 -0.104528 0 
vn -1 -1.83697e-16 0 
vn -0.978148 -0.207912 0 
vn -0.994522 -0.104528 0 
vn -0.951057 -0.309017 0 
vn -0.978148 -0.207912 0 
vn -0.913545 -0.406737 0 
vn -0.951057 -0.309017 0 
vn -0.866025 -0.5 0 
vn -0.913545 -0.406737 0 
vn -0.809017 -0.587785 0 
vn -0.743145 -0.669131 0 
vn -0.707107 -0.707107 0 
vn -0.669131 -0.743145 0 
vn -0.634399 -0.773006 0 
vn -0.587785 -0.809017 0 
vn -0.555582 -0.831462 0 
vn -0.5 -0.866025 0 
vn -0.471414 -0.881912 0 
vn -0.406737 -0.913545 0 
vn -0.382704 -0.923871 0 
vn -0.309017 -0.951057 0 
vn -0.290307 -0.956934 0 
vn -0.207912 -0.978148 0 
vn -0.19511 -0.980781 0 
vn -0.104528 -0.994522 0 
vn -0.0980293 -0.995184 0 
vn 1.22465e-16 -1 0 
vn -1 0 0 
vn 0.866025 -0.5 0 
vn 0.913545 -0.406737 0 
vn 0.951057 -0.309017 0 
vn 0.978148 -0.207912 0 
vn 0.994522 -0.104528 0 
vn 1 -6.12323e-17 0 
vn 0.104528 -0.994522 0 
vn 0 -1 0 
vn 0.0980293 -0.995184 0 
vn 0.207912 -0.978148 0 
vn 0.104528 -0.994522 0 
vn 0.19511 -0.980781 0 
vn 0.309017 -0.951057 0 
vn 0.207912 -0.978148 0 
vn 0.290307 -0.956934 0 
vn 0.406737 -0.913545 0 
vn 0.309017 -0.951057 0 
vn 0.382704 -0.923871 0 
vn 0.5 -0.866025 0 
vn 0.406737 -0.913545 0 
vn 0.471414 -0.881912 0 
vn 0.587785 -0.809017 0 
vn 0.5 -0.866025 0 
vn 0.555582 -0.831462 0 
vn 0.669131 -0.743145 0 
vn 0.587785 -0.809017 0 
vn 0.634399 -0.773006 0 
vn 0.743145 -0.669131 0 
vn 0.669131 -0.743145 0 
vn 0.707107 -0.707107 0 
vn 0.809017 -0.587785 0 
vn 0.743145 -0.669131 0 
vn 1 -6.12323e-17 0 
vn 0 -0.707107 -0.707107 
vn 0 0.052336 0.99863 
vn 0 0.104528 0.994522 
vn 0 -1.83697e-16 1 
vn 0 0.156434 0.987688 
vn 0 0.207912 0.978148 
vn 0 0.258819 0.965926 
vn 0 0.309017 0.951057 
vn 0 0.358368 0.93358 
vn 0 0.406737 0.913545 
vn 0 0.45399 0.891007 
vn 0 0.5 0.866025 
vn 0 0.544639 0.838671 
vn 0 0.587785 0.809017 
vn 0 0.669131 0.743145 
vn 0 0.743145 0.669131 
vn 0 0.809017 0.587785 
vn 0 0.866025 0.5 
vn 0 0.913545 0.406737 
vn 0 0.951057 0.309017 
vn 0 0.978148 0.207912 
vn 0 0.994522 0.104528 
vn 0 1 0 
vn 0 0.951057 0.309017 
vn 0 0.809017 0.587785 
vn 0 1 0 
vn -0.994522 0.104528 0 
vn -1 1.83697e-16 0 
vn -0.99863 0.052336 0 
vn -0.978148 0.207912 0 
vn -0.987688 0.156434 0 
vn -0.951057 0.309017 0 
vn -0.965926 0.258819 0 
vn -0.913545 0.406737 0 
vn -0.93358 0.358368 0 
vn -0.866025 0.5 0 
vn -0.891007 0.45399 0 
vn -0.104528 0.994522 0 
vn 1.22465e-16 1 0 
vn -0.0980171 0.995185 0 
vn -0.207912 0.978148 0 
vn -0.104518 0.994523 0 
vn -0.19509 0.980785 0 
vn -0.309017 0.951057 0 
vn -0.207895 0.978151 0 
vn -0.290285 0.95694 0 
vn -0.406737 0.913545 0 
vn -0.308999 0.951062 0 
vn -0.382683 0.92388 0 
vn -0.5 0.866025 0 
vn -0.40672 0.913553 0 
vn -0.471397 0.881921 0 
vn -0.587785 0.809017 0 
vn -0.499987 0.866033 0 
vn -0.55557 0.83147 0 
vn -0.669131 0.743145 0 
vn -0.587777 0.809023 0 
vn -0.634393 0.77301 0 
vn -0.743145 0.669131 0 
vn -0.669128 0.743147 0 
vn -0.707107 0.707107 0 
vn -0.809017 0.587785 0 
vn -0.743145 0.669131 0 
vn -0.838671 0.544639 0 
vn -0.809017 0.587785 0 
vn 0.994522 0.104528 0 
vn 0.99863 0.052336 0 
vn 1 0 0 
vn 0.994522 0.104528 0 
vn 0.978148 0.207912 0 
vn 0.987688 0.156434 0 
vn 0.951057 0.309017 0 
vn 0.965926 0.258819 0 
vn 0.913545 0.406737 0 
vn 0.93358 0.358368 0 
vn 0.866025 0.5 0 
vn 0.891007 0.45399 0 
vn 0.838671 0.544639 0 
vn 0.809017 0.587785 0 
vn 0.743145 0.669131 0 
vn 0.707107 0.707107 0 
vn 0.669128 0.743147 0 
vn 0.669131 0.743145 0 
vn 0.634393 0.77301 0 
vn 0.587777 0.809023 0 
vn 0.587785 0.809017 0 
vn 0.55557 0.83147 0 
vn 0.499987 0.866033 0 
vn 0.5 0.866025 0 
vn 0.471397 0.881921 0 
vn 0.40672 0.913553 0 
vn 0.406737 0.913545 0 
vn 0.382683 0.92388 0 
vn 0.308999 0.951062 0 
vn 0.309017 0.951057 0 
vn 0.290285 0.95694 0 
vn 0.207895 0.978151 0 
vn 0.207912 0.978148 0 
vn 0.19509 0.980785 0 
vn 0.104518 0.994523 0 
vn 0.104528 0.994522 0 
vn 0.0980171 0.995185 0 
vn 0 1 0 
vn 1 6.12323e-17 0 
vn 0 0.995185 -0.0980171 
vn 0 1 0 
vn 0 0.994523 -0.104518 
vn 0 0.980785 -0.19509 
vn 0 0.978151 -0.207895 
vn 0 0.95694 -0.290285 
vn 0 0.951062 -0.308999 
vn 0 0.92388 -0.382683 
vn 0 0.913553 -0.40672 
vn 0 0.881921 -0.471397 
vn 0 0.866033 -0.499987 
vn 0 0.83147 -0.55557 
vn 0 0.809023 -0.587777 
vn 0 0.77301 -0.634393 
vn 0 0.743147 -0.669128 
vn 0 0.707107 -0.707107 
vn 0 1 0 
vn -0.0980171 0 -0.995185 
vn -0.104528 0 -0.994522 
vn -0.0980293 0 -0.995184 
vn 0 0 -1 
vn -0.104518 0 -0.994523 
vn -0.19509 0 -0.980785 
vn -0.207912 0 -0.978148 
vn -0.19511 0 -0.980781 
vn -0.207895 0 -0.978151 
vn -0.290285 0 -0.95694 
vn -0.309017 0 -0.951057 
vn -0.290307 0 -0.956934 
vn -0.308999 0 -0.951062 
vn -0.382683 0 -0.92388 
vn -0.406737 0 -0.913545 
vn -0.382704 0 -0.923871 
vn -0.40672 0 -0.913553 
vn -0.5 0 -0.866025 
vn -0.471414 0 -0.881912 
vn -0.471397 0 -0.881921 
vn -0.499987 0 -0.866033 
vn -0.587785 0 -0.809017 
vn -0.555582 0 -0.831462 
vn -0.55557 0 -0.83147 
vn -0.587777 0 -0.809023 
vn -0.669131 0 -0.743145 
vn -0.634399 0 -0.773006 
vn -0.634393 0 -0.77301 
vn -0.669128 0 -0.743147 
vn -0.743145 0 -0.669131 
vn -0.707107 0 -0.707107 
vn -0.809017 0 -0.587785 
vn -0.866025 0 -0.5 
vn -0.913545 0 -0.406737 
vn -0.951057 0 -0.309017 
vn -0.978148 0 -0.207912 
vn -0.994522 0 -0.104528 
vn -1 0 -1.22465e-16 
vn 6.12323e-17 0 -1 
vn 0.994522 0 -0.104528 
vn 1 0 -1.22465e-16 
vn 0.978148 0 -0.207912 
vn 0.951057 0 -0.309017 
vn 0.913545 0 -0.406737 
vn 0.866025 0 -0.5 
vn 0.0980293 0 -0.995184 
vn 0.0980171 0 -0.995185 
vn -6.12323e-17 0 -1 
vn 0.104518 0 -0.994523 
vn 0.19511 0 -0.980781 
vn 0.19509 0 -0.980785 
vn 0.207895 0 -0.978151 
vn 0.104528 0 -0.994522 
vn 0.290307 0 -0.956934 
vn 0.290285 0 -0.95694 
vn 0.308999 0 -0.951062 
vn 0.207912 0 -0.978148 
vn 0.382704 0 -0.923871 
vn 0.382683 0 -0.92388 
vn 0.40672 0 -0.913553 
vn 0.309017 0 -0.951057 
vn 0.471414 0 -0.881912 
vn 0.471397 0 -0.881921 
vn 0.499987 0 -0.866033 
vn 0.406737 0 -0.913545 
vn 0.555582 0 -0.831462 
vn 0.55557 0 -0.83147 
vn 0.587777 0 -0.809023 
vn 0.5 0 -0.866025 
vn 0.634399 0 -0.773006 
vn 0.634393 0 -0.77301 
vn 0.669128 0 -0.743147 
vn 0.587785 0 -0.809017 
vn 0.707107 0 -0.707107 
vn 0.743145 0 -0.669131 
vn 0.669131 0 -0.743145 
vn 0.809017 0 -0.587785 
vn 0.743145 0 -0.669131 
vn 0.978148 0 -0.207912 
vn 1 0 0 
vn 0 0 -1 
vn 0 0.669131 -0.743145 
vn 0 0.634399 -0.773006 
vn 0 0.707107 -0.707107 
vn 0 0.587785 -0.809017 
vn 0 0.555582 -0.831462 
vn 0 0.5 -0.866025 
vn 0 0.471414 -0.881912 
vn 0 0.406737 -0.913545 
vn 0 0.382704 -0.923871 
vn 0 0.309017 -0.951057 
vn 0 0.290307 -0.956934 
vn 0 0.207912 -0.978148 
vn 0 0.19511 -0.980781 
vn 0 0.104528 -0.994522 
vn 0 0.0980293 -0.995184 
vn 0 -6.12323e-17 -1 
vn 0 -0.0980171 -0.995185 
vn 0 -0.104518 -0.994523 
vn 0 -0.19509 -0.980785 
vn 0 -0.207895 -0.978151 
vn 0 -0.290285 -0.95694 
vn 0 -0.308999 -0.951062 
vn 0 -0.382683 -0.92388 
vn 0 -0.40672 -0.913553 
vn 0 -0.471397 -0.881921 
vn 0 -0.499987 -0.866033 
vn 0 -0.55557 -0.83147 
vn 0 -0.587777 -0.809023 
vn 0 -0.634393 -0.77301 
vn 0 -0.669128 -0.743147 
vn 0 -0.707107 -0.707107 
o mesh42
f 2337//2634 2338//2635 2339//2636 
f 2375//2637 2339//2636 2340//2638 
f 2376//2639 2340//2638 2341//2640 
f 2377//2641 2341//2640 2342//2642 
f 2378//2643 2342//2642 2343//2644 
f 2379//2645 2343//2644 2344//2646 
f 2380//2647 2344//2646 2345//2648 
f 2381//2649 2345//2648 2346//2650 
f 2347//2651 2337//2634 2375//2637 
f 2382//2652 2375//2637 2376//2639 
f 2383//2653 2376//2639 2377//2641 
f 2384//2654 2377//2641 2378//2643 
f 2385//2655 2378//2643 2379//2645 
f 2386//2656 2379//2645 2380//2647 
f 2387//2657 2380//2647 2381//2649 
f 2388//2658 2381//2649 2348//2659 
f 2349//2660 2347//2651 2382//2652 
f 2389//2661 2382//2652 2383//2653 
f 2390//2662 2383//2653 2384//2654 
f 2391//2663 2384//2654 2385//2655 
f 2392//2664 2385//2655 2386//2656 
f 2393//2665 2386//2656 2387//2657 
f 2394//2666 2387//2657 2388//2658 
f 2395//2667 2388//2658 2350//2668 
f 2351//2669 2349//2660 2389//2661 
f 2396//2670 2389//2661 2390//2662 
f 2397//2671 2390//2662 2391//2663 
f 2398//2672 2391//2663 2392//2664 
f 2399//2673 2392//2664 2393//2665 
f 2400//2674 2393//2665 2394//2666 
f 2401//2675 2394//2666 2395//2667 
f 2402//2676 2395//2667 2352//2677 
f 2353//2678 2351//2669 2396//2670 
f 2403//2679 2396//2670 2397//2671 
f 2404//2680 2397//2671 2398//2672 
f 2405//2681 2398//2672 2399//2673 
f 2406//2682 2399//2673 2400//2674 
f 2407//2683 2400//2674 2401//2675 
f 2408//2684 2401//2675 2402//2676 
f 2409//2685 2402//2676 2354//2686 
f 2355//2687 2353//2678 2403//2679 
f 2410//2688 2403//2679 2404//2680 
f 2411//2689 2404//2680 2405//2681 
f 2412//2690 2405//2681 2406//2682 
f 2413//2691 2406//2682 2407//2683 
f 2414//2692 2407//2683 2408//2684 
f 2415//2693 2408//2684 2409//2685 
f 2416//2694 2409//2685 2356//2695 
f 2357//2696 2355//2687 2410//2688 
f 2417//2697 2410//2688 2411//2689 
f 2418//2698 2411//2689 2412//2690 
f 2419//2699 2412//2690 2413//2691 
f 2420//2700 2413//2691 2414//2692 
f 2421//2701 2414//2692 2415//2693 
f 2422//2702 2415//2693 2416//2694 
f 2423//2703 2416//2694 2358//2704 
f 2359//2705 2357//2696 2417//2697 
f 2424//2706 2417//2697 2418//2698 
f 2425//2707 2418//2698 2419//2699 
f 2426//2708 2419//2699 2420//2700 
f 2427//2709 2420//2700 2421//2701 
f 2428//2710 2421//2701 2422//2702 
f 2429//2711 2422//2702 2423//2703 
f 2430//2712 2423//2703 2360//2713 
f 2361//2714 2359//2705 2424//2706 
f 2431//2715 2424//2706 2425//2707 
f 2432//2716 2425//2707 2426//2708 
f 2433//2717 2426//2708 2427//2709 
f 2434//2718 2427//2709 2428//2710 
f 2435//2719 2428//2710 2429//2711 
f 2436//2720 2429//2711 2430//2712 
f 2437//2721 2430//2712 2362//2722 
f 2363//2723 2361//2714 2431//2715 
f 2438//2724 2431//2715 2432//2716 
f 2439//2725 2432//2716 2433//2717 
f 2440//2726 2433//2717 2434//2718 
f 2441//2727 2434//2718 2435//2719 
f 2442//2728 2435//2719 2436//2720 
f 2443//2729 2436//2720 2437//2721 
f 2444//2730 2437//2721 2364//2731 
f 2365//2732 2363//2723 2438//2724 
f 2445//2733 2438//2724 2439//2725 
f 2446//2734 2439//2725 2440//2726 
f 2447//2735 2440//2726 2441//2727 
f 2448//2736 2441//2727 2442//2728 
f 2449//2737 2442//2728 2443//2729 
f 2450//2738 2443//2729 2444//2730 
f 2451//2739 2444//2730 2366//2740 
f 2367//2741 2365//2732 2445//2733 
f 2452//2742 2445//2733 2446//2734 
f 2453//2743 2446//2734 2447//2735 
f 2454//2744 2447//2735 2448//2736 
f 2455//2745 2448//2736 2449//2737 
f 2456//2746 2449//2737 2450//2738 
f 2457//2747 2450//2738 2451//2739 
f 2458//2748 2451//2739 2368//2749 
f 2369//2750 2367//2741 2452//2742 
f 2459//2751 2452//2742 2453//2743 
f 2460//2752 2453//2743 2454//2744 
f 2461//2753 2454//2744 2455//2745 
f 2462//2754 2455//2745 2456//2746 
f 2463//2755 2456//2746 2457//2747 
f 2464//2756 2457//2747 2458//2748 
f 2465//2757 2458//2748 2370//2758 
f 2371//2759 2369//2750 2459//2751 
f 2466//2760 2459//2751 2460//2752 
f 2467//2761 2460//2752 2461//2753 
f 2468//2762 2461//2753 2462//2754 
f 2469//2763 2462//2754 2463//2755 
f 2470//2764 2463//2755 2464//2756 
f 2471//2765 2464//2756 2465//2757 
f 2472//2766 2465//2757 2372//2767 
f 2373//2768 2472//2766 2374//2769 
f 2373//2768 2471//2765 2472//2766 
f 2373//2768 2470//2764 2471//2765 
f 2373//2768 2469//2763 2470//2764 
f 2373//2768 2468//2762 2469//2763 
f 2373//2768 2467//2761 2468//2762 
f 2373//2768 2466//2760 2467//2761 
f 2373//2768 2371//2759 2466//2760 
f 2372//2767 2374//2769 2472//2766 
f 2465//2757 2472//2766 2471//2765 
f 2464//2756 2471//2765 2470//2764 
f 2463//2755 2470//2764 2469//2763 
f 2462//2754 2469//2763 2468//2762 
f 2461//2753 2468//2762 2467//2761 
f 2460//2752 2467//2761 2466//2760 
f 2459//2751 2466//2760 2371//2759 
f 2370//2758 2372//2767 2465//2757 
f 2458//2748 2465//2757 2464//2756 
f 2457//2747 2464//2756 2463//2755 
f 2456//2746 2463//2755 2462//2754 
f 2455//2745 2462//2754 2461//2753 
f 2454//2744 2461//2753 2460//2752 
f 2453//2743 2460//2752 2459//2751 
f 2452//2742 2459//2751 2369//2750 
f 2368//2749 2370//2758 2458//2748 
f 2451//2739 2458//2748 2457//2747 
f 2450//2738 2457//2747 2456//2746 
f 2449//2737 2456//2746 2455//2745 
f 2448//2736 2455//2745 2454//2744 
f 2447//2735 2454//2744 2453//2743 
f 2446//2734 2453//2743 2452//2742 
f 2445//2733 2452//2742 2367//2741 
f 2366//2740 2368//2749 2451//2739 
f 2444//2730 2451//2739 2450//2738 
f 2443//2729 2450//2738 2449//2737 
f 2442//2728 2449//2737 2448//2736 
f 2441//2727 2448//2736 2447//2735 
f 2440//2726 2447//2735 2446//2734 
f 2439//2725 2446//2734 2445//2733 
f 2438//2724 2445//2733 2365//2732 
f 2364//2731 2366//2740 2444//2730 
f 2437//2721 2444//2730 2443//2729 
f 2436//2720 2443//2729 2442//2728 
f 2435//2719 2442//2728 2441//2727 
f 2434//2718 2441//2727 2440//2726 
f 2433//2717 2440//2726 2439//2725 
f 2432//2716 2439//2725 2438//2724 
f 2431//2715 2438//2724 2363//2723 
f 2362//2722 2364//2731 2437//2721 
f 2430//2712 2437//2721 2436//2720 
f 2429//2711 2436//2720 2435//2719 
f 2428//2710 2435//2719 2434//2718 
f 2427//2709 2434//2718 2433//2717 
f 2426//2708 2433//2717 2432//2716 
f 2425//2707 2432//2716 2431//2715 
f 2424//2706 2431//2715 2361//2714 
f 2360//2713 2362//2722 2430//2712 
f 2423//2703 2430//2712 2429//2711 
f 2422//2702 2429//2711 2428//2710 
f 2421//2701 2428//2710 2427//2709 
f 2420//2700 2427//2709 2426//2708 
f 2419//2699 2426//2708 2425//2707 
f 2418//2698 2425//2707 2424//2706 
f 2417//2697 2424//2706 2359//2705 
f 2358//2704 2360//2713 2423//2703 
f 2416//2694 2423//2703 2422//2702 
f 2415//2693 2422//2702 2421//2701 
f 2414//2692 2421//2701 2420//2700 
f 2413//2691 2420//2700 2419//2699 
f 2412//2690 2419//2699 2418//2698 
f 2411//2689 2418//2698 2417//2697 
f 2410//2688 2417//2697 2357//2696 
f 2356//2695 2358//2704 2416//2694 
f 2409//2685 2416//2694 2415//2693 
f 2408//2684 2415//2693 2414//2692 
f 2407//2683 2414//2692 2413//2691 
f 2406//2682 2413//2691 2412//2690 
f 2405//2681 2412//2690 2411//2689 
f 2404//2680 2411//2689 2410//2688 
f 2403//2679 2410//2688 2355//2687 
f 2354//2686 2356//2695 2409//2685 
f 2402//2676 2409//2685 2408//2684 
f 2401//2675 2408//2684 2407//2683 
f 2400//2674 2407//2683 2406//2682 
f 2399//2673 2406//2682 2405//2681 
f 2398//2672 2405//2681 2404//2680 
f 2397//2671 2404//2680 2403//2679 
f 2396//2670 2403//2679 2353//2678 
f 2352//2677 2354//2686 2402//2676 
f 2395//2667 2402//2676 2401//2675 
f 2394//2666 2401//2675 2400//2674 
f 2393//2665 2400//2674 2399//2673 
f 2392//2664 2399//2673 2398//2672 
f 2391//2663 2398//2672 2397//2671 
f 2390//2662 2397//2671 2396//2670 
f 2389//2661 2396//2670 2351//2669 
f 2350//2668 2352//2677 2395//2667 
f 2388//2658 2395//2667 2394//2666 
f 2387//2657 2394//2666 2393//2665 
f 2386//2656 2393//2665 2392//2664 
f 2385//2655 2392//2664 2391//2663 
f 2384//2654 2391//2663 2390//2662 
f 2383//2653 2390//2662 2389//2661 
f 2382//2652 2389//2661 2349//2660 
f 2348//2659 2350//2668 2388//2658 
f 2381//2649 2388//2658 2387//2657 
f 2380//2647 2387//2657 2386//2656 
f 2379//2645 2386//2656 2385//2655 
f 2378//2643 2385//2655 2384//2654 
f 2377//2641 2384//2654 2383//2653 
f 2376//2639 2383//2653 2382//2652 
f 2375//2637 2382//2652 2347//2651 
f 2346//2650 2348//2659 2381//2649 
f 2345//2648 2381//2649 2380//2647 
f 2344//2646 2380//2647 2379//2645 
f 2343//2644 2379//2645 2378//2643 
f 2342//2642 2378//2643 2377//2641 
f 2341//2640 2377//2641 2376//2639 
f 2340//2638 2376//2639 2375//2637 
f 2339//2636 2375//2637 2337//2634 
o mesh43
f 2338//2770 2473//2770 2474//2771 
f 2339//2771 2474//2771 2475//2772 
f 2340//2772 2475//2772 2476//2773 
f 2341//2773 2476//2773 2477//2774 
f 2342//2774 2477//2774 2478//2775 
f 2343//2775 2478//2775 2479//2776 
f 2344//2776 2479//2776 2480//2777 
f 2345//2777 2480//2777 2481//2778 
f 2481//2778 2346//2778 2345//2777 
f 2480//2777 2345//2777 2344//2776 
f 2479//2776 2344//2776 2343//2775 
f 2478//2775 2343//2775 2342//2774 
f 2477//2774 2342//2774 2341//2773 
f 2476//2773 2341//2773 2340//2772 
f 2475//2772 2340//2772 2339//2771 
f 2474//2771 2339//2771 2338//2770 
o mesh44
f 2481//2778 2482//2778 2483//2778 
f 2483//2778 2346//2778 2481//2778 
o mesh45
f 2484//2779 2483//2778 2482//2778 
f 2485//2780 2484//2779 2486//2779 
f 2486//2779 2487//2780 2485//2780 
f 2488//2781 2489//2781 2485//2780 
f 2490//2782 2489//2781 2488//2781 
f 2488//2781 2491//2782 2490//2782 
f 2492//2783 2493//2783 2490//2782 
f 2494//2784 2493//2783 2492//2783 
f 2492//2783 2495//2784 2494//2784 
f 2496//2785 2497//2785 2494//2784 
f 2498//2786 2497//2785 2496//2785 
f 2496//2785 2499//2786 2498//2786 
f 2500//2787 2501//2787 2498//2786 
f 2502//2788 2501//2787 2500//2787 
f 2500//2787 2503//2788 2502//2788 
f 2504//2789 2505//2789 2502//2788 
f 2506//2790 2507//2791 2508//2790 
f 2508//2790 2504//2789 2506//2790 
f 2506//2790 2509//2791 2507//2791 
f 2510//2792 2511//2793 2512//2792 
f 2512//2792 2509//2791 2510//2792 
f 2510//2792 2513//2793 2511//2793 
f 2512//2792 2507//2791 2509//2791 
f 2508//2790 2505//2789 2504//2789 
f 2503//2788 2504//2789 2502//2788 
f 2499//2786 2500//2787 2498//2786 
f 2495//2784 2496//2785 2494//2784 
f 2491//2782 2492//2783 2490//2782 
f 2487//2780 2488//2781 2485//2780 
f 2482//2778 2486//2779 2484//2779 
o mesh46
f 2348//2794 2346//2795 2483//2795 
f 2483//2795 2484//2796 2348//2794 
f 2350//2797 2348//2794 2485//2798 
f 2485//2798 2489//2799 2350//2797 
f 2352//2800 2350//2797 2490//2801 
f 2490//2801 2493//2802 2352//2800 
f 2354//2803 2352//2800 2494//2804 
f 2494//2804 2497//2805 2354//2803 
f 2356//2806 2354//2803 2498//2807 
f 2498//2807 2501//2808 2356//2806 
f 2358//2809 2356//2806 2502//2810 
f 2502//2810 2505//2811 2358//2809 
f 2360//2812 2358//2809 2508//2813 
f 2508//2813 2507//2814 2360//2812 
f 2362//2815 2360//2812 2512//2816 
f 2512//2816 2511//2817 2362//2815 
f 2364//2818 2362//2815 2514//2819 
f 2366//2820 2364//2818 2515//2821 
f 2368//2822 2366//2820 2516//2823 
f 2370//2824 2368//2822 2517//2825 
f 2372//2826 2370//2824 2518//2827 
f 2374//2828 2372//2826 2519//2829 
f 2373//2830 2374//2828 2520//2831 
f 2520//2831 2521//2830 2373//2830 
f 2519//2829 2520//2831 2374//2828 
f 2518//2827 2519//2829 2372//2826 
f 2517//2825 2518//2827 2370//2824 
f 2516//2823 2517//2825 2368//2822 
f 2515//2821 2516//2823 2366//2820 
f 2514//2819 2515//2821 2364//2818 
f 2511//2817 2514//2819 2362//2815 
f 2507//2814 2512//2816 2360//2812 
f 2505//2811 2508//2813 2358//2809 
f 2501//2808 2502//2810 2356//2806 
f 2497//2805 2498//2807 2354//2803 
f 2493//2802 2494//2804 2352//2800 
f 2489//2799 2490//2801 2350//2797 
f 2484//2796 2485//2798 2348//2794 
o mesh47
f 2522//2832 2523//2832 2524//2833 
f 2525//2833 2524//2833 2526//2834 
f 2527//2834 2526//2834 2528//2835 
f 2529//2835 2528//2835 2530//2836 
f 2531//2836 2530//2836 2532//2837 
f 2533//2837 2532//2837 2534//2838 
f 2535//2838 2534//2838 2536//2839 
f 2537//2839 2513//2840 2510//2841 
f 2537//2839 2536//2839 2513//2840 
f 2538//2842 2509//2843 2506//2844 
f 2538//2842 2510//2841 2509//2843 
f 2539//2845 2504//2846 2503//2847 
f 2539//2845 2506//2844 2504//2846 
f 2540//2848 2500//2849 2499//2850 
f 2540//2848 2503//2847 2500//2849 
f 2541//2851 2496//2852 2495//2853 
f 2541//2851 2499//2850 2496//2852 
f 2542//2854 2492//2855 2491//2856 
f 2542//2854 2495//2853 2492//2855 
f 2543//2857 2488//2858 2487//2859 
f 2543//2857 2491//2856 2488//2858 
f 2544//2860 2486//2861 2482//2862 
f 2544//2860 2487//2859 2486//2861 
f 2482//2862 2481//2862 2544//2860 
f 2487//2859 2544//2860 2543//2857 
f 2491//2856 2543//2857 2542//2854 
f 2495//2853 2542//2854 2541//2851 
f 2499//2850 2541//2851 2540//2848 
f 2503//2847 2540//2848 2539//2845 
f 2506//2844 2539//2845 2538//2842 
f 2510//2841 2538//2842 2537//2839 
f 2536//2839 2537//2839 2535//2838 
f 2534//2838 2535//2838 2533//2837 
f 2532//2837 2533//2837 2531//2836 
f 2530//2836 2531//2836 2529//2835 
f 2528//2835 2529//2835 2527//2834 
f 2526//2834 2527//2834 2525//2833 
f 2524//2833 2525//2833 2522//2832 
o mesh48
f 2536//2863 2516//2863 2515//2863 
f 2521//2863 2536//2863 2534//2863 
f 2536//2863 2517//2863 2516//2863 
f 2534//2863 2532//2863 2521//2863 
f 2536//2863 2518//2863 2517//2863 
f 2532//2863 2530//2863 2521//2863 
f 2536//2863 2519//2863 2518//2863 
f 2530//2863 2528//2863 2521//2863 
f 2536//2863 2520//2863 2519//2863 
f 2528//2863 2526//2863 2521//2863 
f 2536//2863 2514//2863 2511//2863 
f 2536//2863 2521//2863 2520//2863 
f 2526//2863 2524//2863 2521//2863 
f 2515//2863 2514//2863 2536//2863 
f 2511//2863 2513//2863 2536//2863 
f 2524//2863 2523//2863 2521//2863 
o mesh49
f 2545//2864 2546//2864 2521//2864 
f 2521//2864 2523//2864 2545//2864 
o mesh50
f 2547//2865 2548//2865 2546//2865 
f 2546//2865 2545//2865 2547//2865 
o mesh51
f 2549//2866 2550//2866 2548//2866 
f 2548//2866 2547//2866 2549//2866 
o mesh52
f 2551//2865 2552//2865 2550//2865 
f 2550//2865 2549//2865 2551//2865 
o mesh53
f 2553//2867 2554//2867 2552//2867 
f 2552//2867 2551//2867 2553//2867 
o mesh54
f 2555//2868 2556//2868 2554//2868 
f 2554//2868 2553//2868 2555//2868 
o mesh55
f 2557//2869 2558//2869 2556//2869 
f 2556//2869 2555//2869 2557//2869 
o mesh56
f 2559//2868 2560//2868 2558//2868 
f 2558//2868 2557//2868 2559//2868 
o mesh57
f 2561//2870 2562//2870 2560//2870 
f 2560//2870 2559//2870 2561//2870 
o mesh58
f 2563//2871 2564//2871 2562//2871 
f 2562//2871 2561//2871 2563//2871 
o mesh59
f 2565//2872 2566//2872 2564//2872 
f 2564//2872 2563//2872 2565//2872 
o mesh60
f 2567//2873 2568//2873 2566//2873 
f 2566//2873 2565//2873 2567//2873 
o mesh61
f 2568//2874 2567//2874 2569//2874 
f 2569//2874 2570//2874 2568//2874 
o mesh62
f 2544//2875 2481//2876 2480//2877 
f 2585//2878 2480//2877 2479//2879 
f 2586//2880 2479//2879 2478//2881 
f 2587//2882 2478//2881 2477//2883 
f 2588//2884 2477//2883 2476//2885 
f 2589//2886 2476//2885 2475//2887 
f 2590//2888 2475//2887 2474//2889 
f 2591//2890 2474//2889 2473//2891 
f 2543//2892 2544//2875 2585//2878 
f 2592//2893 2585//2878 2586//2880 
f 2593//2894 2586//2880 2587//2882 
f 2594//2895 2587//2882 2588//2884 
f 2595//2896 2588//2884 2589//2886 
f 2596//2897 2589//2886 2590//2888 
f 2597//2898 2590//2888 2591//2890 
f 2598//2899 2591//2890 2571//2900 
f 2542//2901 2543//2892 2592//2893 
f 2599//2902 2592//2893 2593//2894 
f 2600//2903 2593//2894 2594//2895 
f 2601//2904 2594//2895 2595//2896 
f 2602//2905 2595//2896 2596//2897 
f 2603//2906 2596//2897 2597//2898 
f 2604//2907 2597//2898 2598//2899 
f 2605//2908 2598//2899 2572//2909 
f 2541//2910 2542//2901 2599//2902 
f 2606//2911 2599//2902 2600//2903 
f 2607//2912 2600//2903 2601//2904 
f 2608//2913 2601//2904 2602//2905 
f 2609//2914 2602//2905 2603//2906 
f 2610//2915 2603//2906 2604//2907 
f 2611//2916 2604//2907 2605//2908 
f 2612//2917 2605//2908 2573//2918 
f 2540//2919 2541//2910 2606//2911 
f 2613//2920 2606//2911 2607//2912 
f 2614//2921 2607//2912 2608//2913 
f 2615//2922 2608//2913 2609//2914 
f 2616//2923 2609//2914 2610//2915 
f 2617//2924 2610//2915 2611//2916 
f 2618//2925 2611//2916 2612//2917 
f 2619//2926 2612//2917 2574//2927 
f 2539//2928 2540//2919 2613//2920 
f 2620//2929 2613//2920 2614//2921 
f 2621//2930 2614//2921 2615//2922 
f 2622//2931 2615//2922 2616//2923 
f 2623//2932 2616//2923 2617//2924 
f 2624//2933 2617//2924 2618//2925 
f 2625//2934 2618//2925 2619//2926 
f 2626//2935 2619//2926 2575//2936 
f 2538//2937 2539//2928 2620//2929 
f 2627//2938 2620//2929 2621//2930 
f 2628//2939 2621//2930 2622//2931 
f 2629//2940 2622//2931 2623//2932 
f 2630//2941 2623//2932 2624//2933 
f 2631//2942 2624//2933 2625//2934 
f 2632//2943 2625//2934 2626//2935 
f 2633//2944 2626//2935 2576//2945 
f 2537//2946 2538//2937 2627//2938 
f 2634//2947 2627//2938 2628//2939 
f 2635//2948 2628//2939 2629//2940 
f 2636//2949 2629//2940 2630//2941 
f 2637//2950 2630//2941 2631//2942 
f 2638//2951 2631//2942 2632//2943 
f 2639//2952 2632//2943 2633//2944 
f 2640//2953 2633//2944 2577//2954 
f 2535//2955 2537//2946 2634//2947 
f 2641//2956 2634//2947 2635//2948 
f 2642//2957 2635//2948 2636//2949 
f 2643//2958 2636//2949 2637//2950 
f 2644//2959 2637//2950 2638//2951 
f 2645//2960 2638//2951 2639//2952 
f 2646//2961 2639//2952 2640//2953 
f 2647//2962 2640//2953 2578//2963 
f 2533//2964 2535//2955 2641//2956 
f 2648//2965 2641//2956 2642//2957 
f 2649//2966 2642//2957 2643//2958 
f 2650//2967 2643//2958 2644//2959 
f 2651//2968 2644//2959 2645//2960 
f 2652//2969 2645//2960 2646//2961 
f 2653//2970 2646//2961 2647//2962 
f 2654//2971 2647//2962 2579//2972 
f 2531//2973 2533//2964 2648//2965 
f 2655//2974 2648//2965 2649//2966 
f 2656//2975 2649//2966 2650//2967 
f 2657//2976 2650//2967 2651//2968 
f 2658//2977 2651//2968 2652//2969 
f 2659//2978 2652//2969 2653//2970 
f 2660//2979 2653//2970 2654//2971 
f 2661//2980 2654//2971 2580//2981 
f 2529//2982 2531//2973 2655//2974 
f 2662//2983 2655//2974 2656//2975 
f 2663//2984 2656//2975 2657//2976 
f 2664//2985 2657//2976 2658//2977 
f 2665//2986 2658//2977 2659//2978 
f 2666//2987 2659//2978 2660//2979 
f 2667//2988 2660//2979 2661//2980 
f 2668//2989 2661//2980 2581//2990 
f 2527//2991 2529//2982 2662//2983 
f 2669//2992 2662//2983 2663//2984 
f 2670//2993 2663//2984 2664//2985 
f 2671//2994 2664//2985 2665//2986 
f 2672//2995 2665//2986 2666//2987 
f 2673//2996 2666//2987 2667//2988 
f 2674//2997 2667//2988 2668//2989 
f 2675//2998 2668//2989 2582//2999 
f 2525//3000 2527//2991 2669//2992 
f 2676//3001 2669//2992 2670//2993 
f 2677//3002 2670//2993 2671//2994 
f 2678//3003 2671//2994 2672//2995 
f 2679//3004 2672//2995 2673//2996 
f 2680//3005 2673//2996 2674//2997 
f 2681//3006 2674//2997 2675//2998 
f 2682//3007 2675//2998 2583//3008 
f 2522//3009 2682//3007 2584//3010 
f 2522//3009 2681//3006 2682//3007 
f 2522//3009 2680//3005 2681//3006 
f 2522//3009 2679//3004 2680//3005 
f 2522//3009 2678//3003 2679//3004 
f 2522//3009 2677//3002 2678//3003 
f 2522//3009 2676//3001 2677//3002 
f 2522//3009 2525//3000 2676//3001 
f 2583//3008 2584//3010 2682//3007 
f 2675//2998 2682//3007 2681//3006 
f 2674//2997 2681//3006 2680//3005 
f 2673//2996 2680//3005 2679//3004 
f 2672//2995 2679//3004 2678//3003 
f 2671//2994 2678//3003 2677//3002 
f 2670//2993 2677//3002 2676//3001 
f 2669//2992 2676//3001 2525//3000 
f 2582//2999 2583//3008 2675//2998 
f 2668//2989 2675//2998 2674//2997 
f 2667//2988 2674//2997 2673//2996 
f 2666//2987 2673//2996 2672//2995 
f 2665//2986 2672//2995 2671//2994 
f 2664//2985 2671//2994 2670//2993 
f 2663//2984 2670//2993 2669//2992 
f 2662//2983 2669//2992 2527//2991 
f 2581//2990 2582//2999 2668//2989 
f 2661//2980 2668//2989 2667//2988 
f 2660//2979 2667//2988 2666//2987 
f 2659//2978 2666//2987 2665//2986 
f 2658//2977 2665//2986 2664//2985 
f 2657//2976 2664//2985 2663//2984 
f 2656//2975 2663//2984 2662//2983 
f 2655//2974 2662//2983 2529//2982 
f 2580//2981 2581//2990 2661//2980 
f 2654//2971 2661//2980 2660//2979 
f 2653//2970 2660//2979 2659//2978 
f 2652//2969 2659//2978 2658//2977 
f 2651//2968 2658//2977 2657//2976 
f 2650//2967 2657//2976 2656//2975 
f 2649//2966 2656//2975 2655//2974 
f 2648//2965 2655//2974 2531//2973 
f 2579//2972 2580//2981 2654//2971 
f 2647//2962 2654//2971 2653//2970 
f 2646//2961 2653//2970 2652//2969 
f 2645//2960 2652//2969 2651//2968 
f 2644//2959 2651//2968 2650//2967 
f 2643//2958 2650//2967 2649//2966 
f 2642//2957 2649//2966 2648//2965 
f 2641//2956 2648//2965 2533//2964 
f 2578//2963 2579//2972 2647//2962 
f 2640//2953 2647//2962 2646//2961 
f 2639//2952 2646//2961 2645//2960 
f 2638//2951 2645//2960 2644//2959 
f 2637//2950 2644//2959 2643//2958 
f 2636//2949 2643//2958 2642//2957 
f 2635//2948 2642//2957 2641//2956 
f 2634//2947 2641//2956 2535//2955 
f 2577//2954 2578//2963 2640//2953 
f 2633//2944 2640//2953 2639//2952 
f 2632//2943 2639//2952 2638//2951 
f 2631//2942 2638//2951 2637//2950 
f 2630//2941 2637//2950 2636//2949 
f 2629//2940 2636//2949 2635//2948 
f 2628//2939 2635//2948 2634//2947 
f 2627//2938 2634//2947 2537//2946 
f 2576//2945 2577//2954 2633//2944 
f 2626//2935 2633//2944 2632//2943 
f 2625//2934 2632//2943 2631//2942 
f 2624//2933 2631//2942 2630//2941 
f 2623//2932 2630//2941 2629//2940 
f 2622//2931 2629//2940 2628//2939 
f 2621//2930 2628//2939 2627//2938 
f 2620//2929 2627//2938 2538//2937 
f 2575//2936 2576//2945 2626//2935 
f 2619//2926 2626//2935 2625//2934 
f 2618//2925 2625//2934 2624//2933 
f 2617//2924 2624//2933 2623//2932 
f 2616//2923 2623//2932 2622//2931 
f 2615//2922 2622//2931 2621//2930 
f 2614//2921 2621//2930 2620//2929 
f 2613//2920 2620//2929 2539//2928 
f 2574//2927 2575//2936 2619//2926 
f 2612//2917 2619//2926 2618//2925 
f 2611//2916 2618//2925 2617//2924 
f 2610//2915 2617//2924 2616//2923 
f 2609//2914 2616//2923 2615//2922 
f 2608//2913 2615//2922 2614//2921 
f 2607//2912 2614//2921 2613//2920 
f 2606//2911 2613//2920 2540//2919 
f 2573//2918 2574//2927 2612//2917 
f 2605//2908 2612//2917 2611//2916 
f 2604//2907 2611//2916 2610//2915 
f 2603//2906 2610//2915 2609//2914 
f 2602//2905 2609//2914 2608//2913 
f 2601//2904 2608//2913 2607//2912 
f 2600//2903 2607//2912 2606//2911 
f 2599//2902 2606//2911 2541//2910 
f 2572//2909 2573//2918 2605//2908 
f 2598//2899 2605//2908 2604//2907 
f 2597//2898 2604//2907 2603//2906 
f 2596//2897 2603//2906 2602//2905 
f 2595//2896 2602//2905 2601//2904 
f 2594//2895 2601//2904 2600//2903 
f 2593//2894 2600//2903 2599//2902 
f 2592//2893 2599//2902 2542//2901 
f 2571//2900 2572//2909 2598//2899 
f 2591//2890 2598//2899 2597//2898 
f 2590//2888 2597//2898 2596//2897 
f 2589//2886 2596//2897 2595//2896 
f 2588//2884 2595//2896 2594//2895 
f 2587//2882 2594//2895 2593//2894 
f 2586//2880 2593//2894 2592//2893 
f 2585//2878 2592//2893 2543//2892 
f 2473//2891 2571//2900 2591//2890 
f 2474//2889 2591//2890 2590//2888 
f 2475//2887 2590//2888 2589//2886 
f 2476//2885 2589//2886 2588//2884 
f 2477//2883 2588//2884 2587//2882 
f 2478//2881 2587//2882 2586//2880 
f 2479//2879 2586//2880 2585//2878 
f 2480//2877 2585//2878 2544//2875 
o mesh63
f 2473//3011 2338//3011 2683//3011 
f 2683//3011 2684//3011 2473//3011 
o mesh64
f 2685//3012 2686//3012 2687//3013 
f 2687//3013 2688//3013 2685//3012 
f 2689//3014 2690//3014 2686//3012 
f 2691//3015 2692//3016 2693//3016 
f 2693//3016 2694//3015 2691//3015 
f 2688//3013 2687//3013 2691//3015 
f 2695//3017 2696//3018 2697//3018 
f 2698//3017 2692//3016 2695//3017 
f 2697//3018 2698//3017 2695//3017 
f 2699//3019 2700//3019 2701//3020 
f 2699//3019 2696//3018 2700//3019 
f 2701//3020 2702//3020 2699//3019 
f 2703//3021 2704//3022 2705//3022 
f 2705//3022 2706//3021 2703//3021 
f 2702//3020 2701//3020 2703//3021 
f 2707//3023 2708//3023 2709//3024 
f 2707//3023 2704//3022 2708//3023 
f 2709//3024 2710//3024 2707//3023 
f 2711//3025 2712//3025 2713//3026 
f 2711//3025 2709//3024 2712//3025 
f 2713//3026 2714//3026 2711//3025 
f 2713//3026 2684//3027 2683//3027 
f 2683//3027 2714//3026 2713//3026 
f 2711//3025 2710//3024 2709//3024 
f 2707//3023 2705//3022 2704//3022 
f 2706//3021 2702//3020 2703//3021 
f 2699//3019 2697//3018 2696//3018 
f 2698//3017 2693//3016 2692//3016 
f 2694//3015 2688//3013 2691//3015 
f 2685//3012 2689//3014 2686//3012 
o mesh65
f 2371//3028 2373//3029 2715//3029 
f 2369//3030 2371//3028 2716//3031 
f 2367//3032 2369//3030 2717//3033 
f 2365//3034 2367//3032 2718//3035 
f 2363//3036 2365//3034 2719//3037 
f 2363//3036 2720//3036 2721//3038 
f 2361//3038 2721//3038 2722//3039 
f 2359//3039 2722//3039 2689//3040 
f 2689//3040 2357//3041 2359//3039 
f 2357//3041 2685//3041 2688//3042 
f 2688//3042 2355//3043 2357//3041 
f 2355//3043 2694//3043 2693//3044 
f 2693//3044 2353//3045 2355//3043 
f 2353//3045 2698//3045 2697//3046 
f 2697//3046 2351//3047 2353//3045 
f 2351//3047 2699//3047 2702//3048 
f 2702//3048 2349//3049 2351//3047 
f 2349//3049 2706//3049 2705//3050 
f 2705//3050 2347//3051 2349//3049 
f 2347//3051 2707//3051 2710//3052 
f 2710//3052 2337//3053 2347//3051 
f 2337//3053 2711//3053 2714//3054 
f 2714//3054 2338//3055 2337//3053 
f 2714//3054 2683//3055 2338//3055 
f 2710//3052 2711//3053 2337//3053 
f 2705//3050 2707//3051 2347//3051 
f 2702//3048 2706//3049 2349//3049 
f 2697//3046 2699//3047 2351//3047 
f 2693//3044 2698//3045 2353//3045 
f 2688//3042 2694//3043 2355//3043 
f 2689//3040 2685//3041 2357//3041 
f 2722//3039 2359//3039 2361//3038 
f 2721//3038 2361//3038 2363//3036 
f 2719//3037 2720//3036 2363//3036 
f 2718//3035 2719//3037 2365//3034 
f 2717//3033 2718//3035 2367//3032 
f 2716//3031 2717//3033 2369//3030 
f 2715//3029 2716//3031 2371//3028 
o mesh66
f 2558//3056 2564//3056 2566//3056 
f 2564//3056 2558//3056 2560//3056 
f 2570//3056 2723//3056 2554//3056 
f 2560//3056 2562//3056 2564//3056 
f 2554//3056 2556//3056 2570//3056 
f 2566//3056 2568//3056 2558//3056 
f 2521//3056 2548//3056 2550//3056 
f 2568//3056 2556//3056 2558//3056 
f 2723//3056 2715//3056 2552//3056 
f 2373//3056 2550//3056 2552//3056 
f 2521//3056 2546//3056 2548//3056 
f 2552//3056 2554//3056 2723//3056 
f 2550//3056 2373//3056 2521//3056 
f 2552//3056 2715//3056 2373//3056 
f 2556//3056 2568//3056 2570//3056 
o mesh67
f 2580//3057 2724//3057 2725//3058 
f 2581//3058 2725//3058 2726//3059 
f 2582//3059 2726//3059 2727//3060 
f 2583//3060 2727//3060 2728//3061 
f 2584//3061 2728//3061 2729//3062 
f 2571//3063 2473//3064 2684//3064 
f 2684//3064 2713//3065 2571//3063 
f 2572//3066 2571//3063 2712//3067 
f 2712//3067 2709//3068 2572//3066 
f 2573//3069 2572//3066 2708//3070 
f 2708//3070 2704//3071 2573//3069 
f 2574//3072 2573//3069 2703//3073 
f 2703//3073 2701//3074 2574//3072 
f 2575//3075 2574//3072 2700//3076 
f 2700//3076 2696//3077 2575//3075 
f 2576//3078 2575//3075 2695//3079 
f 2695//3079 2692//3080 2576//3078 
f 2577//3081 2576//3078 2691//3082 
f 2691//3082 2687//3083 2577//3081 
f 2578//3084 2577//3081 2686//3085 
f 2686//3085 2690//3086 2578//3084 
f 2579//3087 2578//3084 2730//3088 
f 2580//3057 2579//3087 2731//3087 
f 2731//3087 2724//3057 2580//3057 
f 2730//3088 2731//3087 2579//3087 
f 2690//3086 2730//3088 2578//3084 
f 2687//3083 2686//3085 2577//3081 
f 2692//3080 2691//3082 2576//3078 
f 2696//3077 2695//3079 2575//3075 
f 2701//3074 2700//3076 2574//3072 
f 2704//3071 2703//3073 2573//3069 
f 2709//3068 2708//3070 2572//3066 
f 2713//3065 2712//3067 2571//3063 
f 2729//3062 2522//3089 2584//3061 
f 2728//3061 2584//3061 2583//3060 
f 2727//3060 2583//3060 2582//3059 
f 2726//3059 2582//3059 2581//3058 
f 2725//3058 2581//3058 2580//3057 
o mesh68
f 2523//3089 2522//3089 2549//3089 
f 2549//3089 2547//3089 2523//3089 
f 2522//3089 2729//3089 2551//3089 
f 2563//3089 2561//3089 2559//3089 
f 2557//3089 2567//3089 2565//3089 
f 2551//3089 2549//3089 2522//3089 
f 2729//3089 2732//3089 2553//3089 
f 2569//3089 2555//3089 2553//3089 
f 2565//3089 2563//3089 2557//3089 
f 2553//3089 2551//3089 2729//3089 
f 2569//3089 2567//3089 2555//3089 
f 2557//3089 2555//3089 2567//3089 
f 2553//3089 2732//3089 2569//3089 
f 2547//3089 2545//3089 2523//3089 
f 2559//3089 2557//3089 2563//3089 
o mesh69
f 2733//3090 2734//3090 2724//3090 
f 2724//3090 2731//3090 2733//3090 
f 2690//3090 2721//3090 2720//3090 
f 2733//3090 2735//3090 2734//3090 
f 2720//3090 2736//3090 2690//3090 
f 2731//3090 2730//3090 2733//3090 
f 2733//3090 2737//3090 2738//3090 
f 2690//3090 2722//3090 2721//3090 
f 2738//3090 2735//3090 2733//3090 
f 2690//3090 2689//3090 2722//3090 
f 2736//3090 2733//3090 2690//3090 
f 2730//3090 2690//3090 2733//3090 
o mesh70
f 2739//3091 2740//3091 2741//3092 
f 2741//3092 2742//3092 2739//3091 
f 2570//3093 2569//3093 2740//3091 
f 2743//3094 2744//3094 2745//3095 
f 2743//3094 2741//3092 2744//3094 
f 2745//3095 2746//3095 2743//3094 
f 2747//3096 2748//3097 2749//3097 
f 2749//3097 2750//3096 2747//3096 
f 2746//3095 2745//3095 2747//3096 
f 2751//3098 2752//3098 2753//3099 
f 2753//3099 2754//3099 2751//3098 
f 2749//3097 2748//3097 2752//3098 
f 2755//3100 2756//3101 2757//3101 
f 2757//3101 2758//3100 2755//3100 
f 2754//3099 2753//3099 2755//3100 
f 2759//3102 2760//3102 2761//3103 
f 2761//3103 2762//3103 2759//3102 
f 2757//3101 2756//3101 2760//3102 
f 2761//3103 2763//3104 2764//3104 
f 2764//3104 2763//3104 2765//3105 
f 2766//3105 2765//3105 2767//3106 
f 2767//3106 2768//3107 2769//3107 
f 2769//3107 2768//3107 2770//3108 
f 2771//3108 2770//3108 2772//3109 
f 2772//3109 2773//3110 2774//3110 
f 2774//3110 2773//3110 2775//3111 
f 2776//3111 2775//3111 2777//3112 
f 2777//3112 2778//3112 2776//3111 
f 2775//3111 2776//3111 2774//3110 
f 2774//3110 2779//3113 2772//3109 
f 2772//3109 2779//3113 2771//3108 
f 2770//3108 2771//3108 2769//3107 
f 2769//3107 2780//3114 2767//3106 
f 2767//3106 2780//3114 2766//3105 
f 2765//3105 2766//3105 2764//3104 
f 2764//3104 2762//3103 2761//3103 
f 2759//3102 2757//3101 2760//3102 
f 2758//3100 2754//3099 2755//3100 
f 2751//3098 2749//3097 2752//3098 
f 2750//3096 2746//3095 2747//3096 
f 2743//3094 2742//3092 2741//3092 
f 2739//3091 2570//3093 2740//3091 
o mesh71
f 2781//3115 2782//3115 2778//3115 
f 2778//3115 2777//3115 2781//3115 
o mesh72
f 2742//3116 2783//3116 2723//3117 
f 2723//3117 2570//3117 2739//3118 
f 2746//3119 2784//3119 2783//3116 
f 2783//3116 2742//3116 2743//3120 
f 2749//3121 2785//3121 2784//3119 
f 2784//3119 2746//3119 2750//3122 
f 2754//3123 2786//3123 2785//3121 
f 2785//3121 2749//3121 2751//3124 
f 2757//3125 2787//3125 2786//3123 
f 2786//3123 2754//3123 2758//3126 
f 2776//3127 2778//3128 2782//3128 
f 2782//3128 2788//3129 2776//3127 
f 2774//3130 2776//3127 2789//3131 
f 2789//3131 2790//3132 2774//3130 
f 2779//3133 2774//3130 2791//3134 
f 2791//3134 2792//3135 2779//3133 
f 2771//3136 2779//3133 2793//3137 
f 2793//3137 2794//3138 2771//3136 
f 2769//3139 2771//3136 2795//3140 
f 2795//3140 2796//3141 2769//3139 
f 2780//3142 2769//3139 2797//3143 
f 2797//3143 2798//3144 2780//3142 
f 2766//3145 2780//3142 2799//3146 
f 2799//3146 2800//3147 2766//3145 
f 2764//3148 2766//3145 2801//3149 
f 2801//3149 2802//3150 2764//3148 
f 2762//3151 2764//3148 2803//3152 
f 2759//3153 2762//3151 2804//3154 
f 2787//3125 2757//3125 2759//3153 
f 2804//3154 2787//3125 2759//3153 
f 2803//3152 2804//3154 2762//3151 
f 2802//3150 2803//3152 2764//3148 
f 2800//3147 2801//3149 2766//3145 
f 2798//3144 2799//3146 2780//3142 
f 2796//3141 2797//3143 2769//3139 
f 2794//3138 2795//3140 2771//3136 
f 2792//3135 2793//3137 2779//3133 
f 2790//3132 2791//3134 2774//3130 
f 2788//3129 2789//3131 2776//3127 
f 2786//3123 2758//3126 2757//3125 
f 2785//3121 2751//3124 2754//3123 
f 2784//3119 2750//3122 2749//3121 
f 2783//3116 2743//3120 2746//3119 
f 2723//3117 2739//3118 2742//3116 
o mesh73
f 2741//3155 2740//3156 2732//3157 
f 2732//3157 2805//3158 2741//3155 
f 2745//3159 2744//3160 2805//3158 
f 2805//3158 2806//3159 2745//3159 
f 2748//3161 2747//3162 2806//3159 
f 2806//3159 2807//3161 2748//3161 
f 2753//3163 2752//3164 2807//3161 
f 2807//3161 2808//3163 2753//3163 
f 2756//3165 2755//3166 2808//3163 
f 2808//3163 2809//3165 2756//3165 
f 2760//3167 2809//3165 2810//3168 
f 2810//3168 2761//3168 2760//3167 
f 2761//3168 2810//3168 2811//3169 
f 2763//3169 2812//3170 2813//3171 
f 2763//3169 2811//3169 2812//3170 
f 2765//3172 2814//3173 2815//3174 
f 2765//3172 2813//3171 2814//3173 
f 2767//3175 2816//3176 2817//3177 
f 2767//3175 2815//3174 2816//3176 
f 2768//3178 2818//3179 2819//3180 
f 2768//3178 2817//3177 2818//3179 
f 2770//3181 2820//3182 2821//3183 
f 2770//3181 2819//3180 2820//3182 
f 2772//3184 2822//3185 2823//3186 
f 2772//3184 2821//3183 2822//3185 
f 2773//3187 2824//3188 2825//3189 
f 2773//3187 2823//3186 2824//3188 
f 2775//3190 2826//3191 2781//3192 
f 2775//3190 2825//3189 2826//3191 
f 2781//3192 2777//3192 2775//3190 
f 2825//3189 2775//3190 2773//3187 
f 2823//3186 2773//3187 2772//3184 
f 2821//3183 2772//3184 2770//3181 
f 2819//3180 2770//3181 2768//3178 
f 2817//3177 2768//3178 2767//3175 
f 2815//3174 2767//3175 2765//3172 
f 2813//3171 2765//3172 2763//3169 
f 2811//3169 2763//3169 2761//3168 
f 2760//3167 2756//3165 2809//3165 
f 2755//3166 2753//3163 2808//3163 
f 2752//3164 2748//3161 2807//3161 
f 2747//3162 2745//3159 2806//3159 
f 2744//3160 2741//3155 2805//3158 
f 2740//3156 2569//3193 2732//3157 
o mesh74
f 2826//3194 2788//3194 2782//3195 
f 2789//3196 2788//3194 2826//3194 
f 2826//3194 2825//3196 2789//3196 
f 2824//3197 2790//3197 2789//3196 
f 2791//3198 2790//3197 2824//3197 
f 2824//3197 2823//3198 2791//3198 
f 2822//3199 2792//3199 2791//3198 
f 2793//3200 2792//3199 2822//3199 
f 2822//3199 2821//3200 2793//3200 
f 2820//3201 2794//3201 2793//3200 
f 2795//3202 2794//3201 2820//3201 
f 2820//3201 2819//3202 2795//3202 
f 2818//3203 2796//3203 2795//3202 
f 2797//3204 2796//3203 2818//3203 
f 2818//3203 2817//3204 2797//3204 
f 2816//3205 2798//3205 2797//3204 
f 2815//3206 2800//3207 2799//3206 
f 2799//3206 2816//3205 2815//3206 
f 2815//3206 2814//3207 2800//3207 
f 2813//3208 2802//3209 2801//3208 
f 2801//3208 2814//3207 2813//3208 
f 2801//3208 2800//3207 2814//3207 
f 2813//3208 2812//3209 2802//3209 
f 2799//3206 2798//3205 2816//3205 
f 2817//3204 2816//3205 2797//3204 
f 2819//3202 2818//3203 2795//3202 
f 2821//3200 2820//3201 2793//3200 
f 2823//3198 2822//3199 2791//3198 
f 2825//3196 2824//3197 2789//3196 
f 2782//3195 2781//3210 2826//3194 
o mesh75
f 2827//3209 2828//3209 2787//3209 
f 2787//3209 2804//3209 2827//3209 
f 2802//3209 2810//3209 2809//3209 
f 2827//3209 2829//3209 2828//3209 
f 2802//3209 2811//3209 2810//3209 
f 2827//3209 2803//3209 2802//3209 
f 2827//3209 2830//3209 2829//3209 
f 2809//3209 2831//3209 2802//3209 
f 2804//3209 2803//3209 2827//3209 
f 2802//3209 2812//3209 2811//3209 
f 2831//3209 2832//3209 2802//3209 
f 2802//3209 2832//3209 2827//3209 
o mesh76
f 2833//3211 2834//3212 2835//3213 
f 2835//3213 2836//3214 2833//3211 
f 2833//3211 2837//3215 2834//3212 
f 2838//3216 2839//3217 2840//3218 
f 2840//3218 2837//3215 2838//3216 
f 2838//3216 2841//3219 2839//3217 
f 2842//3220 2843//3221 2844//3222 
f 2844//3222 2841//3219 2842//3220 
f 2842//3220 2845//3223 2843//3221 
f 2846//3224 2847//3225 2848//3226 
f 2848//3226 2845//3223 2846//3224 
f 2846//3224 2849//3227 2847//3225 
f 2850//3228 2851//3229 2849//3227 
f 2849//3227 2852//3230 2850//3228 
f 2852//3230 2853//3231 2850//3228 
f 2854//3232 2855//3233 2853//3231 
f 2853//3231 2856//3234 2854//3232 
f 2856//3234 2857//3235 2854//3232 
f 2858//3236 2859//3237 2857//3235 
f 2857//3235 2860//3238 2858//3236 
f 2860//3238 2861//3239 2858//3236 
f 2829//3240 2830//3241 2861//3239 
f 2861//3239 2737//3241 2829//3240 
f 2737//3241 2733//3240 2829//3240 
f 2828//3242 2829//3240 2733//3240 
f 2787//3243 2828//3242 2736//3242 
f 2720//3243 2719//3244 2786//3244 
f 2719//3244 2718//3245 2785//3245 
f 2785//3245 2718//3245 2717//3246 
f 2784//3246 2717//3246 2716//3247 
f 2783//3247 2716//3247 2715//3248 
f 2715//3248 2723//3248 2783//3247 
f 2716//3247 2783//3247 2784//3246 
f 2717//3246 2784//3246 2785//3245 
f 2785//3245 2786//3244 2719//3244 
f 2786//3244 2787//3243 2720//3243 
f 2736//3242 2720//3243 2787//3243 
f 2733//3240 2736//3242 2828//3242 
f 2830//3241 2858//3236 2861//3239 
f 2859//3237 2854//3232 2857//3235 
f 2855//3233 2850//3228 2853//3231 
f 2851//3229 2847//3225 2849//3227 
f 2848//3226 2843//3221 2845//3223 
f 2844//3222 2839//3217 2841//3219 
f 2840//3218 2834//3212 2837//3215 
f 2835//3213 2862//3249 2836//3214 
o mesh77
f 2728//3250 2805//3250 2732//3251 
f 2806//3252 2805//3250 2728//3250 
f 2726//3253 2807//3253 2806//3252 
f 2725//3254 2808//3254 2807//3253 
f 2724//3255 2809//3255 2808//3254 
f 2863//3256 2864//3257 2865//3258 
f 2863//3256 2866//3259 2864//3257 
f 2865//3258 2867//3258 2863//3256 
f 2868//3260 2869//3261 2866//3259 
f 2868//3260 2870//3262 2869//3261 
f 2866//3259 2871//3263 2868//3260 
f 2872//3264 2873//3265 2870//3262 
f 2872//3264 2874//3266 2873//3265 
f 2870//3262 2875//3267 2872//3264 
f 2876//3268 2877//3269 2874//3266 
f 2876//3268 2878//3270 2877//3269 
f 2874//3266 2879//3271 2876//3268 
f 2880//3272 2881//3273 2878//3270 
f 2880//3272 2882//3274 2881//3273 
f 2878//3270 2883//3275 2880//3272 
f 2884//3276 2885//3277 2882//3274 
f 2884//3276 2886//3278 2885//3277 
f 2882//3274 2887//3279 2884//3276 
f 2888//3280 2889//3281 2886//3278 
f 2888//3280 2890//3282 2889//3281 
f 2886//3278 2891//3283 2888//3280 
f 2827//3284 2738//3284 2890//3282 
f 2827//3284 2735//3285 2738//3284 
f 2890//3282 2892//3286 2827//3284 
f 2831//3287 2734//3287 2735//3285 
f 2724//3255 2734//3287 2831//3287 
f 2831//3287 2809//3255 2724//3255 
f 2735//3285 2832//3288 2831//3287 
f 2827//3284 2832//3288 2735//3285 
f 2888//3280 2892//3286 2890//3282 
f 2884//3276 2891//3283 2886//3278 
f 2880//3272 2887//3279 2882//3274 
f 2876//3268 2883//3275 2878//3270 
f 2872//3264 2879//3271 2874//3266 
f 2868//3260 2875//3267 2870//3262 
f 2863//3256 2871//3263 2866//3259 
f 2808//3254 2725//3254 2724//3255 
f 2807//3253 2726//3253 2725//3254 
f 2806//3252 2727//3289 2726//3253 
f 2728//3250 2727//3289 2806//3252 
f 2732//3251 2729//3290 2728//3250 
o mesh78
f 2862//3291 2867//3291 2865//3291 
f 2865//3291 2836//3291 2862//3291 
o mesh79
f 2892//3292 2888//3293 2859//3293 
f 2859//3293 2858//3292 2892//3292 
f 2830//3294 2827//3294 2892//3292 
f 2891//3295 2884//3296 2855//3296 
f 2855//3296 2854//3295 2891//3295 
f 2859//3293 2888//3293 2891//3295 
f 2850//3297 2887//3297 2880//3298 
f 2850//3297 2884//3296 2887//3297 
f 2880//3298 2851//3298 2850//3297 
f 2847//3299 2883//3299 2876//3300 
f 2847//3299 2880//3298 2883//3299 
f 2876//3300 2848//3300 2847//3299 
f 2879//3301 2872//3302 2844//3302 
f 2844//3302 2843//3301 2879//3301 
f 2848//3300 2876//3300 2879//3301 
f 2839//3303 2875//3303 2868//3304 
f 2839//3303 2872//3302 2875//3303 
f 2868//3304 2840//3304 2839//3303 
f 2834//3305 2871//3305 2863//3306 
f 2834//3305 2868//3304 2871//3305 
f 2863//3306 2835//3306 2834//3305 
f 2863//3306 2867//3307 2862//3307 
f 2862//3307 2835//3306 2863//3306 
f 2834//3305 2840//3304 2868//3304 
f 2839//3303 2844//3302 2872//3302 
f 2843//3301 2848//3300 2879//3301 
f 2847//3299 2851//3298 2880//3298 
f 2850//3297 2855//3296 2884//3296 
f 2854//3295 2859//3293 2891//3295 
f 2858//3292 2830//3294 2892//3292 
o mesh80
f 2833//3308 2836//3307 2865//3307 
f 2837//3309 2833//3308 2864//3308 
f 2864//3308 2866//3309 2837//3309 
f 2869//3310 2838//3310 2837//3309 
f 2841//3311 2838//3310 2869//3310 
f 2869//3310 2870//3311 2841//3311 
f 2873//3312 2842//3312 2841//3311 
f 2845//3313 2842//3312 2873//3312 
f 2873//3312 2874//3313 2845//3313 
f 2877//3314 2846//3314 2845//3313 
f 2849//3315 2846//3314 2877//3314 
f 2877//3314 2878//3315 2849//3315 
f 2881//3316 2852//3316 2849//3315 
f 2882//3317 2853//3317 2852//3316 
f 2852//3316 2881//3316 2882//3317 
f 2885//3318 2856//3318 2853//3317 
f 2886//3319 2860//3320 2857//3319 
f 2857//3319 2885//3318 2886//3319 
f 2886//3319 2889//3320 2860//3320 
f 2890//3321 2737//3322 2861//3321 
f 2861//3321 2889//3320 2890//3321 
f 2890//3321 2738//3322 2737//3322 
f 2861//3321 2860//3320 2889//3320 
f 2857//3319 2856//3318 2885//3318 
f 2882//3317 2885//3318 2853//3317 
f 2878//3315 2881//3316 2849//3315 
f 2874//3313 2877//3314 2845//3313 
f 2870//3311 2873//3312 2841//3311 
f 2866//3309 2869//3310 2837//3309 
f 2865//3307 2864//3308 2833//3308 
g Part 1
v 0.000447736 -0.00775162 0.0214472 
v 0.0005 -0.00775355 0.0214452 
v 0.0005 -0.00778651 0.0214816 
v 0.0005 -0.00781573 0.021521 
v 0.0005 -0.00784096 0.0215631 
v 0.0005 -0.00786194 0.0216074 
v 0.0005 -0.00787847 0.0216536 
v 0.0005 -0.00789039 0.0217012 
v 0.0005 -0.00789759 0.0217498 
v 0.0005 -0.0079 0.0217988 
v 0.000396044 -0.00774583 0.021453 
v 0.000447736 -0.00789726 0.0217988 
v 0.000345492 -0.00773625 0.0214625 
v 0.000396044 -0.00788907 0.0217988 
v 0.000296632 -0.00772299 0.0214758 
v 0.000345492 -0.00787553 0.0217988 
v 0.00025 -0.00770619 0.0214926 
v 0.000296632 -0.00785677 0.0217988 
v 0.000206107 -0.00768603 0.0215127 
v 0.00025 -0.00783301 0.0217988 
v 0.000165435 -0.00766274 0.021536 
v 0.000206107 -0.00780451 0.0217988 
v 0.000128428 -0.00763657 0.0215622 
v 0.000165435 -0.00777157 0.0217988 
v 9.54915e-05 -0.00760781 0.021591 
v 0.000128428 -0.00773457 0.0217988 
v 6.69873e-05 -0.00757678 0.021622 
v 9.54915e-05 -0.00769389 0.0217988 
v 4.32273e-05 -0.0075438 0.021655 
v 6.69873e-05 -0.00765 0.0217988 
v 2.44717e-05 -0.00750925 0.0216895 
v 4.32273e-05 -0.00760337 0.0217988 
v 1.09262e-05 -0.00747351 0.0217253 
v 2.44717e-05 -0.00755451 0.0217988 
v 2.73905e-06 -0.00743696 0.0217618 
v 1.09262e-05 -0.00750396 0.0217988 
v 0 -0.0074 0.0217988 
v 2.73905e-06 -0.00745226 0.0217988 
v 0.000447736 -0.00778439 0.0214833 
v 0.000447736 -0.00781346 0.0215225 
v 0.000447736 -0.00783855 0.0215644 
v 0.000447736 -0.00785941 0.0216085 
v 0.000447736 -0.00787585 0.0216544 
v 0.000447736 -0.00788771 0.0217018 
v 0.000447736 -0.00789487 0.02175 
v 0.000396044 -0.00777806 0.0214885 
v 0.000396044 -0.00780665 0.0215271 
v 0.000396044 -0.00783132 0.0215682 
v 0.000396044 -0.00785185 0.0216116 
v 0.000396044 -0.00786801 0.0216568 
v 0.000396044 -0.00787968 0.0217034 
v 0.000396044 -0.00788672 0.0217508 
v 0.000345492 -0.00776759 0.0214971 
v 0.000345492 -0.00779539 0.0215346 
v 0.000345492 -0.00781938 0.0215746 
v 0.000345492 -0.00783933 0.0216168 
v 0.000345492 -0.00785505 0.0216607 
v 0.000345492 -0.00786639 0.021706 
v 0.000345492 -0.00787324 0.0217522 
v 0.000296632 -0.00775309 0.021509 
v 0.000296632 -0.00777979 0.021545 
v 0.000296632 -0.00780284 0.0215835 
v 0.000296632 -0.007822 0.021624 
v 0.000296632 -0.0078371 0.0216662 
v 0.000296632 -0.007848 0.0217097 
v 0.000296632 -0.00785457 0.021754 
v 0.00025 -0.00773472 0.0215241 
v 0.00025 -0.00776004 0.0215582 
v 0.00025 -0.00778188 0.0215947 
v 0.00025 -0.00780005 0.0216331 
v 0.00025 -0.00781437 0.0216731 
v 0.00025 -0.00782469 0.0217143 
v 0.00025 -0.00783093 0.0217563 
v 0.000206107 -0.00771269 0.0215422 
v 0.000206107 -0.00773634 0.021574 
v 0.000206107 -0.00775674 0.0216081 
v 0.000206107 -0.00777372 0.021644 
v 0.000206107 -0.00778709 0.0216814 
v 0.000206107 -0.00779674 0.0217199 
v 0.000206107 -0.00780256 0.0217591 
v 0.000165435 -0.00768723 0.0215631 
v 0.000165435 -0.00770895 0.0215923 
v 0.000165435 -0.0077277 0.0216236 
v 0.000165435 -0.00774329 0.0216566 
v 0.000165435 -0.00775557 0.0216909 
v 0.000165435 -0.00776443 0.0217263 
v 0.000165435 -0.00776978 0.0217624 
v 0.000128428 -0.00765862 0.0215865 
v 0.000128428 -0.00767818 0.0216129 
v 0.000128428 -0.00769506 0.0216411 
v 0.000128428 -0.0077091 0.0216707 
v 0.000128428 -0.00772016 0.0217017 
v 0.000128428 -0.00772814 0.0217335 
v 0.000128428 -0.00773295 0.021766 
v 9.54915e-05 -0.00762718 0.0216123 
v 9.54915e-05 -0.00764436 0.0216355 
v 9.54915e-05 -0.00765919 0.0216602 
v 9.54915e-05 -0.00767152 0.0216863 
v 9.54915e-05 -0.00768124 0.0217135 
v 9.54915e-05 -0.00768825 0.0217414 
v 9.54915e-05 -0.00769248 0.02177 
v 6.69873e-05 -0.00759325 0.0216402 
v 6.69873e-05 -0.00760787 0.0216599 
v 6.69873e-05 -0.00762048 0.0216809 
v 6.69873e-05 -0.00763097 0.0217031 
v 6.69873e-05 -0.00763924 0.0217262 
v 6.69873e-05 -0.0076452 0.02175 
v 6.69873e-05 -0.0076488 0.0217743 
v 4.32273e-05 -0.00755721 0.0216698 
v 4.32273e-05 -0.00756909 0.0216858 
v 4.32273e-05 -0.00757935 0.0217029 
v 4.32273e-05 -0.00758789 0.021721 
v 4.32273e-05 -0.00759461 0.0217397 
v 4.32273e-05 -0.00759946 0.0217591 
v 4.32273e-05 -0.00760239 0.0217788 
v 2.44717e-05 -0.00751944 0.0217008 
v 2.44717e-05 -0.00752847 0.0217129 
v 2.44717e-05 -0.00753626 0.0217259 
v 2.44717e-05 -0.00754275 0.0217397 
v 2.44717e-05 -0.00754786 0.0217539 
v 2.44717e-05 -0.00755154 0.0217686 
v 2.44717e-05 -0.00755376 0.0217836 
v 1.09262e-05 -0.00748036 0.0217328 
v 1.09262e-05 -0.00748644 0.021741 
v 1.09262e-05 -0.00749168 0.0217498 
v 1.09262e-05 -0.00749604 0.021759 
v 1.09262e-05 -0.00749948 0.0217686 
v 1.09262e-05 -0.00750196 0.0217785 
v 1.09262e-05 -0.00750346 0.0217886 
v 2.73905e-06 -0.0074404 0.0217656 
v 2.73905e-06 -0.00744346 0.0217697 
v 2.73905e-06 -0.00744609 0.0217741 
v 2.73905e-06 -0.00744829 0.0217788 
v 2.73905e-06 -0.00745001 0.0217836 
v 2.73905e-06 -0.00745126 0.0217886 
v 2.73905e-06 -0.00745201 0.0217937 
v 0.0065 -0.00775355 0.0214452 
v 0.0065 -0.00778651 0.0214816 
v 0.0065 -0.00781573 0.021521 
v 0.0065 -0.00784096 0.0215631 
v 0.0065 -0.00786194 0.0216074 
v 0.0065 -0.00787847 0.0216536 
v 0.0065 -0.00789039 0.0217012 
v 0.0065 -0.00789759 0.0217498 
v 0.0065 -0.0079 0.0217988 
v 0.0065 -0.0079 0.0276929 
v 0.0005 -0.0079 0.0276929 
v 0.000450991 -0.00789759 0.0277419 
v 0.00655224 -0.00789711 0.0277451 
v 0.000447757 -0.00789711 0.0277451 
v 0.000402455 -0.00789039 0.0277904 
v 0.00654901 -0.00789759 0.0277419 
v 0.00039611 -0.0078888 0.0277968 
v 0.00659755 -0.00789039 0.0277904 
v 0.00660389 -0.0078888 0.0277968 
v 0.00664514 -0.00787847 0.027838 
v 0.000354858 -0.00787847 0.027838 
v 0.00034562 -0.00787516 0.0278473 
v 0.00665438 -0.00787516 0.0278473 
v 0.000308658 -0.00786194 0.0278842 
v 0.00670317 -0.00785635 0.0278961 
v 0.000296832 -0.00785635 0.0278961 
v 0.000264302 -0.00784096 0.0279286 
v 0.00669134 -0.00786194 0.0278842 
v 0.000250274 -0.00783255 0.0279426 
v 0.0067357 -0.00784096 0.0279286 
v 0.00674973 -0.00783255 0.0279426 
v 0.00677779 -0.00781573 0.0279707 
v 0.000222215 -0.00781573 0.0279707 
v 0.00679355 -0.00780404 0.0279864 
v 0.000182803 -0.00778651 0.0280101 
v 0.000206451 -0.00780404 0.0279864 
v 0.00683416 -0.00777113 0.0280271 
v 0.000146447 -0.00775355 0.0280464 
v 0.000165837 -0.00777113 0.0280271 
v 0.0068172 -0.00778651 0.0280101 
v 0.00685355 -0.00775355 0.0280464 
v 0.00655226 -0.00789726 0.0217988 
v 0.00660396 -0.00788907 0.0217988 
v 0.00655226 -0.00775162 0.0214472 
v 0.00665451 -0.00787553 0.0217988 
v 0.00660396 -0.00774583 0.021453 
v 0.00670337 -0.00785677 0.0217988 
v 0.00665451 -0.00773625 0.0214625 
v 0.00675 -0.00783301 0.0217988 
v 0.00670337 -0.00772299 0.0214758 
v 0.00679389 -0.00780451 0.0217988 
v 0.00675 -0.00770619 0.0214926 
v 0.00683457 -0.00777157 0.0217988 
v 0.00679389 -0.00768603 0.0215127 
v 0.00687157 -0.00773457 0.0217988 
v 0.00683457 -0.00766274 0.021536 
v 0.00690451 -0.00769389 0.0217988 
v 0.00687157 -0.00763657 0.0215622 
v 0.00693301 -0.00765 0.0217988 
v 0.00690451 -0.00760781 0.021591 
v 0.00695677 -0.00760337 0.0217988 
v 0.00693301 -0.00757678 0.021622 
v 0.00697553 -0.00755451 0.0217988 
v 0.00695677 -0.0075438 0.021655 
v 0.00698907 -0.00750396 0.0217988 
v 0.00697553 -0.00750925 0.0216895 
v 0.00699726 -0.00745226 0.0217988 
v 0.00698907 -0.00747351 0.0217253 
v 0.007 -0.0074 0.0217988 
v 0.00699726 -0.00743696 0.0217618 
v 0.00655226 -0.00789487 0.02175 
v 0.00655226 -0.00788771 0.0217018 
v 0.00655226 -0.00787585 0.0216544 
v 0.00655226 -0.00785941 0.0216085 
v 0.00655226 -0.00783855 0.0215644 
v 0.00655226 -0.00781346 0.0215225 
v 0.00655226 -0.00778439 0.0214833 
v 0.00660396 -0.00788672 0.0217508 
v 0.00660396 -0.00787968 0.0217034 
v 0.00660396 -0.00786801 0.0216568 
v 0.00660396 -0.00785185 0.0216116 
v 0.00660396 -0.00783132 0.0215682 
v 0.00660396 -0.00780665 0.0215271 
v 0.00660396 -0.00777806 0.0214885 
v 0.00665451 -0.00787324 0.0217522 
v 0.00665451 -0.00786639 0.021706 
v 0.00665451 -0.00785505 0.0216607 
v 0.00665451 -0.00783933 0.0216168 
v 0.00665451 -0.00781938 0.0215746 
v 0.00665451 -0.00779539 0.0215346 
v 0.00665451 -0.00776759 0.0214971 
v 0.00670337 -0.00785457 0.021754 
v 0.00670337 -0.007848 0.0217097 
v 0.00670337 -0.0078371 0.0216662 
v 0.00670337 -0.007822 0.021624 
v 0.00670337 -0.00780284 0.0215835 
v 0.00670337 -0.00777979 0.021545 
v 0.00670337 -0.00775309 0.021509 
v 0.00675 -0.00783093 0.0217563 
v 0.00675 -0.00782469 0.0217143 
v 0.00675 -0.00781437 0.0216731 
v 0.00675 -0.00780005 0.0216331 
v 0.00675 -0.00778188 0.0215947 
v 0.00675 -0.00776004 0.0215582 
v 0.00675 -0.00773472 0.0215241 
v 0.00679389 -0.00780256 0.0217591 
v 0.00679389 -0.00779674 0.0217199 
v 0.00679389 -0.00778709 0.0216814 
v 0.00679389 -0.00777372 0.021644 
v 0.00679389 -0.00775674 0.0216081 
v 0.00679389 -0.00773634 0.021574 
v 0.00679389 -0.00771269 0.0215422 
v 0.00683457 -0.00776978 0.0217624 
v 0.00683457 -0.00776443 0.0217263 
v 0.00683457 -0.00775557 0.0216909 
v 0.00683457 -0.00774329 0.0216566 
v 0.00683457 -0.0077277 0.0216236 
v 0.00683457 -0.00770895 0.0215923 
v 0.00683457 -0.00768723 0.0215631 
v 0.00687157 -0.00773295 0.021766 
v 0.00687157 -0.00772814 0.0217335 
v 0.00687157 -0.00772016 0.0217017 
v 0.00687157 -0.0077091 0.0216707 
v 0.00687157 -0.00769506 0.0216411 
v 0.00687157 -0.00767818 0.0216129 
v 0.00687157 -0.00765862 0.0215865 
v 0.00690451 -0.00769248 0.02177 
v 0.00690451 -0.00768825 0.0217414 
v 0.00690451 -0.00768124 0.0217135 
v 0.00690451 -0.00767152 0.0216863 
v 0.00690451 -0.00765919 0.0216602 
v 0.00690451 -0.00764436 0.0216355 
v 0.00690451 -0.00762718 0.0216123 
v 0.00693301 -0.0076488 0.0217743 
v 0.00693301 -0.0076452 0.02175 
v 0.00693301 -0.00763924 0.0217262 
v 0.00693301 -0.00763097 0.0217031 
v 0.00693301 -0.00762048 0.0216809 
v 0.00693301 -0.00760787 0.0216599 
v 0.00693301 -0.00759325 0.0216402 
v 0.00695677 -0.00760239 0.0217788 
v 0.00695677 -0.00759946 0.0217591 
v 0.00695677 -0.00759461 0.0217397 
v 0.00695677 -0.00758789 0.021721 
v 0.00695677 -0.00757935 0.0217029 
v 0.00695677 -0.00756909 0.0216858 
v 0.00695677 -0.00755721 0.0216698 
v 0.00697553 -0.00755376 0.0217836 
v 0.00697553 -0.00755154 0.0217686 
v 0.00697553 -0.00754786 0.0217539 
v 0.00697553 -0.00754275 0.0217397 
v 0.00697553 -0.00753626 0.0217259 
v 0.00697553 -0.00752847 0.0217129 
v 0.00697553 -0.00751944 0.0217008 
v 0.00698907 -0.00750346 0.0217886 
v 0.00698907 -0.00750196 0.0217785 
v 0.00698907 -0.00749948 0.0217686 
v 0.00698907 -0.00749604 0.021759 
v 0.00698907 -0.00749168 0.0217498 
v 0.00698907 -0.00748644 0.021741 
v 0.00698907 -0.00748036 0.0217328 
v 0.00699726 -0.00745201 0.0217937 
v 0.00699726 -0.00745126 0.0217886 
v 0.00699726 -0.00745001 0.0217836 
v 0.00699726 -0.00744829 0.0217788 
v 0.00699726 -0.00744609 0.0217741 
v 0.00699726 -0.00744346 0.0217697 
v 0.00699726 -0.0074404 0.0217656 
v 0.0005 -0.00447487 0.0181665 
v 0.0065 -0.00447487 0.0181665 
v 0.00683457 -0.00414749 0.0180208 
v 0.00681677 -0.00417026 0.0180232 
v 0.000183228 -0.00417026 0.0180232 
v 0.000165435 -0.00414749 0.0180208 
v 0.00685355 -0.00412132 0.0180201 
v 0.00679389 -0.00419954 0.0180263 
v 0.00677743 -0.00421873 0.0180303 
v 0.000222566 -0.00421873 0.0180303 
v 0.000206107 -0.00419954 0.0180263 
v 0.00675 -0.00425073 0.0180371 
v 0.00673543 -0.00426628 0.0180422 
v 0.00026457 -0.00426628 0.0180422 
v 0.00025 -0.00425073 0.0180371 
v 0.00670337 -0.0043005 0.0180533 
v 0.00669116 -0.00431245 0.0180586 
v 0.000308844 -0.00431245 0.0180586 
v 0.000296632 -0.0043005 0.0180533 
v 0.00665451 -0.00434832 0.0180746 
v 0.00664503 -0.00435681 0.0180795 
v 0.000354968 -0.00435681 0.0180795 
v 0.000345492 -0.00434832 0.0180746 
v 0.00660396 -0.00439364 0.0181008 
v 0.0065975 -0.00439893 0.0181046 
v 0.000402504 -0.00439893 0.0181046 
v 0.000396044 -0.00439364 0.0181008 
v 0.000447736 -0.00443598 0.0181315 
v 0.00655226 -0.00443598 0.0181315 
v 0.006549 -0.00443841 0.0181337 
v 0.000451001 -0.00443841 0.0181337 
v 0.000146447 -0.00412132 0.0180201 
v 0 -0.00362132 0.0180201 
v 2.73905e-06 -0.00369523 0.0180201 
v 1.09262e-05 -0.00376834 0.0180201 
v 2.44717e-05 -0.00383983 0.0180201 
v 4.32273e-05 -0.00390893 0.0180201 
v 6.69873e-05 -0.00397487 0.0180201 
v 9.54915e-05 -0.00403695 0.0180201 
v 0.000128428 -0.00409447 0.0180201 
v 0.000128428 -0.00773457 0.0280654 
v 9.54915e-05 -0.00769389 0.0281061 
v 6.69873e-05 -0.00765 0.02815 
v 4.32273e-05 -0.00760337 0.0281034 
v 2.44717e-05 -0.00755451 0.0280545 
v 1.09262e-05 -0.00750396 0.028004 
v 2.73905e-06 -0.00745226 0.0279523 
v 0 -0.0074 0.0279 
v 0.00687157 -0.00409447 0.0180201 
v 0.00690451 -0.00403695 0.0180201 
v 0.00693301 -0.00397487 0.0180201 
v 0.00695677 -0.00390893 0.0180201 
v 0.00697553 -0.00383983 0.0180201 
v 0.00698907 -0.00376834 0.0180201 
v 0.00699726 -0.00369523 0.0180201 
v 0.007 -0.00362132 0.0180201 
v 0.007 -0.0074 0.0279 
v 0.00699726 -0.00745226 0.0279523 
v 0.00698907 -0.00750396 0.028004 
v 0.00697553 -0.00755451 0.0280545 
v 0.00695677 -0.00760337 0.0281034 
v 0.00693301 -0.00765 0.02815 
v 0.00690451 -0.00769389 0.0281061 
v 0.00687157 -0.00773457 0.0280654 
v 0.00687157 -0.00756543 0.0282346 
v 9.54915e-05 -0.00760611 0.0281939 
v 0.000128428 -0.00756543 0.0282346 
v 0.00690451 -0.00760611 0.0281939 
v 0.00685355 -0.00754645 0.0282536 
v 0.000146447 -0.00754645 0.0282536 
v 0 -0.00199497 0.0196464 
v 0.007 -0.00199497 0.0196464 
v 0 -0.00199497 0.0203536 
v 0.007 -0.00199497 0.0203536 
v 0 -0.0046 0.0229586 
v 0.007 -0.0046 0.0229586 
v 0 -0.0046 0.0245414 
v 0.007 -0.0046 0.0245414 
v 0 -0.00404142 0.0251 
v 0.007 -0.00404142 0.0251 
v 0 0.0046 0.0251 
v 0.007 0.0046 0.0251 
v 0 0.0046 0.0229586 
v 0.007 0.0046 0.0229586 
v 0 0.00199497 0.0203536 
v 0.007 0.00199497 0.0203536 
v 0 0.00199497 0.0196464 
v 0.007 0.00199497 0.0196464 
v 0 0.00362132 0.0180201 
v 0.007 0.00362132 0.0180201 
v 0 0.00432843 0.0180201 
v 0.007 0.00432843 0.0180201 
v 0 0.0045 0.0181917 
v 0.007 0.0045 0.0181917 
v 0 0.0045 0.022 
v 0.007 0.0045 0.022 
v 0.007 0.0074 0.022 
v 0.007 0.0074 0.0279 
v 0 0.0074 0.0279 
v 0 0.0074 0.022 
v 0.000447736 0.00789726 0.0224477 
v 0.0005 0.0079 0.0225 
v 0.0065 0.0079 0.0225 
v 0.000396044 0.00788907 0.022396 
v 0.00655226 0.00789726 0.0224477 
v 0.00665451 0.00787553 0.0223455 
v 0.000345492 0.00787553 0.0223455 
v 0.00670337 0.00785677 0.0222966 
v 0.000296632 0.00785677 0.0222966 
v 0.00025 0.00783301 0.02225 
v 0.000206107 0.00780451 0.0222061 
v 0.00675 0.00783301 0.02225 
v 0.00683457 0.00777157 0.0221654 
v 0.000165435 0.00777157 0.0221654 
v 0.00687157 0.00773457 0.0221284 
v 0.000128428 0.00773457 0.0221284 
v 9.54915e-05 0.00769389 0.0220955 
v 0.00691934 0.00767232 0.0220807 
v 8.06647e-05 0.00767232 0.0220807 
v 6.69873e-05 0.00765 0.022067 
v 0.00690451 0.00769389 0.0220955 
v 0.0069455 0.007627 0.0220545 
v 5.44967e-05 0.007627 0.0220545 
v 4.32273e-05 0.00760337 0.0220432 
v 0.00693301 0.00765 0.022067 
v 0.00696679 0.00757918 0.0220332 
v 3.32098e-05 0.00757918 0.0220332 
v 2.44717e-05 0.00755451 0.0220245 
v 0.00695677 0.00760337 0.0220432 
v 0.00698296 0.00752941 0.022017 
v 1.70371e-05 0.00752941 0.022017 
v 1.09262e-05 0.00750396 0.0220109 
v 0.00697553 0.00755451 0.0220245 
v 0.00699384 0.00747822 0.0220062 
v 6.15583e-06 0.00747822 0.0220062 
v 0.00698907 0.00750396 0.0220109 
v 0.00699726 0.00745226 0.0220027 
v 2.73905e-06 0.00745226 0.0220027 
v 0.00699931 0.00742617 0.0220007 
v 6.85233e-07 0.00742617 0.0220007 
v 0.00679389 0.00780451 0.0222061 
v 0.00660396 0.00788907 0.022396 
v 0.0065 0.0079 0.0276929 
v 0.0005 0.0079 0.0276929 
v 0.000447736 0.00789726 0.0277452 
v 0.000451001 0.00789743 0.0277419 
v 0.000396044 0.00788907 0.0277968 
v 0.000402504 0.0078901 0.0277904 
v 0.000345492 0.00787553 0.0278474 
v 0.000354968 0.00787807 0.0278379 
v 0.000296632 0.00785677 0.0278963 
v 0.000308844 0.00786146 0.027884 
v 0.00025 0.00783301 0.0279429 
v 0.00026457 0.00784044 0.0279283 
v 0.000206107 0.00780451 0.0279868 
v 0.000222566 0.0078152 0.0279703 
v 0.000165435 0.00777157 0.0280275 
v 0.000183228 0.00778598 0.0280097 
v 0.000128428 0.00773457 0.0280654 
v 0.000146447 0.00775355 0.0280464 
v 9.54915e-05 0.00769389 0.0281061 
v 6.69873e-05 0.00765 0.02815 
v 4.32273e-05 0.00760337 0.0281034 
v 2.44717e-05 0.00755451 0.0280545 
v 1.09262e-05 0.00750396 0.028004 
v 2.73905e-06 0.00745226 0.0279523 
v 0.00699726 0.00745226 0.0279523 
v 0.00698907 0.00750396 0.028004 
v 0.00697553 0.00755451 0.0280545 
v 0.00695677 0.00760337 0.0281034 
v 0.00693301 0.00765 0.02815 
v 0.00690451 0.00769389 0.0281061 
v 0.00687157 0.00773457 0.0280654 
v 0.00683457 0.00777157 0.0280275 
v 0.00685355 0.00775355 0.0280464 
v 0.00681677 0.00778598 0.0280097 
v 0.00679389 0.00780451 0.0279868 
v 0.00677743 0.0078152 0.0279703 
v 0.00675 0.00783301 0.0279429 
v 0.00670337 0.00785677 0.0278963 
v 0.00673543 0.00784044 0.0279283 
v 0.00665451 0.00787553 0.0278474 
v 0.00669116 0.00786146 0.027884 
v 0.00664503 0.00787807 0.0278379 
v 0.00660396 0.00788907 0.0277968 
v 0.0065975 0.0078901 0.0277904 
v 0.00655226 0.00789726 0.0277452 
v 0.006549 0.00789743 0.0277419 
v 0.000128428 0.00756543 0.0282346 
v 0.00690451 0.00760611 0.0281939 
v 0.00687157 0.00756543 0.0282346 
v 9.54915e-05 0.00760611 0.0281939 
v 0.000146447 0.00754645 0.0282536 
v 0.00685355 0.00754645 0.0282536 
v 0.000450991 0.0072419 0.0283976 
v 0.000447736 -0.00724516 0.0283973 
v 0.000451001 -0.00724189 0.0283974 
v 0.0005 0.00719289 0.0284 
v 0.000447757 0.00724514 0.0283971 
v 0.000402455 0.00729044 0.0283904 
v 0.000396044 -0.00729685 0.0283891 
v 0.000402504 -0.00729039 0.0283901 
v 0.00039611 0.00729678 0.0283888 
v 0.000354858 0.00733804 0.0283785 
v 0.000345492 -0.0073474 0.0283755 
v 0.000354968 -0.00733793 0.0283781 
v 0.00034562 0.00734727 0.0283752 
v 0.000308658 0.00738423 0.0283619 
v 0.000296632 -0.00739626 0.0283568 
v 0.000308844 -0.00738405 0.0283615 
v 0.000296832 0.00739606 0.0283563 
v 0.00025 -0.00744289 0.028333 
v 0.00026457 -0.00742832 0.0283404 
v 0.000264302 0.00742859 0.028341 
v 0.000250274 0.00744262 0.0283326 
v 0.000206107 -0.00748679 0.0283045 
v 0.000222566 -0.00747033 0.0283152 
v 0.000222215 0.00747068 0.0283157 
v 0.000206451 0.00748644 0.028304 
v 0.000165435 -0.00752746 0.0282716 
v 0.000183228 -0.00750966 0.028286 
v 0.000182803 0.00751009 0.0282865 
v 0.000165837 0.00752706 0.0282711 
v 0.0005 -0.00719289 0.0284 
v 0.00683416 0.00752706 0.0282711 
v 0.00683457 -0.00752746 0.0282716 
v 0.00681677 -0.00750966 0.028286 
v 0.0068172 0.00751009 0.0282865 
v 0.00679355 0.00748644 0.028304 
v 0.00679389 -0.00748679 0.0283045 
v 0.00677743 -0.00747033 0.0283152 
v 0.00677779 0.00747068 0.0283157 
v 0.00674973 0.00744262 0.0283326 
v 0.00675 -0.00744289 0.028333 
v 0.00673543 -0.00742832 0.0283404 
v 0.0067357 0.00742859 0.028341 
v 0.00670317 0.00739606 0.0283563 
v 0.00670337 -0.00739626 0.0283568 
v 0.00669116 -0.00738405 0.0283615 
v 0.00669134 0.00738423 0.0283619 
v 0.00665438 0.00734727 0.0283752 
v 0.00665451 -0.0073474 0.0283755 
v 0.00664503 -0.00733793 0.0283781 
v 0.00664514 0.00733804 0.0283785 
v 0.00660389 0.00729678 0.0283888 
v 0.00660396 -0.00729685 0.0283891 
v 0.0065975 -0.00729039 0.0283901 
v 0.00659755 0.00729044 0.0283904 
v 0.00655224 0.00724514 0.0283971 
v 0.00655226 -0.00724516 0.0283973 
v 0.006549 -0.00724189 0.0283974 
v 0.00654901 0.0072419 0.0283976 
v 0.0065 0.00719289 0.0284 
v 0.0065 -0.00719289 0.0284 
vn -0.104528 -0.703233 -0.703233 
vn 4.90654e-15 -0.707107 -0.707107 
vn 4.48239e-15 -0.77301 -0.634393 
vn -0.104528 -0.768776 -0.630918 
vn 3.93428e-15 -0.83147 -0.55557 
vn -0.104528 -0.826915 -0.552527 
vn 3.34828e-15 -0.881921 -0.471397 
vn -0.104528 -0.87709 -0.468814 
vn 2.73004e-15 -0.92388 -0.382683 
vn -0.104528 -0.918818 -0.380587 
vn 2.08551e-15 -0.95694 -0.290285 
vn -0.104528 -0.951698 -0.288694 
vn 1.42089e-15 -0.980785 -0.19509 
vn -0.104528 -0.975412 -0.194022 
vn 7.42583e-16 -0.995185 -0.0980171 
vn -0.104528 -0.989733 -0.0974802 
vn 5.71279e-17 -1 -7.21645e-16 
vn -0.207912 -0.691655 -0.691655 
vn -0.207912 -0.756118 -0.62053 
vn -0.207912 -0.8133 -0.54343 
vn -0.207912 -0.862649 -0.461096 
vn -0.207912 -0.903691 -0.374321 
vn -0.207912 -0.936029 -0.283941 
vn -0.207912 -0.959353 -0.190827 
vn -0.207912 -0.973438 -0.0958752 
vn -0.104528 -0.994522 -4.38905e-15 
vn -0.309017 -0.672499 -0.672499 
vn -0.309017 -0.735177 -0.603344 
vn -0.309017 -0.790775 -0.528379 
vn -0.309017 -0.838757 -0.448325 
vn -0.309017 -0.878662 -0.363954 
vn -0.309017 -0.910104 -0.276077 
vn -0.309017 -0.932782 -0.185542 
vn -0.309017 -0.946477 -0.0932198 
vn -0.207912 -0.978148 -7.82646e-15 
vn -0.406737 -0.645974 -0.645974 
vn -0.406737 -0.70618 -0.579547 
vn -0.406737 -0.759585 -0.507539 
vn -0.406737 -0.805675 -0.430642 
vn -0.406737 -0.844006 -0.349599 
vn -0.406737 -0.874208 -0.265188 
vn -0.406737 -0.895992 -0.178224 
vn -0.406737 -0.909146 -0.0895431 
vn -0.309017 -0.951057 -7.25126e-15 
vn -0.5 -0.612372 -0.612372 
vn -0.5 -0.669447 -0.549401 
vn -0.5 -0.720074 -0.481138 
vn -0.5 -0.763766 -0.408242 
vn -0.5 -0.800103 -0.331414 
vn -0.5 -0.828735 -0.251394 
vn -0.5 -0.849385 -0.168953 
vn -0.5 -0.861855 -0.0848853 
vn -0.406737 -0.913545 -9.81671e-15 
vn -0.587785 -0.572061 -0.572061 
vn -0.587785 -0.625379 -0.513235 
vn -0.587785 -0.672673 -0.449466 
vn -0.587785 -0.713489 -0.381368 
vn -0.587785 -0.747434 -0.309597 
vn -0.587785 -0.774181 -0.234845 
vn -0.587785 -0.793472 -0.157831 
vn -0.587785 -0.805121 -0.0792975 
vn -0.5 -0.866025 -9.79772e-15 
vn -0.669131 -0.525483 -0.525483 
vn -0.669131 -0.574459 -0.471446 
vn -0.669131 -0.617902 -0.412869 
vn -0.669131 -0.655395 -0.350316 
vn -0.669131 -0.686576 -0.284389 
vn -0.669131 -0.711145 -0.215724 
vn -0.669131 -0.728866 -0.14498 
vn -0.669131 -0.739566 -0.0728409 
vn -0.587785 -0.809017 -1.6916e-15 
vn -0.743145 -0.473147 -0.473147 
vn -0.743145 -0.517245 -0.424492 
vn -0.743145 -0.556362 -0.371749 
vn -0.743145 -0.590121 -0.315426 
vn -0.743145 -0.618196 -0.256065 
vn -0.743145 -0.640318 -0.194238 
vn -0.743145 -0.656273 -0.130541 
vn -0.743145 -0.665909 -0.0655863 
vn -0.669131 -0.743145 -4.25445e-15 
vn -0.809017 -0.415627 -0.415627 
vn -0.809017 -0.454364 -0.372887 
vn -0.809017 -0.488726 -0.326556 
vn -0.809017 -0.51838 -0.27708 
vn -0.809017 -0.543043 -0.224936 
vn -0.809017 -0.562475 -0.170625 
vn -0.809017 -0.576491 -0.114671 
vn -0.809017 -0.584955 -0.057613 
vn -0.743145 -0.669131 -6.37785e-15 
vn -0.866025 -0.353553 -0.353553 
vn -0.866025 -0.386505 -0.317197 
vn -0.866025 -0.415735 -0.277785 
vn -0.866025 -0.440961 -0.235698 
vn -0.866025 -0.46194 -0.191342 
vn -0.866025 -0.47847 -0.145142 
vn -0.866025 -0.490393 -0.0975452 
vn -0.866025 -0.497592 -0.0490086 
vn -0.809017 -0.587785 -6.39084e-15 
vn -0.913545 -0.287606 -0.287606 
vn -0.913545 -0.314412 -0.258031 
vn -0.913545 -0.338189 -0.225971 
vn -0.913545 -0.35871 -0.191734 
vn -0.913545 -0.375776 -0.155651 
vn -0.913545 -0.389223 -0.118069 
vn -0.913545 -0.398921 -0.0793504 
vn -0.913545 -0.404778 -0.0398672 
vn -0.866025 -0.5 -7.06397e-15 
vn -0.951057 -0.218508 -0.218508 
vn -0.951057 -0.238873 -0.196038 
vn -0.951057 -0.256938 -0.171681 
vn -0.951057 -0.272529 -0.14567 
vn -0.951057 -0.285494 -0.118256 
vn -0.951057 -0.295711 -0.0897029 
vn -0.951057 -0.303079 -0.0602862 
vn -0.951057 -0.307529 -0.030289 
vn -0.913545 -0.406737 -8.0876e-15 
vn -0.978148 -0.147016 -0.147016 
vn -0.978148 -0.160718 -0.131898 
vn -0.978148 -0.172872 -0.11551 
vn -0.978148 -0.183362 -0.0980089 
vn -0.978148 -0.192085 -0.0795644 
vn -0.978148 -0.198959 -0.0603536 
vn -0.978148 -0.203917 -0.0405616 
vn -0.978148 -0.206911 -0.0203789 
vn -0.951057 -0.309017 -6.90459e-15 
vn -0.994522 -0.0739128 -0.0739128 
vn -0.994522 -0.0808016 -0.0663122 
vn -0.994522 -0.0869122 -0.0580729 
vn -0.994522 -0.0921859 -0.0492744 
vn -0.994522 -0.0965717 -0.0400013 
vn -0.994522 -0.100028 -0.030343 
vn -0.994522 -0.10252 -0.0203925 
vn -0.994522 -0.104025 -0.0102456 
vn -0.978148 -0.207912 -7.24523e-15 
vn -1 0 -6.93889e-15 
vn -0.994522 -0.104528 -6.48455e-15 
vn 0 -0.707107 -0.707107 
vn 0 -0.77301 -0.634393 
vn 0 -0.83147 -0.55557 
vn 0 -0.881921 -0.471397 
vn 0 -0.92388 -0.382683 
vn 0 -0.95694 -0.290285 
vn 0 -0.980785 -0.19509 
vn 0 -0.995185 -0.0980171 
vn 0 -1 -1.22465e-16 
vn 0 -0.995185 0.0980171 
vn 0 -0.994523 0.104518 
vn 0 -0.980785 0.19509 
vn 0 -0.995185 0.0980171 
vn 0 -0.978151 0.207895 
vn 0 -0.980785 0.19509 
vn 0 -0.95694 0.290285 
vn 0 -0.951062 0.308999 
vn 0 -0.92388 0.382683 
vn 0 -0.913553 0.40672 
vn 0 -0.881921 0.471397 
vn 0 -0.92388 0.382683 
vn 0 -0.866033 0.499987 
vn 0 -0.881921 0.471397 
vn 0 -0.83147 0.55557 
vn 0 -0.809023 0.587777 
vn 0 -0.77301 0.634393 
vn 0 -0.743147 0.669128 
vn 0 -0.707107 0.707107 
vn 0 -0.77301 0.634393 
vn 0.104528 -0.994522 0 
vn 0 -1 0 
vn 0 -0.995185 -0.0980171 
vn 0.104528 -0.989733 -0.0974802 
vn 0 -0.980785 -0.19509 
vn 0.104528 -0.975412 -0.194022 
vn 0 -0.95694 -0.290285 
vn 0.104528 -0.951698 -0.288694 
vn 0 -0.92388 -0.382683 
vn 0.104528 -0.918818 -0.380587 
vn 0 -0.881921 -0.471397 
vn 0.104528 -0.87709 -0.468814 
vn 0 -0.83147 -0.55557 
vn 0.104528 -0.826915 -0.552527 
vn 0 -0.77301 -0.634393 
vn 0.104528 -0.768776 -0.630918 
vn 0 -0.707107 -0.707107 
vn 0.207912 -0.978148 0 
vn 0.207912 -0.973438 -0.0958752 
vn 0.207912 -0.959353 -0.190827 
vn 0.207912 -0.936029 -0.283941 
vn 0.207912 -0.903691 -0.374321 
vn 0.207912 -0.862649 -0.461096 
vn 0.207912 -0.8133 -0.54343 
vn 0.207912 -0.756118 -0.62053 
vn 0.104528 -0.703233 -0.703233 
vn 0.309017 -0.951057 0 
vn 0.309017 -0.946477 -0.0932198 
vn 0.309017 -0.932782 -0.185542 
vn 0.309017 -0.910104 -0.276077 
vn 0.309017 -0.878662 -0.363954 
vn 0.309017 -0.838757 -0.448325 
vn 0.309017 -0.790775 -0.528379 
vn 0.309017 -0.735177 -0.603344 
vn 0.207912 -0.691655 -0.691655 
vn 0.406737 -0.913545 0 
vn 0.406737 -0.909146 -0.0895431 
vn 0.406737 -0.895992 -0.178224 
vn 0.406737 -0.874208 -0.265188 
vn 0.406737 -0.844006 -0.349599 
vn 0.406737 -0.805675 -0.430642 
vn 0.406737 -0.759585 -0.507539 
vn 0.406737 -0.70618 -0.579547 
vn 0.309017 -0.672499 -0.672499 
vn 0.5 -0.866025 0 
vn 0.5 -0.861855 -0.0848853 
vn 0.5 -0.849385 -0.168953 
vn 0.5 -0.828735 -0.251394 
vn 0.5 -0.800103 -0.331414 
vn 0.5 -0.763766 -0.408242 
vn 0.5 -0.720074 -0.481138 
vn 0.5 -0.669447 -0.549401 
vn 0.406737 -0.645974 -0.645974 
vn 0.587785 -0.809017 0 
vn 0.587785 -0.805121 -0.0792975 
vn 0.587785 -0.793472 -0.157831 
vn 0.587785 -0.774181 -0.234845 
vn 0.587785 -0.747434 -0.309597 
vn 0.587785 -0.713489 -0.381368 
vn 0.587785 -0.672673 -0.449466 
vn 0.587785 -0.625379 -0.513235 
vn 0.5 -0.612372 -0.612372 
vn 0.669131 -0.743145 0 
vn 0.669131 -0.739566 -0.0728409 
vn 0.669131 -0.728866 -0.14498 
vn 0.669131 -0.711145 -0.215724 
vn 0.669131 -0.686576 -0.284389 
vn 0.669131 -0.655395 -0.350316 
vn 0.669131 -0.617902 -0.412869 
vn 0.669131 -0.574459 -0.471446 
vn 0.587785 -0.572061 -0.572061 
vn 0.743145 -0.669131 0 
vn 0.743145 -0.665909 -0.0655863 
vn 0.743145 -0.656273 -0.130541 
vn 0.743145 -0.640318 -0.194238 
vn 0.743145 -0.618196 -0.256065 
vn 0.743145 -0.590121 -0.315426 
vn 0.743145 -0.556362 -0.371749 
vn 0.743145 -0.517245 -0.424492 
vn 0.669131 -0.525483 -0.525483 
vn 0.809017 -0.587785 0 
vn 0.809017 -0.584955 -0.057613 
vn 0.809017 -0.576491 -0.114671 
vn 0.809017 -0.562475 -0.170625 
vn 0.809017 -0.543043 -0.224936 
vn 0.809017 -0.51838 -0.27708 
vn 0.809017 -0.488726 -0.326556 
vn 0.809017 -0.454364 -0.372887 
vn 0.743145 -0.473147 -0.473147 
vn 0.866025 -0.5 0 
vn 0.866025 -0.497592 -0.0490086 
vn 0.866025 -0.490393 -0.0975452 
vn 0.866025 -0.47847 -0.145142 
vn 0.866025 -0.46194 -0.191342 
vn 0.866025 -0.440961 -0.235698 
vn 0.866025 -0.415735 -0.277785 
vn 0.866025 -0.386505 -0.317197 
vn 0.809017 -0.415627 -0.415627 
vn 0.913545 -0.406737 0 
vn 0.913545 -0.404778 -0.0398672 
vn 0.913545 -0.398921 -0.0793504 
vn 0.913545 -0.389223 -0.118069 
vn 0.913545 -0.375776 -0.155651 
vn 0.913545 -0.35871 -0.191734 
vn 0.913545 -0.338189 -0.225971 
vn 0.913545 -0.314412 -0.258031 
vn 0.866025 -0.353553 -0.353553 
vn 0.951057 -0.309017 0 
vn 0.951057 -0.307529 -0.030289 
vn 0.951057 -0.303079 -0.0602862 
vn 0.951057 -0.295711 -0.0897029 
vn 0.951057 -0.285494 -0.118256 
vn 0.951057 -0.272529 -0.14567 
vn 0.951057 -0.256938 -0.171681 
vn 0.951057 -0.238873 -0.196038 
vn 0.913545 -0.287606 -0.287606 
vn 0.978148 -0.207912 0 
vn 0.978148 -0.206911 -0.0203789 
vn 0.978148 -0.203917 -0.0405616 
vn 0.978148 -0.198959 -0.0603536 
vn 0.978148 -0.192085 -0.0795644 
vn 0.978148 -0.183362 -0.0980089 
vn 0.978148 -0.172872 -0.11551 
vn 0.978148 -0.160718 -0.131898 
vn 0.951057 -0.218508 -0.218508 
vn 0.994522 -0.104528 0 
vn 0.994522 -0.104025 -0.0102456 
vn 0.994522 -0.10252 -0.0203925 
vn 0.994522 -0.100028 -0.030343 
vn 0.994522 -0.0965717 -0.0400013 
vn 0.994522 -0.0921859 -0.0492744 
vn 0.994522 -0.0869122 -0.0580729 
vn 0.994522 -0.0808016 -0.0663122 
vn 0.978148 -0.147016 -0.147016 
vn 1 0 0 
vn 0.994522 -0.0739128 -0.0739128 
vn 0 -0.707107 -0.707107 
vn 0 -0.052336 -0.99863 
vn 0 -0.0980094 -0.995185 
vn 0 0 -1 
vn 0 -0.156434 -0.987688 
vn 0 -0.195076 -0.980788 
vn 0 -0.258819 -0.965926 
vn 0 -0.290266 -0.956946 
vn 0 -0.358368 -0.93358 
vn 0 -0.382662 -0.923888 
vn 0 -0.45399 -0.891007 
vn 0 -0.471376 -0.881932 
vn 0 -0.544639 -0.838671 
vn 0 -0.555554 -0.831481 
vn 0 -0.62932 -0.777146 
vn 0 -0.634384 -0.773018 
vn 0 -0.707107 -0.707107 
vn 0 -6.12323e-17 -1 
vn -1 4.8944e-15 4.8944e-15 
vn -0.994522 -0.0739128 -0.0739128 
vn -0.978148 -0.147016 -0.147016 
vn -0.951057 -0.218508 -0.218508 
vn -0.913545 -0.287606 -0.287606 
vn -0.866025 -0.353553 -0.353553 
vn -0.809017 -0.415627 -0.415627 
vn -0.743145 -0.473147 -0.473147 
vn -0.707107 -0.5 -0.5 
vn -0.669131 -0.525483 -0.525483 
vn -0.634399 -0.546597 -0.546597 
vn -0.587785 -0.572061 -0.572061 
vn -0.555582 -0.587932 -0.587932 
vn -0.5 -0.612372 -0.612372 
vn -0.471414 -0.623606 -0.623606 
vn -0.406737 -0.645974 -0.645974 
vn -0.382704 -0.653275 -0.653275 
vn -0.309017 -0.672499 -0.672499 
vn -0.290307 -0.676654 -0.676654 
vn -0.207912 -0.691655 -0.691655 
vn -0.19511 -0.693517 -0.693517 
vn -0.104528 -0.703233 -0.703233 
vn -0.0980293 -0.703701 -0.703701 
vn 1.22465e-16 -0.707107 -0.707107 
vn -0.104528 -0.994522 0 
vn 1.22465e-16 -1 0 
vn -0.0980171 -0.995185 0 
vn -0.207912 -0.978148 0 
vn -0.104518 -0.994523 0 
vn -0.19509 -0.980785 0 
vn -0.309017 -0.951057 0 
vn -0.207895 -0.978151 0 
vn -0.290285 -0.95694 0 
vn -0.406737 -0.913545 0 
vn -0.308999 -0.951062 0 
vn -0.382683 -0.92388 0 
vn -0.5 -0.866025 0 
vn -0.40672 -0.913553 0 
vn -0.471397 -0.881921 0 
vn -0.587785 -0.809017 0 
vn -0.499987 -0.866033 0 
vn -0.55557 -0.83147 0 
vn -0.669131 -0.743145 0 
vn -0.587777 -0.809023 0 
vn -0.634393 -0.77301 0 
vn -0.743145 -0.669131 0 
vn -0.669128 -0.743147 0 
vn -0.707107 -0.707107 0 
vn -0.809017 -0.587785 0 
vn -0.743145 -0.669131 0 
vn -0.866025 -0.5 0 
vn -0.809017 -0.587785 0 
vn -0.913545 -0.406737 0 
vn -0.951057 -0.309017 0 
vn -0.978148 -0.207912 0 
vn -0.994522 -0.104528 0 
vn -1 -1.83697e-16 0 
vn 0.104528 -0.703233 -0.703233 
vn 0 -0.707107 -0.707107 
vn 0.0980293 -0.703701 -0.703701 
vn 0.207912 -0.691655 -0.691655 
vn 0.104528 -0.703233 -0.703233 
vn 0.19511 -0.693517 -0.693517 
vn 0.309017 -0.672499 -0.672499 
vn 0.207912 -0.691655 -0.691655 
vn 0.290307 -0.676654 -0.676654 
vn 0.406737 -0.645974 -0.645974 
vn 0.309017 -0.672499 -0.672499 
vn 0.382704 -0.653275 -0.653275 
vn 0.5 -0.612372 -0.612372 
vn 0.406737 -0.645974 -0.645974 
vn 0.471414 -0.623606 -0.623606 
vn 0.587785 -0.572061 -0.572061 
vn 0.5 -0.612372 -0.612372 
vn 0.555582 -0.587932 -0.587932 
vn 0.669131 -0.525483 -0.525483 
vn 0.587785 -0.572061 -0.572061 
vn 0.634399 -0.546597 -0.546597 
vn 0.743145 -0.473147 -0.473147 
vn 0.669131 -0.525483 -0.525483 
vn 0.707107 -0.5 -0.5 
vn 0.809017 -0.415627 -0.415627 
vn 0.743145 -0.473147 -0.473147 
vn 0.866025 -0.353553 -0.353553 
vn 0.809017 -0.415627 -0.415627 
vn 0.913545 -0.287606 -0.287606 
vn 0.866025 -0.353553 -0.353553 
vn 0.951057 -0.218508 -0.218508 
vn 0.913545 -0.287606 -0.287606 
vn 0.978148 -0.147016 -0.147016 
vn 0.951057 -0.218508 -0.218508 
vn 0.994522 -0.0739128 -0.0739128 
vn 0.978148 -0.147016 -0.147016 
vn 1 3.9209e-14 3.9209e-14 
vn 0.994522 -0.0739128 -0.0739128 
vn 0.669131 -0.743145 0 
vn 0.634393 -0.77301 0 
vn 0.587777 -0.809023 0 
vn 0.669128 -0.743147 0 
vn 0.587785 -0.809017 0 
vn 0.55557 -0.83147 0 
vn 0.499987 -0.866033 0 
vn 0.5 -0.866025 0 
vn 0.471397 -0.881921 0 
vn 0.40672 -0.913553 0 
vn 0.406737 -0.913545 0 
vn 0.382683 -0.92388 0 
vn 0.308999 -0.951062 0 
vn 0.309017 -0.951057 0 
vn 0.290285 -0.95694 0 
vn 0.207895 -0.978151 0 
vn 0.207912 -0.978148 0 
vn 0.19509 -0.980785 0 
vn 0.104518 -0.994523 0 
vn 0.104528 -0.994522 0 
vn 0.0980171 -0.995185 0 
vn 0 -1 0 
vn 0.994522 -0.104528 0 
vn 1 -6.12323e-17 0 
vn 0.978148 -0.207912 0 
vn 0.994522 -0.104528 0 
vn 0.951057 -0.309017 0 
vn 0.978148 -0.207912 0 
vn 0.913545 -0.406737 0 
vn 0.951057 -0.309017 0 
vn 0.866025 -0.5 0 
vn 0.913545 -0.406737 0 
vn 0.809017 -0.587785 0 
vn 0.743145 -0.669131 0 
vn 0.707107 -0.707107 0 
vn 0 -1 0 
vn 0 -0.707107 0.707107 
vn 0 0 -1 
vn 0 0.707107 -0.707107 
vn 0 1 -1.22663e-15 
vn 0 0.707107 0.707107 
vn 0 0.707107 -0.707107 
vn 0 0 -1 
vn 0 -1 0 
vn 0 -0.707107 0.707107 
vn 0 -0.707107 -0.707107 
vn 0 0 -1 
vn 0 0.707107 -0.707107 
vn 0 1 0 
vn 1 0 0 
vn -1 0 0 
vn 0 0 -1 
vn 0 0.994522 -0.104528 
vn 0 1 -1.22465e-16 
vn 0 0.978148 -0.207912 
vn 0 0.994522 -0.104528 
vn 0 0.951057 -0.309017 
vn 0 0.913545 -0.406737 
vn 0 0.866025 -0.5 
vn 0 0.809017 -0.587785 
vn 0 0.743145 -0.669131 
vn 0 0.669131 -0.743145 
vn 0 0.587785 -0.809017 
vn 0 0.544639 -0.838671 
vn 0 0.5 -0.866025 
vn 0 0.587785 -0.809017 
vn 0 0.45399 -0.891007 
vn 0 0.406737 -0.913545 
vn 0 0.5 -0.866025 
vn 0 0.358368 -0.93358 
vn 0 0.309017 -0.951057 
vn 0 0.406737 -0.913545 
vn 0 0.258819 -0.965926 
vn 0 0.207912 -0.978148 
vn 0 0.309017 -0.951057 
vn 0 0.156434 -0.987688 
vn 0 0.207912 -0.978148 
vn 0 0.104528 -0.994522 
vn 0 0.052336 -0.99863 
vn 0 -6.12323e-17 -1 
vn 0 0.809017 -0.587785 
vn 0 0.978148 -0.207912 
vn 0 1 0 
vn -0.104528 0.994522 0 
vn -0.0980293 0.995184 0 
vn 2.1684e-16 1 0 
vn -0.207912 0.978148 0 
vn -0.19511 0.980781 0 
vn -0.309017 0.951057 0 
vn -0.290307 0.956934 0 
vn -0.406737 0.913545 0 
vn -0.382704 0.923871 0 
vn -0.5 0.866025 0 
vn -0.471414 0.881912 0 
vn -0.587785 0.809017 0 
vn -0.555582 0.831462 0 
vn -0.669131 0.743145 0 
vn -0.634399 0.773006 0 
vn -0.743145 0.669131 0 
vn -0.707107 0.707107 0 
vn -0.809017 0.587785 0 
vn -0.838671 0.544639 0 
vn -0.866025 0.5 0 
vn -0.891007 0.45399 0 
vn -0.913545 0.406737 0 
vn -0.93358 0.358368 0 
vn -0.951057 0.309017 0 
vn -0.965926 0.258819 0 
vn -0.978148 0.207912 0 
vn -0.987688 0.156434 0 
vn -0.994522 0.104528 0 
vn -0.99863 0.052336 0 
vn -1 1.83697e-16 0 
vn 1.22465e-16 1 0 
vn 0.994522 0.104528 0 
vn 1 6.12323e-17 0 
vn 0.99863 0.052336 0 
vn 0.978148 0.207912 0 
vn 0.987688 0.156434 0 
vn 0.951057 0.309017 0 
vn 0.965926 0.258819 0 
vn 0.913545 0.406737 0 
vn 0.93358 0.358368 0 
vn 0.866025 0.5 0 
vn 0.891007 0.45399 0 
vn 0.838671 0.544639 0 
vn 0.809017 0.587785 0 
vn 0.743145 0.669131 0 
vn 0.669131 0.743145 0 
vn 0.707107 0.707107 0 
vn 0.634399 0.773006 0 
vn 0.587785 0.809017 0 
vn 0.555582 0.831462 0 
vn 0.5 0.866025 0 
vn 0.406737 0.913545 0 
vn 0.471414 0.881912 0 
vn 0.309017 0.951057 0 
vn 0.382704 0.923871 0 
vn 0.290307 0.956934 0 
vn 0.207912 0.978148 0 
vn 0.19511 0.980781 0 
vn 0.104528 0.994522 0 
vn 0 1 0 
vn 0.0980293 0.995184 0 
vn 0 0.743145 0.669131 
vn 0 0.773006 0.634399 
vn 0 0.707107 0.707107 
vn 0 0.809017 0.587785 
vn 0 0.831462 0.555582 
vn 0 0.866025 0.5 
vn 0 0.881912 0.471414 
vn 0 0.913545 0.406737 
vn 0 0.923871 0.382704 
vn 0 0.951057 0.309017 
vn 0 0.956934 0.290307 
vn 0 0.978148 0.207912 
vn 0 0.980781 0.19511 
vn 0 0.994522 0.104528 
vn 0 0.995184 0.0980293 
vn 0 1 0 
vn 0 0.707107 0.707107 
vn -0.0980171 0 0.995185 
vn -0.104528 0 0.994522 
vn -0.0980293 0 0.995184 
vn 2.1684e-16 0 1 
vn -0.104518 0 0.994523 
vn -0.19509 0 0.980785 
vn -0.207912 0 0.978148 
vn -0.19511 0 0.980781 
vn -0.207895 0 0.978151 
vn -0.290285 0 0.95694 
vn -0.309017 0 0.951057 
vn -0.290307 0 0.956934 
vn -0.308999 0 0.951062 
vn -0.382683 0 0.92388 
vn -0.406737 0 0.913545 
vn -0.382704 0 0.923871 
vn -0.40672 0 0.913553 
vn -0.5 0 0.866025 
vn -0.471414 0 0.881912 
vn -0.471397 0 0.881921 
vn -0.499987 0 0.866033 
vn -0.587785 0 0.809017 
vn -0.555582 0 0.831462 
vn -0.55557 0 0.83147 
vn -0.587777 0 0.809023 
vn -0.669131 0 0.743145 
vn -0.634399 0 0.773006 
vn -0.634393 0 0.77301 
vn -0.669128 0 0.743147 
vn -0.743145 0 0.669131 
vn -0.707107 0 0.707107 
vn -0.809017 0 0.587785 
vn -0.866025 0 0.5 
vn -0.913545 0 0.406737 
vn -0.951057 0 0.309017 
vn -0.978148 0 0.207912 
vn -0.994522 0 0.104528 
vn -1 0 0 
vn 1.83697e-16 0 1 
vn 0.994522 0 0.104528 
vn 1 0 0 
vn 0.978148 0 0.207912 
vn 0.951057 0 0.309017 
vn 0.913545 0 0.406737 
vn 0.866025 0 0.5 
vn 0.809017 0 0.587785 
vn 0.743145 0 0.669131 
vn 0.707107 0 0.707107 
vn 0.669128 0 0.743147 
vn 0.669131 0 0.743145 
vn 0.634399 0 0.773006 
vn 0.634393 0 0.77301 
vn 0.587777 0 0.809023 
vn 0.587785 0 0.809017 
vn 0.555582 0 0.831462 
vn 0.55557 0 0.83147 
vn 0.499987 0 0.866033 
vn 0.5 0 0.866025 
vn 0.471414 0 0.881912 
vn 0.471397 0 0.881921 
vn 0.40672 0 0.913553 
vn 0.406737 0 0.913545 
vn 0.382704 0 0.923871 
vn 0.382683 0 0.92388 
vn 0.308999 0 0.951062 
vn 0.309017 0 0.951057 
vn 0.290307 0 0.956934 
vn 0.290285 0 0.95694 
vn 0.207895 0 0.978151 
vn 0.207912 0 0.978148 
vn 0.19511 0 0.980781 
vn 0.19509 0 0.980785 
vn 0.104518 0 0.994523 
vn 0.104528 0 0.994522 
vn 0.0980293 0 0.995184 
vn 0.0980171 0 0.995185 
vn -1.83697e-16 0 1 
vn 0.809017 0 0.587785 
vn 0.951057 0 0.309017 
vn 1 0 0 
vn 0 0 1 
vn 0 -0.669131 0.743145 
vn 0 -0.634399 0.773006 
vn 0 -0.707107 0.707107 
vn 0 -0.587785 0.809017 
vn 0 -0.555582 0.831462 
vn 0 -0.5 0.866025 
vn 0 -0.471414 0.881912 
vn 0 -0.406737 0.913545 
vn 0 -0.382704 0.923871 
vn 0 -0.309017 0.951057 
vn 0 -0.290307 0.956934 
vn 0 -0.207912 0.978148 
vn 0 -0.19511 0.980781 
vn 0 -0.104528 0.994522 
vn 0 -0.0980293 0.995184 
vn 0 1.83697e-16 1 
vn 0 0.0980171 0.995185 
vn 0 0.104518 0.994523 
vn 0 0.19509 0.980785 
vn 0 0.207895 0.978151 
vn 0 0.290285 0.95694 
vn 0 0.308999 0.951062 
vn 0 0.382683 0.92388 
vn 0 0.290285 0.95694 
vn 0 0.40672 0.913553 
vn 0 0.471397 0.881921 
vn 0 0.382683 0.92388 
vn 0 0.499987 0.866033 
vn 0 0.471397 0.881921 
vn 0 0.55557 0.83147 
vn 0 0.587777 0.809023 
vn 0 0.634393 0.77301 
vn 0 0.669128 0.743147 
vn 0 0.707107 0.707107 
vn 0 0 1 
usemtl 0.615686_0.811765_0.929412_0.000000_0.000000
o mesh81
f 2893//3323 2894//3324 2895//3325 
f 2931//3326 2895//3325 2896//3327 
f 2932//3328 2896//3327 2897//3329 
f 2933//3330 2897//3329 2898//3331 
f 2934//3332 2898//3331 2899//3333 
f 2935//3334 2899//3333 2900//3335 
f 2936//3336 2900//3335 2901//3337 
f 2937//3338 2901//3337 2902//3339 
f 2903//3340 2893//3323 2931//3326 
f 2938//3341 2931//3326 2932//3328 
f 2939//3342 2932//3328 2933//3330 
f 2940//3343 2933//3330 2934//3332 
f 2941//3344 2934//3332 2935//3334 
f 2942//3345 2935//3334 2936//3336 
f 2943//3346 2936//3336 2937//3338 
f 2944//3347 2937//3338 2904//3348 
f 2905//3349 2903//3340 2938//3341 
f 2945//3350 2938//3341 2939//3342 
f 2946//3351 2939//3342 2940//3343 
f 2947//3352 2940//3343 2941//3344 
f 2948//3353 2941//3344 2942//3345 
f 2949//3354 2942//3345 2943//3346 
f 2950//3355 2943//3346 2944//3347 
f 2951//3356 2944//3347 2906//3357 
f 2907//3358 2905//3349 2945//3350 
f 2952//3359 2945//3350 2946//3351 
f 2953//3360 2946//3351 2947//3352 
f 2954//3361 2947//3352 2948//3353 
f 2955//3362 2948//3353 2949//3354 
f 2956//3363 2949//3354 2950//3355 
f 2957//3364 2950//3355 2951//3356 
f 2958//3365 2951//3356 2908//3366 
f 2909//3367 2907//3358 2952//3359 
f 2959//3368 2952//3359 2953//3360 
f 2960//3369 2953//3360 2954//3361 
f 2961//3370 2954//3361 2955//3362 
f 2962//3371 2955//3362 2956//3363 
f 2963//3372 2956//3363 2957//3364 
f 2964//3373 2957//3364 2958//3365 
f 2965//3374 2958//3365 2910//3375 
f 2911//3376 2909//3367 2959//3368 
f 2966//3377 2959//3368 2960//3369 
f 2967//3378 2960//3369 2961//3370 
f 2968//3379 2961//3370 2962//3371 
f 2969//3380 2962//3371 2963//3372 
f 2970//3381 2963//3372 2964//3373 
f 2971//3382 2964//3373 2965//3374 
f 2972//3383 2965//3374 2912//3384 
f 2913//3385 2911//3376 2966//3377 
f 2973//3386 2966//3377 2967//3378 
f 2974//3387 2967//3378 2968//3379 
f 2975//3388 2968//3379 2969//3380 
f 2976//3389 2969//3380 2970//3381 
f 2977//3390 2970//3381 2971//3382 
f 2978//3391 2971//3382 2972//3383 
f 2979//3392 2972//3383 2914//3393 
f 2915//3394 2913//3385 2973//3386 
f 2980//3395 2973//3386 2974//3387 
f 2981//3396 2974//3387 2975//3388 
f 2982//3397 2975//3388 2976//3389 
f 2983//3398 2976//3389 2977//3390 
f 2984//3399 2977//3390 2978//3391 
f 2985//3400 2978//3391 2979//3392 
f 2986//3401 2979//3392 2916//3402 
f 2917//3403 2915//3394 2980//3395 
f 2987//3404 2980//3395 2981//3396 
f 2988//3405 2981//3396 2982//3397 
f 2989//3406 2982//3397 2983//3398 
f 2990//3407 2983//3398 2984//3399 
f 2991//3408 2984//3399 2985//3400 
f 2992//3409 2985//3400 2986//3401 
f 2993//3410 2986//3401 2918//3411 
f 2919//3412 2917//3403 2987//3404 
f 2994//3413 2987//3404 2988//3405 
f 2995//3414 2988//3405 2989//3406 
f 2996//3415 2989//3406 2990//3407 
f 2997//3416 2990//3407 2991//3408 
f 2998//3417 2991//3408 2992//3409 
f 2999//3418 2992//3409 2993//3410 
f 3000//3419 2993//3410 2920//3420 
f 2921//3421 2919//3412 2994//3413 
f 3001//3422 2994//3413 2995//3414 
f 3002//3423 2995//3414 2996//3415 
f 3003//3424 2996//3415 2997//3416 
f 3004//3425 2997//3416 2998//3417 
f 3005//3426 2998//3417 2999//3418 
f 3006//3427 2999//3418 3000//3419 
f 3007//3428 3000//3419 2922//3429 
f 2923//3430 2921//3421 3001//3422 
f 3008//3431 3001//3422 3002//3423 
f 3009//3432 3002//3423 3003//3424 
f 3010//3433 3003//3424 3004//3425 
f 3011//3434 3004//3425 3005//3426 
f 3012//3435 3005//3426 3006//3427 
f 3013//3436 3006//3427 3007//3428 
f 3014//3437 3007//3428 2924//3438 
f 2925//3439 2923//3430 3008//3431 
f 3015//3440 3008//3431 3009//3432 
f 3016//3441 3009//3432 3010//3433 
f 3017//3442 3010//3433 3011//3434 
f 3018//3443 3011//3434 3012//3435 
f 3019//3444 3012//3435 3013//3436 
f 3020//3445 3013//3436 3014//3437 
f 3021//3446 3014//3437 2926//3447 
f 2927//3448 2925//3439 3015//3440 
f 3022//3449 3015//3440 3016//3441 
f 3023//3450 3016//3441 3017//3442 
f 3024//3451 3017//3442 3018//3443 
f 3025//3452 3018//3443 3019//3444 
f 3026//3453 3019//3444 3020//3445 
f 3027//3454 3020//3445 3021//3446 
f 3028//3455 3021//3446 2928//3456 
f 2929//3457 3028//3455 2930//3458 
f 2929//3457 3027//3454 3028//3455 
f 2929//3457 3026//3453 3027//3454 
f 2929//3457 3025//3452 3026//3453 
f 2929//3457 3024//3451 3025//3452 
f 2929//3457 3023//3450 3024//3451 
f 2929//3457 3022//3449 3023//3450 
f 2929//3457 2927//3448 3022//3449 
f 2928//3456 2930//3458 3028//3455 
f 3021//3446 3028//3455 3027//3454 
f 3020//3445 3027//3454 3026//3453 
f 3019//3444 3026//3453 3025//3452 
f 3018//3443 3025//3452 3024//3451 
f 3017//3442 3024//3451 3023//3450 
f 3016//3441 3023//3450 3022//3449 
f 3015//3440 3022//3449 2927//3448 
f 2926//3447 2928//3456 3021//3446 
f 3014//3437 3021//3446 3020//3445 
f 3013//3436 3020//3445 3019//3444 
f 3012//3435 3019//3444 3018//3443 
f 3011//3434 3018//3443 3017//3442 
f 3010//3433 3017//3442 3016//3441 
f 3009//3432 3016//3441 3015//3440 
f 3008//3431 3015//3440 2925//3439 
f 2924//3438 2926//3447 3014//3437 
f 3007//3428 3014//3437 3013//3436 
f 3006//3427 3013//3436 3012//3435 
f 3005//3426 3012//3435 3011//3434 
f 3004//3425 3011//3434 3010//3433 
f 3003//3424 3010//3433 3009//3432 
f 3002//3423 3009//3432 3008//3431 
f 3001//3422 3008//3431 2923//3430 
f 2922//3429 2924//3438 3007//3428 
f 3000//3419 3007//3428 3006//3427 
f 2999//3418 3006//3427 3005//3426 
f 2998//3417 3005//3426 3004//3425 
f 2997//3416 3004//3425 3003//3424 
f 2996//3415 3003//3424 3002//3423 
f 2995//3414 3002//3423 3001//3422 
f 2994//3413 3001//3422 2921//3421 
f 2920//3420 2922//3429 3000//3419 
f 2993//3410 3000//3419 2999//3418 
f 2992//3409 2999//3418 2998//3417 
f 2991//3408 2998//3417 2997//3416 
f 2990//3407 2997//3416 2996//3415 
f 2989//3406 2996//3415 2995//3414 
f 2988//3405 2995//3414 2994//3413 
f 2987//3404 2994//3413 2919//3412 
f 2918//3411 2920//3420 2993//3410 
f 2986//3401 2993//3410 2992//3409 
f 2985//3400 2992//3409 2991//3408 
f 2984//3399 2991//3408 2990//3407 
f 2983//3398 2990//3407 2989//3406 
f 2982//3397 2989//3406 2988//3405 
f 2981//3396 2988//3405 2987//3404 
f 2980//3395 2987//3404 2917//3403 
f 2916//3402 2918//3411 2986//3401 
f 2979//3392 2986//3401 2985//3400 
f 2978//3391 2985//3400 2984//3399 
f 2977//3390 2984//3399 2983//3398 
f 2976//3389 2983//3398 2982//3397 
f 2975//3388 2982//3397 2981//3396 
f 2974//3387 2981//3396 2980//3395 
f 2973//3386 2980//3395 2915//3394 
f 2914//3393 2916//3402 2979//3392 
f 2972//3383 2979//3392 2978//3391 
f 2971//3382 2978//3391 2977//3390 
f 2970//3381 2977//3390 2976//3389 
f 2969//3380 2976//3389 2975//3388 
f 2968//3379 2975//3388 2974//3387 
f 2967//3378 2974//3387 2973//3386 
f 2966//3377 2973//3386 2913//3385 
f 2912//3384 2914//3393 2972//3383 
f 2965//3374 2972//3383 2971//3382 
f 2964//3373 2971//3382 2970//3381 
f 2963//3372 2970//3381 2969//3380 
f 2962//3371 2969//3380 2968//3379 
f 2961//3370 2968//3379 2967//3378 
f 2960//3369 2967//3378 2966//3377 
f 2959//3368 2966//3377 2911//3376 
f 2910//3375 2912//3384 2965//3374 
f 2958//3365 2965//3374 2964//3373 
f 2957//3364 2964//3373 2963//3372 
f 2956//3363 2963//3372 2962//3371 
f 2955//3362 2962//3371 2961//3370 
f 2954//3361 2961//3370 2960//3369 
f 2953//3360 2960//3369 2959//3368 
f 2952//3359 2959//3368 2909//3367 
f 2908//3366 2910//3375 2958//3365 
f 2951//3356 2958//3365 2957//3364 
f 2950//3355 2957//3364 2956//3363 
f 2949//3354 2956//3363 2955//3362 
f 2948//3353 2955//3362 2954//3361 
f 2947//3352 2954//3361 2953//3360 
f 2946//3351 2953//3360 2952//3359 
f 2945//3350 2952//3359 2907//3358 
f 2906//3357 2908//3366 2951//3356 
f 2944//3347 2951//3356 2950//3355 
f 2943//3346 2950//3355 2949//3354 
f 2942//3345 2949//3354 2948//3353 
f 2941//3344 2948//3353 2947//3352 
f 2940//3343 2947//3352 2946//3351 
f 2939//3342 2946//3351 2945//3350 
f 2938//3341 2945//3350 2905//3349 
f 2904//3348 2906//3357 2944//3347 
f 2937//3338 2944//3347 2943//3346 
f 2936//3336 2943//3346 2942//3345 
f 2935//3334 2942//3345 2941//3344 
f 2934//3332 2941//3344 2940//3343 
f 2933//3330 2940//3343 2939//3342 
f 2932//3328 2939//3342 2938//3341 
f 2931//3326 2938//3341 2903//3340 
f 2902//3339 2904//3348 2937//3338 
f 2901//3337 2937//3338 2936//3336 
f 2900//3335 2936//3336 2935//3334 
f 2899//3333 2935//3334 2934//3332 
f 2898//3331 2934//3332 2933//3330 
f 2897//3329 2933//3330 2932//3328 
f 2896//3327 2932//3328 2931//3326 
f 2895//3325 2931//3326 2893//3323 
o mesh82
f 2894//3459 3029//3459 3030//3460 
f 2895//3460 3030//3460 3031//3461 
f 2896//3461 3031//3461 3032//3462 
f 2897//3462 3032//3462 3033//3463 
f 2898//3463 3033//3463 3034//3464 
f 2899//3464 3034//3464 3035//3465 
f 2900//3465 3035//3465 3036//3466 
f 2901//3466 3036//3466 3037//3467 
f 3037//3467 2902//3467 2901//3466 
f 3036//3466 2901//3466 2900//3465 
f 3035//3465 2900//3465 2899//3464 
f 3034//3464 2899//3464 2898//3463 
f 3033//3463 2898//3463 2897//3462 
f 3032//3462 2897//3462 2896//3461 
f 3031//3461 2896//3461 2895//3460 
f 3030//3460 2895//3460 2894//3459 
o mesh83
f 3037//3467 3038//3467 3039//3467 
f 3039//3467 2902//3467 3037//3467 
o mesh84
f 3040//3468 3039//3467 3038//3467 
f 3041//3469 3042//3469 3040//3468 
f 3041//3469 3043//3470 3042//3469 
f 3040//3468 3044//3471 3041//3469 
f 3045//3472 3043//3470 3046//3473 
f 3046//3473 3047//3472 3045//3472 
f 3048//3474 3049//3474 3045//3472 
f 3050//3475 3049//3474 3048//3474 
f 3051//3475 3052//3476 3050//3475 
f 3048//3474 3051//3475 3050//3475 
f 3053//3477 3054//3477 3052//3476 
f 3053//3477 3055//3478 3054//3477 
f 3052//3476 3056//3479 3053//3477 
f 3057//3480 3055//3478 3058//3481 
f 3058//3481 3059//3480 3057//3480 
f 3060//3482 3061//3482 3057//3480 
f 3062//3483 3063//3484 3064//3483 
f 3064//3483 3060//3482 3062//3483 
f 3064//3483 3061//3482 3060//3482 
f 3065//3485 3066//3486 3067//3485 
f 3067//3485 3068//3487 3065//3485 
f 3065//3485 3069//3486 3066//3486 
f 3067//3485 3063//3484 3068//3487 
f 3062//3483 3068//3487 3063//3484 
f 3059//3480 3060//3482 3057//3480 
f 3053//3477 3058//3481 3055//3478 
f 3051//3475 3056//3479 3052//3476 
f 3047//3472 3048//3474 3045//3472 
f 3041//3469 3046//3473 3043//3470 
f 3038//3467 3044//3471 3040//3468 
o mesh85
f 3070//3488 3037//3489 3036//3490 
f 3099//3491 3036//3490 3035//3492 
f 3100//3493 3035//3492 3034//3494 
f 3101//3495 3034//3494 3033//3496 
f 3102//3497 3033//3496 3032//3498 
f 3103//3499 3032//3498 3031//3500 
f 3104//3501 3031//3500 3030//3502 
f 3105//3503 3030//3502 3029//3504 
f 3071//3505 3070//3488 3099//3491 
f 3106//3506 3099//3491 3100//3493 
f 3107//3507 3100//3493 3101//3495 
f 3108//3508 3101//3495 3102//3497 
f 3109//3509 3102//3497 3103//3499 
f 3110//3510 3103//3499 3104//3501 
f 3111//3511 3104//3501 3105//3503 
f 3112//3512 3105//3503 3072//3513 
f 3073//3514 3071//3505 3106//3506 
f 3113//3515 3106//3506 3107//3507 
f 3114//3516 3107//3507 3108//3508 
f 3115//3517 3108//3508 3109//3509 
f 3116//3518 3109//3509 3110//3510 
f 3117//3519 3110//3510 3111//3511 
f 3118//3520 3111//3511 3112//3512 
f 3119//3521 3112//3512 3074//3522 
f 3075//3523 3073//3514 3113//3515 
f 3120//3524 3113//3515 3114//3516 
f 3121//3525 3114//3516 3115//3517 
f 3122//3526 3115//3517 3116//3518 
f 3123//3527 3116//3518 3117//3519 
f 3124//3528 3117//3519 3118//3520 
f 3125//3529 3118//3520 3119//3521 
f 3126//3530 3119//3521 3076//3531 
f 3077//3532 3075//3523 3120//3524 
f 3127//3533 3120//3524 3121//3525 
f 3128//3534 3121//3525 3122//3526 
f 3129//3535 3122//3526 3123//3527 
f 3130//3536 3123//3527 3124//3528 
f 3131//3537 3124//3528 3125//3529 
f 3132//3538 3125//3529 3126//3530 
f 3133//3539 3126//3530 3078//3540 
f 3079//3541 3077//3532 3127//3533 
f 3134//3542 3127//3533 3128//3534 
f 3135//3543 3128//3534 3129//3535 
f 3136//3544 3129//3535 3130//3536 
f 3137//3545 3130//3536 3131//3537 
f 3138//3546 3131//3537 3132//3538 
f 3139//3547 3132//3538 3133//3539 
f 3140//3548 3133//3539 3080//3549 
f 3081//3550 3079//3541 3134//3542 
f 3141//3551 3134//3542 3135//3543 
f 3142//3552 3135//3543 3136//3544 
f 3143//3553 3136//3544 3137//3545 
f 3144//3554 3137//3545 3138//3546 
f 3145//3555 3138//3546 3139//3547 
f 3146//3556 3139//3547 3140//3548 
f 3147//3557 3140//3548 3082//3558 
f 3083//3559 3081//3550 3141//3551 
f 3148//3560 3141//3551 3142//3552 
f 3149//3561 3142//3552 3143//3553 
f 3150//3562 3143//3553 3144//3554 
f 3151//3563 3144//3554 3145//3555 
f 3152//3564 3145//3555 3146//3556 
f 3153//3565 3146//3556 3147//3557 
f 3154//3566 3147//3557 3084//3567 
f 3085//3568 3083//3559 3148//3560 
f 3155//3569 3148//3560 3149//3561 
f 3156//3570 3149//3561 3150//3562 
f 3157//3571 3150//3562 3151//3563 
f 3158//3572 3151//3563 3152//3564 
f 3159//3573 3152//3564 3153//3565 
f 3160//3574 3153//3565 3154//3566 
f 3161//3575 3154//3566 3086//3576 
f 3087//3577 3085//3568 3155//3569 
f 3162//3578 3155//3569 3156//3570 
f 3163//3579 3156//3570 3157//3571 
f 3164//3580 3157//3571 3158//3572 
f 3165//3581 3158//3572 3159//3573 
f 3166//3582 3159//3573 3160//3574 
f 3167//3583 3160//3574 3161//3575 
f 3168//3584 3161//3575 3088//3585 
f 3089//3586 3087//3577 3162//3578 
f 3169//3587 3162//3578 3163//3579 
f 3170//3588 3163//3579 3164//3580 
f 3171//3589 3164//3580 3165//3581 
f 3172//3590 3165//3581 3166//3582 
f 3173//3591 3166//3582 3167//3583 
f 3174//3592 3167//3583 3168//3584 
f 3175//3593 3168//3584 3090//3594 
f 3091//3595 3089//3586 3169//3587 
f 3176//3596 3169//3587 3170//3588 
f 3177//3597 3170//3588 3171//3589 
f 3178//3598 3171//3589 3172//3590 
f 3179//3599 3172//3590 3173//3591 
f 3180//3600 3173//3591 3174//3592 
f 3181//3601 3174//3592 3175//3593 
f 3182//3602 3175//3593 3092//3603 
f 3093//3604 3091//3595 3176//3596 
f 3183//3605 3176//3596 3177//3597 
f 3184//3606 3177//3597 3178//3598 
f 3185//3607 3178//3598 3179//3599 
f 3186//3608 3179//3599 3180//3600 
f 3187//3609 3180//3600 3181//3601 
f 3188//3610 3181//3601 3182//3602 
f 3189//3611 3182//3602 3094//3612 
f 3095//3613 3093//3604 3183//3605 
f 3190//3614 3183//3605 3184//3606 
f 3191//3615 3184//3606 3185//3607 
f 3192//3616 3185//3607 3186//3608 
f 3193//3617 3186//3608 3187//3609 
f 3194//3618 3187//3609 3188//3610 
f 3195//3619 3188//3610 3189//3611 
f 3196//3620 3189//3611 3096//3621 
f 3097//3622 3196//3620 3098//3623 
f 3097//3622 3195//3619 3196//3620 
f 3097//3622 3194//3618 3195//3619 
f 3097//3622 3193//3617 3194//3618 
f 3097//3622 3192//3616 3193//3617 
f 3097//3622 3191//3615 3192//3616 
f 3097//3622 3190//3614 3191//3615 
f 3097//3622 3095//3613 3190//3614 
f 3096//3621 3098//3623 3196//3620 
f 3189//3611 3196//3620 3195//3619 
f 3188//3610 3195//3619 3194//3618 
f 3187//3609 3194//3618 3193//3617 
f 3186//3608 3193//3617 3192//3616 
f 3185//3607 3192//3616 3191//3615 
f 3184//3606 3191//3615 3190//3614 
f 3183//3605 3190//3614 3095//3613 
f 3094//3612 3096//3621 3189//3611 
f 3182//3602 3189//3611 3188//3610 
f 3181//3601 3188//3610 3187//3609 
f 3180//3600 3187//3609 3186//3608 
f 3179//3599 3186//3608 3185//3607 
f 3178//3598 3185//3607 3184//3606 
f 3177//3597 3184//3606 3183//3605 
f 3176//3596 3183//3605 3093//3604 
f 3092//3603 3094//3612 3182//3602 
f 3175//3593 3182//3602 3181//3601 
f 3174//3592 3181//3601 3180//3600 
f 3173//3591 3180//3600 3179//3599 
f 3172//3590 3179//3599 3178//3598 
f 3171//3589 3178//3598 3177//3597 
f 3170//3588 3177//3597 3176//3596 
f 3169//3587 3176//3596 3091//3595 
f 3090//3594 3092//3603 3175//3593 
f 3168//3584 3175//3593 3174//3592 
f 3167//3583 3174//3592 3173//3591 
f 3166//3582 3173//3591 3172//3590 
f 3165//3581 3172//3590 3171//3589 
f 3164//3580 3171//3589 3170//3588 
f 3163//3579 3170//3588 3169//3587 
f 3162//3578 3169//3587 3089//3586 
f 3088//3585 3090//3594 3168//3584 
f 3161//3575 3168//3584 3167//3583 
f 3160//3574 3167//3583 3166//3582 
f 3159//3573 3166//3582 3165//3581 
f 3158//3572 3165//3581 3164//3580 
f 3157//3571 3164//3580 3163//3579 
f 3156//3570 3163//3579 3162//3578 
f 3155//3569 3162//3578 3087//3577 
f 3086//3576 3088//3585 3161//3575 
f 3154//3566 3161//3575 3160//3574 
f 3153//3565 3160//3574 3159//3573 
f 3152//3564 3159//3573 3158//3572 
f 3151//3563 3158//3572 3157//3571 
f 3150//3562 3157//3571 3156//3570 
f 3149//3561 3156//3570 3155//3569 
f 3148//3560 3155//3569 3085//3568 
f 3084//3567 3086//3576 3154//3566 
f 3147//3557 3154//3566 3153//3565 
f 3146//3556 3153//3565 3152//3564 
f 3145//3555 3152//3564 3151//3563 
f 3144//3554 3151//3563 3150//3562 
f 3143//3553 3150//3562 3149//3561 
f 3142//3552 3149//3561 3148//3560 
f 3141//3551 3148//3560 3083//3559 
f 3082//3558 3084//3567 3147//3557 
f 3140//3548 3147//3557 3146//3556 
f 3139//3547 3146//3556 3145//3555 
f 3138//3546 3145//3555 3144//3554 
f 3137//3545 3144//3554 3143//3553 
f 3136//3544 3143//3553 3142//3552 
f 3135//3543 3142//3552 3141//3551 
f 3134//3542 3141//3551 3081//3550 
f 3080//3549 3082//3558 3140//3548 
f 3133//3539 3140//3548 3139//3547 
f 3132//3538 3139//3547 3138//3546 
f 3131//3537 3138//3546 3137//3545 
f 3130//3536 3137//3545 3136//3544 
f 3129//3535 3136//3544 3135//3543 
f 3128//3534 3135//3543 3134//3542 
f 3127//3533 3134//3542 3079//3541 
f 3078//3540 3080//3549 3133//3539 
f 3126//3530 3133//3539 3132//3538 
f 3125//3529 3132//3538 3131//3537 
f 3124//3528 3131//3537 3130//3536 
f 3123//3527 3130//3536 3129//3535 
f 3122//3526 3129//3535 3128//3534 
f 3121//3525 3128//3534 3127//3533 
f 3120//3524 3127//3533 3077//3532 
f 3076//3531 3078//3540 3126//3530 
f 3119//3521 3126//3530 3125//3529 
f 3118//3520 3125//3529 3124//3528 
f 3117//3519 3124//3528 3123//3527 
f 3116//3518 3123//3527 3122//3526 
f 3115//3517 3122//3526 3121//3525 
f 3114//3516 3121//3525 3120//3524 
f 3113//3515 3120//3524 3075//3523 
f 3074//3522 3076//3531 3119//3521 
f 3112//3512 3119//3521 3118//3520 
f 3111//3511 3118//3520 3117//3519 
f 3110//3510 3117//3519 3116//3518 
f 3109//3509 3116//3518 3115//3517 
f 3108//3508 3115//3517 3114//3516 
f 3107//3507 3114//3516 3113//3515 
f 3106//3506 3113//3515 3073//3514 
f 3072//3513 3074//3522 3112//3512 
f 3105//3503 3112//3512 3111//3511 
f 3104//3501 3111//3511 3110//3510 
f 3103//3499 3110//3510 3109//3509 
f 3102//3497 3109//3509 3108//3508 
f 3101//3495 3108//3508 3107//3507 
f 3100//3493 3107//3507 3106//3506 
f 3099//3491 3106//3506 3071//3505 
f 3029//3504 3072//3513 3105//3503 
f 3030//3502 3105//3503 3104//3501 
f 3031//3500 3104//3501 3103//3499 
f 3032//3498 3103//3499 3102//3497 
f 3033//3496 3102//3497 3101//3495 
f 3034//3494 3101//3495 3100//3493 
f 3035//3492 3100//3493 3099//3491 
f 3036//3490 3099//3491 3070//3488 
o mesh86
f 2894//3624 3197//3624 3198//3624 
f 3198//3624 3029//3624 2894//3624 
o mesh87
f 3199//3625 3200//3626 3201//3626 
f 3202//3625 3203//3627 3199//3625 
f 3201//3626 3202//3625 3199//3625 
f 3204//3628 3205//3629 3206//3629 
f 3206//3629 3207//3628 3204//3628 
f 3201//3626 3200//3626 3204//3628 
f 3208//3630 3209//3631 3210//3631 
f 3210//3631 3211//3630 3208//3630 
f 3206//3629 3205//3629 3208//3630 
f 3212//3632 3213//3633 3214//3633 
f 3215//3632 3209//3631 3212//3632 
f 3214//3633 3215//3632 3212//3632 
f 3216//3634 3217//3635 3218//3635 
f 3218//3635 3219//3634 3216//3634 
f 3214//3633 3213//3633 3216//3634 
f 3220//3636 3221//3637 3222//3637 
f 3223//3636 3217//3635 3220//3636 
f 3222//3637 3223//3636 3220//3636 
f 3224//3638 3225//3638 3226//3639 
f 3224//3638 3221//3637 3225//3638 
f 3226//3639 3227//3639 3224//3638 
f 3227//3639 3226//3639 3198//3640 
f 3198//3640 3197//3640 3227//3639 
f 3224//3638 3222//3637 3221//3637 
f 3223//3636 3218//3635 3217//3635 
f 3219//3634 3214//3633 3216//3634 
f 3215//3632 3210//3631 3209//3631 
f 3211//3630 3206//3629 3208//3630 
f 3207//3628 3201//3626 3204//3628 
f 3202//3625 3228//3641 3203//3627 
o mesh88
f 2929//3642 3229//3642 3230//3643 
f 2927//3643 3230//3643 3231//3644 
f 2925//3644 3231//3644 3232//3645 
f 2923//3645 3232//3645 3233//3646 
f 2921//3646 3233//3646 3234//3647 
f 2919//3647 3234//3647 3235//3648 
f 2917//3648 3235//3648 3236//3649 
f 2915//3649 3228//3650 3202//3651 
f 2915//3649 3236//3649 3228//3650 
f 2913//3651 3202//3651 3201//3652 
f 3201//3652 2911//3653 2913//3651 
f 2911//3653 3207//3653 3206//3654 
f 3206//3654 2909//3655 2911//3653 
f 2909//3655 3211//3655 3210//3656 
f 3210//3656 2907//3657 2909//3655 
f 2907//3657 3215//3657 3214//3658 
f 3214//3658 2905//3659 2907//3657 
f 2905//3659 3219//3659 3218//3660 
f 3218//3660 2903//3661 2905//3659 
f 2903//3661 3223//3661 3222//3662 
f 3222//3662 2893//3663 2903//3661 
f 2893//3663 3224//3663 3227//3664 
f 3227//3664 2894//3665 2893//3663 
f 3227//3664 3197//3665 2894//3665 
f 3222//3662 3224//3663 2893//3663 
f 3218//3660 3223//3661 2903//3661 
f 3214//3658 3219//3659 2905//3659 
f 3210//3656 3215//3657 2907//3657 
f 3206//3654 3211//3655 2909//3655 
f 3201//3652 3207//3653 2911//3653 
f 3202//3651 2913//3651 2915//3649 
f 3236//3649 2915//3649 2917//3648 
f 3235//3648 2917//3648 2919//3647 
f 3234//3647 2919//3647 2921//3646 
f 3233//3646 2921//3646 2923//3645 
f 3232//3645 2923//3645 2925//3644 
f 3231//3644 2925//3644 2927//3643 
f 3230//3643 2927//3643 2929//3642 
o mesh89
f 2904//3666 2902//3667 3039//3667 
f 3039//3667 3040//3668 2904//3666 
f 2906//3669 2904//3666 3042//3670 
f 3042//3670 3043//3671 2906//3669 
f 2908//3672 2906//3669 3045//3673 
f 3045//3673 3049//3674 2908//3672 
f 2910//3675 2908//3672 3050//3676 
f 3050//3676 3052//3677 2910//3675 
f 2912//3678 2910//3675 3054//3679 
f 3054//3679 3055//3680 2912//3678 
f 2914//3681 2912//3678 3057//3682 
f 3057//3682 3061//3683 2914//3681 
f 2916//3684 2914//3681 3064//3685 
f 3064//3685 3063//3686 2916//3684 
f 2918//3687 2916//3684 3067//3688 
f 3067//3688 3066//3689 2918//3687 
f 2920//3690 2918//3687 3237//3691 
f 2922//3692 2920//3690 3238//3693 
f 2922//3692 3239//3692 3240//3694 
f 2924//3694 3240//3694 3241//3695 
f 2926//3695 3241//3695 3242//3696 
f 2928//3696 3242//3696 3243//3697 
f 2930//3697 3243//3697 3244//3698 
f 3244//3698 2929//3698 2930//3697 
f 3243//3697 2930//3697 2928//3696 
f 3242//3696 2928//3696 2926//3695 
f 3241//3695 2926//3695 2924//3694 
f 3240//3694 2924//3694 2922//3692 
f 3238//3693 3239//3692 2922//3692 
f 3237//3691 3238//3693 2920//3690 
f 3066//3689 3237//3691 2918//3687 
f 3063//3686 3067//3688 2916//3684 
f 3061//3683 3064//3685 2914//3681 
f 3055//3680 3057//3682 2912//3678 
f 3052//3677 3054//3679 2910//3675 
f 3049//3674 3050//3676 2908//3672 
f 3043//3671 3045//3673 2906//3669 
f 3040//3668 3042//3670 2904//3666 
o mesh90
f 3072//3699 3029//3700 3198//3700 
f 3198//3700 3226//3701 3072//3699 
f 3074//3702 3072//3699 3225//3703 
f 3225//3703 3221//3704 3074//3702 
f 3076//3705 3074//3702 3220//3706 
f 3220//3706 3217//3707 3076//3705 
f 3078//3708 3076//3705 3216//3709 
f 3216//3709 3213//3710 3078//3708 
f 3080//3711 3078//3708 3212//3712 
f 3212//3712 3209//3713 3080//3711 
f 3082//3714 3080//3711 3208//3715 
f 3208//3715 3205//3716 3082//3714 
f 3084//3717 3082//3714 3204//3718 
f 3204//3718 3200//3719 3084//3717 
f 3086//3720 3084//3717 3199//3721 
f 3199//3721 3203//3722 3086//3720 
f 3088//3723 3086//3720 3245//3724 
f 3090//3725 3088//3723 3246//3726 
f 3092//3727 3090//3725 3247//3728 
f 3094//3729 3092//3727 3248//3730 
f 3096//3731 3094//3729 3249//3732 
f 3098//3733 3096//3731 3250//3734 
f 3097//3735 3098//3733 3251//3736 
f 3251//3736 3252//3735 3097//3735 
f 3250//3734 3251//3736 3098//3733 
f 3249//3732 3250//3734 3096//3731 
f 3248//3730 3249//3732 3094//3729 
f 3247//3728 3248//3730 3092//3727 
f 3246//3726 3247//3728 3090//3725 
f 3245//3724 3246//3726 3088//3723 
f 3203//3722 3245//3724 3086//3720 
f 3200//3719 3199//3721 3084//3717 
f 3205//3716 3204//3718 3082//3714 
f 3209//3713 3208//3715 3080//3711 
f 3213//3710 3212//3712 3078//3708 
f 3217//3707 3216//3709 3076//3705 
f 3221//3704 3220//3706 3074//3702 
f 3226//3701 3225//3703 3072//3699 
o mesh91
f 3081//3737 3068//3738 3062//3739 
f 3081//3737 3065//3740 3068//3738 
f 3079//3741 3060//3742 3059//3743 
f 3079//3741 3062//3739 3060//3742 
f 3077//3744 3058//3745 3053//3746 
f 3077//3744 3059//3743 3058//3745 
f 3075//3747 3056//3748 3051//3749 
f 3075//3747 3053//3746 3056//3748 
f 3073//3750 3048//3751 3047//3752 
f 3073//3750 3051//3749 3048//3751 
f 3071//3753 3046//3754 3041//3755 
f 3071//3753 3047//3752 3046//3754 
f 3070//3756 3044//3757 3038//3758 
f 3070//3756 3041//3755 3044//3757 
f 3095//3759 3097//3760 3253//3760 
f 3093//3761 3095//3759 3254//3762 
f 3091//3763 3093//3761 3255//3764 
f 3089//3765 3091//3763 3256//3766 
f 3087//3767 3089//3765 3257//3768 
f 3087//3767 3258//3767 3259//3769 
f 3085//3769 3259//3769 3260//3770 
f 3083//3770 3069//3771 3065//3740 
f 3083//3770 3260//3770 3069//3771 
f 3065//3740 3081//3737 3083//3770 
f 3260//3770 3083//3770 3085//3769 
f 3259//3769 3085//3769 3087//3767 
f 3257//3768 3258//3767 3087//3767 
f 3256//3766 3257//3768 3089//3765 
f 3255//3764 3256//3766 3091//3763 
f 3254//3762 3255//3764 3093//3761 
f 3253//3760 3254//3762 3095//3759 
f 3038//3758 3037//3772 3070//3756 
f 3041//3755 3070//3756 3071//3753 
f 3047//3752 3071//3753 3073//3750 
f 3051//3749 3073//3750 3075//3747 
f 3053//3746 3075//3747 3077//3744 
f 3059//3743 3077//3744 3079//3741 
f 3062//3739 3079//3741 3081//3737 
o mesh92
f 3261//3773 3262//3773 3239//3773 
f 3261//3773 3263//3773 3262//3773 
f 3066//3773 3259//3773 3258//3773 
f 3239//3773 3238//3773 3261//3773 
f 3258//3773 3264//3773 3066//3773 
f 3238//3773 3237//3773 3261//3773 
f 3261//3773 3265//3773 3266//3773 
f 3066//3773 3260//3773 3259//3773 
f 3266//3773 3263//3773 3261//3773 
f 3066//3773 3069//3773 3260//3773 
f 3264//3773 3261//3773 3066//3773 
f 3237//3773 3066//3773 3261//3773 
o mesh93
f 3236//3774 3247//3774 3246//3774 
f 3252//3774 3236//3774 3235//3774 
f 3236//3774 3248//3774 3247//3774 
f 3235//3774 3234//3774 3252//3774 
f 3236//3774 3249//3774 3248//3774 
f 3234//3774 3233//3774 3252//3774 
f 3236//3774 3250//3774 3249//3774 
f 3233//3774 3232//3774 3252//3774 
f 3236//3774 3251//3774 3250//3774 
f 3232//3774 3231//3774 3252//3774 
f 3236//3774 3245//3774 3203//3774 
f 3236//3774 3252//3774 3251//3774 
f 3231//3774 3230//3774 3252//3774 
f 3246//3774 3245//3774 3236//3774 
f 3203//3774 3228//3774 3236//3774 
f 3230//3774 3229//3774 3252//3774 
o mesh94
f 3252//3775 3229//3775 3267//3775 
f 3267//3775 3268//3775 3252//3775 
o mesh95
f 3268//3776 3267//3776 3269//3776 
f 3269//3776 3270//3776 3268//3776 
o mesh96
f 3270//3777 3269//3777 3271//3777 
f 3271//3777 3272//3777 3270//3777 
o mesh97
f 3272//3776 3271//3776 3273//3776 
f 3273//3776 3274//3776 3272//3776 
o mesh98
f 3274//3778 3273//3778 3275//3778 
f 3275//3778 3276//3778 3274//3778 
o mesh99
f 3276//3779 3275//3779 3277//3779 
f 3277//3779 3278//3779 3276//3779 
o mesh100
f 3278//3780 3277//3780 3279//3780 
f 3279//3780 3280//3780 3278//3780 
o mesh101
f 3280//3781 3279//3781 3281//3781 
f 3281//3781 3282//3781 3280//3781 
o mesh102
f 3282//3780 3281//3780 3283//3780 
f 3283//3780 3284//3780 3282//3780 
o mesh103
f 3284//3782 3283//3782 3285//3782 
f 3285//3782 3286//3782 3284//3782 
o mesh104
f 3286//3783 3285//3783 3287//3783 
f 3287//3783 3288//3783 3286//3783 
o mesh105
f 3288//3784 3287//3784 3289//3784 
f 3289//3784 3290//3784 3288//3784 
o mesh106
f 3290//3785 3289//3785 3291//3785 
f 3291//3785 3292//3785 3290//3785 
o mesh107
f 3290//3786 3292//3786 3282//3786 
f 3290//3786 3284//3786 3286//3786 
f 3097//3786 3268//3786 3270//3786 
f 3293//3786 3294//3786 3278//3786 
f 3286//3786 3288//3786 3290//3786 
f 3294//3786 3253//3786 3276//3786 
f 3097//3786 3272//3786 3274//3786 
f 3097//3786 3252//3786 3268//3786 
f 3278//3786 3280//3786 3293//3786 
f 3282//3786 3284//3786 3290//3786 
f 3253//3786 3274//3786 3276//3786 
f 3270//3786 3272//3786 3097//3786 
f 3292//3786 3280//3786 3282//3786 
f 3274//3786 3253//3786 3097//3786 
f 3276//3786 3278//3786 3294//3786 
f 3280//3786 3292//3786 3293//3786 
o mesh108
f 2929//3787 3271//3787 3269//3787 
f 3269//3787 3267//3787 2929//3787 
f 2929//3787 3244//3787 3273//3787 
f 3295//3787 3277//3787 3275//3787 
f 3289//3787 3287//3787 3285//3787 
f 3289//3787 3283//3787 3281//3787 
f 3273//3787 3271//3787 2929//3787 
f 3275//3787 3244//3787 3295//3787 
f 3296//3787 3279//3787 3277//3787 
f 3281//3787 3291//3787 3289//3787 
f 3275//3787 3273//3787 3244//3787 
f 3296//3787 3291//3787 3279//3787 
f 3281//3787 3279//3787 3291//3787 
f 3277//3787 3295//3787 3296//3787 
f 3267//3787 3229//3787 2929//3787 
f 3285//3787 3283//3787 3289//3787 
o mesh109
f 3292//3788 3291//3788 3296//3788 
f 3296//3788 3293//3788 3292//3788 
o mesh110
f 3297//3789 3298//3790 3299//3790 
f 3300//3791 3297//3789 3301//3792 
f 3302//3793 3303//3793 3300//3791 
f 3304//3794 3305//3794 3303//3793 
f 3306//3795 3305//3794 3304//3794 
f 3307//3796 3306//3795 3308//3795 
f 3309//3797 3310//3797 3307//3796 
f 3311//3798 3312//3798 3310//3797 
f 3313//3799 3312//3798 3311//3798 
f 3314//3800 3315//3800 3313//3799 
f 3314//3800 3316//3801 3315//3800 
f 3313//3799 3317//3802 3314//3800 
f 3318//3803 3319//3803 3316//3801 
f 3318//3803 3320//3804 3319//3803 
f 3316//3801 3321//3805 3318//3803 
f 3322//3806 3323//3806 3320//3804 
f 3322//3806 3324//3807 3323//3806 
f 3320//3804 3325//3808 3322//3806 
f 3326//3809 3327//3809 3324//3807 
f 3326//3809 3328//3810 3327//3809 
f 3324//3807 3329//3811 3326//3809 
f 3330//3812 3331//3812 3328//3810 
f 3328//3810 3332//3813 3330//3812 
f 3333//3814 3334//3814 3331//3812 
f 3335//3815 3336//3815 3334//3814 
f 3335//3815 3296//3816 3336//3815 
f 3334//3814 3333//3814 3335//3815 
f 3335//3815 3293//3816 3296//3816 
f 3330//3812 3333//3814 3331//3812 
f 3326//3809 3332//3813 3328//3810 
f 3322//3806 3329//3811 3324//3807 
f 3318//3803 3325//3808 3320//3804 
f 3314//3800 3321//3805 3316//3801 
f 3311//3798 3317//3802 3313//3799 
f 3310//3797 3309//3797 3311//3798 
f 3307//3796 3337//3817 3309//3797 
f 3308//3795 3337//3817 3307//3796 
f 3304//3794 3308//3795 3306//3795 
f 3303//3793 3302//3793 3304//3794 
f 3300//3791 3338//3818 3302//3793 
f 3301//3792 3338//3818 3300//3791 
f 3299//3790 3301//3792 3297//3789 
o mesh111
f 3339//3819 3299//3819 3298//3819 
f 3298//3819 3340//3819 3339//3819 
o mesh112
f 3297//3820 3341//3820 3342//3821 
f 3342//3821 3298//3822 3297//3820 
f 3300//3823 3343//3823 3344//3824 
f 3344//3824 3297//3820 3300//3823 
f 3303//3825 3345//3825 3346//3826 
f 3346//3826 3300//3823 3303//3825 
f 3305//3827 3347//3827 3348//3828 
f 3348//3828 3303//3825 3305//3827 
f 3306//3829 3349//3829 3350//3830 
f 3350//3830 3305//3827 3306//3829 
f 3307//3831 3351//3831 3352//3832 
f 3352//3832 3306//3829 3307//3831 
f 3310//3833 3353//3833 3354//3834 
f 3354//3834 3307//3831 3310//3833 
f 3312//3835 3355//3835 3356//3836 
f 3356//3836 3310//3833 3312//3835 
f 3313//3837 3357//3837 3355//3835 
f 3315//3838 3358//3839 3357//3837 
f 3357//3837 3313//3837 3315//3838 
f 3316//3839 3319//3840 3359//3841 
f 3359//3841 3358//3839 3316//3839 
f 3320//3841 3323//3842 3360//3843 
f 3360//3843 3359//3841 3320//3841 
f 3324//3843 3327//3844 3361//3845 
f 3361//3845 3360//3843 3324//3843 
f 3328//3845 3331//3846 3362//3847 
f 3362//3847 3361//3845 3328//3845 
f 3334//3847 3336//3848 3295//3849 
f 3295//3849 3362//3847 3334//3847 
f 3336//3848 3296//3849 3295//3849 
f 3331//3846 3334//3847 3362//3847 
f 3327//3844 3328//3845 3361//3845 
f 3323//3842 3324//3843 3360//3843 
f 3319//3840 3320//3841 3359//3841 
f 3315//3838 3316//3839 3358//3839 
f 3355//3835 3312//3835 3313//3837 
f 3356//3836 3353//3833 3310//3833 
f 3354//3834 3351//3831 3307//3831 
f 3352//3832 3349//3829 3306//3829 
f 3350//3830 3347//3827 3305//3827 
f 3348//3828 3345//3825 3303//3825 
f 3346//3826 3343//3823 3300//3823 
f 3344//3824 3341//3820 3297//3820 
f 3342//3821 3340//3850 3298//3822 
o mesh113
f 3333//3851 3363//3851 3294//3852 
f 3294//3852 3293//3852 3335//3853 
f 3332//3854 3364//3854 3363//3851 
f 3363//3851 3333//3851 3330//3855 
f 3329//3856 3365//3856 3364//3854 
f 3364//3854 3332//3854 3326//3857 
f 3325//3858 3366//3858 3365//3856 
f 3365//3856 3329//3856 3322//3859 
f 3321//3860 3367//3860 3366//3858 
f 3366//3858 3325//3858 3318//3861 
f 3314//3862 3317//3863 3368//3863 
f 3367//3860 3321//3860 3314//3862 
f 3317//3863 3311//3864 3369//3864 
f 3311//3864 3309//3865 3370//3865 
f 3370//3865 3371//3866 3311//3864 
f 3372//3867 3309//3865 3337//3868 
f 3337//3868 3373//3868 3372//3867 
f 3374//3869 3337//3868 3308//3870 
f 3308//3870 3375//3870 3374//3869 
f 3308//3870 3304//3871 3376//3871 
f 3376//3871 3377//3872 3308//3870 
f 3304//3871 3302//3873 3378//3873 
f 3378//3873 3379//3874 3304//3871 
f 3380//3875 3302//3873 3338//3876 
f 3338//3876 3381//3876 3380//3875 
f 3382//3877 3338//3876 3301//3878 
f 3301//3878 3383//3878 3382//3877 
f 3301//3878 3299//3879 3339//3879 
f 3339//3879 3384//3880 3301//3878 
f 3384//3880 3383//3878 3301//3878 
f 3382//3877 3381//3876 3338//3876 
f 3380//3875 3378//3873 3302//3873 
f 3379//3874 3376//3871 3304//3871 
f 3377//3872 3375//3870 3308//3870 
f 3374//3869 3373//3868 3337//3868 
f 3372//3867 3370//3865 3309//3865 
f 3371//3866 3369//3864 3311//3864 
f 3369//3864 3368//3863 3317//3863 
f 3368//3863 3367//3860 3314//3862 
f 3366//3858 3318//3861 3321//3860 
f 3365//3856 3322//3859 3325//3858 
f 3364//3854 3326//3857 3329//3856 
f 3363//3851 3330//3855 3332//3854 
f 3294//3852 3335//3853 3333//3851 
o mesh114
f 3353//3881 3370//3881 3372//3882 
f 3372//3882 3354//3882 3353//3881 
f 3356//3883 3371//3883 3370//3881 
f 3373//3884 3374//3885 3352//3885 
f 3352//3885 3351//3884 3373//3884 
f 3354//3882 3372//3882 3373//3884 
f 3375//3886 3377//3887 3350//3887 
f 3349//3886 3374//3885 3375//3886 
f 3350//3887 3349//3886 3375//3886 
f 3347//3888 3376//3888 3379//3889 
f 3347//3888 3377//3887 3376//3888 
f 3379//3889 3348//3889 3347//3888 
f 3345//3890 3378//3890 3380//3891 
f 3380//3891 3346//3891 3345//3890 
f 3348//3889 3379//3889 3378//3890 
f 3343//3892 3381//3892 3382//3893 
f 3343//3892 3380//3891 3381//3892 
f 3382//3893 3344//3893 3343//3892 
f 3341//3894 3383//3894 3384//3895 
f 3341//3894 3382//3893 3383//3894 
f 3384//3895 3342//3895 3341//3894 
f 3384//3895 3339//3896 3340//3896 
f 3340//3896 3342//3895 3384//3895 
f 3341//3894 3344//3893 3382//3893 
f 3343//3892 3346//3891 3380//3891 
f 3345//3890 3348//3889 3378//3890 
f 3347//3888 3350//3887 3377//3887 
f 3349//3886 3352//3885 3374//3885 
f 3351//3884 3354//3882 3373//3884 
f 3353//3881 3356//3883 3370//3881 
o mesh115
f 3385//3897 3386//3897 3367//3897 
f 3385//3897 3387//3897 3386//3897 
f 3371//3897 3357//3897 3358//3897 
f 3367//3897 3368//3897 3385//3897 
f 3358//3897 3388//3897 3371//3897 
f 3368//3897 3369//3897 3385//3897 
f 3385//3897 3389//3897 3390//3897 
f 3371//3897 3355//3897 3357//3897 
f 3390//3897 3387//3897 3385//3897 
f 3371//3897 3356//3897 3355//3897 
f 3388//3897 3385//3897 3371//3897 
f 3369//3897 3371//3897 3385//3897 
o mesh116
f 3391//3898 3392//3899 3393//3900 
f 3393//3900 3394//3901 3391//3898 
f 3391//3898 3395//3902 3392//3899 
f 3396//3903 3397//3904 3398//3905 
f 3398//3905 3395//3902 3396//3903 
f 3396//3903 3399//3906 3397//3904 
f 3400//3907 3401//3908 3402//3909 
f 3402//3909 3399//3906 3400//3907 
f 3400//3907 3403//3910 3401//3908 
f 3404//3911 3405//3912 3406//3913 
f 3406//3913 3403//3910 3404//3911 
f 3404//3911 3407//3914 3405//3912 
f 3408//3915 3409//3916 3407//3914 
f 3407//3914 3410//3917 3408//3915 
f 3410//3917 3411//3918 3408//3915 
f 3412//3919 3413//3920 3411//3918 
f 3411//3918 3414//3921 3412//3919 
f 3414//3921 3415//3922 3412//3919 
f 3416//3923 3417//3924 3415//3922 
f 3415//3922 3418//3925 3416//3923 
f 3418//3925 3419//3926 3416//3923 
f 3263//3927 3266//3928 3419//3926 
f 3419//3926 3389//3928 3263//3927 
f 3389//3928 3385//3927 3263//3927 
f 3388//3929 3262//3929 3263//3927 
f 3358//3930 3239//3930 3262//3929 
f 3239//3930 3358//3930 3359//3931 
f 3240//3931 3359//3931 3360//3932 
f 3241//3932 3360//3932 3361//3933 
f 3242//3933 3361//3933 3362//3934 
f 3243//3934 3362//3934 3295//3935 
f 3295//3935 3244//3935 3243//3934 
f 3362//3934 3243//3934 3242//3933 
f 3361//3933 3242//3933 3241//3932 
f 3360//3932 3241//3932 3240//3931 
f 3359//3931 3240//3931 3239//3930 
f 3262//3929 3388//3929 3358//3930 
f 3263//3927 3385//3927 3388//3929 
f 3266//3928 3416//3923 3419//3926 
f 3417//3924 3412//3919 3415//3922 
f 3413//3920 3408//3915 3411//3918 
f 3409//3916 3405//3912 3407//3914 
f 3406//3913 3401//3908 3403//3910 
f 3402//3909 3397//3904 3399//3906 
f 3398//3905 3392//3899 3395//3902 
f 3393//3900 3420//3936 3394//3901 
o mesh117
f 3363//3937 3254//3937 3253//3938 
f 3364//3939 3255//3939 3254//3937 
f 3256//3940 3255//3939 3364//3939 
f 3366//3941 3257//3941 3256//3940 
f 3258//3942 3257//3941 3366//3941 
f 3258//3942 3367//3942 3386//3943 
f 3386//3943 3387//3944 3261//3944 
f 3265//3945 3390//3945 3421//3946 
f 3265//3945 3387//3944 3390//3945 
f 3421//3946 3422//3947 3265//3945 
f 3423//3948 3424//3949 3425//3950 
f 3423//3948 3421//3946 3424//3949 
f 3425//3950 3426//3951 3423//3948 
f 3427//3952 3428//3953 3429//3954 
f 3427//3952 3425//3950 3428//3953 
f 3429//3954 3430//3955 3427//3952 
f 3431//3956 3432//3957 3433//3958 
f 3431//3956 3429//3954 3432//3957 
f 3433//3958 3434//3959 3431//3956 
f 3435//3960 3436//3961 3437//3962 
f 3435//3960 3433//3958 3436//3961 
f 3437//3962 3438//3963 3435//3960 
f 3439//3964 3440//3965 3441//3966 
f 3439//3964 3437//3962 3440//3965 
f 3441//3966 3442//3967 3439//3964 
f 3443//3968 3444//3969 3445//3970 
f 3443//3968 3441//3966 3444//3969 
f 3445//3970 3446//3971 3443//3968 
f 3447//3972 3448//3973 3449//3974 
f 3447//3972 3445//3970 3448//3973 
f 3449//3974 3450//3974 3447//3972 
f 3447//3972 3446//3971 3445//3970 
f 3443//3968 3442//3967 3441//3966 
f 3439//3964 3438//3963 3437//3962 
f 3435//3960 3434//3959 3433//3958 
f 3431//3956 3430//3955 3429//3954 
f 3427//3952 3426//3951 3425//3950 
f 3423//3948 3422//3947 3421//3946 
f 3265//3945 3261//3944 3387//3944 
f 3261//3944 3264//3975 3386//3943 
f 3386//3943 3264//3975 3258//3942 
f 3366//3941 3367//3942 3258//3942 
f 3256//3940 3365//3976 3366//3941 
f 3364//3939 3365//3976 3256//3940 
f 3254//3937 3363//3937 3364//3939 
f 3253//3938 3294//3977 3363//3937 
o mesh118
f 3449//3978 3394//3978 3420//3978 
f 3420//3978 3450//3978 3449//3978 
o mesh119
f 3422//3979 3423//3980 3417//3980 
f 3417//3980 3416//3979 3422//3979 
f 3266//3981 3265//3981 3422//3979 
f 3426//3982 3427//3983 3413//3983 
f 3413//3983 3412//3982 3426//3982 
f 3417//3980 3423//3980 3426//3982 
f 3408//3984 3430//3984 3431//3985 
f 3408//3984 3427//3983 3430//3984 
f 3431//3985 3409//3985 3408//3984 
f 3405//3986 3434//3986 3435//3987 
f 3405//3986 3431//3985 3434//3986 
f 3435//3987 3406//3987 3405//3986 
f 3438//3988 3439//3989 3402//3989 
f 3402//3989 3401//3988 3438//3988 
f 3406//3987 3435//3987 3438//3988 
f 3397//3990 3442//3990 3443//3991 
f 3397//3990 3439//3989 3442//3990 
f 3443//3991 3398//3991 3397//3990 
f 3392//3992 3446//3992 3447//3993 
f 3392//3992 3443//3991 3446//3992 
f 3447//3993 3393//3993 3392//3992 
f 3447//3993 3450//3994 3420//3994 
f 3420//3994 3393//3993 3447//3993 
f 3392//3992 3398//3991 3443//3991 
f 3397//3990 3402//3989 3439//3989 
f 3401//3988 3406//3987 3438//3988 
f 3405//3986 3409//3985 3431//3985 
f 3408//3984 3413//3983 3427//3983 
f 3412//3982 3417//3980 3426//3982 
f 3416//3979 3266//3981 3422//3979 
o mesh120
f 3448//3995 3391//3995 3394//3994 
f 3395//3996 3391//3995 3448//3995 
f 3448//3995 3445//3996 3395//3996 
f 3444//3997 3396//3997 3395//3996 
f 3441//3998 3399//3998 3396//3997 
f 3441//3998 3400//3999 3399//3998 
f 3396//3997 3444//3997 3441//3998 
f 3437//4000 3403//4000 3400//3999 
f 3437//4000 3404//4001 3403//4000 
f 3400//3999 3440//4002 3437//4000 
f 3433//4003 3407//4003 3404//4001 
f 3433//4003 3410//4004 3407//4003 
f 3404//4001 3436//4005 3433//4003 
f 3429//4006 3411//4006 3410//4004 
f 3410//4004 3432//4007 3429//4006 
f 3428//4008 3414//4008 3411//4006 
f 3425//4009 3418//4010 3415//4009 
f 3415//4009 3428//4008 3425//4009 
f 3425//4009 3424//4010 3418//4010 
f 3421//4011 3389//4012 3419//4011 
f 3419//4011 3424//4010 3421//4011 
f 3421//4011 3390//4012 3389//4012 
f 3419//4011 3418//4010 3424//4010 
f 3415//4009 3414//4008 3428//4008 
f 3429//4006 3428//4008 3411//4006 
f 3433//4003 3432//4007 3410//4004 
f 3437//4000 3436//4005 3404//4001 
f 3441//3998 3440//4002 3400//3999 
f 3445//3996 3444//3997 3395//3996 
f 3394//3994 3449//4013 3448//3995 
g Part 1
v 0.00940938 0.0195 0.0188233 
v 0.0094 0.0195 0.0189963 
v 0.0094 0.0145 0.0189963 
v 0.00943741 0.0195 0.0186523 
v 0.00940938 0.0145 0.0188233 
v 0.00948375 0.0195 0.0184854 
v 0.00943741 0.0145 0.0186523 
v 0.00954788 0.0195 0.0183245 
v 0.00948375 0.0145 0.0184854 
v 0.00962903 0.0195 0.0181714 
v 0.00954788 0.0145 0.0183245 
v 0.00972625 0.0195 0.018028 
v 0.00962903 0.0145 0.0181714 
v 0.00983841 0.0195 0.017896 
v 0.00972625 0.0145 0.018028 
v 0.00996418 0.0195 0.0177768 
v 0.00983841 0.0145 0.017896 
v 0.0101021 0.0195 0.017672 
v 0.00996418 0.0145 0.0177768 
v 0.0102505 0.0195 0.0175827 
v 0.0101021 0.0145 0.017672 
v 0.0104078 0.0195 0.0175099 
v 0.0102505 0.0145 0.0175827 
v 0.010572 0.0195 0.0174546 
v 0.0104078 0.0145 0.0175099 
v 0.0107411 0.0195 0.0174174 
v 0.010572 0.0145 0.0174546 
v 0.0109134 0.0195 0.0173986 
v 0.0107411 0.0145 0.0174174 
v 0.0110866 0.0195 0.0173986 
v 0.0109134 0.0145 0.0173986 
v 0.0112589 0.0195 0.0174174 
v 0.0110866 0.0145 0.0173986 
v 0.011428 0.0195 0.0174546 
v 0.0112589 0.0145 0.0174174 
v 0.0115922 0.0195 0.0175099 
v 0.011428 0.0145 0.0174546 
v 0.0117495 0.0195 0.0175827 
v 0.0115922 0.0145 0.0175099 
v 0.0118979 0.0195 0.017672 
v 0.0117495 0.0145 0.0175827 
v 0.0120358 0.0195 0.0177768 
v 0.0118979 0.0145 0.017672 
v 0.0121616 0.0195 0.017896 
v 0.0120358 0.0145 0.0177768 
v 0.0122737 0.0195 0.018028 
v 0.0121616 0.0145 0.017896 
v 0.012371 0.0195 0.0181714 
v 0.0122737 0.0145 0.018028 
v 0.0124521 0.0195 0.0183245 
v 0.012371 0.0145 0.0181714 
v 0.0125162 0.0195 0.0184854 
v 0.0124521 0.0145 0.0183245 
v 0.0125626 0.0195 0.0186523 
v 0.0125162 0.0145 0.0184854 
v 0.0125906 0.0195 0.0188233 
v 0.0125626 0.0145 0.0186523 
v 0.0126 0.0195 0.0189963 
v 0.0125906 0.0145 0.0188233 
v 0.0125906 0.0195 0.0191693 
v 0.0126 0.0145 0.0189963 
v 0.0125626 0.0195 0.0193402 
v 0.0125906 0.0145 0.0191693 
v 0.0125162 0.0195 0.0195072 
v 0.0125626 0.0145 0.0193402 
v 0.0124521 0.0195 0.0196681 
v 0.0125162 0.0145 0.0195072 
v 0.012371 0.0195 0.0198212 
v 0.0124521 0.0145 0.0196681 
v 0.0122737 0.0195 0.0199646 
v 0.012371 0.0145 0.0198212 
v 0.0121616 0.0195 0.0200966 
v 0.0122737 0.0145 0.0199646 
v 0.0120358 0.0195 0.0202157 
v 0.0121616 0.0145 0.0200966 
v 0.0118979 0.0195 0.0203206 
v 0.0120358 0.0145 0.0202157 
v 0.0117495 0.0195 0.0204099 
v 0.0118979 0.0145 0.0203206 
v 0.0115922 0.0195 0.0204827 
v 0.0117495 0.0145 0.0204099 
v 0.011428 0.0195 0.020538 
v 0.0115922 0.0145 0.0204827 
v 0.0112589 0.0195 0.0205752 
v 0.011428 0.0145 0.020538 
v 0.0110866 0.0195 0.0205939 
v 0.0112589 0.0145 0.0205752 
v 0.0109134 0.0195 0.0205939 
v 0.0110866 0.0145 0.0205939 
v 0.0107411 0.0195 0.0205752 
v 0.0109134 0.0145 0.0205939 
v 0.010572 0.0195 0.020538 
v 0.0107411 0.0145 0.0205752 
v 0.0104078 0.0195 0.0204827 
v 0.010572 0.0145 0.020538 
v 0.0102505 0.0195 0.0204099 
v 0.0104078 0.0145 0.0204827 
v 0.0101021 0.0195 0.0203206 
v 0.0102505 0.0145 0.0204099 
v 0.00996418 0.0195 0.0202157 
v 0.0101021 0.0145 0.0203206 
v 0.00983841 0.0195 0.0200966 
v 0.00996418 0.0145 0.0202157 
v 0.00972625 0.0195 0.0199646 
v 0.00983841 0.0145 0.0200966 
v 0.00962903 0.0195 0.0198212 
v 0.00972625 0.0145 0.0199646 
v 0.00954788 0.0195 0.0196681 
v 0.00962903 0.0145 0.0198212 
v 0.00948375 0.0195 0.0195072 
v 0.00954788 0.0145 0.0196681 
v 0.00943741 0.0195 0.0193402 
v 0.00948375 0.0145 0.0195072 
v 0.00940938 0.0195 0.0191693 
v 0.00943741 0.0145 0.0193402 
v 0.00940938 0.0145 0.0191693 
v 0.004 0.0145 0.0218963 
v 0.00962231 0.0145 0.0142463 
v 0.0102832 0.0145 0.0142463 
v 0.0418 0.0145 0.0218963 
v 0.0322743 0.0145 0.0142463 
v 0.0347551 0.0145 0.0142463 
v 0.0228496 0.0145 0.0142463 
v 0.0253303 0.0145 0.0142463 
v 0.0316135 0.0145 0.0142463 
v 0.0259911 0.0145 0.0142463 
v 0.0284719 0.0145 0.0142463 
v 0.0268101 0.0145 0.0119963 
v 0.0221887 0.0145 0.0142463 
v 0.0291327 0.0145 0.0142463 
v 0.0299517 0.0145 0.0119963 
v 0.0307945 0.0145 0.0119963 
v 0.0276529 0.0145 0.0119963 
v 0.019708 0.0145 0.0142463 
v 0.0385575 0.0145 0.0142463 
v 0.0393765 0.0145 0.0119963 
v 0.0402193 0.0145 0.0119963 
v 0.0134248 0.0145 0.0142463 
v 0.0410382 0.0145 0.0142463 
v 0.0354159 0.0145 0.0142463 
v 0.0378966 0.0145 0.0142463 
v 0.0362349 0.0145 0.0119963 
v 0.0370777 0.0145 0.0119963 
v 0.0236685 0.0145 0.0119963 
v 0.0127639 0.0145 0.0142463 
v 0.0245113 0.0145 0.0119963 
v 0.0205269 0.0145 0.0119963 
v 0.0213698 0.0145 0.0119963 
v 0.0111021 0.0145 0.0119963 
v 0.011945 0.0145 0.0119963 
v 0.00714159 0.0145 0.0142463 
v 0.00796053 0.0145 0.0119963 
v 0.00648072 0.0145 0.0142463 
v 0.004 0.0145 0.0142463 
v 0.00481893 0.0145 0.0119963 
v 0.0159055 0.0145 0.0142463 
v 0.0142437 0.0145 0.0119963 
v 0.0150866 0.0145 0.0119963 
v 0.0330933 0.0145 0.0119963 
v 0.0165664 0.0145 0.0142463 
v 0.0190471 0.0145 0.0142463 
v 0.0173853 0.0145 0.0119963 
v 0.0182282 0.0145 0.0119963 
v 0.00880338 0.0145 0.0119963 
v 0.00566179 0.0145 0.0119963 
v 0.0339361 0.0145 0.0119963 
v 0.0417179 0.0145 0.0142463 
v 0.0417917 0.0145088 0.0140176 
v 0.011945 0.0195 0.0119963 
v 0.0111021 0.0195 0.0119963 
v 0.0150866 0.0195 0.0119963 
v 0.0142437 0.0195 0.0119963 
v 0.0182282 0.0195 0.0119963 
v 0.0173853 0.0195 0.0119963 
v 0.0213698 0.0195 0.0119963 
v 0.0205269 0.0195 0.0119963 
v 0.0245113 0.0195 0.0119963 
v 0.0236685 0.0195 0.0119963 
v 0.0276529 0.0195 0.0119963 
v 0.0268101 0.0195 0.0119963 
v 0.0307945 0.0195 0.0119963 
v 0.0299517 0.0195 0.0119963 
v 0.0339361 0.0195 0.0119963 
v 0.0330933 0.0195 0.0119963 
v 0.00566179 0.0195 0.0119963 
v 0.00481893 0.0195 0.0119963 
v 0.0393765 0.0195 0.0119963 
v 0.0402193 0.0195 0.0119963 
v 0.0362349 0.0195 0.0119963 
v 0.0370777 0.0195 0.0119963 
v 0.00796053 0.0195 0.0119963 
v 0.00880338 0.0195 0.0119963 
v 0.00648072 0.0195 0.0142463 
v 0.00714159 0.0195 0.0142463 
v 0.0347551 0.0195 0.0142463 
v 0.0354159 0.0195 0.0142463 
v 0.0378966 0.0195 0.0142463 
v 0.0385575 0.0195 0.0142463 
v 0.004 0.0195 0.0142463 
v 0.0410382 0.0195 0.0142463 
v 0.0316135 0.0195 0.0142463 
v 0.0322743 0.0195 0.0142463 
v 0.0284719 0.0195 0.0142463 
v 0.0291327 0.0195 0.0142463 
v 0.0253303 0.0195 0.0142463 
v 0.0259911 0.0195 0.0142463 
v 0.0221887 0.0195 0.0142463 
v 0.0228496 0.0195 0.0142463 
v 0.0190471 0.0195 0.0142463 
v 0.019708 0.0195 0.0142463 
v 0.0159055 0.0195 0.0142463 
v 0.0165664 0.0195 0.0142463 
v 0.0127639 0.0195 0.0142463 
v 0.0134248 0.0195 0.0142463 
v 0.00962231 0.0195 0.0142463 
v 0.0102832 0.0195 0.0142463 
v 0.0416991 0.0145176 0.0142463 
v 0.0416991 0.0194824 0.0142463 
v 0.0417179 0.0195 0.0142463 
v 0.0417917 0.0194912 0.0140176 
v 0.004 0.0195 0.0218963 
v 0.0418 0.0195 0.0218963 
v 0.004 0.0194 0.0219963 
v 0.004 0.0146 0.0219963 
v 0.0418 0.0146 0.0219963 
v 0.042 0.0147 0.0218963 
v 0.0419 0.0147 0.0219963 
v 0.0419 0.0146971 0.0219963 
v 0.0419999 0.0146941 0.0218963 
v 0.0418991 0.0146863 0.0219963 
v 0.0419981 0.0146726 0.0218963 
v 0.041897 0.0146757 0.0219963 
v 0.041994 0.0146514 0.0218963 
v 0.0418938 0.0146654 0.0219963 
v 0.0419876 0.0146308 0.0218963 
v 0.0418895 0.0146555 0.0219963 
v 0.0419791 0.014611 0.0218963 
v 0.0418842 0.0146461 0.0219963 
v 0.0419684 0.0145922 0.0218963 
v 0.0418779 0.0146373 0.0219963 
v 0.0419558 0.0145746 0.0218963 
v 0.0418707 0.0146293 0.0219963 
v 0.0419414 0.0145586 0.0218963 
v 0.0418627 0.0146221 0.0219963 
v 0.0419254 0.0145442 0.0218963 
v 0.0418539 0.0146158 0.0219963 
v 0.0419078 0.0145316 0.0218963 
v 0.0418445 0.0146105 0.0219963 
v 0.041889 0.0145209 0.0218963 
v 0.0418346 0.0146062 0.0219963 
v 0.0418692 0.0145124 0.0218963 
v 0.0418243 0.014603 0.0219963 
v 0.0418486 0.014506 0.0218963 
v 0.0418137 0.0146009 0.0219963 
v 0.0418274 0.0145019 0.0218963 
v 0.0418029 0.0146 0.0219963 
v 0.0418059 0.0145001 0.0218963 
v 0.0418707 0.0193707 0.0219963 
v 0.0418539 0.0193842 0.0219963 
v 0.0418445 0.0193895 0.0219963 
v 0.0418346 0.0193938 0.0219963 
v 0.0418243 0.019397 0.0219963 
v 0.0418627 0.0193779 0.0219963 
v 0.0418029 0.0194 0.0219963 
v 0.0418938 0.0193346 0.0219963 
v 0.0418895 0.0193445 0.0219963 
v 0.0418842 0.0193539 0.0219963 
v 0.0418779 0.0193627 0.0219963 
v 0.041897 0.0193243 0.0219963 
v 0.0418137 0.0193991 0.0219963 
v 0.0419 0.0193029 0.0219963 
v 0.0418991 0.0193137 0.0219963 
v 0.0418 0.0194 0.0219963 
v 0.0419 0.0193 0.0219963 
v 0.0418059 0.0194999 0.0218963 
v 0.0418274 0.0194981 0.0218963 
v 0.0418486 0.019494 0.0218963 
v 0.0418692 0.0194876 0.0218963 
v 0.041889 0.0194791 0.0218963 
v 0.0419078 0.0194684 0.0218963 
v 0.0419254 0.0194558 0.0218963 
v 0.0419414 0.0194414 0.0218963 
v 0.0419558 0.0194254 0.0218963 
v 0.0419684 0.0194078 0.0218963 
v 0.0419791 0.019389 0.0218963 
v 0.0419876 0.0193692 0.0218963 
v 0.041994 0.0193486 0.0218963 
v 0.0419981 0.0193274 0.0218963 
v 0.0419999 0.0193059 0.0218963 
v 0.042 0.0193 0.0218963 
v 0.042 0.0147 0.0135196 
v 0.042 0.0193 0.0135196 
v 0.041806 0.0145085 0.0139876 
v 0.0418148 0.0145083 0.0139692 
v 0.0418273 0.014508 0.013943 
v 0.0418376 0.0145077 0.0139215 
v 0.0418536 0.0145073 0.0138879 
v 0.0418589 0.0145095 0.0138748 
v 0.0418485 0.0145074 0.0138985 
v 0.0418688 0.0145135 0.0138502 
v 0.0418773 0.014517 0.013829 
v 0.041895 0.0145242 0.0137848 
v 0.0418963 0.0145247 0.0137816 
v 0.0418887 0.0145216 0.0138005 
v 0.0419073 0.0145323 0.0137537 
v 0.0419114 0.0145352 0.0137432 
v 0.041927 0.014546 0.0137037 
v 0.0419301 0.0145481 0.0136957 
v 0.041925 0.0145446 0.0137086 
v 0.0419414 0.0145591 0.0136673 
v 0.0419545 0.0145736 0.0136343 
v 0.0419481 0.0145656 0.0136503 
v 0.0419412 0.0145588 0.0136679 
v 0.0419606 0.0145812 0.013619 
v 0.0419663 0.0145893 0.0136047 
v 0.0419633 0.0145845 0.0136123 
v 0.0419556 0.0145749 0.0136317 
v 0.0419716 0.0145976 0.0135914 
v 0.0419742 0.0146018 0.0135847 
v 0.0419682 0.0145923 0.0135999 
v 0.0419764 0.0146061 0.0135791 
v 0.0419809 0.0146148 0.0135678 
v 0.0419819 0.0146168 0.0135652 
v 0.0419789 0.014611 0.0135727 
v 0.0419847 0.0146241 0.0135581 
v 0.0419873 0.0146309 0.0135514 
v 0.0419912 0.0146412 0.0135414 
v 0.0419914 0.014642 0.0135408 
v 0.0419926 0.0146469 0.0135376 
v 0.041996 0.01466 0.013529 
v 0.041996 0.0146608 0.0135288 
v 0.041995 0.0146564 0.0135314 
v 0.0419971 0.014671 0.0135264 
v 0.0419966 0.0146659 0.0135276 
v 0.0419972 0.0146727 0.013526 
v 0.0419938 0.0146515 0.0135346 
v 0.0419938 0.0146517 0.0135344 
v 0.0419986 0.0146858 0.0135229 
v 0.0419991 0.0146906 0.0135218 
v 0.0419976 0.014676 0.0135252 
v 0.0419981 0.0146809 0.0135241 
v 0.0419994 0.0146942 0.013521 
v 0.0419995 0.0146953 0.0135207 
v 0.0419957 0.0146586 0.0135301 
v 0.041912 0.0145721 0.0136613 
v 0.0418988 0.0145599 0.0136976 
v 0.0419658 0.0147 0.0135136 
v 0.0418366 0.0145256 0.0138684 
v 0.0418534 0.0145314 0.0138224 
v 0.0418694 0.0145392 0.0137784 
v 0.0418846 0.0145488 0.0137367 
v 0.0418916 0.0145531 0.0137175 
v 0.0418613 0.0145341 0.0138007 
v 0.0419484 0.0146218 0.0135614 
v 0.0419521 0.01463 0.0135512 
v 0.0419626 0.0146642 0.0135223 
v 0.0419618 0.0146597 0.0135247 
v 0.0419647 0.0146774 0.0135167 
v 0.0419654 0.0146911 0.0135148 
v 0.0419656 0.0146956 0.0135142 
v 0.0419649 0.014682 0.013516 
v 0.0419634 0.0146686 0.0135201 
v 0.0419642 0.0146729 0.0135179 
v 0.0419645 0.0146745 0.0135171 
v 0.0419558 0.0146381 0.0135411 
v 0.0419609 0.014655 0.013527 
v 0.0419597 0.0146507 0.0135304 
v 0.0419607 0.0146542 0.0135275 
v 0.0419349 0.0145986 0.0135984 
v 0.0419296 0.014592 0.0136129 
v 0.0419398 0.0146062 0.0135851 
v 0.0419443 0.0146136 0.0135726 
v 0.0419456 0.0146157 0.013569 
v 0.0419357 0.0145996 0.0135963 
v 0.0419191 0.0145787 0.013642 
v 0.0419241 0.014585 0.0136282 
v 0.0418062 0.0145143 0.0139665 
v 0.0418204 0.0145198 0.0139163 
v 0.0418247 0.0145214 0.0139012 
v 0.0419584 0.0146465 0.013534 
v 0.0419651 0.0146866 0.0135154 
v 0.0419685 0.0146267 0.0135543 
v 0.041975 0.0146442 0.0135373 
v 0.041972 0.0146353 0.0135452 
v 0.0418212 0.0194804 0.0139166 
v 0.04183 0.0194772 0.0138867 
v 0.0418066 0.0194858 0.0139666 
v 0.041912 0.0194279 0.0136614 
v 0.0418989 0.0194407 0.0136974 
v 0.0419637 0.0193316 0.0135194 
v 0.041935 0.0194016 0.0135983 
v 0.0419627 0.019336 0.013522 
v 0.0419607 0.0193447 0.0135275 
v 0.0419617 0.0193403 0.0135247 
v 0.0419485 0.0193789 0.013561 
v 0.0419523 0.0193707 0.0135507 
v 0.0419555 0.0193622 0.0135418 
v 0.0419597 0.0193492 0.0135304 
v 0.0419444 0.0193868 0.0135724 
v 0.0419454 0.0193852 0.0135697 
v 0.0418846 0.0194506 0.0137368 
v 0.0418367 0.0194746 0.0138684 
v 0.0418992 0.0194405 0.0136966 
v 0.0419636 0.0193321 0.0135195 
v 0.0419585 0.0193541 0.0135335 
v 0.0419586 0.0193539 0.0135334 
v 0.0419513 0.0193733 0.0135533 
v 0.0419398 0.0193942 0.0135849 
v 0.0419365 0.0193996 0.013594 
v 0.041923 0.0194171 0.0136313 
v 0.0419658 0.0193 0.0135136 
v 0.041964 0.019327 0.0135185 
v 0.0419643 0.0193223 0.0135177 
v 0.0419242 0.0194155 0.013628 
v 0.0419297 0.0194084 0.0136128 
v 0.0418694 0.0194611 0.0137783 
v 0.0418534 0.019468 0.0138225 
v 0.0419655 0.0193044 0.0135144 
v 0.0419646 0.0193178 0.0135168 
v 0.0419649 0.0193133 0.013516 
v 0.0418677 0.0194623 0.0137832 
v 0.0419652 0.0193088 0.0135152 
v 0.0419997 0.0193049 0.0135203 
v 0.0419982 0.0193268 0.0135233 
v 0.0419981 0.0193274 0.0135236 
v 0.0419987 0.0193197 0.0135223 
v 0.041999 0.0193147 0.0135216 
v 0.0419983 0.0193247 0.013523 
v 0.0419996 0.0193059 0.0135204 
v 0.0419993 0.0193098 0.013521 
v 0.0419949 0.0193435 0.0135318 
v 0.0419939 0.0193485 0.0135343 
v 0.0419977 0.0193293 0.0135246 
v 0.0419968 0.0193339 0.0135269 
v 0.0419958 0.0193387 0.0135293 
v 0.0419927 0.0193531 0.0135374 
v 0.0419913 0.0193576 0.0135411 
v 0.0419882 0.019367 0.0135489 
v 0.0419934 0.019351 0.0135356 
v 0.0419939 0.0193486 0.0135344 
v 0.0419847 0.0193759 0.0135579 
v 0.0419807 0.0193846 0.0135683 
v 0.0419868 0.0193716 0.0135527 
v 0.0419875 0.0193692 0.0135507 
v 0.0419764 0.0193937 0.0135793 
v 0.0419744 0.0193979 0.0135842 
v 0.0419787 0.0193888 0.0135734 
v 0.0419716 0.0194024 0.0135914 
v 0.0419663 0.0194108 0.0136047 
v 0.0419606 0.0194187 0.013619 
v 0.0419645 0.0194137 0.0136092 
v 0.0419683 0.0194077 0.0135998 
v 0.0419546 0.0194265 0.0136342 
v 0.0419508 0.0194314 0.0136437 
v 0.0419556 0.0194252 0.0136316 
v 0.0419414 0.0194408 0.0136674 
v 0.0419306 0.0194514 0.0136944 
v 0.041927 0.019454 0.0137037 
v 0.0419411 0.0194411 0.0136682 
v 0.041925 0.0194554 0.0137087 
v 0.0419114 0.0194649 0.0137432 
v 0.0418974 0.0194747 0.0137789 
v 0.041895 0.0194756 0.0137848 
v 0.0419073 0.0194677 0.0137536 
v 0.0418887 0.0194782 0.0138006 
v 0.0418773 0.0194828 0.013829 
v 0.0418588 0.0194903 0.0138748 
v 0.0418512 0.0194933 0.0138937 
v 0.0418486 0.0194932 0.0138993 
v 0.0418687 0.0194863 0.0138503 
v 0.0418378 0.0194928 0.0139216 
v 0.0418274 0.0194925 0.0139435 
v 0.0418149 0.019492 0.0139693 
v 0.0418061 0.0194917 0.0139878 
v 0.0419983 0.0193261 0.0135233 
v 0.041972 0.0193647 0.0135452 
v 0.0419685 0.0193733 0.0135543 
v 0.041975 0.0193558 0.0135373 
vn 0.994138 6.89822e-16 0.108119 
vn 1 5.42101e-16 0 
vn 0.976621 6.77667e-16 0.21497 
vn 0.994138 6.89822e-16 0.108119 
vn 0.947653 6.57566e-16 0.319302 
vn 0.976621 6.77667e-16 0.21497 
vn 0.907575 6.29757e-16 0.419889 
vn 0.947653 6.57566e-16 0.319302 
vn 0.856857 5.94564e-16 0.515554 
vn 0.907575 6.29757e-16 0.419889 
vn 0.796093 5.52401e-16 0.605174 
vn 0.856857 5.94564e-16 0.515554 
vn 0.725995 5.03761e-16 0.687699 
vn 0.796093 5.52401e-16 0.605174 
vn 0.647386 4.49214e-16 0.762162 
vn 0.725995 5.03761e-16 0.687699 
vn 0.561187 3.89402e-16 0.827689 
vn 0.647386 4.49214e-16 0.762162 
vn 0.468408 3.25024e-16 0.883512 
vn 0.561187 3.89402e-16 0.827689 
vn 0.370138 2.56835e-16 0.928977 
vn 0.468408 3.25024e-16 0.883512 
vn 0.267528 1.85635e-16 0.96355 
vn 0.370138 2.56835e-16 0.928977 
vn 0.161782 1.12259e-16 0.986827 
vn 0.267528 1.85635e-16 0.96355 
vn 0.0541389 3.75664e-17 0.998533 
vn 0.161782 1.12259e-16 0.986827 
vn -0.0541389 -3.75664e-17 0.998533 
vn 0.0541389 3.75664e-17 0.998533 
vn -0.161782 -1.12259e-16 0.986827 
vn -0.0541389 -3.75664e-17 0.998533 
vn -0.267528 -1.85635e-16 0.96355 
vn -0.161782 -1.12259e-16 0.986827 
vn -0.370138 -2.56835e-16 0.928977 
vn -0.267528 -1.85635e-16 0.96355 
vn -0.468408 -3.25024e-16 0.883512 
vn -0.370138 -2.56835e-16 0.928977 
vn -0.561187 -3.89402e-16 0.827689 
vn -0.468408 -3.25024e-16 0.883512 
vn -0.647386 -4.49214e-16 0.762162 
vn -0.561187 -3.89402e-16 0.827689 
vn -0.725995 -5.03761e-16 0.687699 
vn -0.647386 -4.49214e-16 0.762162 
vn -0.796093 -5.52401e-16 0.605174 
vn -0.725995 -5.03761e-16 0.687699 
vn -0.856857 -5.94564e-16 0.515554 
vn -0.796093 -5.52401e-16 0.605174 
vn -0.907575 -6.29757e-16 0.419889 
vn -0.856857 -5.94564e-16 0.515554 
vn -0.947653 -6.57566e-16 0.319302 
vn -0.907575 -6.29757e-16 0.419889 
vn -0.976621 -6.77667e-16 0.21497 
vn -0.947653 -6.57566e-16 0.319302 
vn -0.994138 -6.89822e-16 0.108119 
vn -0.976621 -6.77667e-16 0.21497 
vn -1 -6.93889e-16 -1.22465e-16 
vn -0.994138 -6.89822e-16 0.108119 
vn -0.994138 -6.89822e-16 -0.108119 
vn -1 -6.93889e-16 -1.22465e-16 
vn -0.976621 -6.77667e-16 -0.21497 
vn -0.994138 -6.89822e-16 -0.108119 
vn -0.947653 -6.57566e-16 -0.319302 
vn -0.976621 -6.77667e-16 -0.21497 
vn -0.907575 -6.29757e-16 -0.419889 
vn -0.947653 -6.57566e-16 -0.319302 
vn -0.856857 -5.94564e-16 -0.515554 
vn -0.907575 -6.29757e-16 -0.419889 
vn -0.796093 -5.52401e-16 -0.605174 
vn -0.856857 -5.94564e-16 -0.515554 
vn -0.725995 -5.03761e-16 -0.687699 
vn -0.796093 -5.52401e-16 -0.605174 
vn -0.647386 -4.49214e-16 -0.762162 
vn -0.725995 -5.03761e-16 -0.687699 
vn -0.561187 -3.89402e-16 -0.827689 
vn -0.647386 -4.49214e-16 -0.762162 
vn -0.468408 -3.25024e-16 -0.883512 
vn -0.561187 -3.89402e-16 -0.827689 
vn -0.370138 -2.56835e-16 -0.928977 
vn -0.468408 -3.25024e-16 -0.883512 
vn -0.267528 -1.85635e-16 -0.96355 
vn -0.370138 -2.56835e-16 -0.928977 
vn -0.161782 -1.12259e-16 -0.986827 
vn -0.267528 -1.85635e-16 -0.96355 
vn -0.0541389 -3.75664e-17 -0.998533 
vn -0.161782 -1.12259e-16 -0.986827 
vn 0.0541389 3.75664e-17 -0.998533 
vn -0.0541389 -3.75664e-17 -0.998533 
vn 0.161782 1.12259e-16 -0.986827 
vn 0.0541389 3.75664e-17 -0.998533 
vn 0.267528 1.85635e-16 -0.96355 
vn 0.161782 1.12259e-16 -0.986827 
vn 0.370138 2.56835e-16 -0.928977 
vn 0.267528 1.85635e-16 -0.96355 
vn 0.468408 3.25024e-16 -0.883512 
vn 0.370138 2.56835e-16 -0.928977 
vn 0.561187 3.89402e-16 -0.827689 
vn 0.468408 3.25024e-16 -0.883512 
vn 0.647386 4.49214e-16 -0.762162 
vn 0.561187 3.89402e-16 -0.827689 
vn 0.725995 5.03761e-16 -0.687699 
vn 0.647386 4.49214e-16 -0.762162 
vn 0.796093 5.52401e-16 -0.605174 
vn 0.725995 5.03761e-16 -0.687699 
vn 0.856857 5.94564e-16 -0.515554 
vn 0.796093 5.52401e-16 -0.605174 
vn 0.907575 6.29757e-16 -0.419889 
vn 0.856857 5.94564e-16 -0.515554 
vn 0.947653 6.57566e-16 -0.319302 
vn 0.907575 6.29757e-16 -0.419889 
vn 0.976621 6.77667e-16 -0.21497 
vn 0.947653 6.57566e-16 -0.319302 
vn 0.994138 6.89822e-16 -0.108119 
vn 0.976621 6.77667e-16 -0.21497 
vn 6.93889e-16 -1 0 
vn 0 0 -1 
vn -0.939693 -6.52043e-16 -0.34202 
vn 0.939693 6.52043e-16 -0.34202 
vn 0 0 -1 
vn -0.939693 -6.52043e-16 -0.34202 
vn 0.939693 6.52043e-16 -0.34202 
vn 0 0 -1 
vn -0.939693 -6.52043e-16 -0.34202 
vn 0.939693 6.52043e-16 -0.34202 
vn 0 0 -1 
vn -0.939693 -6.52043e-16 -0.34202 
vn 0.939693 6.52043e-16 -0.34202 
vn 0 0 -1 
vn -0.939693 -6.52043e-16 -0.34202 
vn 0.939693 6.52043e-16 -0.34202 
vn 0 0 -1 
vn -0.939693 -6.52043e-16 -0.34202 
vn 0.939693 6.52043e-16 -0.34202 
vn 0 0 -1 
vn -0.939693 -6.52043e-16 -0.34202 
vn 0.939693 6.52043e-16 -0.34202 
vn 0 0 -1 
vn -0.939693 -6.52043e-16 -0.34202 
vn 0.939693 6.52043e-16 -0.34202 
vn 0 0 -1 
vn -0.939693 -6.52043e-16 -0.34202 
vn 0.939693 6.52043e-16 -0.34202 
vn 0 0 -1 
vn -0.939693 -6.52043e-16 -0.34202 
vn 0.939693 6.52043e-16 -0.34202 
vn 0 0 -1 
vn -0.939693 -6.52043e-16 -0.34202 
vn -0.664463 -0.707107 -0.241845 
vn 0 0 -1 
vn -0.664463 0.707107 -0.241845 
vn -6.93889e-16 1 0 
vn -1 0 0 
vn 4.90654e-16 -0.707107 0.707107 
vn 0.707107 0 0.707107 
vn 0.7068 -0.020823 0.707107 
vn 0.700438 -0.0968824 0.707107 
vn 0.685916 -0.171813 0.707107 
vn 0.663401 -0.244742 0.707107 
vn 0.633158 -0.314819 0.707107 
vn 0.595538 -0.381228 0.707107 
vn 0.550978 -0.443196 0.707107 
vn 0.5 -0.5 0.707107 
vn 0.443196 -0.550978 0.707107 
vn 0.381228 -0.595538 0.707107 
vn 0.314819 -0.633158 0.707107 
vn 0.244742 -0.663401 0.707107 
vn 0.171813 -0.685916 0.707107 
vn 0.0968824 -0.700438 0.707107 
vn 0.020823 -0.7068 0.707107 
vn 0 -0.707107 0.707107 
vn 0 0 1 
vn 0 0.707107 0.707107 
vn 0.020823 0.7068 0.707107 
vn 0.0968824 0.700438 0.707107 
vn 0.171813 0.685916 0.707107 
vn 0.244742 0.663401 0.707107 
vn 0.314819 0.633158 0.707107 
vn 0.381228 0.595538 0.707107 
vn 0.443196 0.550978 0.707107 
vn 0.5 0.5 0.707107 
vn 0.550978 0.443196 0.707107 
vn 0.595538 0.381228 0.707107 
vn 0.633158 0.314819 0.707107 
vn 0.663401 0.244742 0.707107 
vn 0.685916 0.171813 0.707107 
vn 0.700438 0.0968824 0.707107 
vn 0.7068 0.020823 0.707107 
vn 0.707107 0 0.707107 
vn -4.90654e-16 0.707107 0.707107 
vn 1 0 0 
vn 0.0294482 -0.999566 0 
vn 0 -1 0 
vn -0.0432929 -0.999062 0 
vn 0.137012 -0.990569 0 
vn 0.0315133 -0.999503 0 
vn 0.0769754 -0.997033 0 
vn 0.24298 -0.970031 0 
vn 0.140841 -0.990032 0 
vn 0.19168 -0.981457 0 
vn 0.346117 -0.938191 0 
vn 0.268068 -0.9634 0 
vn 0.295198 -0.955436 0 
vn 0.244396 -0.969675 0 
vn 0.445221 -0.895421 0 
vn 0.345978 -0.938243 0 
vn 0.388968 -0.921251 0 
vn 0.539138 -0.842217 0 
vn 0.475539 -0.879695 0 
vn 0.481695 -0.876339 0 
vn 0.445409 -0.895327 0 
vn 0.626774 -0.779201 0 
vn 0.539035 -0.842283 0 
vn 0.560145 -0.828395 0 
vn 0.707107 -0.707107 0 
vn 0.636113 -0.771596 0 
vn 0.650584 -0.759434 0 
vn 0.626884 -0.779112 0 
vn 0.779201 -0.626774 0 
vn 0.708294 -0.705918 0 
vn 0.774129 -0.633028 0 
vn 0.7407 -0.671836 0 
vn 0.707121 -0.707093 0 
vn 0.842217 -0.539138 0 
vn 0.804053 -0.594557 0 
vn 0.832375 -0.554213 0 
vn 0.81645 -0.577417 0 
vn 0.7792 -0.626775 0 
vn 0.895421 -0.445221 0 
vn 0.858669 -0.512531 0 
vn 0.871182 -0.49096 0 
vn 0.842214 -0.539143 0 
vn 0.882717 -0.469906 0 
vn 0.938191 -0.346117 0 
vn 0.904634 -0.42619 0 
vn 0.909468 -0.415773 0 
vn 0.895423 -0.445215 0 
vn 0.924945 -0.380102 0 
vn 0.970031 -0.24298 0 
vn 0.938198 -0.3461 0 
vn 0.955805 -0.294002 0 
vn 0.957047 -0.289933 0 
vn 0.964085 -0.265595 0 
vn 0.979815 -0.199907 0 
vn 0.980595 -0.196047 0 
vn 0.978294 -0.207222 0 
vn 0.990569 -0.137012 0 
vn 0.975866 -0.21837 0 
vn 0.989334 -0.145666 0 
vn 0.985302 -0.17082 0 
vn 0.990548 -0.13717 0 
vn 0.970032 -0.242976 0 
vn 0.970347 -0.241715 0 
vn 0.999566 -0.0294482 0 
vn 0.997453 -0.0713269 0 
vn 0.998888 -0.0471382 0 
vn 0.992695 -0.120654 0 
vn 0.995396 -0.0958529 0 
vn 1 0 0 
vn 0.999572 -0.0292712 0 
vn 0.999727 -0.0233446 0 
vn 1 0 0 
vn -0.283476 -0.863368 -0.417417 
vn -0.27282 -0.851421 -0.447942 
vn -0.316087 -0.851046 -0.419296 
vn -0.338465 -0.859601 -0.382788 
vn -0.271926 -0.851459 -0.448412 
vn 0.17317 0.0741757 -0.982095 
vn 0.173246 0.0680603 -0.982524 
vn 0.173525 -0.00745853 -0.984801 
vn -0.537864 -0.793043 -0.285981 
vn -0.490955 -0.815717 -0.30589 
vn -0.504089 -0.802046 -0.320339 
vn -0.481537 -0.811523 -0.330989 
vn -0.4421 -0.834783 -0.328153 
vn -0.391291 -0.849677 -0.353468 
vn -0.394212 -0.839398 -0.374177 
vn -0.428327 -0.830296 -0.356574 
vn -0.380796 -0.842313 -0.381449 
vn -0.327433 -0.850185 -0.412277 
vn -0.33436 -0.849462 -0.408188 
vn -0.366331 -0.855096 -0.366895 
vn -0.432144 -0.829134 -0.354666 
vn -0.450097 -0.8233 -0.345818 
vn -0.467588 -0.825412 -0.316317 
vn -0.0293395 -0.740854 -0.671025 
vn -0.0235917 -0.726731 -0.686517 
vn -0.0489975 -0.754002 -0.655043 
vn -0.0693098 -0.787678 -0.612176 
vn -0.0353341 -0.755245 -0.65449 
vn -0.0571443 -0.761763 -0.645331 
vn 0.102896 -0.494412 -0.863116 
vn 0.10918 -0.462325 -0.879963 
vn 0.106491 -0.471151 -0.875601 
vn 0.086484 -0.542708 -0.835457 
vn 0.158219 -0.225253 -0.961368 
vn 0.148424 -0.291432 -0.945007 
vn 0.145609 -0.315312 -0.937751 
vn 0.170721 -0.0896884 -0.981229 
vn 0.171016 -0.082308 -0.981824 
vn 0.165843 -0.155262 -0.973853 
vn 0.173516 -0.00813224 -0.984798 
vn 0.173284 -0.0207113 -0.984654 
vn 0.156452 -0.24447 -0.956952 
vn 0.118446 -0.440484 -0.889913 
vn 0.132808 -0.380765 -0.915085 
vn 0.136771 -0.353201 -0.925496 
vn 0.140142 -0.336868 -0.931064 
vn 0.137765 -0.357116 -0.923845 
vn 0.123586 -0.41021 -0.903579 
vn 0.0396739 -0.640563 -0.76688 
vn 0.0050529 -0.697017 -0.717036 
vn 0.00129217 -0.710077 -0.704123 
vn 0.0694858 -0.585682 -0.807557 
vn 0.0778045 -0.552187 -0.830082 
vn 0.0768597 -0.554696 -0.828496 
vn 0.0612925 -0.590375 -0.804799 
vn 0.0521242 -0.623728 -0.779901 
vn 0.066669 -0.592223 -0.803012 
vn 0.0938367 -0.509592 -0.855284 
vn 0.0444721 -0.624473 -0.779779 
vn 0.0415074 -0.630045 -0.775449 
vn 0.00125821 -0.695123 -0.718889 
vn -0.165867 -0.843792 -0.510395 
vn -0.153524 -0.825026 -0.543841 
vn -0.170495 -0.831725 -0.52836 
vn -0.196348 -0.853097 -0.483398 
vn -0.134568 -0.830478 -0.540554 
vn -0.102394 -0.812196 -0.574328 
vn -0.105331 -0.799333 -0.591584 
vn -0.0900278 -0.788832 -0.607979 
vn -0.0716829 -0.774561 -0.628425 
vn -0.0928667 -0.805775 -0.584896 
vn -0.122159 -0.809511 -0.574255 
vn -0.142308 -0.819926 -0.554499 
vn -0.161232 -0.842073 -0.514701 
vn -0.214056 -0.844139 -0.491537 
vn -0.24358 -0.849071 -0.468771 
vn -0.251293 -0.862105 -0.440031 
vn -0.184144 -0.836325 -0.516384 
vn -0.209199 -0.843009 -0.495552 
vn -0.226071 -0.859115 -0.459144 
vn -0.62352 -0.738226 -0.25738 
vn -0.620383 -0.737865 -0.265859 
vn -0.637057 -0.726508 -0.257574 
vn -0.582252 -0.767069 -0.269423 
vn -0.596271 -0.753548 -0.276814 
vn -0.575558 -0.765589 -0.287414 
vn -0.569305 -0.775386 -0.273256 
vn -0.541942 -0.783466 -0.304107 
vn -0.552773 -0.778016 -0.298551 
vn -0.528979 -0.790098 -0.309718 
vn -0.662947 -0.7071 -0.245989 
vn 0.0345741 -0.657287 -0.752847 
vn 0.164942 -0.168918 -0.971731 
vn -0.939693 -6.52043e-16 -0.34202 
vn 1 0 0 
vn 0.999704 0.024349 0 
vn 0.999566 0.0294482 0 
vn 0.990998 0.133878 0 
vn 0.990571 0.137002 0 
vn 0.991479 0.130264 0 
vn 0.990569 0.137012 0 
vn 0.99513 0.0985745 0 
vn 0.997281 0.0736954 0 
vn 0.992343 0.123509 0 
vn 0.999568 0.0293903 0 
vn 0.998802 0.0489335 0 
vn 0.970031 0.24298 0 
vn 0.975959 0.217952 0 
vn 0.970108 0.242672 0 
vn 0.989199 0.146578 0 
vn 0.985473 0.169834 0 
vn 0.981071 0.193648 0 
vn 0.938191 0.346117 0 
vn 0.964059 0.265688 0 
vn 0.957525 0.28835 0 
vn 0.942124 0.335264 0 
vn 0.966993 0.254801 0 
vn 0.970024 0.243011 0 
vn 0.895421 0.445221 0 
vn 0.924948 0.380095 0 
vn 0.905653 0.424019 0 
vn 0.933787 0.357829 0 
vn 0.938184 0.346137 0 
vn 0.842217 0.539138 0 
vn 0.883011 0.469352 0 
vn 0.872107 0.489315 0 
vn 0.895401 0.445261 0 
vn 0.858636 0.512585 0 
vn 0.779201 0.626774 0 
vn 0.832178 0.554509 0 
vn 0.804175 0.594392 0 
vn 0.822682 0.568502 0 
vn 0.842212 0.539146 0 
vn 0.707107 0.707107 0 
vn 0.773846 0.633374 0 
vn 0.75393 0.656955 0 
vn 0.77919 0.626788 0 
vn 0.708676 0.705534 0 
vn 0.653202 0.757184 0 
vn 0.636234 0.771496 0 
vn 0.70711 0.707103 0 
vn 0.626774 0.779201 0 
vn 0.626885 0.779112 0 
vn 0.560066 0.828448 0 
vn 0.539138 0.842217 0 
vn 0.486917 0.873448 0 
vn 0.47578 0.879564 0 
vn 0.53903 0.842287 0 
vn 0.445221 0.895421 0 
vn 0.44546 0.895302 0 
vn 0.389251 0.921132 0 
vn 0.346117 0.938191 0 
vn 0.24298 0.970031 0 
vn 0.295453 0.955357 0 
vn 0.256199 0.966624 0 
vn 0.243758 0.969836 0 
vn 0.345966 0.938247 0 
vn 0.192581 0.981281 0 
vn 0.137012 0.990569 0 
vn 0.140707 0.990051 0 
vn 0.0776176 0.996983 0 
vn 0.0294482 0.999566 0 
vn 0.031623 0.9995 0 
vn -0.0432929 0.999062 0 
vn 0 1 0 
vn 0.173648 -1.87748e-15 -0.984808 
vn -0.283476 0.863368 -0.417417 
vn -0.271926 0.851459 -0.448412 
vn -0.231835 0.847422 -0.477629 
vn -0.232238 0.860018 -0.454351 
vn -0.214056 0.844139 -0.491537 
vn -0.226071 0.859115 -0.459144 
vn 0.0050529 0.697017 -0.717036 
vn -0.000595018 0.712706 -0.701463 
vn -0.0353341 0.755245 -0.65449 
vn -0.153524 0.825026 -0.543841 
vn -0.142142 0.819835 -0.554677 
vn -0.156383 0.840184 -0.519264 
vn -0.134568 0.830478 -0.540554 
vn -0.122159 0.809511 -0.574255 
vn -0.196348 0.853097 -0.483398 
vn -0.208991 0.842944 -0.49575 
vn -0.184144 0.836325 -0.516384 
vn -0.163737 0.829192 -0.534445 
vn -0.165867 0.843792 -0.510395 
vn -0.0693098 0.787678 -0.612176 
vn -0.0953616 0.807504 -0.582103 
vn -0.0729093 0.775649 -0.626939 
vn -0.0900278 0.788832 -0.607979 
vn -0.0571443 0.761763 -0.645331 
vn -0.104108 0.79854 -0.592871 
vn -0.102394 0.812196 -0.574328 
vn -0.0235917 0.726731 -0.686517 
vn -0.0449176 0.765225 -0.642194 
vn -0.0293395 0.740854 -0.671025 
vn 0.123586 0.41021 -0.903579 
vn 0.118446 0.440484 -0.889913 
vn 0.117577 0.443757 -0.8884 
vn 0.10918 0.462325 -0.879963 
vn 0.0521242 0.623728 -0.779901 
vn 0.0345741 0.657287 -0.752847 
vn 0.0396739 0.640563 -0.76688 
vn 0.0612925 0.590375 -0.804799 
vn 0.0343142 0.657751 -0.752453 
vn -0.00567352 0.704373 -0.709807 
vn 0.00247055 0.693359 -0.720588 
vn 0.010421 0.681763 -0.731499 
vn 0.0444721 0.624473 -0.779779 
vn 0.0938367 0.509592 -0.855284 
vn 0.086484 0.542708 -0.835457 
vn 0.0694858 0.585682 -0.807557 
vn 0.069605 0.571794 -0.817439 
vn 0.07721 0.553815 -0.829052 
vn 0.102896 0.494412 -0.863116 
vn 0.165843 0.155262 -0.973853 
vn 0.164942 0.168918 -0.971731 
vn 0.156452 0.24447 -0.956952 
vn 0.145609 0.315312 -0.937751 
vn 0.142016 0.327159 -0.934237 
vn 0.143628 0.318527 -0.93697 
vn 0.132808 0.380765 -0.915085 
vn 0.136771 0.353201 -0.925496 
vn 0.158219 0.225253 -0.961368 
vn 0.173516 0.00813224 -0.984798 
vn 0.170721 0.0896884 -0.981229 
vn 0.171016 0.082308 -0.981824 
vn 0.173278 0.0209521 -0.98465 
vn 0.173525 0.00745853 -0.984801 
vn 0.173246 -0.0680603 -0.982524 
vn 0.17317 -0.0741757 -0.982095 
vn -0.490955 0.815717 -0.30589 
vn -0.481537 0.811523 -0.330989 
vn -0.450247 0.823281 -0.345667 
vn -0.447718 0.832826 -0.325499 
vn -0.432144 0.829134 -0.354666 
vn -0.4421 0.834783 -0.328153 
vn -0.537864 0.793043 -0.285981 
vn -0.528979 0.790098 -0.309718 
vn -0.504286 0.802001 -0.320141 
vn -0.391291 0.849677 -0.353468 
vn -0.380796 0.842313 -0.381449 
vn -0.334436 0.849462 -0.408126 
vn -0.338465 0.859601 -0.382788 
vn -0.425213 0.831222 -0.35814 
vn -0.394129 0.839405 -0.374249 
vn -0.337366 0.859745 -0.383436 
vn -0.314123 0.851165 -0.42053 
vn -0.327433 0.850185 -0.412277 
vn -0.273157 0.85146 -0.447662 
vn -0.623322 0.738205 -0.257919 
vn -0.662947 0.7071 -0.245989 
vn -0.637116 0.726422 -0.25767 
vn -0.620314 0.737856 -0.266043 
vn -0.596513 0.753289 -0.276998 
vn -0.581831 0.766983 -0.270572 
vn -0.555643 0.783306 -0.278733 
vn -0.553261 0.777584 -0.298772 
vn -0.54762 0.780453 -0.301672 
vn -0.57541 0.765554 -0.287803 
vn 0.148424 0.291432 -0.945007 
vn 0.0778045 0.552187 -0.830082 
usemtl 0.917647_0.917647_0.917647_0.000000_0.000000
o mesh121
f 3451//4014 3452//4015 3453//4015 
f 3454//4016 3451//4014 3455//4017 
f 3456//4018 3454//4016 3457//4019 
f 3458//4020 3456//4018 3459//4021 
f 3460//4022 3458//4020 3461//4023 
f 3462//4024 3460//4022 3463//4025 
f 3464//4026 3462//4024 3465//4027 
f 3466//4028 3464//4026 3467//4029 
f 3468//4030 3466//4028 3469//4031 
f 3470//4032 3468//4030 3471//4033 
f 3472//4034 3470//4032 3473//4035 
f 3474//4036 3472//4034 3475//4037 
f 3476//4038 3474//4036 3477//4039 
f 3478//4040 3476//4038 3479//4041 
f 3480//4042 3478//4040 3481//4043 
f 3482//4044 3480//4042 3483//4045 
f 3484//4046 3482//4044 3485//4047 
f 3486//4048 3484//4046 3487//4049 
f 3488//4050 3486//4048 3489//4051 
f 3490//4052 3488//4050 3491//4053 
f 3492//4054 3490//4052 3493//4055 
f 3494//4056 3492//4054 3495//4057 
f 3496//4058 3494//4056 3497//4059 
f 3498//4060 3496//4058 3499//4061 
f 3500//4062 3498//4060 3501//4063 
f 3502//4064 3500//4062 3503//4065 
f 3504//4066 3502//4064 3505//4067 
f 3506//4068 3504//4066 3507//4069 
f 3508//4070 3506//4068 3509//4071 
f 3510//4072 3508//4070 3511//4073 
f 3512//4074 3510//4072 3513//4075 
f 3514//4076 3512//4074 3515//4077 
f 3516//4078 3514//4076 3517//4079 
f 3518//4080 3516//4078 3519//4081 
f 3520//4082 3518//4080 3521//4083 
f 3522//4084 3520//4082 3523//4085 
f 3524//4086 3522//4084 3525//4087 
f 3526//4088 3524//4086 3527//4089 
f 3528//4090 3526//4088 3529//4091 
f 3530//4092 3528//4090 3531//4093 
f 3532//4094 3530//4092 3533//4095 
f 3534//4096 3532//4094 3535//4097 
f 3536//4098 3534//4096 3537//4099 
f 3538//4100 3536//4098 3539//4101 
f 3540//4102 3538//4100 3541//4103 
f 3542//4104 3540//4102 3543//4105 
f 3544//4106 3542//4104 3545//4107 
f 3546//4108 3544//4106 3547//4109 
f 3548//4110 3546//4108 3549//4111 
f 3550//4112 3548//4110 3551//4113 
f 3552//4114 3550//4112 3553//4115 
f 3554//4116 3552//4114 3555//4117 
f 3556//4118 3554//4116 3557//4119 
f 3558//4120 3556//4118 3559//4121 
f 3560//4122 3558//4120 3561//4123 
f 3562//4124 3560//4122 3563//4125 
f 3564//4126 3562//4124 3565//4127 
f 3452//4015 3564//4126 3566//4126 
f 3566//4126 3453//4015 3452//4015 
f 3565//4127 3566//4126 3564//4126 
f 3563//4125 3565//4127 3562//4124 
f 3561//4123 3563//4125 3560//4122 
f 3559//4121 3561//4123 3558//4120 
f 3557//4119 3559//4121 3556//4118 
f 3555//4117 3557//4119 3554//4116 
f 3553//4115 3555//4117 3552//4114 
f 3551//4113 3553//4115 3550//4112 
f 3549//4111 3551//4113 3548//4110 
f 3547//4109 3549//4111 3546//4108 
f 3545//4107 3547//4109 3544//4106 
f 3543//4105 3545//4107 3542//4104 
f 3541//4103 3543//4105 3540//4102 
f 3539//4101 3541//4103 3538//4100 
f 3537//4099 3539//4101 3536//4098 
f 3535//4097 3537//4099 3534//4096 
f 3533//4095 3535//4097 3532//4094 
f 3531//4093 3533//4095 3530//4092 
f 3529//4091 3531//4093 3528//4090 
f 3527//4089 3529//4091 3526//4088 
f 3525//4087 3527//4089 3524//4086 
f 3523//4085 3525//4087 3522//4084 
f 3521//4083 3523//4085 3520//4082 
f 3519//4081 3521//4083 3518//4080 
f 3517//4079 3519//4081 3516//4078 
f 3515//4077 3517//4079 3514//4076 
f 3513//4075 3515//4077 3512//4074 
f 3511//4073 3513//4075 3510//4072 
f 3509//4071 3511//4073 3508//4070 
f 3507//4069 3509//4071 3506//4068 
f 3505//4067 3507//4069 3504//4066 
f 3503//4065 3505//4067 3502//4064 
f 3501//4063 3503//4065 3500//4062 
f 3499//4061 3501//4063 3498//4060 
f 3497//4059 3499//4061 3496//4058 
f 3495//4057 3497//4059 3494//4056 
f 3493//4055 3495//4057 3492//4054 
f 3491//4053 3493//4055 3490//4052 
f 3489//4051 3491//4053 3488//4050 
f 3487//4049 3489//4051 3486//4048 
f 3485//4047 3487//4049 3484//4046 
f 3483//4045 3485//4047 3482//4044 
f 3481//4043 3483//4045 3480//4042 
f 3479//4041 3481//4043 3478//4040 
f 3477//4039 3479//4041 3476//4038 
f 3475//4037 3477//4039 3474//4036 
f 3473//4035 3475//4037 3472//4034 
f 3471//4033 3473//4035 3470//4032 
f 3469//4031 3471//4033 3468//4030 
f 3467//4029 3469//4031 3466//4028 
f 3465//4027 3467//4029 3464//4026 
f 3463//4025 3465//4027 3462//4024 
f 3461//4023 3463//4025 3460//4022 
f 3459//4021 3461//4023 3458//4020 
f 3457//4019 3459//4021 3456//4018 
f 3455//4017 3457//4019 3454//4016 
f 3453//4015 3455//4017 3451//4014 
o mesh122
f 3567//4128 3568//4128 3463//4128 
f 3568//4128 3467//4128 3465//4128 
f 3463//4128 3461//4128 3567//4128 
f 3568//4128 3469//4128 3467//4128 
f 3477//4128 3568//4128 3569//4128 
f 3567//4128 3559//4128 3557//4128 
f 3567//4128 3459//4128 3457//4128 
f 3465//4128 3463//4128 3568//4128 
f 3569//4128 3479//4128 3477//4128 
f 3570//4128 3517//4128 3515//4128 
f 3570//4128 3521//4128 3519//4128 
f 3557//4128 3555//4128 3567//4128 
f 3567//4128 3563//4128 3561//4128 
f 3567//4128 3566//4128 3565//4128 
f 3457//4128 3455//4128 3567//4128 
f 3568//4128 3471//4128 3469//4128 
f 3477//4128 3475//4128 3568//4128 
f 3570//4128 3571//4128 3572//4128 
f 3570//4128 3573//4128 3574//4128 
f 3515//4128 3513//4128 3570//4128 
f 3570//4128 3523//4128 3521//4128 
f 3561//4128 3559//4128 3567//4128 
f 3567//4128 3453//4128 3566//4128 
f 3461//4128 3459//4128 3567//4128 
f 3475//4128 3473//4128 3568//4128 
f 3569//4128 3489//4128 3487//4128 
f 3570//4128 3575//4128 3571//4128 
f 3570//4128 3576//4128 3577//4128 
f 3577//4128 3576//4128 3578//4128 
f 3570//4128 3579//4128 3573//4128 
f 3519//4128 3517//4128 3570//4128 
f 3570//4128 3527//4128 3525//4128 
f 3565//4128 3563//4128 3567//4128 
f 3473//4128 3471//4128 3568//4128 
f 3569//4128 3483//4128 3481//4128 
f 3569//4128 3491//4128 3489//4128 
f 3569//4128 3495//4128 3493//4128 
f 3569//4128 3501//4128 3499//4128 
f 3570//4128 3580//4128 3575//4128 
f 3580//4128 3581//4128 3582//4128 
f 3578//4128 3583//4128 3577//4128 
f 3570//4128 3584//4128 3579//4128 
f 3525//4128 3523//4128 3570//4128 
f 3570//4128 3531//4128 3529//4128 
f 3570//4128 3537//4128 3535//4128 
f 3567//4128 3541//4128 3539//4128 
f 3567//4128 3547//4128 3545//4128 
f 3455//4128 3453//4128 3567//4128 
f 3569//4128 3485//4128 3483//4128 
f 3493//4128 3491//4128 3569//4128 
f 3499//4128 3497//4128 3569//4128 
f 3585//4128 3586//4128 3587//4128 
f 3582//4128 3575//4128 3580//4128 
f 3574//4128 3576//4128 3570//4128 
f 3588//4128 3503//4128 3501//4128 
f 3529//4128 3527//4128 3570//4128 
f 3535//4128 3533//4128 3570//4128 
f 3539//4128 3570//4128 3567//4128 
f 3567//4128 3549//4128 3547//4128 
f 3567//4128 3553//4128 3551//4128 
f 3481//4128 3479//4128 3569//4128 
f 3497//4128 3495//4128 3569//4128 
f 3587//4128 3589//4128 3585//4128 
f 3570//4128 3590//4128 3591//4128 
f 3590//4128 3592//4128 3593//4128 
f 3577//4128 3580//4128 3570//4128 
f 3574//4128 3573//4128 3594//4128 
f 3501//4128 3595//4128 3588//4128 
f 3570//4128 3509//4128 3507//4128 
f 3533//4128 3531//4128 3570//4128 
f 3567//4128 3543//4128 3541//4128 
f 3551//4128 3549//4128 3567//4128 
f 3487//4128 3485//4128 3569//4128 
f 3589//4128 3570//4128 3585//4128 
f 3593//4128 3591//4128 3590//4128 
f 3594//4128 3596//4128 3574//4128 
f 3584//4128 3597//4128 3598//4128 
f 3570//4128 3505//4128 3503//4128 
f 3570//4128 3511//4128 3509//4128 
f 3569//4128 3599//4128 3600//4128 
f 3539//4128 3537//4128 3570//4128 
f 3555//4128 3553//4128 3567//4128 
f 3568//4128 3601//4128 3602//4128 
f 3603//4128 3604//4128 3605//4128 
f 3591//4128 3585//4128 3570//4128 
f 3598//4128 3579//4128 3584//4128 
f 3570//4128 3588//4128 3606//4128 
f 3588//4128 3607//4128 3608//4128 
f 3507//4128 3505//4128 3570//4128 
f 3600//4128 3595//4128 3569//4128 
f 3545//4128 3543//4128 3567//4128 
f 3568//4128 3567//4128 3601//4128 
f 3603//4128 3567//4128 3604//4128 
f 3572//4128 3590//4128 3570//4128 
f 3572//4128 3571//4128 3609//4128 
f 3570//4128 3610//4128 3611//4128 
f 3610//4128 3612//4128 3613//4128 
f 3608//4128 3606//4128 3588//4128 
f 3595//4128 3501//4128 3569//4128 
f 3602//4128 3614//4128 3568//4128 
f 3605//4128 3615//4128 3603//4128 
f 3609//4128 3616//4128 3572//4128 
f 3613//4128 3611//4128 3610//4128 
f 3588//4128 3570//4128 3503//4128 
f 3603//4128 3601//4128 3567//4128 
f 3611//4128 3584//4128 3570//4128 
f 3513//4128 3511//4128 3570//4128 
f 3606//4128 3610//4128 3570//4128 
f 3589//4128 3617//4128 3570//4128 
f 3617//4128 3618//4128 3570//4128 
o mesh123
f 3619//4129 3600//4129 3599//4129 
f 3599//4129 3620//4129 3619//4129 
o mesh124
f 3621//4129 3608//4129 3607//4129 
f 3607//4129 3622//4129 3621//4129 
o mesh125
f 3623//4129 3613//4129 3612//4129 
f 3612//4129 3624//4129 3623//4129 
o mesh126
f 3625//4129 3598//4129 3597//4129 
f 3597//4129 3626//4129 3625//4129 
o mesh127
f 3627//4129 3596//4129 3594//4129 
f 3594//4129 3628//4129 3627//4129 
o mesh128
f 3629//4129 3583//4129 3578//4129 
f 3578//4129 3630//4129 3629//4129 
o mesh129
f 3631//4129 3582//4129 3581//4129 
f 3581//4129 3632//4129 3631//4129 
o mesh130
f 3633//4129 3616//4129 3609//4129 
f 3609//4129 3634//4129 3633//4129 
o mesh131
f 3635//4129 3615//4129 3605//4129 
f 3605//4129 3636//4129 3635//4129 
o mesh132
f 3637//4129 3638//4129 3587//4129 
f 3587//4129 3586//4129 3637//4129 
o mesh133
f 3639//4129 3640//4129 3593//4129 
f 3593//4129 3592//4129 3639//4129 
o mesh134
f 3602//4129 3641//4129 3642//4129 
f 3642//4129 3614//4129 3602//4129 
o mesh135
f 3603//4129 3643//4129 3644//4129 
f 3644//4129 3601//4129 3603//4129 
o mesh136
f 3641//4130 3602//4130 3601//4130 
f 3601//4130 3644//4130 3641//4130 
o mesh137
f 3643//4131 3603//4131 3615//4131 
f 3615//4131 3635//4131 3643//4131 
o mesh138
f 3572//4131 3616//4131 3633//4131 
f 3633//4131 3645//4131 3572//4131 
o mesh139
f 3572//4132 3645//4132 3646//4132 
f 3646//4132 3590//4132 3572//4132 
o mesh140
f 3639//4133 3592//4133 3590//4133 
f 3590//4133 3646//4133 3639//4133 
o mesh141
f 3591//4134 3593//4134 3640//4134 
f 3640//4134 3647//4134 3591//4134 
o mesh142
f 3591//4135 3647//4135 3648//4135 
f 3648//4135 3585//4135 3591//4135 
o mesh143
f 3637//4136 3586//4136 3585//4136 
f 3585//4136 3648//4136 3637//4136 
o mesh144
f 3636//4136 3605//4136 3604//4136 
f 3604//4136 3649//4136 3636//4136 
o mesh145
f 3589//4137 3587//4137 3638//4137 
f 3638//4137 3650//4137 3589//4137 
o mesh146
f 3575//4137 3582//4137 3631//4137 
f 3631//4137 3651//4137 3575//4137 
o mesh147
f 3575//4138 3651//4138 3652//4138 
f 3652//4138 3571//4138 3575//4138 
o mesh148
f 3634//4139 3609//4139 3571//4139 
f 3571//4139 3652//4139 3634//4139 
o mesh149
f 3577//4140 3583//4140 3629//4140 
f 3629//4140 3653//4140 3577//4140 
o mesh150
f 3654//4141 3580//4141 3577//4141 
f 3577//4141 3653//4141 3654//4141 
o mesh151
f 3581//4142 3580//4142 3654//4142 
f 3654//4142 3632//4142 3581//4142 
o mesh152
f 3574//4143 3596//4143 3627//4143 
f 3627//4143 3655//4143 3574//4143 
o mesh153
f 3656//4144 3576//4144 3574//4144 
f 3574//4144 3655//4144 3656//4144 
o mesh154
f 3578//4145 3576//4145 3656//4145 
f 3656//4145 3630//4145 3578//4145 
o mesh155
f 3579//4146 3598//4146 3625//4146 
f 3625//4146 3657//4146 3579//4146 
o mesh156
f 3658//4147 3573//4147 3579//4147 
f 3579//4147 3657//4147 3658//4147 
o mesh157
f 3594//4148 3573//4148 3658//4148 
f 3658//4148 3628//4148 3594//4148 
o mesh158
f 3611//4149 3613//4149 3623//4149 
f 3623//4149 3659//4149 3611//4149 
o mesh159
f 3611//4150 3659//4150 3660//4150 
f 3660//4150 3584//4150 3611//4150 
o mesh160
f 3626//4151 3597//4151 3584//4151 
f 3584//4151 3660//4151 3626//4151 
o mesh161
f 3606//4152 3608//4152 3621//4152 
f 3621//4152 3661//4152 3606//4152 
o mesh162
f 3606//4153 3661//4153 3662//4153 
f 3662//4153 3610//4153 3606//4153 
o mesh163
f 3624//4154 3612//4154 3610//4154 
f 3610//4154 3662//4154 3624//4154 
o mesh164
f 3595//4155 3600//4155 3619//4155 
f 3619//4155 3663//4155 3595//4155 
o mesh165
f 3595//4156 3663//4156 3664//4156 
f 3664//4156 3588//4156 3595//4156 
o mesh166
f 3622//4157 3607//4157 3588//4157 
f 3588//4157 3664//4157 3622//4157 
o mesh167
f 3665//4158 3568//4158 3614//4158 
f 3614//4158 3642//4158 3665//4158 
o mesh168
f 3568//4159 3665//4159 3666//4159 
f 3666//4159 3569//4159 3568//4159 
o mesh169
f 3620//4160 3599//4160 3569//4160 
f 3569//4160 3666//4160 3620//4160 
o mesh170
f 3667//4161 3618//4161 3617//4161 
o mesh171
f 3650//4162 3668//4162 3667//4162 
f 3667//4162 3589//4162 3650//4162 
f 3650//4162 3669//4162 3668//4162 
f 3667//4162 3617//4162 3589//4162 
o mesh172
f 3669//4163 3670//4163 3668//4163 
o mesh173
f 3659//4164 3518//4164 3520//4164 
f 3659//4164 3514//4164 3516//4164 
f 3662//4164 3661//4164 3512//4164 
f 3516//4164 3518//4164 3659//4164 
f 3514//4164 3659//4164 3662//4164 
f 3664//4164 3494//4164 3496//4164 
f 3512//4164 3514//4164 3662//4164 
f 3671//4164 3552//4164 3554//4164 
f 3664//4164 3502//4164 3504//4164 
f 3664//4164 3498//4164 3500//4164 
f 3664//4164 3492//4164 3494//4164 
f 3664//4164 3661//4164 3621//4164 
f 3520//4164 3522//4164 3659//4164 
f 3659//4164 3623//4164 3624//4164 
f 3524//4164 3657//4164 3660//4164 
f 3530//4164 3651//4164 3654//4164 
f 3671//4164 3560//4164 3562//4164 
f 3671//4164 3556//4164 3558//4164 
f 3671//4164 3550//4164 3552//4164 
f 3671//4164 3540//4164 3542//4164 
f 3671//4164 3458//4164 3460//4164 
f 3504//4164 3506//4164 3664//4164 
f 3496//4164 3498//4164 3664//4164 
f 3488//4164 3664//4164 3663//4164 
f 3663//4164 3482//4164 3484//4164 
f 3621//4164 3622//4164 3664//4164 
f 3624//4164 3662//4164 3659//4164 
f 3660//4164 3659//4164 3524//4164 
f 3530//4164 3652//4164 3651//4164 
f 3562//4164 3564//4164 3671//4164 
f 3554//4164 3556//4164 3671//4164 
f 3671//4164 3546//4164 3548//4164 
f 3542//4164 3544//4164 3671//4164 
f 3649//4164 3643//4164 3635//4164 
f 3665//4164 3460//4164 3462//4164 
f 3671//4164 3456//4164 3458//4164 
f 3671//4164 3451//4164 3454//4164 
f 3664//4164 3508//4164 3510//4164 
f 3500//4164 3502//4164 3664//4164 
f 3664//4164 3488//4164 3490//4164 
f 3484//4164 3486//4164 3663//4164 
f 3663//4164 3472//4164 3474//4164 
f 3522//4164 3524//4164 3659//4164 
f 3524//4164 3526//4164 3657//4164 
f 3528//4164 3655//4164 3658//4164 
f 3530//4164 3645//4164 3652//4164 
f 3558//4164 3560//4164 3671//4164 
f 3544//4164 3546//4164 3671//4164 
f 3671//4164 3536//4164 3538//4164 
f 3672//4164 3534//4164 3536//4164 
f 3635//4164 3636//4164 3649//4164 
f 3671//4164 3665//4164 3644//4164 
f 3460//4164 3665//4164 3671//4164 
f 3671//4164 3452//4164 3451//4164 
f 3663//4164 3619//4164 3620//4164 
f 3506//4164 3508//4164 3664//4164 
f 3663//4164 3486//4164 3488//4164 
f 3663//4164 3478//4164 3480//4164 
f 3663//4164 3470//4164 3472//4164 
f 3663//4164 3462//4164 3464//4164 
f 3526//4164 3528//4164 3657//4164 
f 3660//4164 3657//4164 3625//4164 
f 3658//4164 3657//4164 3528//4164 
f 3655//4164 3627//4164 3628//4164 
f 3530//4164 3653//4164 3656//4164 
f 3656//4164 3653//4164 3629//4164 
f 3654//4164 3653//4164 3530//4164 
f 3645//4164 3633//4164 3634//4164 
f 3548//4164 3550//4164 3671//4164 
f 3536//4164 3671//4164 3672//4164 
f 3672//4164 3648//4164 3647//4164 
f 3644//4164 3643//4164 3671//4164 
f 3644//4164 3665//4164 3642//4164 
f 3454//4164 3456//4164 3671//4164 
f 3620//4164 3666//4164 3663//4164 
f 3490//4164 3492//4164 3664//4164 
f 3663//4164 3476//4164 3478//4164 
f 3663//4164 3468//4164 3470//4164 
f 3464//4164 3466//4164 3663//4164 
f 3625//4164 3626//4164 3660//4164 
f 3628//4164 3658//4164 3655//4164 
f 3629//4164 3630//4164 3656//4164 
f 3634//4164 3652//4164 3645//4164 
f 3532//4164 3647//4164 3646//4164 
f 3646//4164 3647//4164 3640//4164 
f 3538//4164 3540//4164 3671//4164 
f 3647//4164 3532//4164 3672//4164 
f 3642//4164 3641//4164 3644//4164 
f 3666//4164 3462//4164 3663//4164 
f 3480//4164 3482//4164 3663//4164 
f 3466//4164 3468//4164 3663//4164 
f 3528//4164 3530//4164 3655//4164 
f 3530//4164 3532//4164 3645//4164 
f 3640//4164 3639//4164 3646//4164 
f 3532//4164 3534//4164 3672//4164 
f 3648//4164 3650//4164 3638//4164 
f 3462//4164 3666//4164 3665//4164 
f 3474//4164 3476//4164 3663//4164 
f 3656//4164 3655//4164 3530//4164 
f 3654//4164 3651//4164 3631//4164 
f 3564//4164 3452//4164 3671//4164 
f 3648//4164 3672//4164 3650//4164 
f 3510//4164 3512//4164 3664//4164 
f 3631//4164 3632//4164 3654//4164 
f 3638//4164 3637//4164 3648//4164 
f 3664//4164 3512//4164 3661//4164 
f 3672//4164 3669//4164 3650//4164 
f 3646//4164 3645//4164 3532//4164 
f 3672//4164 3670//4164 3669//4164 
f 3649//4164 3671//4164 3643//4164 
o mesh174
f 3604//4165 3673//4165 3671//4165 
f 3673//4165 3604//4165 3567//4165 
f 3567//4165 3674//4165 3673//4165 
f 3671//4165 3649//4165 3604//4165 
o mesh175
f 3675//4166 3674//4166 3567//4166 
f 3567//4166 3570//4166 3675//4166 
o mesh176
f 3676//4167 3677//4167 3678//4168 
f 3679//4168 3678//4168 3680//4169 
f 3681//4169 3680//4169 3682//4170 
f 3683//4170 3682//4170 3684//4171 
f 3685//4171 3684//4171 3686//4172 
f 3687//4172 3686//4172 3688//4173 
f 3689//4173 3688//4173 3690//4174 
f 3691//4174 3690//4174 3692//4175 
f 3693//4175 3692//4175 3694//4176 
f 3695//4176 3694//4176 3696//4177 
f 3697//4177 3696//4177 3698//4178 
f 3699//4178 3698//4178 3700//4179 
f 3701//4179 3700//4179 3702//4180 
f 3703//4180 3702//4180 3704//4181 
f 3705//4181 3704//4181 3706//4182 
f 3707//4182 3706//4182 3675//4183 
f 3675//4183 3570//4183 3707//4182 
f 3706//4182 3707//4182 3705//4181 
f 3704//4181 3705//4181 3703//4180 
f 3702//4180 3703//4180 3701//4179 
f 3700//4179 3701//4179 3699//4178 
f 3698//4178 3699//4178 3697//4177 
f 3696//4177 3697//4177 3695//4176 
f 3694//4176 3695//4176 3693//4175 
f 3692//4175 3693//4175 3691//4174 
f 3690//4174 3691//4174 3689//4173 
f 3688//4173 3689//4173 3687//4172 
f 3686//4172 3687//4172 3685//4171 
f 3684//4171 3685//4171 3683//4170 
f 3682//4170 3683//4170 3681//4169 
f 3680//4169 3681//4169 3679//4168 
f 3678//4168 3679//4168 3676//4167 
o mesh177
f 3702//4184 3686//4184 3684//4184 
f 3702//4184 3694//4184 3692//4184 
f 3702//4184 3698//4184 3696//4184 
f 3708//4184 3709//4184 3710//4184 
f 3702//4184 3688//4184 3686//4184 
f 3692//4184 3690//4184 3702//4184 
f 3702//4184 3700//4184 3698//4184 
f 3708//4184 3711//4184 3712//4184 
f 3708//4184 3713//4184 3709//4184 
f 3714//4184 3715//4184 3716//4184 
f 3684//4184 3682//4184 3702//4184 
f 3696//4184 3694//4184 3702//4184 
f 3710//4184 3711//4184 3708//4184 
f 3714//4184 3717//4184 3718//4184 
f 3714//4184 3719//4184 3715//4184 
f 3690//4184 3688//4184 3702//4184 
f 3680//4184 3706//4184 3704//4184 
f 3712//4184 3720//4184 3708//4184 
f 3716//4184 3717//4184 3714//4184 
f 3704//4184 3702//4184 3680//4184 
f 3718//4184 3708//4184 3714//4184 
f 3714//4184 3721//4184 3722//4184 
f 3682//4184 3680//4184 3702//4184 
f 3722//4184 3719//4184 3714//4184 
f 3678//4184 3675//4184 3706//4184 
f 3720//4184 3714//4184 3708//4184 
f 3723//4184 3675//4184 3677//4184 
f 3680//4184 3678//4184 3706//4184 
f 3723//4184 3724//4184 3721//4184 
f 3678//4184 3677//4184 3675//4184 
f 3674//4184 3675//4184 3723//4184 
f 3677//4184 3724//4184 3723//4184 
f 3714//4184 3723//4184 3721//4184 
f 3723//4184 3673//4184 3674//4184 
o mesh178
f 3672//4185 3723//4185 3714//4186 
f 3725//4186 3714//4186 3720//4187 
f 3726//4187 3720//4187 3712//4188 
f 3727//4188 3712//4188 3711//4189 
f 3728//4189 3711//4189 3710//4190 
f 3729//4190 3710//4190 3709//4191 
f 3730//4191 3709//4191 3713//4192 
f 3731//4192 3713//4192 3708//4193 
f 3732//4193 3708//4193 3718//4194 
f 3733//4194 3718//4194 3717//4195 
f 3734//4195 3717//4195 3716//4196 
f 3735//4196 3716//4196 3715//4197 
f 3736//4197 3715//4197 3719//4198 
f 3737//4198 3719//4198 3722//4199 
f 3738//4199 3722//4199 3721//4200 
f 3739//4200 3721//4200 3724//4201 
f 3724//4201 3740//4201 3739//4200 
f 3721//4200 3739//4200 3738//4199 
f 3722//4199 3738//4199 3737//4198 
f 3719//4198 3737//4198 3736//4197 
f 3715//4197 3736//4197 3735//4196 
f 3716//4196 3735//4196 3734//4195 
f 3717//4195 3734//4195 3733//4194 
f 3718//4194 3733//4194 3732//4193 
f 3708//4193 3732//4193 3731//4192 
f 3713//4192 3731//4192 3730//4191 
f 3709//4191 3730//4191 3729//4190 
f 3710//4190 3729//4190 3728//4189 
f 3711//4189 3728//4189 3727//4188 
f 3712//4188 3727//4188 3726//4187 
f 3720//4187 3726//4187 3725//4186 
f 3714//4186 3725//4186 3672//4185 
o mesh179
f 3673//4202 3723//4202 3672//4202 
f 3672//4202 3671//4202 3673//4202 
o mesh180
f 3724//4201 3677//4201 3676//4201 
f 3676//4201 3740//4201 3724//4201 
o mesh181
f 3740//4203 3676//4203 3741//4203 
f 3741//4203 3742//4203 3740//4203 
o mesh182
f 3707//4204 3570//4205 3618//4206 
f 3705//4207 3707//4204 3743//4208 
f 3743//4208 3744//4209 3705//4207 
f 3703//4210 3705//4207 3745//4211 
f 3745//4211 3746//4212 3703//4210 
f 3701//4213 3747//4214 3748//4215 
f 3701//4213 3703//4210 3749//4216 
f 3749//4216 3747//4214 3701//4213 
f 3699//4217 3701//4213 3750//4218 
f 3750//4218 3751//4219 3699//4217 
f 3697//4220 3752//4221 3753//4222 
f 3697//4220 3699//4217 3754//4223 
f 3754//4223 3752//4221 3697//4220 
f 3695//4224 3697//4220 3755//4225 
f 3755//4225 3756//4226 3695//4224 
f 3693//4227 3757//4228 3758//4229 
f 3693//4227 3695//4224 3759//4230 
f 3759//4230 3757//4228 3693//4227 
f 3691//4231 3760//4232 3761//4233 
f 3760//4232 3762//4234 3761//4233 
f 3691//4231 3693//4227 3763//4235 
f 3763//4235 3760//4232 3691//4231 
f 3689//4236 3764//4237 3765//4238 
f 3764//4237 3766//4239 3765//4238 
f 3689//4236 3691//4231 3767//4240 
f 3767//4240 3764//4237 3689//4236 
f 3687//4241 3768//4242 3769//4243 
f 3687//4241 3689//4236 3770//4244 
f 3770//4244 3768//4242 3687//4241 
f 3769//4243 3771//4245 3687//4241 
f 3685//4246 3772//4247 3773//4248 
f 3685//4246 3687//4241 3774//4249 
f 3774//4249 3772//4247 3685//4246 
f 3773//4248 3775//4250 3685//4246 
f 3683//4251 3685//4246 3776//4252 
f 3776//4252 3777//4253 3683//4251 
f 3777//4253 3778//4254 3683//4251 
f 3778//4254 3779//4255 3683//4251 
f 3780//4256 3781//4257 3794//4258 
f 3681//4259 3782//4260 3794//4258 
f 3794//4258 3783//4261 3681//4259 
f 3794//4258 3784//4262 3783//4261 
f 3794//4258 3781//4257 3784//4262 
f 3783//4261 3785//4263 3681//4259 
f 3681//4259 3683//4251 3786//4264 
f 3786//4264 3787//4265 3681//4259 
f 3787//4265 3782//4260 3681//4259 
f 3679//4266 3788//4267 3789//4268 
f 3679//4266 3790//4269 3791//4270 
f 3791//4270 3788//4267 3679//4266 
f 3679//4266 3681//4259 3785//4263 
f 3785//4263 3790//4269 3679//4266 
f 3676//4271 3679//4266 3792//4272 
f 3792//4272 3793//4273 3676//4271 
f 3793//4273 3741//4274 3676//4271 
f 3789//4268 3792//4272 3679//4266 
f 3794//4258 3782//4260 3780//4256 
f 3779//4255 3786//4264 3683//4251 
f 3775//4250 3776//4252 3685//4246 
f 3771//4245 3774//4249 3687//4241 
f 3765//4238 3770//4244 3689//4236 
f 3761//4233 3767//4240 3691//4231 
f 3758//4229 3763//4235 3693//4227 
f 3756//4226 3759//4230 3695//4224 
f 3753//4222 3755//4225 3697//4220 
f 3751//4219 3754//4223 3699//4217 
f 3748//4215 3750//4218 3701//4213 
f 3746//4212 3749//4216 3703//4210 
f 3744//4209 3745//4211 3705//4207 
f 3618//4206 3743//4208 3707//4204 
o mesh183
f 3795//4275 3763//4276 3758//4277 
f 3758//4277 3796//4278 3795//4275 
f 3795//4275 3760//4279 3763//4276 
f 3797//4280 3741//4281 3793//4282 
f 3798//4283 3799//4284 3750//4285 
f 3799//4284 3751//4286 3750//4285 
f 3800//4287 3801//4288 3755//4289 
f 3755//4289 3753//4290 3800//4287 
f 3801//4288 3756//4291 3755//4289 
f 3796//4278 3757//4292 3759//4293 
f 3756//4291 3801//4288 3802//4294 
f 3802//4294 3759//4293 3756//4291 
f 3800//4287 3752//4295 3754//4296 
f 3751//4286 3799//4284 3803//4297 
f 3803//4297 3754//4296 3751//4286 
f 3832//4298 3775//4299 3773//4300 
f 3804//4301 3805//4302 3832//4298 
f 3832//4298 3772//4303 3804//4301 
f 3806//4304 3781//4305 3780//4306 
f 3780//4306 3807//4307 3806//4304 
f 3791//4308 3790//4309 3808//4310 
f 3809//4311 3789//4312 3788//4313 
f 3810//4314 3792//4315 3789//4312 
f 3810//4314 3793//4282 3792//4315 
f 3788//4313 3791//4308 3811//4316 
f 3812//4317 3813//4318 3783//4319 
f 3790//4309 3785//4320 3814//4321 
f 3813//4318 3814//4321 3785//4320 
f 3785//4320 3783//4319 3813//4318 
f 3806//4304 3812//4317 3784//4322 
f 3833//4323 3834//4324 3815//4325 
f 3816//4326 3787//4327 3786//4328 
f 3779//4329 3817//4330 3818//4331 
f 3818//4331 3786//4328 3779//4329 
f 3782//4332 3787//4327 3816//4326 
f 3817//4330 3779//4329 3833//4323 
f 3779//4329 3778//4333 3833//4323 
f 3805//4302 3815//4325 3834//4324 
f 3833//4323 3778//4333 3777//4334 
f 3832//4298 3834//4324 3776//4335 
f 3834//4324 3777//4334 3776//4335 
f 3819//4336 3765//4337 3766//4338 
f 3766//4338 3820//4339 3819//4336 
f 3821//4340 3822//4341 3769//4342 
f 3822//4341 3771//4343 3769//4342 
f 3804//4301 3772//4303 3774//4344 
f 3771//4343 3822//4341 3823//4345 
f 3823//4345 3774//4344 3771//4343 
f 3821//4340 3768//4346 3770//4347 
f 3770//4347 3824//4348 3821//4340 
f 3765//4337 3819//4336 3824//4348 
f 3761//4349 3762//4350 3825//4351 
f 3795//4275 3825//4351 3762//4350 
f 3762//4350 3760//4279 3795//4275 
f 3820//4339 3764//4352 3767//4353 
f 3767//4353 3826//4354 3820//4339 
f 3827//4355 3744//4356 3743//4357 
f 3827//4355 3828//4358 3745//4359 
f 3828//4358 3746//4360 3745//4359 
f 3746//4360 3828//4358 3829//4361 
f 3798//4283 3747//4362 3749//4363 
f 3798//4283 3748//4364 3747//4362 
f 3749//4363 3829//4361 3798//4283 
f 3829//4361 3749//4363 3746//4360 
f 3745//4359 3744//4356 3827//4355 
f 3743//4357 3618//4365 3827//4355 
f 3767//4353 3761//4349 3826//4354 
f 3825//4351 3826//4354 3761//4349 
f 3770//4347 3765//4337 3824//4348 
f 3774//4344 3823//4345 3804//4301 
f 3769//4342 3768//4346 3821//4340 
f 3766//4338 3764//4352 3820//4339 
f 3776//4335 3775//4299 3832//4298 
f 3777//4334 3834//4324 3833//4323 
f 3834//4324 3832//4298 3805//4302 
f 3833//4323 3830//4366 3817//4330 
f 3816//4326 3807//4307 3782//4332 
f 3786//4328 3818//4331 3816//4326 
f 3815//4325 3830//4366 3833//4323 
f 3784//4322 3781//4305 3806//4304 
f 3814//4321 3808//4310 3790//4309 
f 3783//4319 3784//4322 3812//4317 
f 3811//4316 3831//4367 3788//4313 
f 3789//4312 3809//4311 3810//4314 
f 3788//4313 3831//4367 3809//4311 
f 3808//4310 3811//4316 3791//4308 
f 3780//4306 3782//4332 3807//4307 
f 3773//4300 3772//4303 3832//4298 
f 3754//4296 3803//4297 3800//4287 
f 3759//4293 3802//4294 3796//4278 
f 3753//4290 3752//4295 3800//4287 
f 3750//4285 3748//4364 3798//4283 
f 3793//4282 3810//4314 3797//4280 
f 3758//4277 3757//4292 3796//4278 
o mesh184
f 3668//4368 3835//4368 3836//4368 
f 3668//4368 3837//4368 3835//4368 
f 3838//4368 3836//4368 3839//4368 
f 3668//4368 3670//4368 3837//4368 
f 3836//4368 3838//4368 3668//4368 
f 3840//4368 3841//4368 3842//4368 
f 3841//4368 3843//4368 3844//4368 
f 3845//4368 3846//4368 3847//4368 
f 3848//4368 3849//4368 3850//4368 
f 3851//4368 3836//4368 3852//4368 
f 3839//4368 3853//4368 3838//4368 
f 3811//4368 3800//4368 3803//4368 
f 3811//4368 3798//4368 3829//4368 
f 3830//4368 3815//4368 3805//4368 
f 3807//4368 3817//4368 3830//4368 
f 3842//4368 3854//4368 3840//4368 
f 3841//4368 3848//4368 3843//4368 
f 3847//4368 3855//4368 3856//4368 
f 3845//4368 3857//4368 3846//4368 
f 3848//4368 3858//4368 3849//4368 
f 3848//4368 3841//4368 3859//4368 
f 3668//4368 3838//4368 3860//4368 
f 3836//4368 3851//4368 3839//4368 
f 3803//4368 3799//4368 3811//4368 
f 3829//4368 3828//4368 3811//4368 
f 3811//4368 3796//4368 3802//4368 
f 3830//4368 3804//4368 3807//4368 
f 3817//4368 3807//4368 3816//4368 
f 3804//4368 3813//4368 3812//4368 
f 3808//4368 3814//4368 3813//4368 
f 3667//4368 3668//4368 3861//4368 
f 3841//4368 3862//4368 3863//4368 
f 3844//4368 3842//4368 3841//4368 
f 3847//4368 3848//4368 3845//4368 
f 3859//4368 3858//4368 3848//4368 
f 3668//4368 3864//4368 3865//4368 
f 3852//4368 3866//4368 3851//4368 
f 3866//4368 3852//4368 3867//4368 
f 3811//4368 3827//4368 3618//4368 
f 3828//4368 3827//4368 3811//4368 
f 3811//4368 3795//4368 3796//4368 
f 3811//4368 3826//4368 3825//4368 
f 3811//4368 3804//4368 3823//4368 
f 3816//4368 3818//4368 3817//4368 
f 3813//4368 3804//4368 3808//4368 
f 3668//4368 3868//4368 3861//4368 
f 3668//4368 3869//4368 3870//4368 
f 3840//4368 3862//4368 3841//4368 
f 3850//4368 3845//4368 3848//4368 
f 3865//4368 3869//4368 3668//4368 
f 3867//4368 3871//4368 3866//4368 
f 3799//4368 3798//4368 3811//4368 
f 3825//4368 3795//4368 3811//4368 
f 3811//4368 3819//4368 3820//4368 
f 3811//4368 3821//4368 3824//4368 
f 3823//4368 3822//4368 3811//4368 
f 3804//4368 3806//4368 3807//4368 
f 3804//4368 3811//4368 3808//4368 
f 3861//4368 3797//4368 3667//4368 
f 3870//4368 3872//4368 3668//4368 
f 3856//4368 3848//4368 3847//4368 
f 3860//4368 3864//4368 3668//4368 
f 3811//4368 3801//4368 3800//4368 
f 3820//4368 3826//4368 3811//4368 
f 3822//4368 3821//4368 3811//4368 
f 3812//4368 3806//4368 3804//4368 
f 3667//4368 3809//4368 3831//4368 
f 3872//4368 3868//4368 3668//4368 
f 3865//4368 3841//4368 3869//4368 
f 3802//4368 3801//4368 3811//4368 
f 3805//4368 3804//4368 3830//4368 
f 3667//4368 3810//4368 3809//4368 
f 3863//4368 3869//4368 3841//4368 
f 3824//4368 3819//4368 3811//4368 
f 3797//4368 3810//4368 3667//4368 
f 3831//4368 3811//4368 3667//4368 
f 3618//4368 3667//4368 3811//4368 
o mesh185
f 3740//4369 3742//4369 3873//4370 
f 3873//4370 3739//4371 3740//4369 
f 3874//4372 3875//4373 3925//4374 
f 3738//4375 3876//4376 3925//4374 
f 3738//4375 3877//4377 3876//4376 
f 3925//4374 3875//4373 3738//4375 
f 3876//4376 3878//4378 3925//4374 
f 3739//4371 3879//4379 3880//4380 
f 3880//4380 3738//4375 3739//4371 
f 3880//4380 3877//4377 3738//4375 
f 3737//4381 3881//4382 3882//4383 
f 3737//4381 3883//4384 3884//4385 
f 3884//4385 3885//4386 3737//4381 
f 3885//4386 3881//4382 3737//4381 
f 3738//4375 3875//4373 3883//4384 
f 3883//4384 3737//4381 3738//4375 
f 3736//4387 3886//4388 3887//4389 
f 3887//4389 3888//4390 3736//4387 
f 3737//4381 3889//4391 3886//4388 
f 3737//4381 3890//4392 3889//4391 
f 3886//4388 3736//4387 3737//4381 
f 3735//4393 3891//4394 3892//4395 
f 3736//4387 3893//4396 3891//4394 
f 3736//4387 3894//4397 3893//4396 
f 3891//4394 3735//4393 3736//4387 
f 3734//4398 3895//4399 3896//4400 
f 3735//4393 3897//4401 3895//4399 
f 3895//4399 3734//4398 3735//4393 
f 3896//4400 3898//4402 3734//4398 
f 3733//4403 3899//4404 3900//4405 
f 3899//4404 3901//4406 3900//4405 
f 3734//4398 3902//4407 3899//4404 
f 3899//4404 3733//4403 3734//4398 
f 3732//4408 3903//4409 3904//4410 
f 3733//4403 3905//4411 3903//4409 
f 3903//4409 3732//4408 3733//4403 
f 3904//4410 3906//4412 3732//4408 
f 3732//4408 3907//4413 3908//4414 
f 3732//4408 3909//4415 3907//4413 
f 3908//4414 3731//4416 3732//4408 
f 3731//4416 3910//4417 3911//4418 
f 3911//4418 3730//4419 3731//4416 
f 3730//4419 3912//4420 3913//4421 
f 3730//4419 3914//4422 3912//4420 
f 3913//4421 3729//4423 3730//4419 
f 3729//4423 3915//4424 3916//4425 
f 3916//4425 3728//4426 3729//4423 
f 3727//4427 3917//4428 3918//4429 
f 3918//4429 3919//4430 3727//4427 
f 3727//4427 3920//4431 3917//4428 
f 3727//4427 3919//4430 3921//4432 
f 3921//4432 3726//4433 3727//4427 
f 3726//4433 3922//4434 3923//4435 
f 3923//4435 3725//4436 3726//4433 
f 3725//4436 3924//4437 3670//4438 
f 3670//4438 3672//4439 3725//4436 
f 3923//4435 3924//4437 3725//4436 
f 3921//4432 3922//4434 3726//4433 
f 3727//4427 3728//4426 3920//4431 
f 3916//4425 3920//4431 3728//4426 
f 3913//4421 3915//4424 3729//4423 
f 3911//4418 3914//4422 3730//4419 
f 3908//4414 3910//4417 3731//4416 
f 3906//4412 3909//4415 3732//4408 
f 3900//4405 3905//4411 3733//4403 
f 3898//4402 3902//4407 3734//4398 
f 3892//4395 3897//4401 3735//4393 
f 3888//4390 3894//4397 3736//4387 
f 3882//4383 3890//4392 3737//4381 
f 3925//4374 3878//4378 3874//4372 
f 3873//4370 3879//4379 3739//4371 
o mesh186
f 3742//4440 3741//4440 3797//4440 
f 3797//4440 3861//4440 3742//4440 
o mesh187
f 3838//4441 3906//4442 3904//4443 
f 3904//4443 3860//4444 3838//4441 
f 3903//4445 3864//4446 3860//4444 
f 3926//4447 3847//4448 3846//4449 
f 3899//4450 3902//4451 3859//4452 
f 3858//4453 3859//4452 3902//4451 
f 3902//4451 3898//4454 3858//4453 
f 3865//4455 3864//4446 3905//4456 
f 3864//4446 3903//4445 3905//4456 
f 3865//4455 3900//4457 3901//4458 
f 3901//4458 3841//4459 3865//4455 
f 3845//4460 3850//4461 3897//4462 
f 3850//4461 3895//4463 3897//4462 
f 3897//4462 3892//4464 3845//4460 
f 3858//4453 3898//4454 3896//4465 
f 3896//4465 3849//4466 3858//4453 
f 3892//4464 3891//4467 3857//4468 
f 3857//4468 3891//4467 3927//4469 
f 3927//4469 3846//4449 3857//4468 
f 3884//4470 3840//4471 3854//4472 
f 3854//4472 3885//4473 3884//4470 
f 3848//4474 3856//4475 3928//4476 
f 3928//4476 3886//4477 3848//4474 
f 3926//4447 3928//4476 3855//4478 
f 3928//4476 3856//4475 3855//4478 
f 3927//4469 3891//4467 3893//4479 
f 3893//4479 3926//4447 3927//4469 
f 3893//4479 3894//4480 3926//4447 
f 3888//4481 3887//4482 3928//4476 
f 3881//4483 3844//4484 3843//4485 
f 3848//4474 3886//4477 3889//4486 
f 3889//4486 3843//4485 3848//4474 
f 3889//4486 3890//4487 3843//4485 
f 3881//4483 3885//4473 3842//4488 
f 3877//4489 3870//4490 3869//4491 
f 3863//4492 3875//4493 3874//4494 
f 3862//4495 3883//4496 3875//4493 
f 3875//4493 3863//4492 3862//4495 
f 3883//4496 3862//4495 3840//4471 
f 3876//4497 3869//4491 3863//4492 
f 3868//4498 3872//4499 3880//4500 
f 3880//4500 3879//4501 3868//4498 
f 3880//4500 3872//4499 3870//4490 
f 3873//4502 3742//4503 3861//4504 
f 3867//4505 3916//4506 3915//4507 
f 3915//4507 3871//4508 3867//4505 
f 3913//4509 3866//4510 3871//4508 
f 3852//4511 3917//4512 3920//4513 
f 3920//4513 3867//4505 3852//4511 
f 3851//4514 3911//4515 3910//4516 
f 3910//4516 3839//4517 3851//4514 
f 3866//4510 3912//4518 3914//4519 
f 3866//4510 3913//4509 3912//4518 
f 3914//4519 3851//4514 3866//4510 
f 3838//4441 3853//4520 3907//4521 
f 3853//4520 3908//4522 3907//4521 
f 3907//4521 3909//4523 3838//4441 
f 3909//4523 3906//4442 3838//4441 
f 3837//4524 3670//4525 3924//4526 
f 3837//4524 3923//4527 3922//4528 
f 3922//4528 3835//4529 3837//4524 
f 3917//4512 3852//4511 3836//4530 
f 3836//4530 3919//4531 3918//4532 
f 3836//4530 3835//4529 3921//4533 
f 3921//4533 3919//4531 3836//4530 
f 3836//4530 3918//4532 3917//4512 
f 3922//4528 3921//4533 3835//4529 
f 3924//4526 3923//4527 3837//4524 
f 3853//4520 3839//4517 3908//4522 
f 3914//4519 3911//4515 3851//4514 
f 3910//4516 3908//4522 3839//4517 
f 3920//4513 3916//4506 3867//4505 
f 3915//4507 3913//4509 3871//4508 
f 3861//4504 3868//4498 3873//4502 
f 3870//4490 3877//4489 3880//4500 
f 3879//4501 3873//4502 3868//4498 
f 3863//4492 3878//4534 3876//4497 
f 3840//4471 3884//4470 3883//4496 
f 3874//4494 3878//4534 3863//4492 
f 3869//4491 3876//4497 3877//4489 
f 3842//4488 3844//4484 3881//4483 
f 3890//4487 3882//4535 3843//4485 
f 3843//4485 3882//4535 3881//4483 
f 3928//4476 3926//4447 3888//4481 
f 3894//4480 3888//4481 3926//4447 
f 3855//4478 3847//4448 3926//4447 
f 3928//4476 3887//4482 3886//4477 
f 3854//4472 3842//4488 3885//4473 
f 3857//4468 3845//4460 3892//4464 
f 3896//4465 3895//4463 3849//4466 
f 3850//4461 3849//4466 3895//4463 
f 3901//4458 3899//4450 3841//4459 
f 3905//4456 3900//4457 3865//4455 
f 3859//4452 3841//4459 3899//4450 
f 3846//4449 3927//4469 3926//4447 
f 3904//4443 3903//4445 3860//4444 
g Part 3
v 0.0063 0.055 0.02 
v 0.0063 0.055 -0.02 
v 0.0063 0.0557 -0.02 
v 0.0063 0.0557 0.02 
v 0.007 0.05475 0.02 
v 0.007 0.05475 -0.02 
v 0.007 0.05405 0.02 
v 0.007 0.05405 -0.02 
v 0.0063 0.0538 0.02 
v 0.0063 0.0538 -0.02 
v 0.0063 0.0531 0.02 
v 0.0063 0.0531 -0.02 
v 0.007 0.05285 0.02 
v 0.007 0.05285 -0.02 
v 0.007 0.05215 0.02 
v 0.007 0.05215 -0.02 
v 0.0063 0.0519 0.02 
v 0.0063 0.0519 -0.02 
v 0.0063 0.0512 0.02 
v 0.0063 0.0512 -0.02 
v 0.007 0.05095 0.02 
v 0.007 0.05095 -0.02 
v 0.007 0.05025 0.02 
v 0.007 0.05025 -0.02 
v 0.0063 0.05 0.02 
v 0.0063 0.05 -0.02 
v 0.0063 0.0493 0.02 
v 0.0063 0.0493 -0.02 
v 0.007 0.04905 0.02 
v 0.007 0.04905 -0.02 
v 0.007 0.04835 0.02 
v 0.007 0.04835 -0.02 
v 0.0063 0.0481 0.02 
v 0.0063 0.0481 -0.02 
v 0.0063 0.0474 0.02 
v 0.0063 0.0474 -0.02 
v 0.007 0.04715 0.02 
v 0.007 0.04715 -0.02 
v 0.007 0.04645 0.02 
v 0.007 0.04645 -0.02 
v 0.0063 0.0462 0.02 
v 0.0063 0.0462 -0.02 
v 0.0063 0.0455 0.02 
v 0.0063 0.0455 -0.02 
v 0.007 0.04525 0.02 
v 0.007 0.04525 -0.02 
v 0.007 0.04455 0.02 
v 0.007 0.04455 -0.02 
v 0.0063 0.0443 0.02 
v 0.0063 0.0443 -0.02 
v 0.0063 0.0436 0.02 
v 0.0063 0.0436 -0.02 
v 0.007 0.04335 0.02 
v 0.007 0.04335 -0.02 
v 0.007 0.04265 0.02 
v 0.007 0.04265 -0.02 
v 0.0063 0.0424 0.02 
v 0.0063 0.0424 -0.02 
v 0.0063 0.0417 0.02 
v 0.0063 0.0417 -0.02 
v 0.007 0.04145 0.02 
v 0.007 0.04145 -0.02 
v 0.007 0.04075 0.02 
v 0.007 0.04075 -0.02 
v 0.0063 0.0405 0.02 
v 0.0063 0.0405 -0.02 
v 0.0063 0.0398 0.02 
v 0.0063 0.0398 -0.02 
v 0.007 0.03955 0.02 
v 0.007 0.03955 -0.02 
v 0.007 0.03885 0.02 
v 0.007 0.03885 -0.02 
v 0.0063 0.0386 0.02 
v 0.0063 0.0386 -0.02 
v 0.0063 0.0379 0.02 
v 0.0063 0.0379 -0.02 
v 0.007 0.03765 0.02 
v 0.007 0.03765 -0.02 
v 0.007 0.03695 0.02 
v 0.007 0.03695 -0.02 
v 0.0063 0.0367 0.02 
v 0.0063 0.0367 -0.02 
v 0.0063 0.036 0.02 
v 0.0063 0.036 -0.02 
v 0.007 0.03575 0.02 
v 0.007 0.03575 -0.02 
v 0.007 0.03505 0.02 
v 0.007 0.03505 -0.02 
v 0.0063 0.0348 0.02 
v 0.0063 0.0348 -0.02 
v 0.0063 0.0341 0.02 
v 0.0063 0.0341 -0.02 
v 0.007 0.03385 0.02 
v 0.007 0.03385 -0.02 
v 0.007 0.03315 0.02 
v 0.007 0.03315 -0.02 
v 0.0063 0.0329 0.02 
v 0.0063 0.0329 -0.02 
v 0.0063 0.0322 0.02 
v 0.0063 0.0322 -0.02 
v 0.007 0.03195 0.02 
v 0.007 0.03195 -0.02 
v 0.007 0.03125 0.02 
v 0.007 0.03125 -0.02 
v 0.0063 0.031 0.02 
v 0.0063 0.031 -0.02 
v 0.0063 0.0303 0.02 
v 0.0063 0.0303 -0.02 
v 0.007 0.03005 0.02 
v 0.007 0.03005 -0.02 
v 0.007 0.02935 0.02 
v 0.007 0.02935 -0.02 
v 0.0063 0.0291 0.02 
v 0.0063 0.0291 -0.02 
v 0.0063 0.0284 0.02 
v 0.0063 0.0284 -0.02 
v 0.007 0.02815 0.02 
v 0.007 0.02815 -0.02 
v 0.007 0.02745 0.02 
v 0.007 0.02745 -0.02 
v 0.0063 0.0272 0.02 
v 0.0063 0.0272 -0.02 
v 0.0063 0.027 0.02 
v 0.0063 0.027 -0.02 
v 0.005 0.027 0.02 
v 0.005 0.027 -0.02 
v 0.007 0.05595 0.02 
v 0.007 0.05595 -0.02 
v 0.007 0.05665 0.02 
v 0.007 0.05665 -0.02 
v 0.0063 0.0569 0.02 
v 0.0063 0.0569 -0.02 
v 0.0063 0.057 0.02 
v 0.0063 0.057 -0.02 
v 0.0042 0.057 -0.02 
v 0.0042 0.057 0.02 
v 0.004 0.026 0.02 
v 0.004 0.026 -0.02 
v 0.004 0.0495 0.02 
v 0.00377128 0.0509 0.02 
v 0.00358885 0.0506191 0.02 
v 0.00392335 0.0511984 0.02 
v 0.0042 0.0525 0.02 
v 0.00314122 0.0501219 0.02 
v 0.00288091 0.0499111 0.02 
v 0.00404338 0.0515111 0.02 
v 0.00337806 0.0503588 0.02 
v 0.00418247 0.0521655 0.02 
v 0.0026 0.0497287 0.02 
v 0.00230156 0.0495767 0.02 
v 0.00413007 0.0518347 0.02 
v 0.00211355 0.0495 0.02 
v 0.004 0.0568 0.0198 
v 0.004 0.0525 0.0198 
v 0.004 0.0568 -0.0198 
v 0.004 0.0495 -0.02 
v 0.00314122 0.0501219 -0.02 
v 0.00288091 0.0499111 -0.02 
v 0.0026 0.0497287 -0.02 
v 0.00211355 0.0495 -0.02 
v 0.00230156 0.0495767 -0.02 
v 0.00337806 0.0503588 -0.02 
v 0.00358885 0.0506191 -0.02 
v 0.00377128 0.0509 -0.02 
v 0.00392335 0.0511984 -0.02 
v 0.00418247 0.0521655 -0.02 
v 0.0042 0.0525 -0.02 
v 0.00413007 0.0518347 -0.02 
v 0.00404338 0.0515111 -0.02 
v 0.004 0.0525 -0.0198 
v 0.00131359 0.0495164 -0.0198 
v 0.001 0.0495 -0.0198 
v 0.001 0.0495 0.0198 
v 0.00162374 0.0495656 -0.0198 
v 0.00131359 0.0495164 0.0198 
v 0.00192705 0.0496468 -0.0198 
v 0.00162374 0.0495656 0.0198 
v 0.00222021 0.0497594 -0.0198 
v 0.00192705 0.0496468 0.0198 
v 0.0025 0.0499019 -0.0198 
v 0.00222021 0.0497594 0.0198 
v 0.00276336 0.0500729 -0.0198 
v 0.0025 0.0499019 0.0198 
v 0.00300739 0.0502706 -0.0198 
v 0.00276336 0.0500729 0.0198 
v 0.00322943 0.0504926 -0.0198 
v 0.00300739 0.0502706 0.0198 
v 0.00342705 0.0507366 -0.0198 
v 0.00322943 0.0504926 0.0198 
v 0.00359808 0.051 -0.0198 
v 0.00342705 0.0507366 0.0198 
v 0.00374064 0.0512798 -0.0198 
v 0.00359808 0.051 0.0198 
v 0.00385317 0.0515729 -0.0198 
v 0.00374064 0.0512798 0.0198 
v 0.00393444 0.0518763 -0.0198 
v 0.00385317 0.0515729 0.0198 
v 0.00398357 0.0521864 -0.0198 
v 0.00393444 0.0518763 0.0198 
v 0.00398357 0.0521864 0.0198 
v 0.00197476 0.0495 -0.0199544 
v 0.00163767 0.0495 -0.019867 
v 0.00131531 0.0495 -0.0198165 
v 0.00131531 0.0495 0.0198165 
v 0.00163767 0.0495 0.019867 
v 0.00197476 0.0495 0.0199544 
v 0 0.0495 0.0215 
v 0 0.0495 -0.0215 
v 0.004 0.0495 0.0215 
v 0.004 0.0495 -0.0215 
v 0.004 0.049 -0.022 
v 0 0.049 -0.022 
v 0 0.0490523 -0.0219973 
v 0.004 0.0490523 -0.0219973 
v 0 0.049104 -0.0219891 
v 0.004 0.049104 -0.0219891 
v 0 0.0491545 -0.0219755 
v 0.004 0.0491545 -0.0219755 
v 0 0.0492034 -0.0219568 
v 0.004 0.0492034 -0.0219568 
v 0 0.04925 -0.021933 
v 0.004 0.04925 -0.021933 
v 0 0.0492939 -0.0219045 
v 0.004 0.0492939 -0.0219045 
v 0 0.0493346 -0.0218716 
v 0.004 0.0493346 -0.0218716 
v 0 0.0493716 -0.0218346 
v 0.004 0.0493716 -0.0218346 
v 0 0.0494045 -0.0217939 
v 0.004 0.0494045 -0.0217939 
v 0 0.049433 -0.02175 
v 0.004 0.049433 -0.02175 
v 0 0.0494568 -0.0217034 
v 0.004 0.0494568 -0.0217034 
v 0 0.0494755 -0.0216545 
v 0.004 0.0494755 -0.0216545 
v 0 0.0494891 -0.021604 
v 0.004 0.0494891 -0.021604 
v 0 0.0494973 -0.0215523 
v 0.004 0.0494973 -0.0215523 
v 0.004 0.0045 -0.022 
v 0 0.0045 -0.022 
v 0 0.049 0.022 
v 0.004 0.049 0.022 
v 0.004 0.0490523 0.0219973 
v 0 0.0490523 0.0219973 
v 0.004 0.049104 0.0219891 
v 0 0.049104 0.0219891 
v 0.004 0.0491545 0.0219755 
v 0 0.0491545 0.0219755 
v 0.004 0.0492034 0.0219568 
v 0 0.0492034 0.0219568 
v 0.004 0.04925 0.021933 
v 0 0.04925 0.021933 
v 0.004 0.0492939 0.0219045 
v 0 0.0492939 0.0219045 
v 0.004 0.0493346 0.0218716 
v 0 0.0493346 0.0218716 
v 0.004 0.0493716 0.0218346 
v 0 0.0493716 0.0218346 
v 0.004 0.0494045 0.0217939 
v 0 0.0494045 0.0217939 
v 0.004 0.049433 0.02175 
v 0 0.049433 0.02175 
v 0.004 0.0494568 0.0217034 
v 0 0.0494568 0.0217034 
v 0.004 0.0494755 0.0216545 
v 0 0.0494755 0.0216545 
v 0.004 0.0494891 0.021604 
v 0 0.0494891 0.021604 
v 0.004 0.0494973 0.0215523 
v 0 0.0494973 0.0215523 
v 0 0.0045 0.022 
v 0.004 0.0045 0.022 
v 8.64545e-06 0.0045 -0.018251 
v 4.89435e-06 0.0045 -0.0182608 
v 2.18524e-06 0.0045 -0.0182709 
v 5.4781e-07 0.0045 -0.0182812 
v 1.90983e-05 0.0045 -0.0182329 
v 1.33975e-05 0.0045 -0.0182417 
v 0 0.0045 -0.0182917 
v 5.93263e-05 0.0045 -0.0182003 
v 5e-05 0.0045 -0.0182051 
v 3.30869e-05 0.0045 -0.0182174 
v 2.56855e-05 0.0045 -0.0182248 
v 4.12215e-05 0.0045 -0.0182108 
v 7.92088e-05 0.0045 -0.0181939 
v 6.90983e-05 0.0045 -0.0181966 
v 8.95472e-05 0.0045 -0.0181922 
v 0.0001 0.0045 -0.0181917 
v 0.004 0.0045 -0.0181917 
v 0.004 0.0046 -0.0181917 
v 0.0001 0.0046 -0.0181917 
v 8.95472e-05 0.0046 -0.0181922 
v 7.92088e-05 0.0046 -0.0181939 
v 6.90983e-05 0.0046 -0.0181966 
v 5.93263e-05 0.0046 -0.0182003 
v 5e-05 0.0046 -0.0182051 
v 4.12215e-05 0.0046 -0.0182108 
v 3.30869e-05 0.0046 -0.0182174 
v 2.56855e-05 0.0046 -0.0182248 
v 1.90983e-05 0.0046 -0.0182329 
v 1.33975e-05 0.0046 -0.0182417 
v 8.64545e-06 0.0046 -0.018251 
v 4.89435e-06 0.0046 -0.0182608 
v 2.18524e-06 0.0046 -0.0182709 
v 5.4781e-07 0.0046 -0.0182812 
v 0 0.0046 -0.0182917 
v 0.0001 0.00462091 -0.0181906 
v 0.0001 0.00464158 -0.0181873 
v 0.004 0.00462091 -0.0181906 
v 0.0001 0.0046618 -0.0181819 
v 0.004 0.00464158 -0.0181873 
v 0.0001 0.00468135 -0.0181744 
v 0.004 0.0046618 -0.0181819 
v 0.0001 0.0047 -0.0181649 
v 0.004 0.00468135 -0.0181744 
v 0.0001 0.00471756 -0.0181535 
v 0.004 0.0047 -0.0181649 
v 0.0001 0.00473383 -0.0181403 
v 0.004 0.00471756 -0.0181535 
v 0.0001 0.00474863 -0.0181255 
v 0.004 0.00473383 -0.0181403 
v 0.0001 0.0047618 -0.0181092 
v 0.004 0.00474863 -0.0181255 
v 0.0001 0.00477321 -0.0180917 
v 0.004 0.0047618 -0.0181092 
v 0.0001 0.00478271 -0.018073 
v 0.004 0.00477321 -0.0180917 
v 0.0001 0.00479021 -0.0180535 
v 0.004 0.00478271 -0.018073 
v 0.0001 0.00479563 -0.0180333 
v 0.004 0.00479021 -0.0180535 
v 0.0001 0.0047989 -0.0180126 
v 0.004 0.00479563 -0.0180333 
v 0.0001 0.0048 -0.0179917 
v 0.004 0.0047989 -0.0180126 
v 0.004 0.0048 -0.0179917 
v 8.95472e-05 0.00480055 -0.0179917 
v 7.92088e-05 0.00480219 -0.0179917 
v 6.90983e-05 0.00480489 -0.0179917 
v 5.93263e-05 0.00480865 -0.0179917 
v 5e-05 0.0048134 -0.0179917 
v 4.12215e-05 0.0048191 -0.0179917 
v 3.30869e-05 0.00482569 -0.0179917 
v 2.56855e-05 0.00483309 -0.0179917 
v 1.90983e-05 0.00484122 -0.0179917 
v 1.33975e-05 0.00485 -0.0179917 
v 8.64545e-06 0.00485933 -0.0179917 
v 4.89435e-06 0.0048691 -0.0179917 
v 2.18524e-06 0.00487921 -0.0179917 
v 0 0.00463136 -0.01829 
v 0 0.00466237 -0.0182851 
v 0 0.00469271 -0.018277 
v 0 0.00472202 -0.0182657 
v 0 0.00475 -0.0182515 
v 0 0.00477634 -0.0182344 
v 0 0.00480074 -0.0182146 
v 0 0.00482294 -0.0181924 
v 0 0.00484271 -0.018168 
v 0 0.00485981 -0.0181417 
v 0 0.00487406 -0.0181137 
v 0 0.00488532 -0.0180844 
v 0 0.00489344 -0.018054 
v 0 0.00489836 -0.018023 
v 5.4781e-07 0.00488955 -0.0179917 
v 0 0.0049 -0.0179917 
v 8.95472e-05 0.00462096 -0.0181911 
v 8.95472e-05 0.0046417 -0.0181878 
v 8.95472e-05 0.00466197 -0.0181824 
v 8.95472e-05 0.00468157 -0.0181749 
v 8.95472e-05 0.00470027 -0.0181654 
v 8.95472e-05 0.00471788 -0.0181539 
v 8.95472e-05 0.00473419 -0.0181407 
v 8.95472e-05 0.00474904 -0.0181259 
v 8.95472e-05 0.00476225 -0.0181096 
v 8.95472e-05 0.00477368 -0.0180919 
v 8.95472e-05 0.00478321 -0.0180732 
v 8.95472e-05 0.00479073 -0.0180536 
v 8.95472e-05 0.00479617 -0.0180334 
v 8.95472e-05 0.00479945 -0.0180126 
v 7.92088e-05 0.00462113 -0.0181928 
v 7.92088e-05 0.00464204 -0.0181894 
v 7.92088e-05 0.00466248 -0.018184 
v 7.92088e-05 0.00468224 -0.0181764 
v 7.92088e-05 0.00470109 -0.0181668 
v 7.92088e-05 0.00471884 -0.0181552 
v 7.92088e-05 0.00473529 -0.0181419 
v 7.92088e-05 0.00475025 -0.018127 
v 7.92088e-05 0.00476357 -0.0181105 
v 7.92088e-05 0.0047751 -0.0180928 
v 7.92088e-05 0.00478471 -0.0180739 
v 7.92088e-05 0.00479229 -0.0180542 
v 7.92088e-05 0.00479777 -0.0180337 
v 7.92088e-05 0.00480108 -0.0180128 
v 6.90983e-05 0.00462142 -0.0181954 
v 6.90983e-05 0.0046426 -0.0181921 
v 6.90983e-05 0.00466332 -0.0181865 
v 6.90983e-05 0.00468334 -0.0181789 
v 6.90983e-05 0.00470245 -0.0181691 
v 6.90983e-05 0.00472043 -0.0181574 
v 6.90983e-05 0.0047371 -0.0181439 
v 6.90983e-05 0.00475227 -0.0181288 
v 6.90983e-05 0.00476576 -0.0181121 
v 6.90983e-05 0.00477744 -0.0180941 
v 6.90983e-05 0.00478718 -0.018075 
v 6.90983e-05 0.00479487 -0.018055 
v 6.90983e-05 0.00480042 -0.0180343 
v 6.90983e-05 0.00480377 -0.0180131 
v 5.93263e-05 0.00462181 -0.0181992 
v 5.93263e-05 0.00464338 -0.0181958 
v 5.93263e-05 0.00466447 -0.0181901 
v 5.93263e-05 0.00468486 -0.0181823 
v 5.93263e-05 0.00470432 -0.0181724 
v 5.93263e-05 0.00472264 -0.0181605 
v 5.93263e-05 0.00473961 -0.0181467 
v 5.93263e-05 0.00475505 -0.0181313 
v 5.93263e-05 0.0047688 -0.0181143 
v 5.93263e-05 0.00478069 -0.018096 
v 5.93263e-05 0.00479061 -0.0180765 
v 5.93263e-05 0.00479843 -0.0180561 
v 5.93263e-05 0.00480409 -0.0180351 
v 5.93263e-05 0.0048075 -0.0180135 
v 5e-05 0.00462231 -0.0182039 
v 5e-05 0.00464437 -0.0182004 
v 5e-05 0.00466594 -0.0181946 
v 5e-05 0.0046868 -0.0181866 
v 5e-05 0.0047067 -0.0181765 
v 5e-05 0.00472543 -0.0181643 
v 5e-05 0.00474279 -0.0181503 
v 5e-05 0.00475859 -0.0181345 
v 5e-05 0.00477264 -0.0181171 
v 5e-05 0.00478481 -0.0180984 
v 5e-05 0.00479495 -0.0180785 
v 5e-05 0.00480295 -0.0180576 
v 5e-05 0.00480873 -0.018036 
v 5e-05 0.00481223 -0.018014 
v 4.12215e-05 0.0046229 -0.0182096 
v 4.12215e-05 0.00464555 -0.018206 
v 4.12215e-05 0.00466771 -0.0182 
v 4.12215e-05 0.00468912 -0.0181918 
v 4.12215e-05 0.00470955 -0.0181814 
v 4.12215e-05 0.00472878 -0.0181689 
v 4.12215e-05 0.00474661 -0.0181545 
v 4.12215e-05 0.00476282 -0.0181383 
v 4.12215e-05 0.00477725 -0.0181205 
v 4.12215e-05 0.00478974 -0.0181012 
v 4.12215e-05 0.00480016 -0.0180808 
v 4.12215e-05 0.00480837 -0.0180594 
v 4.12215e-05 0.00481431 -0.0180372 
v 4.12215e-05 0.0048179 -0.0180146 
v 3.30869e-05 0.00462359 -0.0182161 
v 3.30869e-05 0.00464692 -0.0182124 
v 3.30869e-05 0.00466974 -0.0182063 
v 3.30869e-05 0.00469179 -0.0181978 
v 3.30869e-05 0.00471284 -0.0181871 
v 3.30869e-05 0.00473265 -0.0181743 
v 3.30869e-05 0.00475101 -0.0181594 
v 3.30869e-05 0.00476772 -0.0181427 
v 3.30869e-05 0.00478258 -0.0181243 
v 3.30869e-05 0.00479545 -0.0181045 
v 3.30869e-05 0.00480617 -0.0180835 
v 3.30869e-05 0.00481464 -0.0180614 
v 3.30869e-05 0.00482075 -0.0180386 
v 3.30869e-05 0.00482445 -0.0180153 
v 2.56855e-05 0.00462436 -0.0182235 
v 2.56855e-05 0.00464846 -0.0182197 
v 2.56855e-05 0.00467203 -0.0182134 
v 2.56855e-05 0.0046948 -0.0182046 
v 2.56855e-05 0.00471654 -0.0181935 
v 2.56855e-05 0.00473701 -0.0181802 
v 2.56855e-05 0.00475597 -0.0181649 
v 2.56855e-05 0.00477322 -0.0181476 
v 2.56855e-05 0.00478857 -0.0181287 
v 2.56855e-05 0.00480186 -0.0181082 
v 2.56855e-05 0.00481294 -0.0180865 
v 2.56855e-05 0.00482168 -0.0180637 
v 2.56855e-05 0.00482799 -0.0180401 
v 2.56855e-05 0.00483181 -0.018016 
v 1.90983e-05 0.00462521 -0.0182316 
v 1.90983e-05 0.00465015 -0.0182276 
v 1.90983e-05 0.00467454 -0.0182211 
v 1.90983e-05 0.00469811 -0.018212 
v 1.90983e-05 0.00472061 -0.0182006 
v 1.90983e-05 0.00474179 -0.0181868 
v 1.90983e-05 0.00476141 -0.0181709 
v 1.90983e-05 0.00477926 -0.0181531 
v 1.90983e-05 0.00479515 -0.0181335 
v 1.90983e-05 0.0048089 -0.0181123 
v 1.90983e-05 0.00482037 -0.0180898 
v 1.90983e-05 0.00482942 -0.0180662 
v 1.90983e-05 0.00483595 -0.0180418 
v 1.90983e-05 0.0048399 -0.0180169 
v 1.33975e-05 0.00462613 -0.0182403 
v 1.33975e-05 0.00465198 -0.0182362 
v 1.33975e-05 0.00467725 -0.0182294 
v 1.33975e-05 0.00470168 -0.0182201 
v 1.33975e-05 0.004725 -0.0182082 
v 1.33975e-05 0.00474695 -0.0181939 
v 1.33975e-05 0.00476728 -0.0181775 
v 1.33975e-05 0.00478579 -0.018159 
v 1.33975e-05 0.00480225 -0.0181386 
v 1.33975e-05 0.00481651 -0.0181167 
v 1.33975e-05 0.00482839 -0.0180934 
v 1.33975e-05 0.00483776 -0.0180689 
v 1.33975e-05 0.00484454 -0.0180437 
v 1.33975e-05 0.00484863 -0.0180178 
v 8.64545e-06 0.00462711 -0.0182496 
v 8.64545e-06 0.00465392 -0.0182453 
v 8.64545e-06 0.00468014 -0.0182383 
v 8.64545e-06 0.00470548 -0.0182286 
v 8.64545e-06 0.00472966 -0.0182163 
v 8.64545e-06 0.00475243 -0.0182015 
v 8.64545e-06 0.00477352 -0.0181844 
v 8.64545e-06 0.00479272 -0.0181652 
v 8.64545e-06 0.0048098 -0.0181441 
v 8.64545e-06 0.00482458 -0.0181213 
v 8.64545e-06 0.00483691 -0.0180972 
v 8.64545e-06 0.00484663 -0.0180718 
v 8.64545e-06 0.00485366 -0.0180456 
v 8.64545e-06 0.00485791 -0.0180188 
v 4.89435e-06 0.00462813 -0.0182593 
v 4.89435e-06 0.00465595 -0.0182549 
v 4.89435e-06 0.00468316 -0.0182476 
v 4.89435e-06 0.00470945 -0.0182375 
v 4.89435e-06 0.00473455 -0.0182247 
v 4.89435e-06 0.00475817 -0.0182094 
v 4.89435e-06 0.00478006 -0.0181917 
v 4.89435e-06 0.00479998 -0.0181717 
v 4.89435e-06 0.00481771 -0.0181498 
v 4.89435e-06 0.00483305 -0.0181262 
v 4.89435e-06 0.00484583 -0.0181011 
v 4.89435e-06 0.00485593 -0.0180748 
v 4.89435e-06 0.00486322 -0.0180476 
v 4.89435e-06 0.00486762 -0.0180198 
v 2.18524e-06 0.00462919 -0.0182694 
v 2.18524e-06 0.00465805 -0.0182648 
v 2.18524e-06 0.00468628 -0.0182572 
v 2.18524e-06 0.00471356 -0.0182467 
v 2.18524e-06 0.0047396 -0.0182335 
v 2.18524e-06 0.00476411 -0.0182176 
v 2.18524e-06 0.00478683 -0.0181992 
v 2.18524e-06 0.00480749 -0.0181785 
v 2.18524e-06 0.00482588 -0.0181558 
v 2.18524e-06 0.0048418 -0.0181313 
v 2.18524e-06 0.00485507 -0.0181052 
v 2.18524e-06 0.00486554 -0.018078 
v 2.18524e-06 0.00487311 -0.0180497 
v 2.18524e-06 0.00487768 -0.0180209 
v 5.4781e-07 0.00463027 -0.0182796 
v 5.4781e-07 0.0046602 -0.0182749 
v 5.4781e-07 0.00468947 -0.018267 
v 5.4781e-07 0.00471777 -0.0182562 
v 5.4781e-07 0.00474477 -0.0182424 
v 5.4781e-07 0.00477019 -0.0182259 
v 5.4781e-07 0.00479374 -0.0182068 
v 5.4781e-07 0.00481518 -0.0181854 
v 5.4781e-07 0.00483425 -0.0181619 
v 5.4781e-07 0.00485076 -0.0181364 
v 5.4781e-07 0.00486451 -0.0181094 
v 5.4781e-07 0.00487538 -0.0180811 
v 5.4781e-07 0.00488322 -0.0180519 
v 5.4781e-07 0.00488796 -0.0180219 
v 0.004 0.0048 0.0179843 
v 0.0001 0.0048 0.0179843 
v 0.004 0.0047989 0.0180052 
v 0.004 0.00479563 0.0180258 
v 0.004 0.0046618 0.0181745 
v 0.004 0.00468135 0.018167 
v 0.004 0.00479021 0.0180461 
v 0.004 0.00473383 0.0181329 
v 0.004 0.00474863 0.0181181 
v 0.004 0.00471756 0.0181461 
v 0.004 0.0047 0.0181575 
v 0.004 0.0045 0.0181843 
v 0.004 0.0046 0.0181843 
v 0.004 0.00464158 0.0181799 
v 0.004 0.00462091 0.0181832 
v 0.004 0.0047618 0.0181018 
v 0.004 0.00477321 0.0180843 
v 0.004 0.00478271 0.0180656 
v 0 0.0045 0.0182843 
v 4.12215e-05 0.0045 0.0182034 
v 5e-05 0.0045 0.0181976 
v 5.4781e-07 0.0045 0.0182738 
v 8.64545e-06 0.0045 0.0182436 
v 1.33975e-05 0.0045 0.0182343 
v 2.18524e-06 0.0045 0.0182635 
v 5.93263e-05 0.0045 0.0181929 
v 6.90983e-05 0.0045 0.0181891 
v 3.30869e-05 0.0045 0.0182099 
v 1.90983e-05 0.0045 0.0182255 
v 2.56855e-05 0.0045 0.0182173 
v 4.89435e-06 0.0045 0.0182534 
v 7.92088e-05 0.0045 0.0181864 
v 8.95472e-05 0.0045 0.0181848 
v 0.0001 0.0045 0.0181843 
v 0.0001 0.0046 0.0181843 
v 0 0.00463136 0.0182826 
v 0 0.0046 0.0182843 
v 0 0.00469271 0.0182696 
v 0 0.00466237 0.0182777 
v 0 0.00475 0.0182441 
v 0 0.00472202 0.0182583 
v 0 0.00480074 0.0182072 
v 0 0.00477634 0.018227 
v 0 0.0049 0.0179843 
v 0 0.00489344 0.0180466 
v 0 0.00488532 0.018077 
v 0 0.00482294 0.018185 
v 0 0.00485981 0.0181343 
v 0 0.00484271 0.0181606 
v 0 0.00489836 0.0180156 
v 0 0.00487406 0.0181063 
v 0.0001 0.0047989 0.0180052 
v 0.0001 0.00479563 0.0180258 
v 0.0001 0.00479021 0.0180461 
v 0.0001 0.00478271 0.0180656 
v 0.0001 0.00477321 0.0180843 
v 0.0001 0.0047618 0.0181018 
v 0.0001 0.00474863 0.0181181 
v 0.0001 0.00473383 0.0181329 
v 0.0001 0.00471756 0.0181461 
v 0.0001 0.0047 0.0181575 
v 0.0001 0.00468135 0.018167 
v 0.0001 0.0046618 0.0181745 
v 0.0001 0.00464158 0.0181799 
v 0.0001 0.00462091 0.0181832 
v 8.95472e-05 0.00480055 0.0179843 
v 7.92088e-05 0.00480219 0.0179843 
v 6.90983e-05 0.00480489 0.0179843 
v 5.93263e-05 0.00480865 0.0179843 
v 5e-05 0.0048134 0.0179843 
v 4.12215e-05 0.0048191 0.0179843 
v 3.30869e-05 0.00482569 0.0179843 
v 2.56855e-05 0.00483309 0.0179843 
v 1.90983e-05 0.00484122 0.0179843 
v 1.33975e-05 0.00485 0.0179843 
v 8.64545e-06 0.00485933 0.0179843 
v 4.89435e-06 0.0048691 0.0179843 
v 2.18524e-06 0.00487921 0.0179843 
v 5.4781e-07 0.00488955 0.0179843 
v 8.95472e-05 0.0046 0.0181848 
v 7.92088e-05 0.0046 0.0181864 
v 6.90983e-05 0.0046 0.0181891 
v 5.93263e-05 0.0046 0.0181929 
v 5e-05 0.0046 0.0181976 
v 4.12215e-05 0.0046 0.0182034 
v 3.30869e-05 0.0046 0.0182099 
v 2.56855e-05 0.0046 0.0182173 
v 1.90983e-05 0.0046 0.0182255 
v 1.33975e-05 0.0046 0.0182343 
v 8.64545e-06 0.0046 0.0182436 
v 4.89435e-06 0.0046 0.0182534 
v 2.18524e-06 0.0046 0.0182635 
v 5.4781e-07 0.0046 0.0182738 
v 8.95472e-05 0.00479945 0.0180052 
v 8.95472e-05 0.00479617 0.0180259 
v 8.95472e-05 0.00479073 0.0180462 
v 8.95472e-05 0.00478321 0.0180658 
v 8.95472e-05 0.00477368 0.0180845 
v 8.95472e-05 0.00476225 0.0181021 
v 8.95472e-05 0.00474904 0.0181184 
v 8.95472e-05 0.00473419 0.0181333 
v 8.95472e-05 0.00471788 0.0181465 
v 8.95472e-05 0.00470027 0.0181579 
v 8.95472e-05 0.00468157 0.0181675 
v 8.95472e-05 0.00466197 0.018175 
v 8.95472e-05 0.0046417 0.0181804 
v 8.95472e-05 0.00462096 0.0181837 
v 7.92088e-05 0.00480108 0.0180054 
v 7.92088e-05 0.00479777 0.0180263 
v 7.92088e-05 0.00479229 0.0180467 
v 7.92088e-05 0.00478471 0.0180665 
v 7.92088e-05 0.0047751 0.0180853 
v 7.92088e-05 0.00476357 0.0181031 
v 7.92088e-05 0.00475025 0.0181195 
v 7.92088e-05 0.00473529 0.0181345 
v 7.92088e-05 0.00471884 0.0181478 
v 7.92088e-05 0.00470109 0.0181593 
v 7.92088e-05 0.00468224 0.018169 
v 7.92088e-05 0.00466248 0.0181765 
v 7.92088e-05 0.00464204 0.018182 
v 7.92088e-05 0.00462113 0.0181853 
v 6.90983e-05 0.00480377 0.0180057 
v 6.90983e-05 0.00480042 0.0180269 
v 6.90983e-05 0.00479487 0.0180476 
v 6.90983e-05 0.00478718 0.0180676 
v 6.90983e-05 0.00477744 0.0180867 
v 6.90983e-05 0.00476576 0.0181047 
v 6.90983e-05 0.00475227 0.0181214 
v 6.90983e-05 0.0047371 0.0181365 
v 6.90983e-05 0.00472043 0.01815 
v 6.90983e-05 0.00470245 0.0181617 
v 6.90983e-05 0.00468334 0.0181714 
v 6.90983e-05 0.00466332 0.0181791 
v 6.90983e-05 0.0046426 0.0181847 
v 6.90983e-05 0.00462142 0.018188 
v 5.93263e-05 0.0048075 0.0180061 
v 5.93263e-05 0.00480409 0.0180276 
v 5.93263e-05 0.00479843 0.0180487 
v 5.93263e-05 0.00479061 0.0180691 
v 5.93263e-05 0.00478069 0.0180886 
v 5.93263e-05 0.0047688 0.0181069 
v 5.93263e-05 0.00475505 0.0181239 
v 5.93263e-05 0.00473961 0.0181393 
v 5.93263e-05 0.00472264 0.018153 
v 5.93263e-05 0.00470432 0.0181649 
v 5.93263e-05 0.00468486 0.0181749 
v 5.93263e-05 0.00466447 0.0181827 
v 5.93263e-05 0.00464338 0.0181883 
v 5.93263e-05 0.00462181 0.0181918 
v 5e-05 0.00481223 0.0180066 
v 5e-05 0.00480873 0.0180286 
v 5e-05 0.00480295 0.0180502 
v 5e-05 0.00479495 0.018071 
v 5e-05 0.00478481 0.018091 
v 5e-05 0.00477264 0.0181097 
v 5e-05 0.00475859 0.018127 
v 5e-05 0.00474279 0.0181428 
v 5e-05 0.00472543 0.0181569 
v 5e-05 0.0047067 0.0181691 
v 5e-05 0.0046868 0.0181792 
v 5e-05 0.00466594 0.0181872 
v 5e-05 0.00464437 0.018193 
v 5e-05 0.00462231 0.0181965 
v 4.12215e-05 0.0048179 0.0180072 
v 4.12215e-05 0.00481431 0.0180298 
v 4.12215e-05 0.00480837 0.018052 
v 4.12215e-05 0.00480016 0.0180734 
v 4.12215e-05 0.00478974 0.0180938 
v 4.12215e-05 0.00477725 0.018113 
v 4.12215e-05 0.00476282 0.0181309 
v 4.12215e-05 0.00474661 0.0181471 
v 4.12215e-05 0.00472878 0.0181615 
v 4.12215e-05 0.00470955 0.018174 
v 4.12215e-05 0.00468912 0.0181844 
v 4.12215e-05 0.00466771 0.0181926 
v 4.12215e-05 0.00464555 0.0181986 
v 4.12215e-05 0.0046229 0.0182022 
v 3.30869e-05 0.00482445 0.0180078 
v 3.30869e-05 0.00482075 0.0180312 
v 3.30869e-05 0.00481464 0.018054 
v 3.30869e-05 0.00480617 0.018076 
v 3.30869e-05 0.00479545 0.0180971 
v 3.30869e-05 0.00478258 0.0181169 
v 3.30869e-05 0.00476772 0.0181353 
v 3.30869e-05 0.00475101 0.018152 
v 3.30869e-05 0.00473265 0.0181668 
v 3.30869e-05 0.00471284 0.0181797 
v 3.30869e-05 0.00469179 0.0181904 
v 3.30869e-05 0.00466974 0.0181989 
v 3.30869e-05 0.00464692 0.018205 
v 3.30869e-05 0.00462359 0.0182087 
v 2.56855e-05 0.00483181 0.0180086 
v 2.56855e-05 0.00482799 0.0180327 
v 2.56855e-05 0.00482168 0.0180563 
v 2.56855e-05 0.00481294 0.0180791 
v 2.56855e-05 0.00480186 0.0181008 
v 2.56855e-05 0.00478857 0.0181213 
v 2.56855e-05 0.00477322 0.0181402 
v 2.56855e-05 0.00475597 0.0181575 
v 2.56855e-05 0.00473701 0.0181728 
v 2.56855e-05 0.00471654 0.0181861 
v 2.56855e-05 0.0046948 0.0181972 
v 2.56855e-05 0.00467203 0.0182059 
v 2.56855e-05 0.00464846 0.0182122 
v 2.56855e-05 0.00462436 0.0182161 
v 1.90983e-05 0.0048399 0.0180095 
v 1.90983e-05 0.00483595 0.0180344 
v 1.90983e-05 0.00482942 0.0180588 
v 1.90983e-05 0.00482037 0.0180824 
v 1.90983e-05 0.0048089 0.0181049 
v 1.90983e-05 0.00479515 0.018126 
v 1.90983e-05 0.00477926 0.0181457 
v 1.90983e-05 0.00476141 0.0181635 
v 1.90983e-05 0.00474179 0.0181794 
v 1.90983e-05 0.00472061 0.0181932 
v 1.90983e-05 0.00469811 0.0182046 
v 1.90983e-05 0.00467454 0.0182137 
v 1.90983e-05 0.00465015 0.0182202 
v 1.90983e-05 0.00462521 0.0182242 
v 1.33975e-05 0.00484863 0.0180104 
v 1.33975e-05 0.00484454 0.0180362 
v 1.33975e-05 0.00483776 0.0180615 
v 1.33975e-05 0.00482839 0.0180859 
v 1.33975e-05 0.00481651 0.0181093 
v 1.33975e-05 0.00480225 0.0181312 
v 1.33975e-05 0.00478579 0.0181515 
v 1.33975e-05 0.00476728 0.01817 
v 1.33975e-05 0.00474695 0.0181865 
v 1.33975e-05 0.004725 0.0182008 
v 1.33975e-05 0.00470168 0.0182126 
v 1.33975e-05 0.00467725 0.018222 
v 1.33975e-05 0.00465198 0.0182288 
v 1.33975e-05 0.00462613 0.0182329 
v 8.64545e-06 0.00485791 0.0180114 
v 8.64545e-06 0.00485366 0.0180382 
v 8.64545e-06 0.00484663 0.0180644 
v 8.64545e-06 0.00483691 0.0180897 
v 8.64545e-06 0.00482458 0.0181139 
v 8.64545e-06 0.0048098 0.0181367 
v 8.64545e-06 0.00479272 0.0181578 
v 8.64545e-06 0.00477352 0.018177 
v 8.64545e-06 0.00475243 0.0181941 
v 8.64545e-06 0.00472966 0.0182088 
v 8.64545e-06 0.00470548 0.0182212 
v 8.64545e-06 0.00468014 0.0182309 
v 8.64545e-06 0.00465392 0.0182379 
v 8.64545e-06 0.00462711 0.0182422 
v 4.89435e-06 0.00486762 0.0180124 
v 4.89435e-06 0.00486322 0.0180402 
v 4.89435e-06 0.00485593 0.0180674 
v 4.89435e-06 0.00484583 0.0180937 
v 4.89435e-06 0.00483305 0.0181188 
v 4.89435e-06 0.00481771 0.0181424 
v 4.89435e-06 0.00479998 0.0181643 
v 4.89435e-06 0.00478006 0.0181842 
v 4.89435e-06 0.00475817 0.018202 
v 4.89435e-06 0.00473455 0.0182173 
v 4.89435e-06 0.00470945 0.0182301 
v 4.89435e-06 0.00468316 0.0182402 
v 4.89435e-06 0.00465595 0.0182475 
v 4.89435e-06 0.00462813 0.0182519 
v 2.18524e-06 0.00487768 0.0180134 
v 2.18524e-06 0.00487311 0.0180423 
v 2.18524e-06 0.00486554 0.0180705 
v 2.18524e-06 0.00485507 0.0180978 
v 2.18524e-06 0.0048418 0.0181239 
v 2.18524e-06 0.00482588 0.0181484 
v 2.18524e-06 0.00480749 0.0181711 
v 2.18524e-06 0.00478683 0.0181917 
v 2.18524e-06 0.00476411 0.0182101 
v 2.18524e-06 0.0047396 0.0182261 
v 2.18524e-06 0.00471356 0.0182393 
v 2.18524e-06 0.00468628 0.0182498 
v 2.18524e-06 0.00465805 0.0182574 
v 2.18524e-06 0.00462919 0.0182619 
v 5.4781e-07 0.00488796 0.0180145 
v 5.4781e-07 0.00488322 0.0180445 
v 5.4781e-07 0.00487538 0.0180737 
v 5.4781e-07 0.00486451 0.018102 
v 5.4781e-07 0.00485076 0.018129 
v 5.4781e-07 0.00483425 0.0181544 
v 5.4781e-07 0.00481518 0.018178 
v 5.4781e-07 0.00479374 0.0181994 
v 5.4781e-07 0.00477019 0.0182185 
v 5.4781e-07 0.00474477 0.018235 
v 5.4781e-07 0.00471777 0.0182488 
v 5.4781e-07 0.00468947 0.0182596 
v 5.4781e-07 0.0046602 0.0182675 
v 5.4781e-07 0.00463027 0.0182722 
vn 1 0 0 
vn 0.336336 0.941742 0 
vn 0.336336 -0.941742 0 
vn 1 0 0 
vn 0.336336 0.941742 0 
vn 0.336336 -0.941742 0 
vn 1 0 0 
vn 0.336336 0.941742 0 
vn 0.336336 -0.941742 0 
vn 1 0 0 
vn 0.336336 0.941742 0 
vn 0.336336 -0.941742 0 
vn 1 0 0 
vn 0.336336 0.941742 0 
vn 0.336336 -0.941742 0 
vn 1 0 0 
vn 0.336336 0.941742 0 
vn 0.336336 -0.941742 0 
vn 1 0 0 
vn 0.336336 0.941742 0 
vn 0.336336 -0.941742 0 
vn 1 0 0 
vn 0.336336 0.941742 0 
vn 0.336336 -0.941742 0 
vn 1 0 0 
vn 0.336336 0.941742 0 
vn 0.336336 -0.941742 0 
vn 1 0 0 
vn 0.336336 0.941742 0 
vn 0.336336 -0.941742 0 
vn 1 0 0 
vn 0.336336 0.941742 0 
vn 0.336336 -0.941742 0 
vn 1 0 0 
vn 0.336336 0.941742 0 
vn 0.336336 -0.941742 0 
vn 1 0 0 
vn 0.336336 0.941742 0 
vn 0.336336 -0.941742 0 
vn 1 0 0 
vn 0.336336 0.941742 0 
vn 0.336336 -0.941742 0 
vn 1 0 0 
vn 0.336336 0.941742 0 
vn 0.336336 -0.941742 0 
vn 1 0 0 
vn 0 -1 -1.73472e-16 
vn 0.336336 -0.941742 0 
vn 1 0 0 
vn 0.336336 0.941742 0 
vn 0 1 0 
vn 0.707107 -0.707107 -1.22663e-16 
vn 0 0 1 
vn -0.707107 0 0.707107 
vn -0.707107 0.707107 0 
vn 0 0 -1 
vn -0.707107 0 -0.707107 
vn -1 0 0 
vn -0.104528 0.994522 0 
vn -1.22465e-16 1 0 
vn -0.207912 0.978148 0 
vn -0.104528 0.994522 0 
vn -0.309017 0.951057 0 
vn -0.207912 0.978148 0 
vn -0.406737 0.913545 0 
vn -0.309017 0.951057 0 
vn -0.5 0.866025 0 
vn -0.406737 0.913545 0 
vn -0.587785 0.809017 0 
vn -0.5 0.866025 0 
vn -0.669131 0.743145 0 
vn -0.587785 0.809017 0 
vn -0.743145 0.669131 0 
vn -0.669131 0.743145 0 
vn -0.809017 0.587785 0 
vn -0.743145 0.669131 0 
vn -0.866025 0.5 0 
vn -0.809017 0.587785 0 
vn -0.913545 0.406737 0 
vn -0.866025 0.5 0 
vn -0.951057 0.309017 0 
vn -0.913545 0.406737 0 
vn -0.978148 0.207912 0 
vn -0.951057 0.309017 0 
vn -0.994522 0.104528 0 
vn -0.978148 0.207912 0 
vn -1 -6.12323e-17 0 
vn -0.994522 0.104528 0 
vn -0.707107 -4.32978e-17 -0.707107 
vn -0.703233 0.0739128 -0.707107 
vn -0.691655 0.147016 -0.707107 
vn -0.672499 0.218508 -0.707107 
vn -0.645974 0.287606 -0.707107 
vn -0.612372 0.353553 -0.707107 
vn -0.572061 0.415627 -0.707107 
vn -0.525483 0.473147 -0.707107 
vn -0.473147 0.525483 -0.707107 
vn -0.415627 0.572061 -0.707107 
vn -0.353553 0.612372 -0.707107 
vn -0.287606 0.645974 -0.707107 
vn -0.246063 0.662913 -0.707107 
vn -0.218508 0.672499 -0.707107 
vn -0.147016 0.691655 -0.707107 
vn -0.0739128 0.703233 -0.707107 
vn -8.65956e-17 0.707107 -0.707107 
vn -0.707107 -4.32978e-17 -0.707107 
vn -0.287606 0.645974 0.707107 
vn -0.353553 0.612372 0.707107 
vn -0.415627 0.572061 0.707107 
vn -0.473147 0.525483 0.707107 
vn -0.525483 0.473147 0.707107 
vn -0.572061 0.415627 0.707107 
vn -0.612372 0.353553 0.707107 
vn -0.645974 0.287606 0.707107 
vn -0.672499 0.218508 0.707107 
vn -0.691655 0.147016 0.707107 
vn -0.703233 0.0739128 0.707107 
vn -0.707107 9.81308e-17 0.707107 
vn -0.147016 0.691655 0.707107 
vn -0.0739128 0.703233 0.707107 
vn -0.218508 0.672499 0.707107 
vn -0.147016 0.691655 0.707107 
vn -0.287606 0.645974 0.707107 
vn -0.218508 0.672499 0.707107 
vn -0.246063 0.662913 0.707107 
vn 0 0.707107 0.707107 
vn 0 1 0 
vn 0 -6.12323e-17 -1 
vn 0 0.104528 -0.994522 
vn 0 0.207912 -0.978148 
vn 0 0.309017 -0.951057 
vn 0 0.406737 -0.913545 
vn 0 0.5 -0.866025 
vn 0 0.587785 -0.809017 
vn 0 0.669131 -0.743145 
vn 0 0.743145 -0.669131 
vn 0 0.809017 -0.587785 
vn 0 0.866025 -0.5 
vn 0 0.913545 -0.406737 
vn 0 0.951057 -0.309017 
vn 0 0.978148 -0.207912 
vn 0 0.994522 -0.104528 
vn 0 1 -1.22465e-16 
vn 0 0 -1 
vn 0 -1.83697e-16 1 
vn 0 0.104528 0.994522 
vn 0 0.207912 0.978148 
vn 0 0.309017 0.951057 
vn 0 0.406737 0.913545 
vn 0 0.5 0.866025 
vn 0 0.587785 0.809017 
vn 0 0.669131 0.743145 
vn 0 0.743145 0.669131 
vn 0 0.809017 0.587785 
vn 0 0.866025 0.5 
vn 0 0.913545 0.406737 
vn 0 0.951057 0.309017 
vn 0 0.978148 0.207912 
vn 0 0.994522 0.104528 
vn 0 1 2.44929e-16 
vn 0 0 1 
vn 0 -1 0 
vn -0.104528 0 0.994522 
vn -0.207912 0 0.978148 
vn -0.309017 0 0.951057 
vn -0.406737 0 0.913545 
vn -0.5 0 0.866025 
vn -0.587785 0 0.809017 
vn -0.669131 0 0.743145 
vn -0.743145 0 0.669131 
vn -0.809017 0 0.587785 
vn -0.866025 0 0.5 
vn -0.913545 0 0.406737 
vn -0.951057 0 0.309017 
vn -0.978148 0 0.207912 
vn -0.994522 0 0.104528 
vn -1 0 2.44929e-16 
vn 0 -0.104528 0.994522 
vn 0 -6.12323e-17 1 
vn 0 -0.207912 0.978148 
vn 0 -0.104528 0.994522 
vn 0 -0.309017 0.951057 
vn 0 -0.207912 0.978148 
vn 0 -0.406737 0.913545 
vn 0 -0.309017 0.951057 
vn 0 -0.5 0.866025 
vn 0 -0.406737 0.913545 
vn 0 -0.587785 0.809017 
vn 0 -0.5 0.866025 
vn 0 -0.669131 0.743145 
vn 0 -0.587785 0.809017 
vn 0 -0.743145 0.669131 
vn 0 -0.669131 0.743145 
vn 0 -0.809017 0.587785 
vn 0 -0.743145 0.669131 
vn 0 -0.866025 0.5 
vn 0 -0.809017 0.587785 
vn 0 -0.913545 0.406737 
vn 0 -0.866025 0.5 
vn 0 -0.951057 0.309017 
vn 0 -0.913545 0.406737 
vn 0 -0.978148 0.207912 
vn 0 -0.951057 0.309017 
vn 0 -0.994522 0.104528 
vn 0 -0.978148 0.207912 
vn 0 -1 0 
vn 0 -0.994522 0.104528 
vn -0.104528 6.08969e-17 0.994522 
vn -1.22465e-16 6.12323e-17 1 
vn -1.22465e-16 -0.104528 0.994522 
vn -0.104528 -0.103956 0.989074 
vn -1.22465e-16 -0.207912 0.978148 
vn -0.104528 -0.206773 0.972789 
vn -1.22465e-16 -0.309017 0.951057 
vn -0.104528 -0.307324 0.945847 
vn -1.22465e-16 -0.406737 0.913545 
vn -0.104528 -0.404508 0.908541 
vn -1.22465e-16 -0.5 0.866025 
vn -0.104528 -0.497261 0.861281 
vn -1.22465e-16 -0.587785 0.809017 
vn -0.104528 -0.584565 0.804585 
vn -1.22465e-16 -0.669131 0.743145 
vn -0.104528 -0.665465 0.739074 
vn -1.22465e-16 -0.743145 0.669131 
vn -0.104528 -0.739074 0.665465 
vn -1.22465e-16 -0.809017 0.587785 
vn -0.104528 -0.804585 0.584565 
vn -1.22465e-16 -0.866025 0.5 
vn -0.104528 -0.861281 0.497261 
vn -1.22465e-16 -0.913545 0.406737 
vn -0.104528 -0.908541 0.404508 
vn -1.22465e-16 -0.951057 0.309017 
vn -0.104528 -0.945847 0.307324 
vn -1.22465e-16 -0.978148 0.207912 
vn -0.104528 -0.972789 0.206773 
vn -1.22465e-16 -0.994522 0.104528 
vn -0.104528 -0.989074 0.103956 
vn -1.22465e-16 -1 1.38778e-16 
vn -0.207912 5.98943e-17 0.978148 
vn -0.207912 -0.102244 0.972789 
vn -0.207912 -0.203368 0.956773 
vn -0.207912 -0.302264 0.930274 
vn -0.207912 -0.397848 0.893582 
vn -0.207912 -0.489074 0.847101 
vn -0.207912 -0.574941 0.791338 
vn -0.207912 -0.654508 0.726905 
vn -0.207912 -0.726905 0.654508 
vn -0.207912 -0.791338 0.574941 
vn -0.207912 -0.847101 0.489074 
vn -0.207912 -0.893582 0.397848 
vn -0.207912 -0.930274 0.302264 
vn -0.207912 -0.956773 0.203368 
vn -0.207912 -0.972789 0.102244 
vn -0.104528 -0.994522 1.38018e-16 
vn -0.309017 5.82354e-17 0.951057 
vn -0.309017 -0.0994125 0.945847 
vn -0.309017 -0.197736 0.930274 
vn -0.309017 -0.293893 0.904508 
vn -0.309017 -0.38683 0.868833 
vn -0.309017 -0.475528 0.823639 
vn -0.309017 -0.559017 0.769421 
vn -0.309017 -0.636381 0.706773 
vn -0.309017 -0.706773 0.636381 
vn -0.309017 -0.769421 0.559017 
vn -0.309017 -0.823639 0.475528 
vn -0.309017 -0.868833 0.38683 
vn -0.309017 -0.904508 0.293893 
vn -0.309017 -0.930274 0.197736 
vn -0.309017 -0.945847 0.0994125 
vn -0.207912 -0.978148 1.35745e-16 
vn -0.406737 5.59385e-17 0.913545 
vn -0.406737 -0.0954915 0.908541 
vn -0.406737 -0.189937 0.893582 
vn -0.406737 -0.282301 0.868833 
vn -0.406737 -0.371572 0.834565 
vn -0.406737 -0.456773 0.791154 
vn -0.406737 -0.536969 0.739074 
vn -0.406737 -0.611281 0.678897 
vn -0.406737 -0.678897 0.611281 
vn -0.406737 -0.739074 0.536969 
vn -0.406737 -0.791154 0.456773 
vn -0.406737 -0.834565 0.371572 
vn -0.406737 -0.868833 0.282301 
vn -0.406737 -0.893582 0.189937 
vn -0.406737 -0.908541 0.0954915 
vn -0.309017 -0.951057 1.31986e-16 
vn -0.5 5.30288e-17 0.866025 
vn -0.5 -0.0905243 0.861281 
vn -0.5 -0.180057 0.847101 
vn -0.5 -0.267617 0.823639 
vn -0.5 -0.352244 0.791154 
vn -0.5 -0.433013 0.75 
vn -0.5 -0.509037 0.700629 
vn -0.5 -0.579484 0.643582 
vn -0.5 -0.643582 0.579484 
vn -0.5 -0.700629 0.509037 
vn -0.5 -0.75 0.433013 
vn -0.5 -0.791154 0.352244 
vn -0.5 -0.823639 0.267617 
vn -0.5 -0.847101 0.180057 
vn -0.5 -0.861281 0.0905243 
vn -0.406737 -0.913545 1.2678e-16 
vn -0.587785 4.9538e-17 0.809017 
vn -0.587785 -0.0845653 0.804585 
vn -0.587785 -0.168204 0.791338 
vn -0.587785 -0.25 0.769421 
vn -0.587785 -0.329057 0.739074 
vn -0.587785 -0.404508 0.700629 
vn -0.587785 -0.475528 0.654508 
vn -0.587785 -0.541338 0.601217 
vn -0.587785 -0.601217 0.541338 
vn -0.587785 -0.654508 0.475528 
vn -0.587785 -0.700629 0.404508 
vn -0.587785 -0.739074 0.329057 
vn -0.587785 -0.769421 0.25 
vn -0.587785 -0.791338 0.168204 
vn -0.587785 -0.804585 0.0845653 
vn -0.5 -0.866025 1.20185e-16 
vn -0.669131 4.55045e-17 0.743145 
vn -0.669131 -0.0776798 0.739074 
vn -0.669131 -0.154508 0.726905 
vn -0.669131 -0.229644 0.706773 
vn -0.669131 -0.302264 0.678897 
vn -0.669131 -0.371572 0.643582 
vn -0.669131 -0.43681 0.601217 
vn -0.669131 -0.497261 0.552264 
vn -0.669131 -0.552264 0.497261 
vn -0.669131 -0.601217 0.43681 
vn -0.669131 -0.643582 0.371572 
vn -0.669131 -0.678897 0.302264 
vn -0.669131 -0.706773 0.229644 
vn -0.669131 -0.726905 0.154508 
vn -0.669131 -0.739074 0.0776798 
vn -0.587785 -0.809017 1.12274e-16 
vn -0.743145 4.09724e-17 0.669131 
vn -0.743145 -0.0699432 0.665465 
vn -0.743145 -0.13912 0.654508 
vn -0.743145 -0.206773 0.636381 
vn -0.743145 -0.27216 0.611281 
vn -0.743145 -0.334565 0.579484 
vn -0.743145 -0.393305 0.541338 
vn -0.743145 -0.447736 0.497261 
vn -0.743145 -0.497261 0.447736 
vn -0.743145 -0.541338 0.393305 
vn -0.743145 -0.579484 0.334565 
vn -0.743145 -0.611281 0.27216 
vn -0.743145 -0.636381 0.206773 
vn -0.743145 -0.654508 0.13912 
vn -0.743145 -0.665465 0.0699432 
vn -0.669131 -0.743145 1.03132e-16 
vn -0.809017 3.59915e-17 0.587785 
vn -0.809017 -0.0614403 0.584565 
vn -0.809017 -0.122207 0.574941 
vn -0.809017 -0.181636 0.559017 
vn -0.809017 -0.239074 0.536969 
vn -0.809017 -0.293893 0.509037 
vn -0.809017 -0.345492 0.475528 
vn -0.809017 -0.393305 0.43681 
vn -0.809017 -0.43681 0.393305 
vn -0.809017 -0.475528 0.345492 
vn -0.809017 -0.509037 0.293893 
vn -0.809017 -0.536969 0.239074 
vn -0.809017 -0.559017 0.181636 
vn -0.809017 -0.574941 0.122207 
vn -0.809017 -0.584565 0.0614403 
vn -0.743145 -0.669131 9.28605e-17 
vn -0.866025 3.06162e-17 0.5 
vn -0.866025 -0.0522642 0.497261 
vn -0.866025 -0.103956 0.489074 
vn -0.866025 -0.154508 0.475528 
vn -0.866025 -0.203368 0.456773 
vn -0.866025 -0.25 0.433013 
vn -0.866025 -0.293893 0.404508 
vn -0.866025 -0.334565 0.371572 
vn -0.866025 -0.371572 0.334565 
vn -0.866025 -0.404508 0.293893 
vn -0.866025 -0.433013 0.25 
vn -0.866025 -0.456773 0.203368 
vn -0.866025 -0.475528 0.154508 
vn -0.866025 -0.489074 0.103956 
vn -0.866025 -0.497261 0.0522642 
vn -0.809017 -0.587785 8.15716e-17 
vn -0.913545 2.49054e-17 0.406737 
vn -0.913545 -0.0425156 0.404508 
vn -0.913545 -0.0845653 0.397848 
vn -0.913545 -0.125689 0.38683 
vn -0.913545 -0.165435 0.371572 
vn -0.913545 -0.203368 0.352244 
vn -0.913545 -0.239074 0.329057 
vn -0.913545 -0.27216 0.302264 
vn -0.913545 -0.302264 0.27216 
vn -0.913545 -0.329057 0.239074 
vn -0.913545 -0.352244 0.203368 
vn -0.913545 -0.371572 0.165435 
vn -0.913545 -0.38683 0.125689 
vn -0.913545 -0.397848 0.0845653 
vn -0.913545 -0.404508 0.0425156 
vn -0.866025 -0.5 6.93889e-17 
vn -0.951057 1.89218e-17 0.309017 
vn -0.951057 -0.0323011 0.307324 
vn -0.951057 -0.0642482 0.302264 
vn -0.951057 -0.0954915 0.293893 
vn -0.951057 -0.125689 0.282301 
vn -0.951057 -0.154508 0.267617 
vn -0.951057 -0.181636 0.25 
vn -0.951057 -0.206773 0.229644 
vn -0.951057 -0.229644 0.206773 
vn -0.951057 -0.25 0.181636 
vn -0.951057 -0.267617 0.154508 
vn -0.951057 -0.282301 0.125689 
vn -0.951057 -0.293893 0.0954915 
vn -0.951057 -0.302264 0.0642482 
vn -0.951057 -0.307324 0.0323011 
vn -0.913545 -0.406737 5.6446e-17 
vn -0.978148 1.27309e-17 0.207912 
vn -0.978148 -0.0217327 0.206773 
vn -0.978148 -0.0432273 0.203368 
vn -0.978148 -0.0642482 0.197736 
vn -0.978148 -0.0845653 0.189937 
vn -0.978148 -0.103956 0.180057 
vn -0.978148 -0.122207 0.168204 
vn -0.978148 -0.13912 0.154508 
vn -0.978148 -0.154508 0.13912 
vn -0.978148 -0.168204 0.122207 
vn -0.978148 -0.180057 0.103956 
vn -0.978148 -0.189937 0.0845653 
vn -0.978148 -0.197736 0.0642482 
vn -0.978148 -0.203368 0.0432273 
vn -0.978148 -0.206773 0.0217327 
vn -0.951057 -0.309017 4.28847e-17 
vn -0.994522 6.40052e-18 0.104528 
vn -0.994522 -0.0109262 0.103956 
vn -0.994522 -0.0217327 0.102244 
vn -0.994522 -0.0323011 0.0994125 
vn -0.994522 -0.0425156 0.0954915 
vn -0.994522 -0.0522642 0.0905243 
vn -0.994522 -0.0614403 0.0845653 
vn -0.994522 -0.0699432 0.0776798 
vn -0.994522 -0.0776798 0.0699432 
vn -0.994522 -0.0845653 0.0614403 
vn -0.994522 -0.0905243 0.0522642 
vn -0.994522 -0.0954915 0.0425156 
vn -0.994522 -0.0994125 0.0323011 
vn -0.994522 -0.102244 0.0217327 
vn -0.994522 -0.103956 0.0109262 
vn -0.978148 -0.207912 2.88535e-17 
vn -1 4.99314e-31 8.15442e-15 
vn -0.994522 -0.104528 1.45062e-17 
vn 0 -1 -1.44657e-16 
vn 1 0 0 
vn 0 0 -1 
vn -1 0 0 
vn 0 -0.994522 -0.104528 
vn 0 -1 -2.44929e-16 
vn 0 -0.978148 -0.207912 
vn 0 -0.994522 -0.104528 
vn 0 -0.951057 -0.309017 
vn 0 -0.978148 -0.207912 
vn 0 -0.913545 -0.406737 
vn 0 -0.951057 -0.309017 
vn 0 -0.866025 -0.5 
vn 0 -0.913545 -0.406737 
vn 0 -0.809017 -0.587785 
vn 0 -0.866025 -0.5 
vn 0 -0.743145 -0.669131 
vn 0 -0.809017 -0.587785 
vn 0 -0.669131 -0.743145 
vn 0 -0.743145 -0.669131 
vn 0 -0.587785 -0.809017 
vn 0 -0.669131 -0.743145 
vn 0 -0.5 -0.866025 
vn 0 -0.587785 -0.809017 
vn 0 -0.406737 -0.913545 
vn 0 -0.5 -0.866025 
vn 0 -0.309017 -0.951057 
vn 0 -0.406737 -0.913545 
vn 0 -0.207912 -0.978148 
vn 0 -0.309017 -0.951057 
vn 0 -0.104528 -0.994522 
vn 0 -0.207912 -0.978148 
vn 0 1.83697e-16 -1 
vn 0 -0.104528 -0.994522 
vn 1.22465e-16 -1 -1.44657e-16 
vn -0.104528 -0.994522 -1.43865e-16 
vn -0.207912 -0.978148 -1.41496e-16 
vn -0.309017 -0.951057 -1.37577e-16 
vn -0.406737 -0.913545 -1.32151e-16 
vn -0.5 -0.866025 -1.25277e-16 
vn -0.587785 -0.809017 -1.1703e-16 
vn -0.669131 -0.743145 -1.07501e-16 
vn -0.743145 -0.669131 -9.67944e-17 
vn -0.809017 -0.587785 -8.50273e-17 
vn -0.866025 -0.5 -7.23285e-17 
vn -0.913545 -0.406737 -5.88373e-17 
vn -0.951057 -0.309017 -4.47015e-17 
vn -0.978148 -0.207912 -3.00759e-17 
vn -0.994522 -0.104528 -1.51208e-17 
vn -1 2.55735e-14 3.69938e-30 
vn -0.104528 -0.994522 1.21794e-16 
vn -1.22465e-16 -1 1.22465e-16 
vn -1.22465e-16 -0.994522 -0.104528 
vn -0.104528 -0.989074 -0.103956 
vn -1.22465e-16 -0.978148 -0.207912 
vn -0.104528 -0.972789 -0.206773 
vn -1.22465e-16 -0.951057 -0.309017 
vn -0.104528 -0.945847 -0.307324 
vn -1.22465e-16 -0.913545 -0.406737 
vn -0.104528 -0.908541 -0.404508 
vn -1.22465e-16 -0.866025 -0.5 
vn -0.104528 -0.861281 -0.497261 
vn -1.22465e-16 -0.809017 -0.587785 
vn -0.104528 -0.804585 -0.584565 
vn -1.22465e-16 -0.743145 -0.669131 
vn -0.104528 -0.739074 -0.665465 
vn -1.22465e-16 -0.669131 -0.743145 
vn -0.104528 -0.665465 -0.739074 
vn -1.22465e-16 -0.587785 -0.809017 
vn -0.104528 -0.584565 -0.804585 
vn -1.22465e-16 -0.5 -0.866025 
vn -0.104528 -0.497261 -0.861281 
vn -1.22465e-16 -0.406737 -0.913545 
vn -0.104528 -0.404508 -0.908541 
vn -1.22465e-16 -0.309017 -0.951057 
vn -0.104528 -0.307324 -0.945847 
vn -1.22465e-16 -0.207912 -0.978148 
vn -0.104528 -0.206773 -0.972789 
vn -1.22465e-16 -0.104528 -0.994522 
vn -0.104528 -0.103956 -0.989074 
vn -1.22465e-16 -1.38778e-16 -1 
vn -0.207912 -0.978148 1.19789e-16 
vn -0.207912 -0.972789 -0.102244 
vn -0.207912 -0.956773 -0.203368 
vn -0.207912 -0.930274 -0.302264 
vn -0.207912 -0.893582 -0.397848 
vn -0.207912 -0.847101 -0.489074 
vn -0.207912 -0.791338 -0.574941 
vn -0.207912 -0.726905 -0.654508 
vn -0.207912 -0.654508 -0.726905 
vn -0.207912 -0.574941 -0.791338 
vn -0.207912 -0.489074 -0.847101 
vn -0.207912 -0.397848 -0.893582 
vn -0.207912 -0.302264 -0.930274 
vn -0.207912 -0.203368 -0.956773 
vn -0.207912 -0.102244 -0.972789 
vn -0.104528 -1.38018e-16 -0.994522 
vn -0.309017 -0.951057 1.16471e-16 
vn -0.309017 -0.945847 -0.0994125 
vn -0.309017 -0.930274 -0.197736 
vn -0.309017 -0.904508 -0.293893 
vn -0.309017 -0.868833 -0.38683 
vn -0.309017 -0.823639 -0.475528 
vn -0.309017 -0.769421 -0.559017 
vn -0.309017 -0.706773 -0.636381 
vn -0.309017 -0.636381 -0.706773 
vn -0.309017 -0.559017 -0.769421 
vn -0.309017 -0.475528 -0.823639 
vn -0.309017 -0.38683 -0.868833 
vn -0.309017 -0.293893 -0.904508 
vn -0.309017 -0.197736 -0.930274 
vn -0.309017 -0.0994125 -0.945847 
vn -0.207912 -1.35745e-16 -0.978148 
vn -0.406737 -0.913545 1.11877e-16 
vn -0.406737 -0.908541 -0.0954915 
vn -0.406737 -0.893582 -0.189937 
vn -0.406737 -0.868833 -0.282301 
vn -0.406737 -0.834565 -0.371572 
vn -0.406737 -0.791154 -0.456773 
vn -0.406737 -0.739074 -0.536969 
vn -0.406737 -0.678897 -0.611281 
vn -0.406737 -0.611281 -0.678897 
vn -0.406737 -0.536969 -0.739074 
vn -0.406737 -0.456773 -0.791154 
vn -0.406737 -0.371572 -0.834565 
vn -0.406737 -0.282301 -0.868833 
vn -0.406737 -0.189937 -0.893582 
vn -0.406737 -0.0954915 -0.908541 
vn -0.309017 -1.31986e-16 -0.951057 
vn -0.5 -0.866025 1.06058e-16 
vn -0.5 -0.861281 -0.0905243 
vn -0.5 -0.847101 -0.180057 
vn -0.5 -0.823639 -0.267617 
vn -0.5 -0.791154 -0.352244 
vn -0.5 -0.75 -0.433013 
vn -0.5 -0.700629 -0.509037 
vn -0.5 -0.643582 -0.579484 
vn -0.5 -0.579484 -0.643582 
vn -0.5 -0.509037 -0.700629 
vn -0.5 -0.433013 -0.75 
vn -0.5 -0.352244 -0.791154 
vn -0.5 -0.267617 -0.823639 
vn -0.5 -0.180057 -0.847101 
vn -0.5 -0.0905243 -0.861281 
vn -0.406737 -1.2678e-16 -0.913545 
vn -0.587785 -0.809017 9.9076e-17 
vn -0.587785 -0.804585 -0.0845653 
vn -0.587785 -0.791338 -0.168204 
vn -0.587785 -0.769421 -0.25 
vn -0.587785 -0.739074 -0.329057 
vn -0.587785 -0.700629 -0.404508 
vn -0.587785 -0.654508 -0.475528 
vn -0.587785 -0.601217 -0.541338 
vn -0.587785 -0.541338 -0.601217 
vn -0.587785 -0.475528 -0.654508 
vn -0.587785 -0.404508 -0.700629 
vn -0.587785 -0.329057 -0.739074 
vn -0.587785 -0.25 -0.769421 
vn -0.587785 -0.168204 -0.791338 
vn -0.587785 -0.0845653 -0.804585 
vn -0.5 -1.20185e-16 -0.866025 
vn -0.669131 -0.743145 9.1009e-17 
vn -0.669131 -0.739074 -0.0776798 
vn -0.669131 -0.726905 -0.154508 
vn -0.669131 -0.706773 -0.229644 
vn -0.669131 -0.678897 -0.302264 
vn -0.669131 -0.643582 -0.371572 
vn -0.669131 -0.601217 -0.43681 
vn -0.669131 -0.552264 -0.497261 
vn -0.669131 -0.497261 -0.552264 
vn -0.669131 -0.43681 -0.601217 
vn -0.669131 -0.371572 -0.643582 
vn -0.669131 -0.302264 -0.678897 
vn -0.669131 -0.229644 -0.706773 
vn -0.669131 -0.154508 -0.726905 
vn -0.669131 -0.0776798 -0.739074 
vn -0.587785 -1.12274e-16 -0.809017 
vn -0.743145 -0.669131 8.19449e-17 
vn -0.743145 -0.665465 -0.0699432 
vn -0.743145 -0.654508 -0.13912 
vn -0.743145 -0.636381 -0.206773 
vn -0.743145 -0.611281 -0.27216 
vn -0.743145 -0.579484 -0.334565 
vn -0.743145 -0.541338 -0.393305 
vn -0.743145 -0.497261 -0.447736 
vn -0.743145 -0.447736 -0.497261 
vn -0.743145 -0.393305 -0.541338 
vn -0.743145 -0.334565 -0.579484 
vn -0.743145 -0.27216 -0.611281 
vn -0.743145 -0.206773 -0.636381 
vn -0.743145 -0.13912 -0.654508 
vn -0.743145 -0.0699432 -0.665465 
vn -0.669131 -1.03132e-16 -0.743145 
vn -0.809017 -0.587785 7.19829e-17 
vn -0.809017 -0.584565 -0.0614403 
vn -0.809017 -0.574941 -0.122207 
vn -0.809017 -0.559017 -0.181636 
vn -0.809017 -0.536969 -0.239074 
vn -0.809017 -0.509037 -0.293893 
vn -0.809017 -0.475528 -0.345492 
vn -0.809017 -0.43681 -0.393305 
vn -0.809017 -0.393305 -0.43681 
vn -0.809017 -0.345492 -0.475528 
vn -0.809017 -0.293893 -0.509037 
vn -0.809017 -0.239074 -0.536969 
vn -0.809017 -0.181636 -0.559017 
vn -0.809017 -0.122207 -0.574941 
vn -0.809017 -0.0614403 -0.584565 
vn -0.743145 -9.28605e-17 -0.669131 
vn -0.866025 -0.5 6.12323e-17 
vn -0.866025 -0.497261 -0.0522642 
vn -0.866025 -0.489074 -0.103956 
vn -0.866025 -0.475528 -0.154508 
vn -0.866025 -0.456773 -0.203368 
vn -0.866025 -0.433013 -0.25 
vn -0.866025 -0.404508 -0.293893 
vn -0.866025 -0.371572 -0.334565 
vn -0.866025 -0.334565 -0.371572 
vn -0.866025 -0.293893 -0.404508 
vn -0.866025 -0.25 -0.433013 
vn -0.866025 -0.203368 -0.456773 
vn -0.866025 -0.154508 -0.475528 
vn -0.866025 -0.103956 -0.489074 
vn -0.866025 -0.0522642 -0.497261 
vn -0.809017 -8.15716e-17 -0.587785 
vn -0.913545 -0.406737 4.98109e-17 
vn -0.913545 -0.404508 -0.0425156 
vn -0.913545 -0.397848 -0.0845653 
vn -0.913545 -0.38683 -0.125689 
vn -0.913545 -0.371572 -0.165435 
vn -0.913545 -0.352244 -0.203368 
vn -0.913545 -0.329057 -0.239074 
vn -0.913545 -0.302264 -0.27216 
vn -0.913545 -0.27216 -0.302264 
vn -0.913545 -0.239074 -0.329057 
vn -0.913545 -0.203368 -0.352244 
vn -0.913545 -0.165435 -0.371572 
vn -0.913545 -0.125689 -0.38683 
vn -0.913545 -0.0845653 -0.397848 
vn -0.913545 -0.0425156 -0.404508 
vn -0.866025 -6.93889e-17 -0.5 
vn -0.951057 -0.309017 3.78437e-17 
vn -0.951057 -0.307324 -0.0323011 
vn -0.951057 -0.302264 -0.0642482 
vn -0.951057 -0.293893 -0.0954915 
vn -0.951057 -0.282301 -0.125689 
vn -0.951057 -0.267617 -0.154508 
vn -0.951057 -0.25 -0.181636 
vn -0.951057 -0.229644 -0.206773 
vn -0.951057 -0.206773 -0.229644 
vn -0.951057 -0.181636 -0.25 
vn -0.951057 -0.154508 -0.267617 
vn -0.951057 -0.125689 -0.282301 
vn -0.951057 -0.0954915 -0.293893 
vn -0.951057 -0.0642482 -0.302264 
vn -0.951057 -0.0323011 -0.307324 
vn -0.913545 -5.6446e-17 -0.406737 
vn -0.978148 -0.207912 2.54618e-17 
vn -0.978148 -0.206773 -0.0217327 
vn -0.978148 -0.203368 -0.0432273 
vn -0.978148 -0.197736 -0.0642482 
vn -0.978148 -0.189937 -0.0845653 
vn -0.978148 -0.180057 -0.103956 
vn -0.978148 -0.168204 -0.122207 
vn -0.978148 -0.154508 -0.13912 
vn -0.978148 -0.13912 -0.154508 
vn -0.978148 -0.122207 -0.168204 
vn -0.978148 -0.103956 -0.180057 
vn -0.978148 -0.0845653 -0.189937 
vn -0.978148 -0.0642482 -0.197736 
vn -0.978148 -0.0432273 -0.203368 
vn -0.978148 -0.0217327 -0.206773 
vn -0.951057 -4.28847e-17 -0.309017 
vn -0.994522 -0.104528 1.2801e-17 
vn -0.994522 -0.103956 -0.0109262 
vn -0.994522 -0.102244 -0.0217327 
vn -0.994522 -0.0994125 -0.0323011 
vn -0.994522 -0.0954915 -0.0425156 
vn -0.994522 -0.0905243 -0.0522642 
vn -0.994522 -0.0845653 -0.0614403 
vn -0.994522 -0.0776798 -0.0699432 
vn -0.994522 -0.0699432 -0.0776798 
vn -0.994522 -0.0614403 -0.0845653 
vn -0.994522 -0.0522642 -0.0905243 
vn -0.994522 -0.0425156 -0.0954915 
vn -0.994522 -0.0323011 -0.0994125 
vn -0.994522 -0.0217327 -0.102244 
vn -0.994522 -0.0109262 -0.103956 
vn -0.978148 -2.88535e-17 -0.207912 
vn -1 -8.15442e-15 9.98628e-31 
vn -0.994522 -1.45062e-17 -0.104528 
vn 6.12323e-17 0 -1 
vn -0.104528 0 -0.994522 
vn -0.207912 0 -0.978148 
vn -0.309017 0 -0.951057 
vn -0.406737 0 -0.913545 
vn -0.5 0 -0.866025 
vn -0.587785 0 -0.809017 
vn -0.669131 0 -0.743145 
vn -0.743145 0 -0.669131 
vn -0.809017 0 -0.587785 
vn -0.866025 0 -0.5 
vn -0.913545 0 -0.406737 
vn -0.951057 0 -0.309017 
vn -0.978148 0 -0.207912 
vn -0.994522 0 -0.104528 
vn -1 0 -1.22465e-16 
usemtl 0.231373_0.380392_0.705882_0.000000_0.000000
o mesh188
f 3929//4536 3930//4536 3931//4536 
f 3931//4536 3932//4536 3929//4536 
o mesh189
f 3929//4537 3933//4537 3934//4537 
f 3934//4537 3930//4537 3929//4537 
o mesh190
f 3933//4536 3935//4536 3936//4536 
f 3936//4536 3934//4536 3933//4536 
o mesh191
f 3935//4538 3937//4538 3938//4538 
f 3938//4538 3936//4538 3935//4538 
o mesh192
f 3939//4539 3940//4539 3938//4539 
f 3938//4539 3937//4539 3939//4539 
o mesh193
f 3939//4540 3941//4540 3942//4540 
f 3942//4540 3940//4540 3939//4540 
o mesh194
f 3941//4539 3943//4539 3944//4539 
f 3944//4539 3942//4539 3941//4539 
o mesh195
f 3943//4541 3945//4541 3946//4541 
f 3946//4541 3944//4541 3943//4541 
o mesh196
f 3947//4542 3948//4542 3946//4542 
f 3946//4542 3945//4542 3947//4542 
o mesh197
f 3947//4543 3949//4543 3950//4543 
f 3950//4543 3948//4543 3947//4543 
o mesh198
f 3949//4542 3951//4542 3952//4542 
f 3952//4542 3950//4542 3949//4542 
o mesh199
f 3951//4544 3953//4544 3954//4544 
f 3954//4544 3952//4544 3951//4544 
o mesh200
f 3955//4545 3956//4545 3954//4545 
f 3954//4545 3953//4545 3955//4545 
o mesh201
f 3955//4546 3957//4546 3958//4546 
f 3958//4546 3956//4546 3955//4546 
o mesh202
f 3957//4545 3959//4545 3960//4545 
f 3960//4545 3958//4545 3957//4545 
o mesh203
f 3959//4547 3961//4547 3962//4547 
f 3962//4547 3960//4547 3959//4547 
o mesh204
f 3963//4548 3964//4548 3962//4548 
f 3962//4548 3961//4548 3963//4548 
o mesh205
f 3963//4549 3965//4549 3966//4549 
f 3966//4549 3964//4549 3963//4549 
o mesh206
f 3965//4548 3967//4548 3968//4548 
f 3968//4548 3966//4548 3965//4548 
o mesh207
f 3967//4550 3969//4550 3970//4550 
f 3970//4550 3968//4550 3967//4550 
o mesh208
f 3971//4551 3972//4551 3970//4551 
f 3970//4551 3969//4551 3971//4551 
o mesh209
f 3971//4552 3973//4552 3974//4552 
f 3974//4552 3972//4552 3971//4552 
o mesh210
f 3973//4551 3975//4551 3976//4551 
f 3976//4551 3974//4551 3973//4551 
o mesh211
f 3975//4553 3977//4553 3978//4553 
f 3978//4553 3976//4553 3975//4553 
o mesh212
f 3979//4554 3980//4554 3978//4554 
f 3978//4554 3977//4554 3979//4554 
o mesh213
f 3979//4555 3981//4555 3982//4555 
f 3982//4555 3980//4555 3979//4555 
o mesh214
f 3981//4554 3983//4554 3984//4554 
f 3984//4554 3982//4554 3981//4554 
o mesh215
f 3983//4556 3985//4556 3986//4556 
f 3986//4556 3984//4556 3983//4556 
o mesh216
f 3987//4557 3988//4557 3986//4557 
f 3986//4557 3985//4557 3987//4557 
o mesh217
f 3987//4558 3989//4558 3990//4558 
f 3990//4558 3988//4558 3987//4558 
o mesh218
f 3989//4557 3991//4557 3992//4557 
f 3992//4557 3990//4557 3989//4557 
o mesh219
f 3991//4559 3993//4559 3994//4559 
f 3994//4559 3992//4559 3991//4559 
o mesh220
f 3995//4560 3996//4560 3994//4560 
f 3994//4560 3993//4560 3995//4560 
o mesh221
f 3995//4561 3997//4561 3998//4561 
f 3998//4561 3996//4561 3995//4561 
o mesh222
f 3997//4560 3999//4560 4000//4560 
f 4000//4560 3998//4560 3997//4560 
o mesh223
f 3999//4562 4001//4562 4002//4562 
f 4002//4562 4000//4562 3999//4562 
o mesh224
f 4003//4563 4004//4563 4002//4563 
f 4002//4563 4001//4563 4003//4563 
o mesh225
f 4003//4564 4005//4564 4006//4564 
f 4006//4564 4004//4564 4003//4564 
o mesh226
f 4005//4563 4007//4563 4008//4563 
f 4008//4563 4006//4563 4005//4563 
o mesh227
f 4007//4565 4009//4565 4010//4565 
f 4010//4565 4008//4565 4007//4565 
o mesh228
f 4011//4566 4012//4566 4010//4566 
f 4010//4566 4009//4566 4011//4566 
o mesh229
f 4011//4567 4013//4567 4014//4567 
f 4014//4567 4012//4567 4011//4567 
o mesh230
f 4013//4566 4015//4566 4016//4566 
f 4016//4566 4014//4566 4013//4566 
o mesh231
f 4015//4568 4017//4568 4018//4568 
f 4018//4568 4016//4568 4015//4568 
o mesh232
f 4019//4569 4020//4569 4018//4569 
f 4018//4569 4017//4569 4019//4569 
o mesh233
f 4019//4570 4021//4570 4022//4570 
f 4022//4570 4020//4570 4019//4570 
o mesh234
f 4021//4569 4023//4569 4024//4569 
f 4024//4569 4022//4569 4021//4569 
o mesh235
f 4023//4571 4025//4571 4026//4571 
f 4026//4571 4024//4571 4023//4571 
o mesh236
f 4027//4572 4028//4572 4026//4572 
f 4026//4572 4025//4572 4027//4572 
o mesh237
f 4027//4573 4029//4573 4030//4573 
f 4030//4573 4028//4573 4027//4573 
o mesh238
f 4029//4572 4031//4572 4032//4572 
f 4032//4572 4030//4572 4029//4572 
o mesh239
f 4031//4574 4033//4574 4034//4574 
f 4034//4574 4032//4574 4031//4574 
o mesh240
f 4035//4575 4036//4575 4034//4575 
f 4034//4575 4033//4575 4035//4575 
o mesh241
f 4035//4576 4037//4576 4038//4576 
f 4038//4576 4036//4576 4035//4576 
o mesh242
f 4037//4575 4039//4575 4040//4575 
f 4040//4575 4038//4575 4037//4575 
o mesh243
f 4039//4577 4041//4577 4042//4577 
f 4042//4577 4040//4577 4039//4577 
o mesh244
f 4043//4578 4044//4578 4042//4578 
f 4042//4578 4041//4578 4043//4578 
o mesh245
f 4043//4579 4045//4579 4046//4579 
f 4046//4579 4044//4579 4043//4579 
o mesh246
f 4045//4578 4047//4578 4048//4578 
f 4048//4578 4046//4578 4045//4578 
o mesh247
f 4047//4580 4049//4580 4050//4580 
f 4050//4580 4048//4580 4047//4580 
o mesh248
f 4051//4581 4052//4581 4050//4581 
f 4050//4581 4049//4581 4051//4581 
o mesh249
f 4052//4582 4051//4582 4053//4582 
f 4053//4582 4054//4582 4052//4582 
o mesh250
f 4055//4583 3932//4583 3931//4583 
f 3931//4583 4056//4583 4055//4583 
o mesh251
f 4057//4584 4055//4584 4056//4584 
f 4056//4584 4058//4584 4057//4584 
o mesh252
f 4059//4585 4057//4585 4058//4585 
f 4058//4585 4060//4585 4059//4585 
o mesh253
f 4061//4584 4059//4584 4060//4584 
f 4060//4584 4062//4584 4061//4584 
o mesh254
f 4061//4586 4062//4586 4063//4586 
f 4063//4586 4064//4586 4061//4586 
o mesh255
f 4054//4587 4053//4587 4065//4587 
f 4065//4587 4066//4587 4054//4587 
o mesh256
f 3955//4588 3961//4588 3959//4588 
f 3959//4588 3957//4588 3955//4588 
f 4067//4588 3969//4588 3963//4588 
f 3963//4588 3961//4588 4067//4588 
f 3963//4588 3969//4588 3967//4588 
f 3967//4588 3965//4588 3963//4588 
f 4067//4588 3977//4588 3971//4588 
f 3971//4588 3969//4588 4067//4588 
f 3971//4588 3977//4588 3975//4588 
f 4067//4588 4017//4588 4011//4588 
f 4011//4588 4017//4588 4015//4588 
f 3975//4588 3973//4588 3971//4588 
f 4067//4588 3985//4588 3979//4588 
f 4015//4588 4013//4588 4011//4588 
f 4067//4588 4025//4588 4019//4588 
f 3979//4588 3977//4588 4067//4588 
f 3979//4588 3985//4588 3983//4588 
f 4019//4588 4017//4588 4067//4588 
f 4019//4588 4025//4588 4023//4588 
f 3983//4588 3981//4588 3979//4588 
f 4067//4588 3993//4588 3987//4588 
f 4023//4588 4021//4588 4019//4588 
f 4067//4588 4033//4588 4027//4588 
f 3987//4588 3985//4588 4067//4588 
f 3987//4588 3993//4588 3991//4588 
f 4027//4588 4025//4588 4067//4588 
f 4027//4588 4033//4588 4031//4588 
f 3991//4588 3989//4588 3987//4588 
f 4067//4588 4001//4588 3995//4588 
f 4031//4588 4029//4588 4027//4588 
f 4067//4588 4041//4588 4035//4588 
f 4059//4588 3932//4588 4055//4588 
f 4067//4588 4068//4588 4069//4588 
f 3945//4588 4070//4588 4068//4588 
f 3947//4588 3953//4588 3951//4588 
f 3995//4588 3993//4588 4067//4588 
f 3995//4588 4001//4588 3999//4588 
f 4035//4588 4033//4588 4067//4588 
f 4035//4588 4041//4588 4039//4588 
f 4043//4588 4049//4588 4047//4588 
f 4055//4588 4057//4588 4059//4588 
f 4071//4588 3939//4588 3937//4588 
f 4067//4588 4072//4588 4073//4588 
f 4068//4588 4067//4588 3945//4588 
f 3945//4588 3939//4588 4074//4588 
f 3947//4588 4067//4588 3953//4588 
f 3999//4588 3997//4588 3995//4588 
f 4067//4588 4009//4588 4003//4588 
f 4039//4588 4037//4588 4035//4588 
f 4065//4588 4043//4588 4041//4588 
f 4043//4588 4053//4588 4049//4588 
f 4059//4588 4064//4588 3932//4588 
f 4064//4588 3937//4588 3929//4588 
f 3937//4588 4064//4588 4071//4588 
f 4067//4588 4075//4588 4072//4588 
f 4074//4588 4070//4588 3945//4588 
f 3951//4588 3949//4588 3947//4588 
f 4003//4588 4001//4588 4067//4588 
f 4009//4588 4007//4588 4005//4588 
f 4041//4588 4067//4588 4065//4588 
f 4043//4588 4065//4588 4053//4588 
f 3929//4588 3932//4588 4064//4588 
f 3929//4588 3937//4588 3935//4588 
f 4071//4588 4076//4588 3939//4588 
f 4067//4588 4077//4588 4078//4588 
f 4069//4588 4075//4588 4067//4588 
f 4067//4588 3955//4588 3953//4588 
f 4005//4588 4003//4588 4009//4588 
f 4047//4588 4045//4588 4043//4588 
f 3935//4588 3933//4588 3929//4588 
f 4076//4588 4079//4588 3939//4588 
f 3939//4588 3945//4588 3943//4588 
f 4073//4588 4077//4588 4067//4588 
f 3955//4588 4067//4588 3961//4588 
f 4053//4588 4051//4588 4049//4588 
f 4079//4588 4074//4588 3939//4588 
f 4078//4588 4080//4588 4067//4588 
f 4011//4588 4009//4588 4067//4588 
f 3943//4588 3941//4588 3939//4588 
f 4059//4588 4061//4588 4064//4588 
f 3947//4588 3945//4588 4067//4588 
o mesh257
f 4071//4589 4064//4589 4081//4589 
f 4081//4589 4082//4589 4071//4589 
o mesh258
f 4064//4590 4063//4590 4083//4590 
f 4083//4590 4081//4590 4064//4590 
o mesh259
f 4084//4591 4002//4591 4004//4591 
f 4084//4591 3996//4591 4002//4591 
f 4084//4591 3994//4591 3996//4591 
f 4084//4591 3988//4591 3994//4591 
f 4084//4591 3986//4591 3988//4591 
f 4050//4591 4044//4591 4046//4591 
f 4084//4591 3980//4591 3986//4591 
f 4046//4591 4048//4591 4050//4591 
f 4084//4591 3978//4591 3980//4591 
f 4050//4591 4054//4591 4044//4591 
f 4084//4591 3972//4591 3978//4591 
f 4054//4591 4066//4591 4044//4591 
f 4066//4591 4036//4591 4042//4591 
f 4084//4591 3970//4591 3972//4591 
f 4042//4591 4044//4591 4066//4591 
f 4042//4591 4036//4591 4038//4591 
f 4084//4591 3964//4591 3970//4591 
f 4085//4591 3940//4591 3946//4591 
f 4038//4591 4040//4591 4042//4591 
f 4066//4591 4028//4591 4034//4591 
f 4010//4591 4004//4591 4006//4591 
f 4084//4591 3962//4591 3964//4591 
f 4084//4591 4086//4591 4085//4591 
f 4034//4591 4036//4591 4066//4591 
f 4034//4591 4028//4591 4030//4591 
f 4002//4591 3996//4591 3998//4591 
f 4004//4591 4010//4591 4084//4591 
f 4084//4591 4087//4591 4086//4591 
f 4084//4591 4088//4591 4089//4591 
f 3938//4591 4090//4591 4091//4591 
f 4030//4591 4032//4591 4034//4591 
f 4066//4591 4020//4591 4026//4591 
f 3994//4591 3988//4591 3990//4591 
f 4006//4591 4008//4591 4010//4591 
f 4089//4591 4087//4591 4084//4591 
f 3946//4591 3940//4591 3942//4591 
f 4091//4591 4092//4591 3938//4591 
f 3940//4591 4085//4591 4090//4591 
f 4026//4591 4028//4591 4066//4591 
f 4026//4591 4020//4591 4022//4591 
f 3986//4591 3980//4591 3982//4591 
f 3998//4591 4000//4591 4002//4591 
f 3942//4591 3944//4591 3946//4591 
f 4090//4591 3938//4591 3940//4591 
f 4022//4591 4024//4591 4026//4591 
f 4066//4591 4012//4591 4018//4591 
f 3978//4591 3972//4591 3974//4591 
f 3990//4591 3992//4591 3994//4591 
f 4092//4591 3930//4591 3938//4591 
f 3938//4591 3930//4591 3934//4591 
f 4093//4591 4060//4591 3931//4591 
f 4063//4591 4062//4591 4060//4591 
f 4018//4591 4020//4591 4066//4591 
f 4018//4591 4012//4591 4014//4591 
f 3970//4591 3964//4591 3966//4591 
f 3982//4591 3984//4591 3986//4591 
f 3956//4591 3958//4591 3960//4591 
f 3954//4591 3948//4591 3950//4591 
f 3934//4591 3936//4591 3938//4591 
f 3930//4591 4092//4591 4093//4591 
f 4060//4591 4094//4591 4095//4591 
f 4014//4591 4016//4591 4018//4591 
f 4066//4591 4084//4591 4010//4591 
f 3974//4591 3976//4591 3978//4591 
f 3962//4591 4084//4591 3956//4591 
f 3950//4591 3952//4591 3954//4591 
f 3931//4591 3930//4591 4093//4591 
f 3931//4591 4060//4591 4058//4591 
f 4060//4591 4096//4591 4094//4591 
f 4060//4591 4093//4591 4097//4591 
f 4010//4591 4012//4591 4066//4591 
f 3960//4591 3962//4591 3956//4591 
f 3954//4591 4084//4591 3948//4591 
f 4058//4591 4056//4591 3931//4591 
f 4097//4591 4096//4591 4060//4591 
f 3966//4591 3968//4591 3970//4591 
f 4084//4591 3946//4591 3948//4591 
f 4060//4591 4095//4591 4063//4591 
f 3954//4591 3956//4591 4084//4591 
f 4050//4591 4052//4591 4054//4591 
f 3946//4591 4084//4591 4085//4591 
o mesh260
f 4095//4592 4098//4592 4083//4592 
f 4083//4592 4063//4592 4095//4592 
o mesh261
f 4083//4593 4098//4593 4082//4593 
f 4082//4593 4081//4593 4083//4593 
o mesh262
f 4099//4594 4100//4595 4101//4595 
f 4102//4596 4099//4594 4103//4597 
f 4104//4598 4102//4596 4105//4599 
f 4106//4600 4104//4598 4107//4601 
f 4108//4602 4106//4600 4109//4603 
f 4110//4604 4108//4602 4111//4605 
f 4112//4606 4110//4604 4113//4607 
f 4114//4608 4112//4606 4115//4609 
f 4116//4610 4114//4608 4117//4611 
f 4118//4612 4116//4610 4119//4613 
f 4120//4614 4118//4612 4121//4615 
f 4122//4616 4120//4614 4123//4617 
f 4124//4618 4122//4616 4125//4619 
f 4126//4620 4124//4618 4127//4621 
f 4098//4622 4126//4620 4128//4623 
f 4128//4623 4082//4622 4098//4622 
f 4127//4621 4128//4623 4126//4620 
f 4125//4619 4127//4621 4124//4618 
f 4123//4617 4125//4619 4122//4616 
f 4121//4615 4123//4617 4120//4614 
f 4119//4613 4121//4615 4118//4612 
f 4117//4611 4119//4613 4116//4610 
f 4115//4609 4117//4611 4114//4608 
f 4113//4607 4115//4609 4112//4606 
f 4111//4605 4113//4607 4110//4604 
f 4109//4603 4111//4605 4108//4602 
f 4107//4601 4109//4603 4106//4600 
f 4105//4599 4107//4601 4104//4598 
f 4103//4597 4105//4599 4102//4596 
f 4101//4595 4103//4597 4099//4594 
o mesh263
f 4095//4624 4094//4625 4126//4625 
f 4094//4625 4096//4626 4124//4626 
f 4096//4626 4097//4627 4122//4627 
f 4097//4627 4093//4628 4120//4628 
f 4093//4628 4092//4629 4118//4629 
f 4092//4629 4091//4630 4116//4630 
f 4091//4630 4090//4631 4114//4631 
f 4090//4631 4085//4632 4112//4632 
f 4085//4632 4086//4633 4110//4633 
f 4086//4633 4087//4634 4108//4634 
f 4087//4634 4089//4635 4106//4635 
f 4106//4635 4088//4636 4129//4637 
f 4106//4635 4089//4635 4088//4636 
f 4104//4637 4129//4637 4130//4638 
f 4102//4638 4130//4638 4131//4639 
f 4100//4640 4099//4639 4131//4639 
f 4131//4639 4099//4639 4102//4638 
f 4130//4638 4102//4638 4104//4637 
f 4129//4637 4104//4637 4106//4635 
f 4106//4635 4108//4634 4087//4634 
f 4108//4634 4110//4633 4086//4633 
f 4110//4633 4112//4632 4085//4632 
f 4112//4632 4114//4631 4090//4631 
f 4114//4631 4116//4630 4091//4630 
f 4116//4630 4118//4629 4092//4629 
f 4118//4629 4120//4628 4093//4628 
f 4120//4628 4122//4627 4097//4627 
f 4122//4627 4124//4626 4096//4626 
f 4124//4626 4126//4625 4094//4625 
f 4126//4625 4098//4641 4095//4624 
o mesh264
f 4078//4642 4077//4643 4111//4643 
f 4077//4643 4073//4644 4113//4644 
f 4073//4644 4072//4645 4115//4645 
f 4072//4645 4075//4646 4117//4646 
f 4075//4646 4069//4647 4119//4647 
f 4069//4647 4068//4648 4121//4648 
f 4068//4648 4070//4649 4123//4649 
f 4070//4649 4074//4650 4125//4650 
f 4074//4650 4079//4651 4127//4651 
f 4079//4651 4076//4652 4128//4652 
f 4076//4652 4071//4653 4082//4653 
f 4105//4654 4103//4655 4132//4655 
f 4107//4656 4105//4654 4133//4657 
f 4109//4658 4107//4656 4134//4659 
f 4134//4659 4080//4660 4109//4658 
f 4080//4660 4078//4642 4109//4658 
f 4133//4657 4134//4659 4107//4656 
f 4132//4655 4133//4657 4105//4654 
f 4132//4655 4103//4655 4101//4661 
f 4082//4653 4128//4652 4076//4652 
f 4128//4652 4127//4651 4079//4651 
f 4127//4651 4125//4650 4074//4650 
f 4125//4650 4123//4649 4070//4649 
f 4123//4649 4121//4648 4068//4648 
f 4121//4648 4119//4647 4069//4647 
f 4119//4647 4117//4646 4075//4646 
f 4117//4646 4115//4645 4072//4645 
f 4115//4645 4113//4644 4073//4644 
f 4113//4644 4111//4643 4077//4643 
f 4111//4643 4109//4658 4078//4642 
o mesh265
f 4135//4662 4133//4662 4132//4662 
f 4136//4662 4100//4662 4131//4662 
f 4135//4662 4134//4662 4133//4662 
f 4131//4662 4130//4662 4136//4662 
f 4135//4662 4080//4662 4134//4662 
f 4137//4662 4067//4662 4080//4662 
f 4138//4662 4136//4662 4088//4662 
f 4130//4662 4129//4662 4136//4662 
f 4135//4662 4101//4662 4100//4662 
f 4080//4662 4135//4662 4137//4662 
f 4129//4662 4088//4662 4136//4662 
f 4132//4662 4101//4662 4135//4662 
f 4100//4662 4136//4662 4135//4662 
f 4088//4662 4084//4662 4138//4662 
o mesh266
f 4139//4663 4140//4663 4141//4664 
f 4142//4664 4141//4664 4143//4665 
f 4144//4665 4143//4665 4145//4666 
f 4146//4666 4145//4666 4147//4667 
f 4148//4667 4147//4667 4149//4668 
f 4150//4668 4149//4668 4151//4669 
f 4152//4669 4151//4669 4153//4670 
f 4154//4670 4153//4670 4155//4671 
f 4156//4671 4155//4671 4157//4672 
f 4158//4672 4157//4672 4159//4673 
f 4160//4673 4159//4673 4161//4674 
f 4162//4674 4161//4674 4163//4675 
f 4164//4675 4163//4675 4165//4676 
f 4166//4676 4165//4676 4167//4677 
f 4168//4677 4167//4677 4136//4678 
f 4136//4678 4138//4678 4168//4677 
f 4167//4677 4168//4677 4166//4676 
f 4165//4676 4166//4676 4164//4675 
f 4163//4675 4164//4675 4162//4674 
f 4161//4674 4162//4674 4160//4673 
f 4159//4673 4160//4673 4158//4672 
f 4157//4672 4158//4672 4156//4671 
f 4155//4671 4156//4671 4154//4670 
f 4153//4670 4154//4670 4152//4669 
f 4151//4669 4152//4669 4150//4668 
f 4149//4668 4150//4668 4148//4667 
f 4147//4667 4148//4667 4146//4666 
f 4145//4666 4146//4666 4144//4665 
f 4143//4665 4144//4665 4142//4664 
f 4141//4664 4142//4664 4139//4663 
o mesh267
f 4169//4679 4170//4679 4140//4679 
f 4140//4679 4139//4679 4169//4679 
o mesh268
f 4171//4680 4172//4680 4173//4681 
f 4174//4681 4173//4681 4175//4682 
f 4176//4682 4175//4682 4177//4683 
f 4178//4683 4177//4683 4179//4684 
f 4180//4684 4179//4684 4181//4685 
f 4182//4685 4181//4685 4183//4686 
f 4184//4686 4183//4686 4185//4687 
f 4186//4687 4185//4687 4187//4688 
f 4188//4688 4187//4688 4189//4689 
f 4190//4689 4189//4689 4191//4690 
f 4192//4690 4191//4690 4193//4691 
f 4194//4691 4193//4691 4195//4692 
f 4196//4692 4195//4692 4197//4693 
f 4198//4693 4197//4693 4199//4694 
f 4200//4694 4199//4694 4137//4695 
f 4137//4695 4135//4695 4200//4694 
f 4199//4694 4200//4694 4198//4693 
f 4197//4693 4198//4693 4196//4692 
f 4195//4692 4196//4692 4194//4691 
f 4193//4691 4194//4691 4192//4690 
f 4191//4690 4192//4690 4190//4689 
f 4189//4689 4190//4689 4188//4688 
f 4187//4688 4188//4688 4186//4687 
f 4185//4687 4186//4687 4184//4686 
f 4183//4686 4184//4686 4182//4685 
f 4181//4685 4182//4685 4180//4684 
f 4179//4684 4180//4684 4178//4683 
f 4177//4683 4178//4683 4176//4682 
f 4175//4682 4176//4682 4174//4681 
f 4173//4681 4174//4681 4171//4680 
o mesh269
f 4201//4696 4202//4696 4172//4696 
f 4172//4696 4171//4696 4201//4696 
o mesh270
f 4203//4697 4204//4697 4205//4697 
f 4206//4697 4207//4697 4208//4697 
f 4209//4697 4210//4697 4211//4697 
f 4208//4697 4203//4697 4206//4697 
f 4209//4697 4212//4697 4213//4697 
f 4211//4697 4214//4697 4209//4697 
f 4209//4697 4215//4697 4216//4697 
f 4205//4697 4206//4697 4203//4697 
f 4214//4697 4212//4697 4209//4697 
f 4209//4697 4217//4697 4215//4697 
f 4213//4697 4207//4697 4209//4697 
f 4209//4697 4218//4697 4217//4697 
f 4216//4697 4210//4697 4209//4697 
f 4206//4697 4209//4697 4207//4697 
f 4169//4697 4219//4697 4218//4697 
f 4218//4697 4170//4697 4169//4697 
f 4209//4697 4170//4697 4218//4697 
o mesh271
f 4219//4696 4220//4696 4221//4696 
f 4221//4696 4218//4696 4219//4696 
o mesh272
f 4218//4696 4221//4696 4222//4698 
f 4217//4698 4222//4698 4223//4699 
f 4215//4699 4223//4699 4224//4700 
f 4216//4700 4224//4700 4225//4701 
f 4210//4701 4225//4701 4226//4702 
f 4211//4702 4226//4702 4227//4703 
f 4214//4703 4227//4703 4228//4704 
f 4212//4704 4228//4704 4229//4705 
f 4213//4705 4229//4705 4230//4706 
f 4207//4706 4230//4706 4231//4707 
f 4208//4707 4231//4707 4232//4708 
f 4203//4708 4232//4708 4233//4709 
f 4204//4709 4233//4709 4234//4710 
f 4205//4710 4234//4710 4235//4711 
f 4206//4711 4235//4711 4236//4712 
f 4236//4712 4209//4712 4206//4711 
f 4235//4711 4206//4711 4205//4710 
f 4234//4710 4205//4710 4204//4709 
f 4233//4709 4204//4709 4203//4708 
f 4232//4708 4203//4708 4208//4707 
f 4231//4707 4208//4707 4207//4706 
f 4230//4706 4207//4706 4213//4705 
f 4229//4705 4213//4705 4212//4704 
f 4228//4704 4212//4704 4214//4703 
f 4227//4703 4214//4703 4211//4702 
f 4226//4702 4211//4702 4210//4701 
f 4225//4701 4210//4701 4216//4700 
f 4224//4700 4216//4700 4215//4699 
f 4223//4699 4215//4699 4217//4698 
f 4222//4698 4217//4698 4218//4696 
o mesh273
f 4237//4713 4221//4714 4220//4714 
f 4238//4715 4237//4713 4239//4716 
f 4240//4717 4238//4715 4241//4718 
f 4242//4719 4240//4717 4243//4720 
f 4244//4721 4242//4719 4245//4722 
f 4246//4723 4244//4721 4247//4724 
f 4248//4725 4246//4723 4249//4726 
f 4250//4727 4248//4725 4251//4728 
f 4252//4729 4250//4727 4253//4730 
f 4254//4731 4252//4729 4255//4732 
f 4256//4733 4254//4731 4257//4734 
f 4258//4735 4256//4733 4259//4736 
f 4260//4737 4258//4735 4261//4738 
f 4262//4739 4260//4737 4263//4740 
f 4264//4741 4262//4739 4265//4742 
f 4265//4742 4266//4741 4264//4741 
f 4263//4740 4265//4742 4262//4739 
f 4261//4738 4263//4740 4260//4737 
f 4259//4736 4261//4738 4258//4735 
f 4257//4734 4259//4736 4256//4733 
f 4255//4732 4257//4734 4254//4731 
f 4253//4730 4255//4732 4252//4729 
f 4251//4728 4253//4730 4250//4727 
f 4249//4726 4251//4728 4248//4725 
f 4247//4724 4249//4726 4246//4723 
f 4245//4722 4247//4724 4244//4721 
f 4243//4720 4245//4722 4242//4719 
f 4241//4718 4243//4720 4240//4717 
f 4239//4716 4241//4718 4238//4715 
f 4220//4714 4239//4716 4237//4713 
o mesh274
f 4222//4743 4221//4744 4237//4745 
f 4296//4746 4237//4745 4238//4747 
f 4297//4748 4238//4747 4240//4749 
f 4298//4750 4240//4749 4242//4751 
f 4299//4752 4242//4751 4244//4753 
f 4300//4754 4244//4753 4246//4755 
f 4301//4756 4246//4755 4248//4757 
f 4302//4758 4248//4757 4250//4759 
f 4303//4760 4250//4759 4252//4761 
f 4304//4762 4252//4761 4254//4763 
f 4305//4764 4254//4763 4256//4765 
f 4306//4766 4256//4765 4258//4767 
f 4307//4768 4258//4767 4260//4769 
f 4308//4770 4260//4769 4262//4771 
f 4309//4772 4262//4771 4264//4773 
f 4223//4774 4222//4743 4296//4746 
f 4310//4775 4296//4746 4297//4748 
f 4311//4776 4297//4748 4298//4750 
f 4312//4777 4298//4750 4299//4752 
f 4313//4778 4299//4752 4300//4754 
f 4314//4779 4300//4754 4301//4756 
f 4315//4780 4301//4756 4302//4758 
f 4316//4781 4302//4758 4303//4760 
f 4317//4782 4303//4760 4304//4762 
f 4318//4783 4304//4762 4305//4764 
f 4319//4784 4305//4764 4306//4766 
f 4320//4785 4306//4766 4307//4768 
f 4321//4786 4307//4768 4308//4770 
f 4322//4787 4308//4770 4309//4772 
f 4323//4788 4309//4772 4267//4789 
f 4224//4790 4223//4774 4310//4775 
f 4324//4791 4310//4775 4311//4776 
f 4325//4792 4311//4776 4312//4777 
f 4326//4793 4312//4777 4313//4778 
f 4327//4794 4313//4778 4314//4779 
f 4328//4795 4314//4779 4315//4780 
f 4329//4796 4315//4780 4316//4781 
f 4330//4797 4316//4781 4317//4782 
f 4331//4798 4317//4782 4318//4783 
f 4332//4799 4318//4783 4319//4784 
f 4333//4800 4319//4784 4320//4785 
f 4334//4801 4320//4785 4321//4786 
f 4335//4802 4321//4786 4322//4787 
f 4336//4803 4322//4787 4323//4788 
f 4337//4804 4323//4788 4268//4805 
f 4225//4806 4224//4790 4324//4791 
f 4338//4807 4324//4791 4325//4792 
f 4339//4808 4325//4792 4326//4793 
f 4340//4809 4326//4793 4327//4794 
f 4341//4810 4327//4794 4328//4795 
f 4342//4811 4328//4795 4329//4796 
f 4343//4812 4329//4796 4330//4797 
f 4344//4813 4330//4797 4331//4798 
f 4345//4814 4331//4798 4332//4799 
f 4346//4815 4332//4799 4333//4800 
f 4347//4816 4333//4800 4334//4801 
f 4348//4817 4334//4801 4335//4802 
f 4349//4818 4335//4802 4336//4803 
f 4350//4819 4336//4803 4337//4804 
f 4351//4820 4337//4804 4269//4821 
f 4226//4822 4225//4806 4338//4807 
f 4352//4823 4338//4807 4339//4808 
f 4353//4824 4339//4808 4340//4809 
f 4354//4825 4340//4809 4341//4810 
f 4355//4826 4341//4810 4342//4811 
f 4356//4827 4342//4811 4343//4812 
f 4357//4828 4343//4812 4344//4813 
f 4358//4829 4344//4813 4345//4814 
f 4359//4830 4345//4814 4346//4815 
f 4360//4831 4346//4815 4347//4816 
f 4361//4832 4347//4816 4348//4817 
f 4362//4833 4348//4817 4349//4818 
f 4363//4834 4349//4818 4350//4819 
f 4364//4835 4350//4819 4351//4820 
f 4365//4836 4351//4820 4270//4837 
f 4227//4838 4226//4822 4352//4823 
f 4366//4839 4352//4823 4353//4824 
f 4367//4840 4353//4824 4354//4825 
f 4368//4841 4354//4825 4355//4826 
f 4369//4842 4355//4826 4356//4827 
f 4370//4843 4356//4827 4357//4828 
f 4371//4844 4357//4828 4358//4829 
f 4372//4845 4358//4829 4359//4830 
f 4373//4846 4359//4830 4360//4831 
f 4374//4847 4360//4831 4361//4832 
f 4375//4848 4361//4832 4362//4833 
f 4376//4849 4362//4833 4363//4834 
f 4377//4850 4363//4834 4364//4835 
f 4378//4851 4364//4835 4365//4836 
f 4379//4852 4365//4836 4271//4853 
f 4228//4854 4227//4838 4366//4839 
f 4380//4855 4366//4839 4367//4840 
f 4381//4856 4367//4840 4368//4841 
f 4382//4857 4368//4841 4369//4842 
f 4383//4858 4369//4842 4370//4843 
f 4384//4859 4370//4843 4371//4844 
f 4385//4860 4371//4844 4372//4845 
f 4386//4861 4372//4845 4373//4846 
f 4387//4862 4373//4846 4374//4847 
f 4388//4863 4374//4847 4375//4848 
f 4389//4864 4375//4848 4376//4849 
f 4390//4865 4376//4849 4377//4850 
f 4391//4866 4377//4850 4378//4851 
f 4392//4867 4378//4851 4379//4852 
f 4393//4868 4379//4852 4272//4869 
f 4229//4870 4228//4854 4380//4855 
f 4394//4871 4380//4855 4381//4856 
f 4395//4872 4381//4856 4382//4857 
f 4396//4873 4382//4857 4383//4858 
f 4397//4874 4383//4858 4384//4859 
f 4398//4875 4384//4859 4385//4860 
f 4399//4876 4385//4860 4386//4861 
f 4400//4877 4386//4861 4387//4862 
f 4401//4878 4387//4862 4388//4863 
f 4402//4879 4388//4863 4389//4864 
f 4403//4880 4389//4864 4390//4865 
f 4404//4881 4390//4865 4391//4866 
f 4405//4882 4391//4866 4392//4867 
f 4406//4883 4392//4867 4393//4868 
f 4407//4884 4393//4868 4273//4885 
f 4230//4886 4229//4870 4394//4871 
f 4408//4887 4394//4871 4395//4872 
f 4409//4888 4395//4872 4396//4873 
f 4410//4889 4396//4873 4397//4874 
f 4411//4890 4397//4874 4398//4875 
f 4412//4891 4398//4875 4399//4876 
f 4413//4892 4399//4876 4400//4877 
f 4414//4893 4400//4877 4401//4878 
f 4415//4894 4401//4878 4402//4879 
f 4416//4895 4402//4879 4403//4880 
f 4417//4896 4403//4880 4404//4881 
f 4418//4897 4404//4881 4405//4882 
f 4419//4898 4405//4882 4406//4883 
f 4420//4899 4406//4883 4407//4884 
f 4421//4900 4407//4884 4274//4901 
f 4231//4902 4230//4886 4408//4887 
f 4422//4903 4408//4887 4409//4888 
f 4423//4904 4409//4888 4410//4889 
f 4424//4905 4410//4889 4411//4890 
f 4425//4906 4411//4890 4412//4891 
f 4426//4907 4412//4891 4413//4892 
f 4427//4908 4413//4892 4414//4893 
f 4428//4909 4414//4893 4415//4894 
f 4429//4910 4415//4894 4416//4895 
f 4430//4911 4416//4895 4417//4896 
f 4431//4912 4417//4896 4418//4897 
f 4432//4913 4418//4897 4419//4898 
f 4433//4914 4419//4898 4420//4899 
f 4434//4915 4420//4899 4421//4900 
f 4435//4916 4421//4900 4275//4917 
f 4232//4918 4231//4902 4422//4903 
f 4436//4919 4422//4903 4423//4904 
f 4437//4920 4423//4904 4424//4905 
f 4438//4921 4424//4905 4425//4906 
f 4439//4922 4425//4906 4426//4907 
f 4440//4923 4426//4907 4427//4908 
f 4441//4924 4427//4908 4428//4909 
f 4442//4925 4428//4909 4429//4910 
f 4443//4926 4429//4910 4430//4911 
f 4444//4927 4430//4911 4431//4912 
f 4445//4928 4431//4912 4432//4913 
f 4446//4929 4432//4913 4433//4914 
f 4447//4930 4433//4914 4434//4915 
f 4448//4931 4434//4915 4435//4916 
f 4449//4932 4435//4916 4276//4933 
f 4233//4934 4232//4918 4436//4919 
f 4450//4935 4436//4919 4437//4920 
f 4451//4936 4437//4920 4438//4921 
f 4452//4937 4438//4921 4439//4922 
f 4453//4938 4439//4922 4440//4923 
f 4454//4939 4440//4923 4441//4924 
f 4455//4940 4441//4924 4442//4925 
f 4456//4941 4442//4925 4443//4926 
f 4457//4942 4443//4926 4444//4927 
f 4458//4943 4444//4927 4445//4928 
f 4459//4944 4445//4928 4446//4929 
f 4460//4945 4446//4929 4447//4930 
f 4461//4946 4447//4930 4448//4931 
f 4462//4947 4448//4931 4449//4932 
f 4463//4948 4449//4932 4277//4949 
f 4234//4950 4233//4934 4450//4935 
f 4464//4951 4450//4935 4451//4936 
f 4465//4952 4451//4936 4452//4937 
f 4466//4953 4452//4937 4453//4938 
f 4467//4954 4453//4938 4454//4939 
f 4468//4955 4454//4939 4455//4940 
f 4469//4956 4455//4940 4456//4941 
f 4470//4957 4456//4941 4457//4942 
f 4471//4958 4457//4942 4458//4943 
f 4472//4959 4458//4943 4459//4944 
f 4473//4960 4459//4944 4460//4945 
f 4474//4961 4460//4945 4461//4946 
f 4475//4962 4461//4946 4462//4947 
f 4476//4963 4462//4947 4463//4948 
f 4477//4964 4463//4948 4278//4965 
f 4235//4966 4234//4950 4464//4951 
f 4478//4967 4464//4951 4465//4952 
f 4479//4968 4465//4952 4466//4953 
f 4480//4969 4466//4953 4467//4954 
f 4481//4970 4467//4954 4468//4955 
f 4482//4971 4468//4955 4469//4956 
f 4483//4972 4469//4956 4470//4957 
f 4484//4973 4470//4957 4471//4958 
f 4485//4974 4471//4958 4472//4959 
f 4486//4975 4472//4959 4473//4960 
f 4487//4976 4473//4960 4474//4961 
f 4488//4977 4474//4961 4475//4962 
f 4489//4978 4475//4962 4476//4963 
f 4490//4979 4476//4963 4477//4964 
f 4491//4980 4477//4964 4279//4981 
f 4236//4982 4235//4966 4478//4967 
f 4280//4982 4478//4967 4479//4968 
f 4281//4982 4479//4968 4480//4969 
f 4282//4982 4480//4969 4481//4970 
f 4283//4982 4481//4970 4482//4971 
f 4284//4982 4482//4971 4483//4972 
f 4285//4982 4483//4972 4484//4973 
f 4286//4982 4484//4973 4485//4974 
f 4287//4982 4485//4974 4486//4975 
f 4288//4982 4486//4975 4487//4976 
f 4289//4982 4487//4976 4488//4977 
f 4290//4982 4488//4977 4489//4978 
f 4291//4982 4489//4978 4490//4979 
f 4292//4982 4490//4979 4491//4980 
f 4293//4982 4491//4980 4294//4983 
f 4294//4983 4295//4982 4293//4982 
f 4491//4980 4293//4982 4292//4982 
f 4490//4979 4292//4982 4291//4982 
f 4489//4978 4291//4982 4290//4982 
f 4488//4977 4290//4982 4289//4982 
f 4487//4976 4289//4982 4288//4982 
f 4486//4975 4288//4982 4287//4982 
f 4485//4974 4287//4982 4286//4982 
f 4484//4973 4286//4982 4285//4982 
f 4483//4972 4285//4982 4284//4982 
f 4482//4971 4284//4982 4283//4982 
f 4481//4970 4283//4982 4282//4982 
f 4480//4969 4282//4982 4281//4982 
f 4479//4968 4281//4982 4280//4982 
f 4478//4967 4280//4982 4236//4982 
f 4279//4981 4294//4983 4491//4980 
f 4477//4964 4491//4980 4490//4979 
f 4476//4963 4490//4979 4489//4978 
f 4475//4962 4489//4978 4488//4977 
f 4474//4961 4488//4977 4487//4976 
f 4473//4960 4487//4976 4486//4975 
f 4472//4959 4486//4975 4485//4974 
f 4471//4958 4485//4974 4484//4973 
f 4470//4957 4484//4973 4483//4972 
f 4469//4956 4483//4972 4482//4971 
f 4468//4955 4482//4971 4481//4970 
f 4467//4954 4481//4970 4480//4969 
f 4466//4953 4480//4969 4479//4968 
f 4465//4952 4479//4968 4478//4967 
f 4464//4951 4478//4967 4235//4966 
f 4278//4965 4279//4981 4477//4964 
f 4463//4948 4477//4964 4476//4963 
f 4462//4947 4476//4963 4475//4962 
f 4461//4946 4475//4962 4474//4961 
f 4460//4945 4474//4961 4473//4960 
f 4459//4944 4473//4960 4472//4959 
f 4458//4943 4472//4959 4471//4958 
f 4457//4942 4471//4958 4470//4957 
f 4456//4941 4470//4957 4469//4956 
f 4455//4940 4469//4956 4468//4955 
f 4454//4939 4468//4955 4467//4954 
f 4453//4938 4467//4954 4466//4953 
f 4452//4937 4466//4953 4465//4952 
f 4451//4936 4465//4952 4464//4951 
f 4450//4935 4464//4951 4234//4950 
f 4277//4949 4278//4965 4463//4948 
f 4449//4932 4463//4948 4462//4947 
f 4448//4931 4462//4947 4461//4946 
f 4447//4930 4461//4946 4460//4945 
f 4446//4929 4460//4945 4459//4944 
f 4445//4928 4459//4944 4458//4943 
f 4444//4927 4458//4943 4457//4942 
f 4443//4926 4457//4942 4456//4941 
f 4442//4925 4456//4941 4455//4940 
f 4441//4924 4455//4940 4454//4939 
f 4440//4923 4454//4939 4453//4938 
f 4439//4922 4453//4938 4452//4937 
f 4438//4921 4452//4937 4451//4936 
f 4437//4920 4451//4936 4450//4935 
f 4436//4919 4450//4935 4233//4934 
f 4276//4933 4277//4949 4449//4932 
f 4435//4916 4449//4932 4448//4931 
f 4434//4915 4448//4931 4447//4930 
f 4433//4914 4447//4930 4446//4929 
f 4432//4913 4446//4929 4445//4928 
f 4431//4912 4445//4928 4444//4927 
f 4430//4911 4444//4927 4443//4926 
f 4429//4910 4443//4926 4442//4925 
f 4428//4909 4442//4925 4441//4924 
f 4427//4908 4441//4924 4440//4923 
f 4426//4907 4440//4923 4439//4922 
f 4425//4906 4439//4922 4438//4921 
f 4424//4905 4438//4921 4437//4920 
f 4423//4904 4437//4920 4436//4919 
f 4422//4903 4436//4919 4232//4918 
f 4275//4917 4276//4933 4435//4916 
f 4421//4900 4435//4916 4434//4915 
f 4420//4899 4434//4915 4433//4914 
f 4419//4898 4433//4914 4432//4913 
f 4418//4897 4432//4913 4431//4912 
f 4417//4896 4431//4912 4430//4911 
f 4416//4895 4430//4911 4429//4910 
f 4415//4894 4429//4910 4428//4909 
f 4414//4893 4428//4909 4427//4908 
f 4413//4892 4427//4908 4426//4907 
f 4412//4891 4426//4907 4425//4906 
f 4411//4890 4425//4906 4424//4905 
f 4410//4889 4424//4905 4423//4904 
f 4409//4888 4423//4904 4422//4903 
f 4408//4887 4422//4903 4231//4902 
f 4274//4901 4275//4917 4421//4900 
f 4407//4884 4421//4900 4420//4899 
f 4406//4883 4420//4899 4419//4898 
f 4405//4882 4419//4898 4418//4897 
f 4404//4881 4418//4897 4417//4896 
f 4403//4880 4417//4896 4416//4895 
f 4402//4879 4416//4895 4415//4894 
f 4401//4878 4415//4894 4414//4893 
f 4400//4877 4414//4893 4413//4892 
f 4399//4876 4413//4892 4412//4891 
f 4398//4875 4412//4891 4411//4890 
f 4397//4874 4411//4890 4410//4889 
f 4396//4873 4410//4889 4409//4888 
f 4395//4872 4409//4888 4408//4887 
f 4394//4871 4408//4887 4230//4886 
f 4273//4885 4274//4901 4407//4884 
f 4393//4868 4407//4884 4406//4883 
f 4392//4867 4406//4883 4405//4882 
f 4391//4866 4405//4882 4404//4881 
f 4390//4865 4404//4881 4403//4880 
f 4389//4864 4403//4880 4402//4879 
f 4388//4863 4402//4879 4401//4878 
f 4387//4862 4401//4878 4400//4877 
f 4386//4861 4400//4877 4399//4876 
f 4385//4860 4399//4876 4398//4875 
f 4384//4859 4398//4875 4397//4874 
f 4383//4858 4397//4874 4396//4873 
f 4382//4857 4396//4873 4395//4872 
f 4381//4856 4395//4872 4394//4871 
f 4380//4855 4394//4871 4229//4870 
f 4272//4869 4273//4885 4393//4868 
f 4379//4852 4393//4868 4392//4867 
f 4378//4851 4392//4867 4391//4866 
f 4377//4850 4391//4866 4390//4865 
f 4376//4849 4390//4865 4389//4864 
f 4375//4848 4389//4864 4388//4863 
f 4374//4847 4388//4863 4387//4862 
f 4373//4846 4387//4862 4386//4861 
f 4372//4845 4386//4861 4385//4860 
f 4371//4844 4385//4860 4384//4859 
f 4370//4843 4384//4859 4383//4858 
f 4369//4842 4383//4858 4382//4857 
f 4368//4841 4382//4857 4381//4856 
f 4367//4840 4381//4856 4380//4855 
f 4366//4839 4380//4855 4228//4854 
f 4271//4853 4272//4869 4379//4852 
f 4365//4836 4379//4852 4378//4851 
f 4364//4835 4378//4851 4377//4850 
f 4363//4834 4377//4850 4376//4849 
f 4362//4833 4376//4849 4375//4848 
f 4361//4832 4375//4848 4374//4847 
f 4360//4831 4374//4847 4373//4846 
f 4359//4830 4373//4846 4372//4845 
f 4358//4829 4372//4845 4371//4844 
f 4357//4828 4371//4844 4370//4843 
f 4356//4827 4370//4843 4369//4842 
f 4355//4826 4369//4842 4368//4841 
f 4354//4825 4368//4841 4367//4840 
f 4353//4824 4367//4840 4366//4839 
f 4352//4823 4366//4839 4227//4838 
f 4270//4837 4271//4853 4365//4836 
f 4351//4820 4365//4836 4364//4835 
f 4350//4819 4364//4835 4363//4834 
f 4349//4818 4363//4834 4362//4833 
f 4348//4817 4362//4833 4361//4832 
f 4347//4816 4361//4832 4360//4831 
f 4346//4815 4360//4831 4359//4830 
f 4345//4814 4359//4830 4358//4829 
f 4344//4813 4358//4829 4357//4828 
f 4343//4812 4357//4828 4356//4827 
f 4342//4811 4356//4827 4355//4826 
f 4341//4810 4355//4826 4354//4825 
f 4340//4809 4354//4825 4353//4824 
f 4339//4808 4353//4824 4352//4823 
f 4338//4807 4352//4823 4226//4822 
f 4269//4821 4270//4837 4351//4820 
f 4337//4804 4351//4820 4350//4819 
f 4336//4803 4350//4819 4349//4818 
f 4335//4802 4349//4818 4348//4817 
f 4334//4801 4348//4817 4347//4816 
f 4333//4800 4347//4816 4346//4815 
f 4332//4799 4346//4815 4345//4814 
f 4331//4798 4345//4814 4344//4813 
f 4330//4797 4344//4813 4343//4812 
f 4329//4796 4343//4812 4342//4811 
f 4328//4795 4342//4811 4341//4810 
f 4327//4794 4341//4810 4340//4809 
f 4326//4793 4340//4809 4339//4808 
f 4325//4792 4339//4808 4338//4807 
f 4324//4791 4338//4807 4225//4806 
f 4268//4805 4269//4821 4337//4804 
f 4323//4788 4337//4804 4336//4803 
f 4322//4787 4336//4803 4335//4802 
f 4321//4786 4335//4802 4334//4801 
f 4320//4785 4334//4801 4333//4800 
f 4319//4784 4333//4800 4332//4799 
f 4318//4783 4332//4799 4331//4798 
f 4317//4782 4331//4798 4330//4797 
f 4316//4781 4330//4797 4329//4796 
f 4315//4780 4329//4796 4328//4795 
f 4314//4779 4328//4795 4327//4794 
f 4313//4778 4327//4794 4326//4793 
f 4312//4777 4326//4793 4325//4792 
f 4311//4776 4325//4792 4324//4791 
f 4310//4775 4324//4791 4224//4790 
f 4267//4789 4268//4805 4323//4788 
f 4309//4772 4323//4788 4322//4787 
f 4308//4770 4322//4787 4321//4786 
f 4307//4768 4321//4786 4320//4785 
f 4306//4766 4320//4785 4319//4784 
f 4305//4764 4319//4784 4318//4783 
f 4304//4762 4318//4783 4317//4782 
f 4303//4760 4317//4782 4316//4781 
f 4302//4758 4316//4781 4315//4780 
f 4301//4756 4315//4780 4314//4779 
f 4300//4754 4314//4779 4313//4778 
f 4299//4752 4313//4778 4312//4777 
f 4298//4750 4312//4777 4311//4776 
f 4297//4748 4311//4776 4310//4775 
f 4296//4746 4310//4775 4223//4774 
f 4264//4773 4267//4789 4309//4772 
f 4262//4771 4309//4772 4308//4770 
f 4260//4769 4308//4770 4307//4768 
f 4258//4767 4307//4768 4306//4766 
f 4256//4765 4306//4766 4305//4764 
f 4254//4763 4305//4764 4304//4762 
f 4252//4761 4304//4762 4303//4760 
f 4250//4759 4303//4760 4302//4758 
f 4248//4757 4302//4758 4301//4756 
f 4246//4755 4301//4756 4300//4754 
f 4244//4753 4300//4754 4299//4752 
f 4242//4751 4299//4752 4298//4750 
f 4240//4749 4298//4750 4297//4748 
f 4238//4747 4297//4748 4296//4746 
f 4237//4745 4296//4746 4222//4743 
o mesh275
f 4266//4984 4492//4984 4493//4984 
f 4493//4984 4264//4984 4266//4984 
o mesh276
f 4066//4985 4494//4985 4492//4985 
f 4142//4985 4152//4985 4154//4985 
f 4142//4985 4146//4985 4148//4985 
f 4173//4985 4181//4985 4179//4985 
f 4173//4985 4187//4985 4185//4985 
f 4066//4985 4266//4985 4265//4985 
f 4066//4985 4495//4985 4494//4985 
f 4202//4985 4496//4985 4497//4985 
f 4142//4985 4160//4985 4162//4985 
f 4142//4985 4156//4985 4158//4985 
f 4142//4985 4150//4985 4152//4985 
f 4142//4985 4144//4985 4146//4985 
f 4179//4985 4177//4985 4173//4985 
f 4185//4985 4183//4985 4173//4985 
f 4173//4985 4191//4985 4189//4985 
f 4173//4985 4195//4985 4193//4985 
f 4169//4985 4249//4985 4247//4985 
f 4169//4985 4255//4985 4253//4985 
f 4066//4985 4261//4985 4259//4985 
f 4492//4985 4266//4985 4066//4985 
f 4065//4985 4498//4985 4495//4985 
f 4065//4985 4499//4985 4500//4985 
f 4202//4985 4501//4985 4499//4985 
f 4497//4985 4502//4985 4202//4985 
f 4202//4985 4503//4985 4504//4985 
f 4158//4985 4160//4985 4142//4985 
f 4148//4985 4150//4985 4142//4985 
f 4183//4985 4181//4985 4173//4985 
f 4193//4985 4191//4985 4173//4985 
f 4169//4985 4239//4985 4220//4985 
f 4247//4985 4245//4985 4169//4985 
f 4253//4985 4251//4985 4169//4985 
f 4066//4985 4257//4985 4255//4985 
f 4066//4985 4263//4985 4261//4985 
f 4495//4985 4066//4985 4065//4985 
f 4499//4985 4065//4985 4202//4985 
f 4202//4985 4505//4985 4496//4985 
f 4504//4985 4506//4985 4202//4985 
f 4139//4985 4164//4985 4166//4985 
f 4154//4985 4156//4985 4142//4985 
f 4189//4985 4187//4985 4173//4985 
f 4172//4985 4199//4985 4197//4985 
f 4169//4985 4241//4985 4239//4985 
f 4245//4985 4243//4985 4169//4985 
f 4255//4985 4169//4985 4066//4985 
f 4265//4985 4263//4985 4066//4985 
f 4500//4985 4507//4985 4065//4985 
f 4506//4985 4505//4985 4202//4985 
f 4166//4985 4168//4985 4139//4985 
f 4164//4985 4139//4985 4142//4985 
f 4177//4985 4175//4985 4173//4985 
f 4172//4985 4137//4985 4199//4985 
f 4243//4985 4241//4985 4169//4985 
f 4259//4985 4257//4985 4066//4985 
f 4065//4985 4508//4985 4509//4985 
f 4502//4985 4501//4985 4202//4985 
f 4162//4985 4164//4985 4142//4985 
f 4197//4985 4195//4985 4172//4985 
f 4251//4985 4249//4985 4169//4985 
f 4507//4985 4508//4985 4065//4985 
f 4138//4985 4084//4985 4066//4985 
f 4138//4985 4169//4985 4139//4985 
f 4173//4985 4172//4985 4195//4985 
f 4137//4985 4202//4985 4065//4985 
f 4509//4985 4498//4985 4065//4985 
f 4168//4985 4138//4985 4139//4985 
f 4065//4985 4067//4985 4137//4985 
f 4066//4985 4169//4985 4138//4985 
f 4220//4985 4219//4985 4169//4985 
f 4172//4985 4202//4985 4137//4985 
o mesh277
f 4510//4984 4511//4984 4512//4984 
f 4513//4984 4514//4984 4515//4984 
f 4514//4984 4513//4984 4516//4984 
f 4510//4984 4517//4984 4518//4984 
f 4510//4984 4519//4984 4511//4984 
f 4510//4984 4520//4984 4521//4984 
f 4516//4984 4522//4984 4514//4984 
f 4518//4984 4523//4984 4510//4984 
f 4521//4984 4519//4984 4510//4984 
f 4520//4984 4510//4984 4513//4984 
f 4523//4984 4524//4984 4510//4984 
f 4515//4984 4520//4984 4513//4984 
f 4512//4984 4517//4984 4510//4984 
f 4202//4984 4201//4984 4525//4984 
f 4525//4984 4201//4984 4510//4984 
f 4524//4984 4525//4984 4510//4984 
f 4525//4984 4503//4984 4202//4984 
o mesh278
f 4504//4986 4503//4986 4525//4986 
f 4525//4986 4526//4986 4504//4986 
o mesh279
f 4141//4987 4149//4987 4147//4987 
f 4141//4987 4155//4987 4153//4987 
f 4147//4987 4145//4987 4141//4987 
f 4153//4987 4151//4987 4141//4987 
f 4141//4987 4159//4987 4157//4987 
f 4141//4987 4163//4987 4161//4987 
f 4293//4987 4184//4987 4186//4987 
f 4293//4987 4178//4987 4180//4987 
f 4293//4987 4174//4987 4176//4987 
f 4151//4987 4149//4987 4141//4987 
f 4161//4987 4159//4987 4141//4987 
f 4293//4987 4192//4987 4194//4987 
f 4293//4987 4188//4987 4190//4987 
f 4293//4987 4182//4987 4184//4987 
f 4176//4987 4178//4987 4293//4987 
f 4163//4987 4141//4987 4140//4987 
f 4157//4987 4155//4987 4141//4987 
f 4292//4987 4167//4987 4165//4987 
f 4190//4987 4192//4987 4293//4987 
f 4180//4987 4182//4987 4293//4987 
f 4145//4987 4143//4987 4141//4987 
f 4292//4987 4136//4987 4167//4987 
f 4293//4987 4196//4987 4198//4987 
f 4186//4987 4188//4987 4293//4987 
f 4201//4987 4527//4987 4528//4987 
f 4201//4987 4529//4987 4530//4987 
f 4165//4987 4163//4987 4292//4987 
f 4136//4987 4292//4987 4293//4987 
f 4198//4987 4200//4987 4293//4987 
f 4293//4987 4171//4987 4174//4987 
f 4140//4987 4287//4987 4288//4987 
f 4170//4987 4285//4987 4286//4987 
f 4530//4987 4527//4987 4201//4987 
f 4201//4987 4531//4987 4532//4987 
f 4171//4987 4293//4987 4295//4987 
f 4293//4987 4135//4987 4136//4987 
f 4194//4987 4196//4987 4293//4987 
f 4140//4987 4286//4987 4287//4987 
f 4170//4987 4284//4987 4285//4987 
f 4170//4987 4281//4987 4282//4987 
f 4532//4987 4529//4987 4201//4987 
f 4201//4987 4533//4987 4534//4987 
f 4295//4987 4535//4987 4171//4987 
f 4200//4987 4135//4987 4293//4987 
f 4140//4987 4290//4987 4291//4987 
f 4286//4987 4140//4987 4170//4987 
f 4282//4987 4283//4987 4170//4987 
f 4534//4987 4531//4987 4201//4987 
f 4171//4987 4536//4987 4537//4987 
f 4140//4987 4292//4987 4163//4987 
f 4140//4987 4289//4987 4290//4987 
f 4283//4987 4284//4987 4170//4987 
f 4201//4987 4538//4987 4533//4987 
f 4201//4987 4539//4987 4540//4987 
f 4537//4987 4201//4987 4171//4987 
f 4535//4987 4541//4987 4171//4987 
f 4288//4987 4289//4987 4140//4987 
f 4170//4987 4209//4987 4236//4987 
f 4540//4987 4538//4987 4201//4987 
f 4537//4987 4542//4987 4201//4987 
f 4291//4987 4292//4987 4140//4987 
f 4236//4987 4280//4987 4170//4987 
f 4542//4987 4539//4987 4201//4987 
f 4280//4987 4281//4987 4170//4987 
f 4541//4987 4536//4987 4171//4987 
f 4528//4987 4510//4987 4201//4987 
o mesh280
f 4543//4988 4493//4989 4492//4989 
f 4544//4990 4543//4988 4494//4991 
f 4545//4992 4544//4990 4495//4993 
f 4546//4994 4545//4992 4498//4995 
f 4547//4996 4546//4994 4509//4997 
f 4548//4998 4547//4996 4508//4999 
f 4549//5000 4548//4998 4507//5001 
f 4550//5002 4549//5000 4500//5003 
f 4551//5004 4550//5002 4499//5005 
f 4552//5006 4551//5004 4501//5007 
f 4553//5008 4552//5006 4502//5009 
f 4554//5010 4553//5008 4497//5011 
f 4555//5012 4554//5010 4496//5013 
f 4556//5014 4555//5012 4505//5015 
f 4526//5016 4556//5014 4506//5017 
f 4506//5017 4504//5016 4526//5016 
f 4505//5015 4506//5017 4556//5014 
f 4496//5013 4505//5015 4555//5012 
f 4497//5011 4496//5013 4554//5010 
f 4502//5009 4497//5011 4553//5008 
f 4501//5007 4502//5009 4552//5006 
f 4499//5005 4501//5007 4551//5004 
f 4500//5003 4499//5005 4550//5002 
f 4507//5001 4500//5003 4549//5000 
f 4508//4999 4507//5001 4548//4998 
f 4509//4997 4508//4999 4547//4996 
f 4498//4995 4509//4997 4546//4994 
f 4495//4993 4498//4995 4545//4992 
f 4494//4991 4495//4993 4544//4990 
f 4492//4989 4494//4991 4543//4988 
o mesh281
f 4264//5018 4493//5018 4557//5019 
f 4267//5019 4557//5019 4558//5020 
f 4268//5020 4558//5020 4559//5021 
f 4269//5021 4559//5021 4560//5022 
f 4270//5022 4560//5022 4561//5023 
f 4271//5023 4561//5023 4562//5024 
f 4272//5024 4562//5024 4563//5025 
f 4273//5025 4563//5025 4564//5026 
f 4274//5026 4564//5026 4565//5027 
f 4275//5027 4565//5027 4566//5028 
f 4276//5028 4566//5028 4567//5029 
f 4277//5029 4567//5029 4568//5030 
f 4278//5030 4568//5030 4569//5031 
f 4279//5031 4569//5031 4570//5032 
f 4294//5032 4570//5032 4535//5033 
f 4535//5033 4295//5033 4294//5032 
f 4570//5032 4294//5032 4279//5031 
f 4569//5031 4279//5031 4278//5030 
f 4568//5030 4278//5030 4277//5029 
f 4567//5029 4277//5029 4276//5028 
f 4566//5028 4276//5028 4275//5027 
f 4565//5027 4275//5027 4274//5026 
f 4564//5026 4274//5026 4273//5025 
f 4563//5025 4273//5025 4272//5024 
f 4562//5024 4272//5024 4271//5023 
f 4561//5023 4271//5023 4270//5022 
f 4560//5022 4270//5022 4269//5021 
f 4559//5021 4269//5021 4268//5020 
f 4558//5020 4268//5020 4267//5019 
f 4557//5019 4267//5019 4264//5018 
o mesh282
f 4557//5034 4493//5035 4543//5036 
f 4585//5037 4543//5036 4544//5038 
f 4586//5039 4544//5038 4545//5040 
f 4587//5041 4545//5040 4546//5042 
f 4588//5043 4546//5042 4547//5044 
f 4589//5045 4547//5044 4548//5046 
f 4590//5047 4548//5046 4549//5048 
f 4591//5049 4549//5048 4550//5050 
f 4592//5051 4550//5050 4551//5052 
f 4593//5053 4551//5052 4552//5054 
f 4594//5055 4552//5054 4553//5056 
f 4595//5057 4553//5056 4554//5058 
f 4596//5059 4554//5058 4555//5060 
f 4597//5061 4555//5060 4556//5062 
f 4598//5063 4556//5062 4526//5064 
f 4558//5065 4557//5034 4585//5037 
f 4599//5066 4585//5037 4586//5039 
f 4600//5067 4586//5039 4587//5041 
f 4601//5068 4587//5041 4588//5043 
f 4602//5069 4588//5043 4589//5045 
f 4603//5070 4589//5045 4590//5047 
f 4604//5071 4590//5047 4591//5049 
f 4605//5072 4591//5049 4592//5051 
f 4606//5073 4592//5051 4593//5053 
f 4607//5074 4593//5053 4594//5055 
f 4608//5075 4594//5055 4595//5057 
f 4609//5076 4595//5057 4596//5059 
f 4610//5077 4596//5059 4597//5061 
f 4611//5078 4597//5061 4598//5063 
f 4612//5079 4598//5063 4571//5080 
f 4559//5081 4558//5065 4599//5066 
f 4613//5082 4599//5066 4600//5067 
f 4614//5083 4600//5067 4601//5068 
f 4615//5084 4601//5068 4602//5069 
f 4616//5085 4602//5069 4603//5070 
f 4617//5086 4603//5070 4604//5071 
f 4618//5087 4604//5071 4605//5072 
f 4619//5088 4605//5072 4606//5073 
f 4620//5089 4606//5073 4607//5074 
f 4621//5090 4607//5074 4608//5075 
f 4622//5091 4608//5075 4609//5076 
f 4623//5092 4609//5076 4610//5077 
f 4624//5093 4610//5077 4611//5078 
f 4625//5094 4611//5078 4612//5079 
f 4626//5095 4612//5079 4572//5096 
f 4560//5097 4559//5081 4613//5082 
f 4627//5098 4613//5082 4614//5083 
f 4628//5099 4614//5083 4615//5084 
f 4629//5100 4615//5084 4616//5085 
f 4630//5101 4616//5085 4617//5086 
f 4631//5102 4617//5086 4618//5087 
f 4632//5103 4618//5087 4619//5088 
f 4633//5104 4619//5088 4620//5089 
f 4634//5105 4620//5089 4621//5090 
f 4635//5106 4621//5090 4622//5091 
f 4636//5107 4622//5091 4623//5092 
f 4637//5108 4623//5092 4624//5093 
f 4638//5109 4624//5093 4625//5094 
f 4639//5110 4625//5094 4626//5095 
f 4640//5111 4626//5095 4573//5112 
f 4561//5113 4560//5097 4627//5098 
f 4641//5114 4627//5098 4628//5099 
f 4642//5115 4628//5099 4629//5100 
f 4643//5116 4629//5100 4630//5101 
f 4644//5117 4630//5101 4631//5102 
f 4645//5118 4631//5102 4632//5103 
f 4646//5119 4632//5103 4633//5104 
f 4647//5120 4633//5104 4634//5105 
f 4648//5121 4634//5105 4635//5106 
f 4649//5122 4635//5106 4636//5107 
f 4650//5123 4636//5107 4637//5108 
f 4651//5124 4637//5108 4638//5109 
f 4652//5125 4638//5109 4639//5110 
f 4653//5126 4639//5110 4640//5111 
f 4654//5127 4640//5111 4574//5128 
f 4562//5129 4561//5113 4641//5114 
f 4655//5130 4641//5114 4642//5115 
f 4656//5131 4642//5115 4643//5116 
f 4657//5132 4643//5116 4644//5117 
f 4658//5133 4644//5117 4645//5118 
f 4659//5134 4645//5118 4646//5119 
f 4660//5135 4646//5119 4647//5120 
f 4661//5136 4647//5120 4648//5121 
f 4662//5137 4648//5121 4649//5122 
f 4663//5138 4649//5122 4650//5123 
f 4664//5139 4650//5123 4651//5124 
f 4665//5140 4651//5124 4652//5125 
f 4666//5141 4652//5125 4653//5126 
f 4667//5142 4653//5126 4654//5127 
f 4668//5143 4654//5127 4575//5144 
f 4563//5145 4562//5129 4655//5130 
f 4669//5146 4655//5130 4656//5131 
f 4670//5147 4656//5131 4657//5132 
f 4671//5148 4657//5132 4658//5133 
f 4672//5149 4658//5133 4659//5134 
f 4673//5150 4659//5134 4660//5135 
f 4674//5151 4660//5135 4661//5136 
f 4675//5152 4661//5136 4662//5137 
f 4676//5153 4662//5137 4663//5138 
f 4677//5154 4663//5138 4664//5139 
f 4678//5155 4664//5139 4665//5140 
f 4679//5156 4665//5140 4666//5141 
f 4680//5157 4666//5141 4667//5142 
f 4681//5158 4667//5142 4668//5143 
f 4682//5159 4668//5143 4576//5160 
f 4564//5161 4563//5145 4669//5146 
f 4683//5162 4669//5146 4670//5147 
f 4684//5163 4670//5147 4671//5148 
f 4685//5164 4671//5148 4672//5149 
f 4686//5165 4672//5149 4673//5150 
f 4687//5166 4673//5150 4674//5151 
f 4688//5167 4674//5151 4675//5152 
f 4689//5168 4675//5152 4676//5153 
f 4690//5169 4676//5153 4677//5154 
f 4691//5170 4677//5154 4678//5155 
f 4692//5171 4678//5155 4679//5156 
f 4693//5172 4679//5156 4680//5157 
f 4694//5173 4680//5157 4681//5158 
f 4695//5174 4681//5158 4682//5159 
f 4696//5175 4682//5159 4577//5176 
f 4565//5177 4564//5161 4683//5162 
f 4697//5178 4683//5162 4684//5163 
f 4698//5179 4684//5163 4685//5164 
f 4699//5180 4685//5164 4686//5165 
f 4700//5181 4686//5165 4687//5166 
f 4701//5182 4687//5166 4688//5167 
f 4702//5183 4688//5167 4689//5168 
f 4703//5184 4689//5168 4690//5169 
f 4704//5185 4690//5169 4691//5170 
f 4705//5186 4691//5170 4692//5171 
f 4706//5187 4692//5171 4693//5172 
f 4707//5188 4693//5172 4694//5173 
f 4708//5189 4694//5173 4695//5174 
f 4709//5190 4695//5174 4696//5175 
f 4710//5191 4696//5175 4578//5192 
f 4566//5193 4565//5177 4697//5178 
f 4711//5194 4697//5178 4698//5179 
f 4712//5195 4698//5179 4699//5180 
f 4713//5196 4699//5180 4700//5181 
f 4714//5197 4700//5181 4701//5182 
f 4715//5198 4701//5182 4702//5183 
f 4716//5199 4702//5183 4703//5184 
f 4717//5200 4703//5184 4704//5185 
f 4718//5201 4704//5185 4705//5186 
f 4719//5202 4705//5186 4706//5187 
f 4720//5203 4706//5187 4707//5188 
f 4721//5204 4707//5188 4708//5189 
f 4722//5205 4708//5189 4709//5190 
f 4723//5206 4709//5190 4710//5191 
f 4724//5207 4710//5191 4579//5208 
f 4567//5209 4566//5193 4711//5194 
f 4725//5210 4711//5194 4712//5195 
f 4726//5211 4712//5195 4713//5196 
f 4727//5212 4713//5196 4714//5197 
f 4728//5213 4714//5197 4715//5198 
f 4729//5214 4715//5198 4716//5199 
f 4730//5215 4716//5199 4717//5200 
f 4731//5216 4717//5200 4718//5201 
f 4732//5217 4718//5201 4719//5202 
f 4733//5218 4719//5202 4720//5203 
f 4734//5219 4720//5203 4721//5204 
f 4735//5220 4721//5204 4722//5205 
f 4736//5221 4722//5205 4723//5206 
f 4737//5222 4723//5206 4724//5207 
f 4738//5223 4724//5207 4580//5224 
f 4568//5225 4567//5209 4725//5210 
f 4739//5226 4725//5210 4726//5211 
f 4740//5227 4726//5211 4727//5212 
f 4741//5228 4727//5212 4728//5213 
f 4742//5229 4728//5213 4729//5214 
f 4743//5230 4729//5214 4730//5215 
f 4744//5231 4730//5215 4731//5216 
f 4745//5232 4731//5216 4732//5217 
f 4746//5233 4732//5217 4733//5218 
f 4747//5234 4733//5218 4734//5219 
f 4748//5235 4734//5219 4735//5220 
f 4749//5236 4735//5220 4736//5221 
f 4750//5237 4736//5221 4737//5222 
f 4751//5238 4737//5222 4738//5223 
f 4752//5239 4738//5223 4581//5240 
f 4569//5241 4568//5225 4739//5226 
f 4753//5242 4739//5226 4740//5227 
f 4754//5243 4740//5227 4741//5228 
f 4755//5244 4741//5228 4742//5229 
f 4756//5245 4742//5229 4743//5230 
f 4757//5246 4743//5230 4744//5231 
f 4758//5247 4744//5231 4745//5232 
f 4759//5248 4745//5232 4746//5233 
f 4760//5249 4746//5233 4747//5234 
f 4761//5250 4747//5234 4748//5235 
f 4762//5251 4748//5235 4749//5236 
f 4763//5252 4749//5236 4750//5237 
f 4764//5253 4750//5237 4751//5238 
f 4765//5254 4751//5238 4752//5239 
f 4766//5255 4752//5239 4582//5256 
f 4570//5257 4569//5241 4753//5242 
f 4767//5258 4753//5242 4754//5243 
f 4768//5259 4754//5243 4755//5244 
f 4769//5260 4755//5244 4756//5245 
f 4770//5261 4756//5245 4757//5246 
f 4771//5262 4757//5246 4758//5247 
f 4772//5263 4758//5247 4759//5248 
f 4773//5264 4759//5248 4760//5249 
f 4774//5265 4760//5249 4761//5250 
f 4775//5266 4761//5250 4762//5251 
f 4776//5267 4762//5251 4763//5252 
f 4777//5268 4763//5252 4764//5253 
f 4778//5269 4764//5253 4765//5254 
f 4779//5270 4765//5254 4766//5255 
f 4780//5271 4766//5255 4583//5272 
f 4535//5273 4570//5257 4767//5258 
f 4541//5273 4767//5258 4768//5259 
f 4536//5273 4768//5259 4769//5260 
f 4537//5273 4769//5260 4770//5261 
f 4542//5273 4770//5261 4771//5262 
f 4539//5273 4771//5262 4772//5263 
f 4540//5273 4772//5263 4773//5264 
f 4538//5273 4773//5264 4774//5265 
f 4533//5273 4774//5265 4775//5266 
f 4534//5273 4775//5266 4776//5267 
f 4531//5273 4776//5267 4777//5268 
f 4532//5273 4777//5268 4778//5269 
f 4529//5273 4778//5269 4779//5270 
f 4530//5273 4779//5270 4780//5271 
f 4527//5273 4780//5271 4584//5274 
f 4584//5274 4528//5273 4527//5273 
f 4780//5271 4527//5273 4530//5273 
f 4779//5270 4530//5273 4529//5273 
f 4778//5269 4529//5273 4532//5273 
f 4777//5268 4532//5273 4531//5273 
f 4776//5267 4531//5273 4534//5273 
f 4775//5266 4534//5273 4533//5273 
f 4774//5265 4533//5273 4538//5273 
f 4773//5264 4538//5273 4540//5273 
f 4772//5263 4540//5273 4539//5273 
f 4771//5262 4539//5273 4542//5273 
f 4770//5261 4542//5273 4537//5273 
f 4769//5260 4537//5273 4536//5273 
f 4768//5259 4536//5273 4541//5273 
f 4767//5258 4541//5273 4535//5273 
f 4583//5272 4584//5274 4780//5271 
f 4766//5255 4780//5271 4779//5270 
f 4765//5254 4779//5270 4778//5269 
f 4764//5253 4778//5269 4777//5268 
f 4763//5252 4777//5268 4776//5267 
f 4762//5251 4776//5267 4775//5266 
f 4761//5250 4775//5266 4774//5265 
f 4760//5249 4774//5265 4773//5264 
f 4759//5248 4773//5264 4772//5263 
f 4758//5247 4772//5263 4771//5262 
f 4757//5246 4771//5262 4770//5261 
f 4756//5245 4770//5261 4769//5260 
f 4755//5244 4769//5260 4768//5259 
f 4754//5243 4768//5259 4767//5258 
f 4753//5242 4767//5258 4570//5257 
f 4582//5256 4583//5272 4766//5255 
f 4752//5239 4766//5255 4765//5254 
f 4751//5238 4765//5254 4764//5253 
f 4750//5237 4764//5253 4763//5252 
f 4749//5236 4763//5252 4762//5251 
f 4748//5235 4762//5251 4761//5250 
f 4747//5234 4761//5250 4760//5249 
f 4746//5233 4760//5249 4759//5248 
f 4745//5232 4759//5248 4758//5247 
f 4744//5231 4758//5247 4757//5246 
f 4743//5230 4757//5246 4756//5245 
f 4742//5229 4756//5245 4755//5244 
f 4741//5228 4755//5244 4754//5243 
f 4740//5227 4754//5243 4753//5242 
f 4739//5226 4753//5242 4569//5241 
f 4581//5240 4582//5256 4752//5239 
f 4738//5223 4752//5239 4751//5238 
f 4737//5222 4751//5238 4750//5237 
f 4736//5221 4750//5237 4749//5236 
f 4735//5220 4749//5236 4748//5235 
f 4734//5219 4748//5235 4747//5234 
f 4733//5218 4747//5234 4746//5233 
f 4732//5217 4746//5233 4745//5232 
f 4731//5216 4745//5232 4744//5231 
f 4730//5215 4744//5231 4743//5230 
f 4729//5214 4743//5230 4742//5229 
f 4728//5213 4742//5229 4741//5228 
f 4727//5212 4741//5228 4740//5227 
f 4726//5211 4740//5227 4739//5226 
f 4725//5210 4739//5226 4568//5225 
f 4580//5224 4581//5240 4738//5223 
f 4724//5207 4738//5223 4737//5222 
f 4723//5206 4737//5222 4736//5221 
f 4722//5205 4736//5221 4735//5220 
f 4721//5204 4735//5220 4734//5219 
f 4720//5203 4734//5219 4733//5218 
f 4719//5202 4733//5218 4732//5217 
f 4718//5201 4732//5217 4731//5216 
f 4717//5200 4731//5216 4730//5215 
f 4716//5199 4730//5215 4729//5214 
f 4715//5198 4729//5214 4728//5213 
f 4714//5197 4728//5213 4727//5212 
f 4713//5196 4727//5212 4726//5211 
f 4712//5195 4726//5211 4725//5210 
f 4711//5194 4725//5210 4567//5209 
f 4579//5208 4580//5224 4724//5207 
f 4710//5191 4724//5207 4723//5206 
f 4709//5190 4723//5206 4722//5205 
f 4708//5189 4722//5205 4721//5204 
f 4707//5188 4721//5204 4720//5203 
f 4706//5187 4720//5203 4719//5202 
f 4705//5186 4719//5202 4718//5201 
f 4704//5185 4718//5201 4717//5200 
f 4703//5184 4717//5200 4716//5199 
f 4702//5183 4716//5199 4715//5198 
f 4701//5182 4715//5198 4714//5197 
f 4700//5181 4714//5197 4713//5196 
f 4699//5180 4713//5196 4712//5195 
f 4698//5179 4712//5195 4711//5194 
f 4697//5178 4711//5194 4566//5193 
f 4578//5192 4579//5208 4710//5191 
f 4696//5175 4710//5191 4709//5190 
f 4695//5174 4709//5190 4708//5189 
f 4694//5173 4708//5189 4707//5188 
f 4693//5172 4707//5188 4706//5187 
f 4692//5171 4706//5187 4705//5186 
f 4691//5170 4705//5186 4704//5185 
f 4690//5169 4704//5185 4703//5184 
f 4689//5168 4703//5184 4702//5183 
f 4688//5167 4702//5183 4701//5182 
f 4687//5166 4701//5182 4700//5181 
f 4686//5165 4700//5181 4699//5180 
f 4685//5164 4699//5180 4698//5179 
f 4684//5163 4698//5179 4697//5178 
f 4683//5162 4697//5178 4565//5177 
f 4577//5176 4578//5192 4696//5175 
f 4682//5159 4696//5175 4695//5174 
f 4681//5158 4695//5174 4694//5173 
f 4680//5157 4694//5173 4693//5172 
f 4679//5156 4693//5172 4692//5171 
f 4678//5155 4692//5171 4691//5170 
f 4677//5154 4691//5170 4690//5169 
f 4676//5153 4690//5169 4689//5168 
f 4675//5152 4689//5168 4688//5167 
f 4674//5151 4688//5167 4687//5166 
f 4673//5150 4687//5166 4686//5165 
f 4672//5149 4686//5165 4685//5164 
f 4671//5148 4685//5164 4684//5163 
f 4670//5147 4684//5163 4683//5162 
f 4669//5146 4683//5162 4564//5161 
f 4576//5160 4577//5176 4682//5159 
f 4668//5143 4682//5159 4681//5158 
f 4667//5142 4681//5158 4680//5157 
f 4666//5141 4680//5157 4679//5156 
f 4665//5140 4679//5156 4678//5155 
f 4664//5139 4678//5155 4677//5154 
f 4663//5138 4677//5154 4676//5153 
f 4662//5137 4676//5153 4675//5152 
f 4661//5136 4675//5152 4674//5151 
f 4660//5135 4674//5151 4673//5150 
f 4659//5134 4673//5150 4672//5149 
f 4658//5133 4672//5149 4671//5148 
f 4657//5132 4671//5148 4670//5147 
f 4656//5131 4670//5147 4669//5146 
f 4655//5130 4669//5146 4563//5145 
f 4575//5144 4576//5160 4668//5143 
f 4654//5127 4668//5143 4667//5142 
f 4653//5126 4667//5142 4666//5141 
f 4652//5125 4666//5141 4665//5140 
f 4651//5124 4665//5140 4664//5139 
f 4650//5123 4664//5139 4663//5138 
f 4649//5122 4663//5138 4662//5137 
f 4648//5121 4662//5137 4661//5136 
f 4647//5120 4661//5136 4660//5135 
f 4646//5119 4660//5135 4659//5134 
f 4645//5118 4659//5134 4658//5133 
f 4644//5117 4658//5133 4657//5132 
f 4643//5116 4657//5132 4656//5131 
f 4642//5115 4656//5131 4655//5130 
f 4641//5114 4655//5130 4562//5129 
f 4574//5128 4575//5144 4654//5127 
f 4640//5111 4654//5127 4653//5126 
f 4639//5110 4653//5126 4652//5125 
f 4638//5109 4652//5125 4651//5124 
f 4637//5108 4651//5124 4650//5123 
f 4636//5107 4650//5123 4649//5122 
f 4635//5106 4649//5122 4648//5121 
f 4634//5105 4648//5121 4647//5120 
f 4633//5104 4647//5120 4646//5119 
f 4632//5103 4646//5119 4645//5118 
f 4631//5102 4645//5118 4644//5117 
f 4630//5101 4644//5117 4643//5116 
f 4629//5100 4643//5116 4642//5115 
f 4628//5099 4642//5115 4641//5114 
f 4627//5098 4641//5114 4561//5113 
f 4573//5112 4574//5128 4640//5111 
f 4626//5095 4640//5111 4639//5110 
f 4625//5094 4639//5110 4638//5109 
f 4624//5093 4638//5109 4637//5108 
f 4623//5092 4637//5108 4636//5107 
f 4622//5091 4636//5107 4635//5106 
f 4621//5090 4635//5106 4634//5105 
f 4620//5089 4634//5105 4633//5104 
f 4619//5088 4633//5104 4632//5103 
f 4618//5087 4632//5103 4631//5102 
f 4617//5086 4631//5102 4630//5101 
f 4616//5085 4630//5101 4629//5100 
f 4615//5084 4629//5100 4628//5099 
f 4614//5083 4628//5099 4627//5098 
f 4613//5082 4627//5098 4560//5097 
f 4572//5096 4573//5112 4626//5095 
f 4612//5079 4626//5095 4625//5094 
f 4611//5078 4625//5094 4624//5093 
f 4610//5077 4624//5093 4623//5092 
f 4609//5076 4623//5092 4622//5091 
f 4608//5075 4622//5091 4621//5090 
f 4607//5074 4621//5090 4620//5089 
f 4606//5073 4620//5089 4619//5088 
f 4605//5072 4619//5088 4618//5087 
f 4604//5071 4618//5087 4617//5086 
f 4603//5070 4617//5086 4616//5085 
f 4602//5069 4616//5085 4615//5084 
f 4601//5068 4615//5084 4614//5083 
f 4600//5067 4614//5083 4613//5082 
f 4599//5066 4613//5082 4559//5081 
f 4571//5080 4572//5096 4612//5079 
f 4598//5063 4612//5079 4611//5078 
f 4597//5061 4611//5078 4610//5077 
f 4596//5059 4610//5077 4609//5076 
f 4595//5057 4609//5076 4608//5075 
f 4594//5055 4608//5075 4607//5074 
f 4593//5053 4607//5074 4606//5073 
f 4592//5051 4606//5073 4605//5072 
f 4591//5049 4605//5072 4604//5071 
f 4590//5047 4604//5071 4603//5070 
f 4589//5045 4603//5070 4602//5069 
f 4588//5043 4602//5069 4601//5068 
f 4587//5041 4601//5068 4600//5067 
f 4586//5039 4600//5067 4599//5066 
f 4585//5037 4599//5066 4558//5065 
f 4526//5064 4571//5080 4598//5063 
f 4556//5062 4598//5063 4597//5061 
f 4555//5060 4597//5061 4596//5059 
f 4554//5058 4596//5059 4595//5057 
f 4553//5056 4595//5057 4594//5055 
f 4552//5054 4594//5055 4593//5053 
f 4551//5052 4593//5053 4592//5051 
f 4550//5050 4592//5051 4591//5049 
f 4549//5048 4591//5049 4590//5047 
f 4548//5046 4590//5047 4589//5045 
f 4547//5044 4589//5045 4588//5043 
f 4546//5042 4588//5043 4587//5041 
f 4545//5040 4587//5041 4586//5039 
f 4544//5038 4586//5039 4585//5037 
f 4543//5036 4585//5037 4557//5034 
o mesh283
f 4526//5275 4525//5275 4524//5276 
f 4571//5276 4524//5276 4523//5277 
f 4572//5277 4523//5277 4518//5278 
f 4573//5278 4518//5278 4517//5279 
f 4574//5279 4517//5279 4512//5280 
f 4575//5280 4512//5280 4511//5281 
f 4576//5281 4511//5281 4519//5282 
f 4577//5282 4519//5282 4521//5283 
f 4578//5283 4521//5283 4520//5284 
f 4579//5284 4520//5284 4515//5285 
f 4580//5285 4515//5285 4514//5286 
f 4581//5286 4514//5286 4522//5287 
f 4582//5287 4522//5287 4516//5288 
f 4583//5288 4516//5288 4513//5289 
f 4584//5289 4513//5289 4510//5290 
f 4510//5290 4528//5290 4584//5289 
f 4513//5289 4584//5289 4583//5288 
f 4516//5288 4583//5288 4582//5287 
f 4522//5287 4582//5287 4581//5286 
f 4514//5286 4581//5286 4580//5285 
f 4515//5285 4580//5285 4579//5284 
f 4520//5284 4579//5284 4578//5283 
f 4521//5283 4578//5283 4577//5282 
f 4519//5282 4577//5282 4576//5281 
f 4511//5281 4576//5281 4575//5280 
f 4512//5280 4575//5280 4574//5279 
f 4517//5279 4574//5279 4573//5278 
f 4518//5278 4573//5278 4572//5277 
f 4523//5277 4572//5277 4571//5276 
f 4524//5276 4571//5276 4526//5275 
g Part 5
v 0.001 0.026 0.02 
v 0.004 0.026 0.02 
v 0.004 0.026 -0.02 
v 0.001 0.026 -0.02 
v 0.001 0.0495 0.02 
v 0.004 0.0495 0.02 
v 0.001 0.0495 0.0215 
v 0.004 0.0495 0.0215 
v 0.001 0.0494973 0.0215523 
v 0.004 0.0494973 0.0215523 
v 0.001 0.0494891 0.021604 
v 0.004 0.0494891 0.021604 
v 0.001 0.0494755 0.0216545 
v 0.004 0.0494755 0.0216545 
v 0.001 0.0494568 0.0217034 
v 0.004 0.0494568 0.0217034 
v 0.001 0.049433 0.02175 
v 0.004 0.049433 0.02175 
v 0.001 0.0494045 0.0217939 
v 0.004 0.0494045 0.0217939 
v 0.001 0.0493716 0.0218346 
v 0.004 0.0493716 0.0218346 
v 0.001 0.0493346 0.0218716 
v 0.004 0.0493346 0.0218716 
v 0.001 0.0492939 0.0219045 
v 0.004 0.0492939 0.0219045 
v 0.001 0.04925 0.021933 
v 0.004 0.04925 0.021933 
v 0.001 0.0492034 0.0219568 
v 0.004 0.0492034 0.0219568 
v 0.001 0.0491545 0.0219755 
v 0.004 0.0491545 0.0219755 
v 0.001 0.049104 0.0219891 
v 0.004 0.049104 0.0219891 
v 0.001 0.0490523 0.0219973 
v 0.004 0.0490523 0.0219973 
v 0.001 0.049 0.022 
v 0.004 0.049 0.022 
v 0.001 0.0045 0.022 
v 0.004 0.0045 0.022 
v 0.001 0.0045 0.0181843 
v 0.004 0.0045 0.0181843 
v 0.001 0.0046 0.0181843 
v 0.004 0.0046 0.0181843 
v 0.004 0.00462091 0.0181832 
v 0.004 0.00464158 0.0181799 
v 0.001 0.00462091 0.0181832 
v 0.004 0.0046618 0.0181745 
v 0.001 0.00464158 0.0181799 
v 0.004 0.00468135 0.018167 
v 0.001 0.0046618 0.0181745 
v 0.004 0.0047 0.0181575 
v 0.001 0.00468135 0.018167 
v 0.004 0.00471756 0.0181461 
v 0.001 0.0047 0.0181575 
v 0.004 0.00473383 0.0181329 
v 0.001 0.00471756 0.0181461 
v 0.004 0.00474863 0.0181181 
v 0.001 0.00473383 0.0181329 
v 0.004 0.0047618 0.0181018 
v 0.001 0.00474863 0.0181181 
v 0.004 0.00477321 0.0180843 
v 0.001 0.0047618 0.0181018 
v 0.004 0.00478271 0.0180656 
v 0.001 0.00477321 0.0180843 
v 0.004 0.00479021 0.0180461 
v 0.001 0.00478271 0.0180656 
v 0.004 0.00479563 0.0180258 
v 0.001 0.00479021 0.0180461 
v 0.004 0.0047989 0.0180052 
v 0.001 0.00479563 0.0180258 
v 0.004 0.0048 0.0179843 
v 0.001 0.0047989 0.0180052 
v 0.001 0.0048 0.0179843 
v 0.001 0.0048 -0.0179917 
v 0.004 0.0048 -0.0179917 
v 0.004 0.0047989 -0.0180126 
v 0.004 0.00479563 -0.0180333 
v 0.001 0.0047989 -0.0180126 
v 0.004 0.00479021 -0.0180535 
v 0.001 0.00479563 -0.0180333 
v 0.004 0.00478271 -0.018073 
v 0.001 0.00479021 -0.0180535 
v 0.004 0.00477321 -0.0180917 
v 0.001 0.00478271 -0.018073 
v 0.004 0.0047618 -0.0181092 
v 0.001 0.00477321 -0.0180917 
v 0.004 0.00474863 -0.0181255 
v 0.001 0.0047618 -0.0181092 
v 0.004 0.00473383 -0.0181403 
v 0.001 0.00474863 -0.0181255 
v 0.004 0.00471756 -0.0181535 
v 0.001 0.00473383 -0.0181403 
v 0.004 0.0047 -0.0181649 
v 0.001 0.00471756 -0.0181535 
v 0.004 0.00468135 -0.0181744 
v 0.001 0.0047 -0.0181649 
v 0.004 0.0046618 -0.0181819 
v 0.001 0.00468135 -0.0181744 
v 0.004 0.00464158 -0.0181873 
v 0.001 0.0046618 -0.0181819 
v 0.004 0.00462091 -0.0181906 
v 0.001 0.00464158 -0.0181873 
v 0.004 0.0046 -0.0181917 
v 0.001 0.00462091 -0.0181906 
v 0.001 0.0046 -0.0181917 
v 0.001 0.0045 -0.0181917 
v 0.004 0.0045 -0.0181917 
v 0.001 0.0045 -0.022 
v 0.004 0.0045 -0.022 
v 0.001 0.049 -0.022 
v 0.004 0.049 -0.022 
v 0.001 0.0490523 -0.0219973 
v 0.001 0.04925 -0.021933 
v 0.001 0.0492034 -0.0219568 
v 0.001 0.0493716 -0.0218346 
v 0.001 0.0493346 -0.0218716 
v 0.001 0.0491545 -0.0219755 
v 0.001 0.0492939 -0.0219045 
v 0.001 0.049433 -0.02175 
v 0.001 0.0494045 -0.0217939 
v 0.001 0.0494755 -0.0216545 
v 0.001 0.0494568 -0.0217034 
v 0.001 0.0494973 -0.0215523 
v 0.001 0.0494891 -0.021604 
v 0.001 0.049104 -0.0219891 
v 0.001 0.0495 -0.0215 
v 0.001 0.0495 -0.02 
v 0.004 0.0490523 -0.0219973 
v 0.004 0.0492939 -0.0219045 
v 0.004 0.0493346 -0.0218716 
v 0.004 0.0491545 -0.0219755 
v 0.004 0.0492034 -0.0219568 
v 0.004 0.049433 -0.02175 
v 0.004 0.0494568 -0.0217034 
v 0.004 0.0493716 -0.0218346 
v 0.004 0.0494045 -0.0217939 
v 0.004 0.04925 -0.021933 
v 0.004 0.049104 -0.0219891 
v 0.004 0.0494755 -0.0216545 
v 0.004 0.0494891 -0.021604 
v 0.004 0.0494973 -0.0215523 
v 0.004 0.0495 -0.0215 
v 0.004 0.0495 -0.02 
vn 0 1 1.73472e-16 
vn 0 0 -1 
vn 0 0.994522 0.104528 
vn 0 0.978148 0.207912 
vn 0 0.951057 0.309017 
vn 0 0.913545 0.406737 
vn 0 0.866025 0.5 
vn 0 0.809017 0.587785 
vn 0 0.743145 0.669131 
vn 0 0.669131 0.743145 
vn 0 0.587785 0.809017 
vn 0 0.5 0.866025 
vn 0 0.406737 0.913545 
vn 0 0.309017 0.951057 
vn 0 0.207912 0.978148 
vn 0 0.104528 0.994522 
vn 0 1.83697e-16 1 
vn 0 -1 0 
vn 0 0 -1 
vn 0 -0.104528 -0.994522 
vn 0 -0.207912 -0.978148 
vn 0 -0.309017 -0.951057 
vn 0 -0.406737 -0.913545 
vn 0 -0.5 -0.866025 
vn 0 -0.587785 -0.809017 
vn 0 -0.669131 -0.743145 
vn 0 -0.743145 -0.669131 
vn 0 -0.809017 -0.587785 
vn 0 -0.866025 -0.5 
vn 0 -0.913545 -0.406737 
vn 0 -0.951057 -0.309017 
vn 0 -0.978148 -0.207912 
vn 0 -0.994522 -0.104528 
vn 0 -1 1.22465e-16 
vn 0 -0.994522 0.104528 
vn 0 -0.978148 0.207912 
vn 0 -0.951057 0.309017 
vn 0 -0.913545 0.406737 
vn 0 -0.866025 0.5 
vn 0 -0.809017 0.587785 
vn 0 -0.743145 0.669131 
vn 0 -0.669131 0.743145 
vn 0 -0.587785 0.809017 
vn 0 -0.5 0.866025 
vn 0 -0.406737 0.913545 
vn 0 -0.309017 0.951057 
vn 0 -0.207912 0.978148 
vn 0 -0.104528 0.994522 
vn 0 6.12323e-17 1 
vn 0 -1 0 
vn 0 0 -1 
vn -1 0 0 
vn 1 0 0 
vn 0 -6.12323e-17 -1 
vn 0 0.104528 -0.994522 
vn 0 0.207912 -0.978148 
vn 0 0.309017 -0.951057 
vn 0 0.406737 -0.913545 
vn 0 0.5 -0.866025 
vn 0 0.587785 -0.809017 
vn 0 0.669131 -0.743145 
vn 0 0.743145 -0.669131 
vn 0 0.809017 -0.587785 
vn 0 0.866025 -0.5 
vn 0 0.913545 -0.406737 
vn 0 0.951057 -0.309017 
vn 0 0.978148 -0.207912 
vn 0 0.994522 -0.104528 
vn 0 1 -1.22465e-16 
vn 0 0 1 
usemtl 0.498039_0.498039_0.498039_0.000000_0.000000
o mesh284
f 4781//5291 4782//5291 4783//5291 
f 4783//5291 4784//5291 4781//5291 
o mesh285
f 4785//5292 4786//5292 4782//5292 
f 4782//5292 4781//5292 4785//5292 
o mesh286
f 4787//5291 4788//5291 4786//5291 
f 4786//5291 4785//5291 4787//5291 
o mesh287
f 4788//5291 4787//5291 4789//5293 
f 4790//5293 4789//5293 4791//5294 
f 4792//5294 4791//5294 4793//5295 
f 4794//5295 4793//5295 4795//5296 
f 4796//5296 4795//5296 4797//5297 
f 4798//5297 4797//5297 4799//5298 
f 4800//5298 4799//5298 4801//5299 
f 4802//5299 4801//5299 4803//5300 
f 4804//5300 4803//5300 4805//5301 
f 4806//5301 4805//5301 4807//5302 
f 4808//5302 4807//5302 4809//5303 
f 4810//5303 4809//5303 4811//5304 
f 4812//5304 4811//5304 4813//5305 
f 4814//5305 4813//5305 4815//5306 
f 4816//5306 4815//5306 4817//5307 
f 4817//5307 4818//5307 4816//5306 
f 4815//5306 4816//5306 4814//5305 
f 4813//5305 4814//5305 4812//5304 
f 4811//5304 4812//5304 4810//5303 
f 4809//5303 4810//5303 4808//5302 
f 4807//5302 4808//5302 4806//5301 
f 4805//5301 4806//5301 4804//5300 
f 4803//5300 4804//5300 4802//5299 
f 4801//5299 4802//5299 4800//5298 
f 4799//5298 4800//5298 4798//5297 
f 4797//5297 4798//5297 4796//5296 
f 4795//5296 4796//5296 4794//5295 
f 4793//5295 4794//5295 4792//5294 
f 4791//5294 4792//5294 4790//5293 
f 4789//5293 4790//5293 4788//5291 
o mesh288
f 4819//5307 4820//5307 4818//5307 
f 4818//5307 4817//5307 4819//5307 
o mesh289
f 4821//5308 4822//5308 4820//5308 
f 4820//5308 4819//5308 4821//5308 
o mesh290
f 4823//5309 4824//5309 4822//5309 
f 4822//5309 4821//5309 4823//5309 
o mesh291
f 4825//5310 4824//5309 4823//5309 
f 4826//5311 4825//5310 4827//5310 
f 4828//5312 4826//5311 4829//5311 
f 4830//5313 4828//5312 4831//5312 
f 4832//5314 4830//5313 4833//5313 
f 4834//5315 4832//5314 4835//5314 
f 4836//5316 4834//5315 4837//5315 
f 4838//5317 4836//5316 4839//5316 
f 4840//5318 4838//5317 4841//5317 
f 4842//5319 4840//5318 4843//5318 
f 4844//5320 4842//5319 4845//5319 
f 4846//5321 4844//5320 4847//5320 
f 4848//5322 4846//5321 4849//5321 
f 4850//5323 4848//5322 4851//5322 
f 4852//5324 4850//5323 4853//5323 
f 4853//5323 4854//5324 4852//5324 
f 4851//5322 4853//5323 4850//5323 
f 4849//5321 4851//5322 4848//5322 
f 4847//5320 4849//5321 4846//5321 
f 4845//5319 4847//5320 4844//5320 
f 4843//5318 4845//5319 4842//5319 
f 4841//5317 4843//5318 4840//5318 
f 4839//5316 4841//5317 4838//5317 
f 4837//5315 4839//5316 4836//5316 
f 4835//5314 4837//5315 4834//5315 
f 4833//5313 4835//5314 4832//5314 
f 4831//5312 4833//5313 4830//5313 
f 4829//5311 4831//5312 4828//5312 
f 4827//5310 4829//5311 4826//5311 
f 4823//5309 4827//5310 4825//5310 
o mesh292
f 4855//5324 4856//5324 4852//5324 
f 4852//5324 4854//5324 4855//5324 
o mesh293
f 4857//5325 4856//5324 4855//5324 
f 4858//5326 4857//5325 4859//5325 
f 4860//5327 4858//5326 4861//5326 
f 4862//5328 4860//5327 4863//5327 
f 4864//5329 4862//5328 4865//5328 
f 4866//5330 4864//5329 4867//5329 
f 4868//5331 4866//5330 4869//5330 
f 4870//5332 4868//5331 4871//5331 
f 4872//5333 4870//5332 4873//5332 
f 4874//5334 4872//5333 4875//5333 
f 4876//5335 4874//5334 4877//5334 
f 4878//5336 4876//5335 4879//5335 
f 4880//5337 4878//5336 4881//5336 
f 4882//5338 4880//5337 4883//5337 
f 4884//5339 4882//5338 4885//5338 
f 4885//5338 4886//5339 4884//5339 
f 4883//5337 4885//5338 4882//5338 
f 4881//5336 4883//5337 4880//5337 
f 4879//5335 4881//5336 4878//5336 
f 4877//5334 4879//5335 4876//5335 
f 4875//5333 4877//5334 4874//5334 
f 4873//5332 4875//5333 4872//5333 
f 4871//5331 4873//5332 4870//5332 
f 4869//5330 4871//5331 4868//5331 
f 4867//5329 4869//5330 4866//5330 
f 4865//5328 4867//5329 4864//5329 
f 4863//5327 4865//5328 4862//5328 
f 4861//5326 4863//5327 4860//5327 
f 4859//5325 4861//5326 4858//5326 
f 4855//5324 4859//5325 4857//5325 
o mesh294
f 4887//5339 4888//5339 4884//5339 
f 4884//5339 4886//5339 4887//5339 
o mesh295
f 4889//5340 4890//5340 4888//5340 
f 4888//5340 4887//5340 4889//5340 
o mesh296
f 4891//5341 4892//5341 4890//5341 
f 4890//5341 4889//5341 4891//5341 
o mesh297
f 4781//5342 4859//5342 4855//5342 
f 4815//5342 4805//5342 4803//5342 
f 4815//5342 4811//5342 4809//5342 
f 4893//5342 4894//5342 4895//5342 
f 4893//5342 4896//5342 4897//5342 
f 4781//5342 4849//5342 4847//5342 
f 4781//5342 4854//5342 4853//5342 
f 4781//5342 4861//5342 4859//5342 
f 4784//5342 4867//5342 4865//5342 
f 4889//5342 4881//5342 4879//5342 
f 4815//5342 4797//5342 4795//5342 
f 4815//5342 4801//5342 4799//5342 
f 4815//5342 4807//5342 4805//5342 
f 4815//5342 4813//5342 4811//5342 
f 4895//5342 4898//5342 4893//5342 
f 4897//5342 4899//5342 4893//5342 
f 4893//5342 4900//5342 4901//5342 
f 4893//5342 4902//5342 4903//5342 
f 4819//5342 4843//5342 4841//5342 
f 4781//5342 4851//5342 4849//5342 
f 4855//5342 4854//5342 4781//5342 
f 4865//5342 4781//5342 4784//5342 
f 4784//5342 4873//5342 4871//5342 
f 4889//5342 4875//5342 4873//5342 
f 4879//5342 4877//5342 4889//5342 
f 4889//5342 4887//5342 4886//5342 
f 4799//5342 4797//5342 4815//5342 
f 4809//5342 4807//5342 4815//5342 
f 4899//5342 4894//5342 4893//5342 
f 4903//5342 4900//5342 4893//5342 
f 4819//5342 4837//5342 4835//5342 
f 4841//5342 4839//5342 4819//5342 
f 4781//5342 4845//5342 4843//5342 
f 4853//5342 4851//5342 4781//5342 
f 4865//5342 4863//5342 4781//5342 
f 4873//5342 4784//5342 4889//5342 
f 4889//5342 4883//5342 4881//5342 
f 4886//5342 4885//5342 4889//5342 
f 4817//5342 4793//5342 4791//5342 
f 4803//5342 4801//5342 4815//5342 
f 4901//5342 4896//5342 4893//5342 
f 4891//5342 4904//5342 4905//5342 
f 4819//5342 4827//5342 4823//5342 
f 4835//5342 4833//5342 4819//5342 
f 4843//5342 4819//5342 4781//5342 
f 4863//5342 4861//5342 4781//5342 
f 4871//5342 4869//5342 4784//5342 
f 4885//5342 4883//5342 4889//5342 
f 4791//5342 4789//5342 4817//5342 
f 4793//5342 4817//5342 4815//5342 
f 4898//5342 4906//5342 4893//5342 
f 4891//5342 4907//5342 4904//5342 
f 4819//5342 4829//5342 4827//5342 
f 4833//5342 4831//5342 4819//5342 
f 4847//5342 4845//5342 4781//5342 
f 4877//5342 4875//5342 4889//5342 
f 4795//5342 4793//5342 4815//5342 
f 4905//5342 4902//5342 4891//5342 
f 4831//5342 4829//5342 4819//5342 
f 4869//5342 4867//5342 4784//5342 
f 4787//5342 4785//5342 4781//5342 
f 4787//5342 4819//5342 4817//5342 
f 4893//5342 4891//5342 4902//5342 
f 4907//5342 4889//5342 4784//5342 
f 4839//5342 4837//5342 4819//5342 
f 4789//5342 4787//5342 4817//5342 
f 4784//5342 4908//5342 4907//5342 
f 4781//5342 4819//5342 4787//5342 
f 4823//5342 4821//5342 4819//5342 
f 4891//5342 4889//5342 4907//5342 
o mesh298
f 4890//5343 4872//5343 4874//5343 
f 4783//5343 4850//5343 4852//5343 
f 4909//5343 4910//5343 4911//5343 
f 4909//5343 4912//5343 4913//5343 
f 4816//5343 4808//5343 4810//5343 
f 4816//5343 4802//5343 4804//5343 
f 4890//5343 4882//5343 4884//5343 
f 4874//5343 4876//5343 4890//5343 
f 4890//5343 4866//5343 4868//5343 
f 4783//5343 4860//5343 4862//5343 
f 4783//5343 4856//5343 4857//5343 
f 4783//5343 4848//5343 4850//5343 
f 4782//5343 4842//5343 4844//5343 
f 4909//5343 4914//5343 4915//5343 
f 4909//5343 4916//5343 4917//5343 
f 4909//5343 4918//5343 4910//5343 
f 4909//5343 4919//5343 4912//5343 
f 4810//5343 4812//5343 4816//5343 
f 4804//5343 4806//5343 4816//5343 
f 4816//5343 4798//5343 4800//5343 
f 4816//5343 4794//5343 4796//5343 
f 4890//5343 4880//5343 4882//5343 
f 4876//5343 4878//5343 4890//5343 
f 4868//5343 4870//5343 4890//5343 
f 4783//5343 4864//5343 4866//5343 
f 4783//5343 4858//5343 4860//5343 
f 4852//5343 4856//5343 4783//5343 
f 4844//5343 4783//5343 4782//5343 
f 4820//5343 4834//5343 4836//5343 
f 4917//5343 4914//5343 4909//5343 
f 4913//5343 4918//5343 4909//5343 
f 4806//5343 4808//5343 4816//5343 
f 4796//5343 4798//5343 4816//5343 
f 4878//5343 4880//5343 4890//5343 
f 4866//5343 4890//5343 4783//5343 
f 4857//5343 4858//5343 4783//5343 
f 4844//5343 4846//5343 4783//5343 
f 4836//5343 4782//5343 4820//5343 
f 4820//5343 4828//5343 4830//5343 
f 4892//5343 4920//5343 4921//5343 
f 4911//5343 4916//5343 4909//5343 
f 4800//5343 4802//5343 4816//5343 
f 4818//5343 4790//5343 4792//5343 
f 4870//5343 4872//5343 4890//5343 
f 4846//5343 4848//5343 4783//5343 
f 4836//5343 4838//5343 4782//5343 
f 4830//5343 4832//5343 4820//5343 
f 4820//5343 4822//5343 4824//5343 
f 4921//5343 4922//5343 4892//5343 
f 4920//5343 4892//5343 4909//5343 
f 4812//5343 4814//5343 4816//5343 
f 4818//5343 4788//5343 4790//5343 
f 4862//5343 4864//5343 4783//5343 
f 4838//5343 4840//5343 4782//5343 
f 4820//5343 4826//5343 4828//5343 
f 4824//5343 4825//5343 4820//5343 
f 4915//5343 4920//5343 4909//5343 
f 4792//5343 4794//5343 4818//5343 
f 4840//5343 4842//5343 4782//5343 
f 4825//5343 4826//5343 4820//5343 
f 4923//5343 4924//5343 4783//5343 
f 4923//5343 4890//5343 4892//5343 
f 4816//5343 4818//5343 4794//5343 
f 4788//5343 4820//5343 4782//5343 
f 4832//5343 4834//5343 4820//5343 
f 4922//5343 4923//5343 4892//5343 
f 4782//5343 4786//5343 4788//5343 
f 4783//5343 4890//5343 4923//5343 
f 4884//5343 4888//5343 4890//5343 
f 4818//5343 4820//5343 4788//5343 
o mesh299
f 4892//5344 4891//5344 4893//5345 
f 4909//5345 4893//5345 4906//5346 
f 4919//5346 4906//5346 4898//5347 
f 4912//5347 4898//5347 4895//5348 
f 4913//5348 4895//5348 4894//5349 
f 4918//5349 4894//5349 4899//5350 
f 4910//5350 4899//5350 4897//5351 
f 4911//5351 4897//5351 4896//5352 
f 4916//5352 4896//5352 4901//5353 
f 4917//5353 4901//5353 4900//5354 
f 4914//5354 4900//5354 4903//5355 
f 4915//5355 4903//5355 4902//5356 
f 4920//5356 4902//5356 4905//5357 
f 4921//5357 4905//5357 4904//5358 
f 4922//5358 4904//5358 4907//5359 
f 4907//5359 4923//5359 4922//5358 
f 4904//5358 4922//5358 4921//5357 
f 4905//5357 4921//5357 4920//5356 
f 4902//5356 4920//5356 4915//5355 
f 4903//5355 4915//5355 4914//5354 
f 4900//5354 4914//5354 4917//5353 
f 4901//5353 4917//5353 4916//5352 
f 4896//5352 4916//5352 4911//5351 
f 4897//5351 4911//5351 4910//5350 
f 4899//5350 4910//5350 4918//5349 
f 4894//5349 4918//5349 4913//5348 
f 4895//5348 4913//5348 4912//5347 
f 4898//5347 4912//5347 4919//5346 
f 4906//5346 4919//5346 4909//5345 
f 4893//5345 4909//5345 4892//5344 
o mesh300
f 4908//5359 4924//5359 4923//5359 
f 4923//5359 4907//5359 4908//5359 
o mesh301
f 4784//5360 4783//5360 4924//5360 
f 4924//5360 4908//5360 4784//5360 
g Part 11
v 0.004 0.0115 0.018 
v 0.007 0.0115 0.018 
v 0.004 0.0085 0.018 
v 0.004 0.0085 0.02 
v 0.004 0.0115 0.02 
v 0.007 0.0115 0.02 
vn 0 0 -1 
vn -1 2.89121e-16 0 
vn 0.707107 -0.707107 0 
vn -5.78241e-16 1 0 
vn 0 0 1 
usemtl 0.917647_0.917647_0.917647_0.000000_0.000000
o mesh302
f 4925//5361 4926//5361 4927//5361 
o mesh303
f 4927//5362 4928//5362 4929//5362 
f 4929//5362 4925//5362 4927//5362 
o mesh304
f 4926//5363 4930//5363 4928//5363 
f 4928//5363 4927//5363 4926//5363 
o mesh305
f 4925//5364 4929//5364 4930//5364 
f 4930//5364 4926//5364 4925//5364 
o mesh306
f 4928//5365 4930//5365 4929//5365 
g Part 10
v 0.004 0.0225 0.018 
v 0.004 0.0255 0.018 
v 0.007 0.0225 0.018 
v 0.007 0.0225 0.02 
v 0.004 0.0225 0.02 
v 0.004 0.0255 0.02 
vn 0 0 -1 
vn 3.46945e-16 -1 0 
vn 0.707107 0.707107 0 
vn -1 2.89121e-16 0 
vn 0 0 1 
usemtl 0.231373_0.380392_0.705882_0.000000_0.000000
o mesh307
f 4931//5366 4932//5366 4933//5366 
o mesh308
f 4933//5367 4934//5367 4935//5367 
f 4935//5367 4931//5367 4933//5367 
o mesh309
f 4932//5368 4936//5368 4934//5368 
f 4934//5368 4933//5368 4932//5368 
o mesh310
f 4931//5369 4935//5369 4936//5369 
f 4936//5369 4932//5369 4931//5369 
o mesh311
f 4934//5370 4936//5370 4935//5370 
g Part 7
v 0.004 0.0045 -0.0181917 
v 0.004 0.0074 -0.022 
v 0.004 0.0045 -0.022 
v 0.007 0.0045 -0.022 
v 0.007 0.0045 -0.0181917 
v 0.007 0.0074 -0.022 
vn -1 0 0 
vn 0 -1 0 
vn 0 0.795591 0.605834 
vn 0 0 -1 
vn 1 0 0 
usemtl 0.980392_0.713725_0.003922_0.000000_0.000000
o mesh312
f 4937//5371 4938//5371 4939//5371 
o mesh313
f 4939//5372 4940//5372 4941//5372 
f 4941//5372 4937//5372 4939//5372 
o mesh314
f 4937//5373 4941//5373 4942//5373 
f 4942//5373 4938//5373 4937//5373 
o mesh315
f 4938//5374 4942//5374 4940//5374 
f 4940//5374 4939//5374 4938//5374 
o mesh316
f 4940//5375 4942//5375 4941//5375 
g Part 6
v 0.004 0.0045 0.022 
v 0.004 0.0074 0.022 
v 0.004 0.0045 0.0181917 
v 0.007 0.0045 0.0181917 
v 0.007 0.0045 0.022 
v 0.007 0.0074 0.022 
vn -1 0 0 
vn 0 -1 0 
vn 0 0.795591 -0.605834 
vn 0 0 1 
vn 1 0 0 
o mesh317
f 4943//5376 4944//5376 4945//5376 
o mesh318
f 4945//5377 4946//5377 4947//5377 
f 4947//5377 4943//5377 4945//5377 
o mesh319
f 4944//5378 4948//5378 4946//5378 
f 4946//5378 4945//5378 4944//5378 
o mesh320
f 4943//5379 4947//5379 4948//5379 
f 4948//5379 4944//5379 4943//5379 
o mesh321
f 4946//5380 4948//5380 4947//5380 
