# OBJ generated by ONSHAPE BY PTC INC, 1.216 Units = meters
mtllib spur_gear.mtl
g Spur gear (26 teeth)
v 0.00661485 -0.00124267 0.005 
v 0.00675 -0.00125 0.005 
v 0.00675 -0.00125 0 
v 0.00648129 -0.00122078 0.005 
v 0.00661485 -0.00124267 0 
v 0.00635087 -0.00118457 0.005 
v 0.00648129 -0.00122078 0 
v 0.00622514 -0.00113447 0.005 
v 0.00635087 -0.00118457 0 
v 0.00610556 -0.00107107 0.005 
v 0.00622514 -0.00113447 0 
v 0.00599353 -0.000995116 0.005 
v 0.00610556 -0.00107107 0 
v 0.00589038 -0.000907494 0.005 
v 0.00599353 -0.000995116 0 
v 0.0057973 -0.000809233 0.005 
v 0.00589038 -0.000907494 0 
v 0.00571539 -0.000701484 0.005 
v 0.0057973 -0.000809233 0 
v 0.00564561 -0.000585511 0.005 
v 0.00571539 -0.000701484 0 
v 0.00558878 -0.000462673 0.005 
v 0.00564561 -0.000585511 0 
v 0.00554556 -0.00033441 0.005 
v 0.00558878 -0.000462673 0 
v 0.00551647 -0.000202227 0.005 
v 0.00554556 -0.00033441 0 
v 0.00550183 -6.76736e-05 0.005 
v 0.00551647 -0.000202227 0 
v 0.00550183 6.76736e-05 0.005 
v 0.00550183 -6.76736e-05 0 
v 0.00551647 0.000202227 0.005 
v 0.00550183 6.76736e-05 0 
v 0.00554556 0.00033441 0.005 
v 0.00551647 0.000202227 0 
v 0.00558878 0.000462673 0.005 
v 0.00554556 0.00033441 0 
v 0.00564561 0.000585511 0.005 
v 0.00558878 0.000462673 0 
v 0.00571539 0.000701484 0.005 
v 0.00564561 0.000585511 0 
v 0.0057973 0.000809233 0.005 
v 0.00571539 0.000701484 0 
v 0.00589038 0.000907494 0.005 
v 0.0057973 0.000809233 0 
v 0.00599353 0.000995116 0.005 
v 0.00589038 0.000907494 0 
v 0.00610556 0.00107107 0.005 
v 0.00599353 0.000995116 0 
v 0.00622514 0.00113447 0.005 
v 0.00610556 0.00107107 0 
v 0.00635087 0.00118457 0.005 
v 0.00622514 0.00113447 0 
v 0.00648129 0.00122078 0.005 
v 0.00635087 0.00118457 0 
v 0.00661485 0.00124267 0.005 
v 0.00648129 0.00122078 0 
v 0.00675 0.00125 0.005 
v 0.00661485 0.00124267 0 
v 0.00688515 0.00124267 0.005 
v 0.00675 0.00125 0 
v 0.00701871 0.00122078 0.005 
v 0.00688515 0.00124267 0 
v 0.00714913 0.00118457 0.005 
v 0.00701871 0.00122078 0 
v 0.00727486 0.00113447 0.005 
v 0.00714913 0.00118457 0 
v 0.00739444 0.00107107 0.005 
v 0.00727486 0.00113447 0 
v 0.00750647 0.000995116 0.005 
v 0.00739444 0.00107107 0 
v 0.00760962 0.000907494 0.005 
v 0.00750647 0.000995116 0 
v 0.0077027 0.000809233 0.005 
v 0.00760962 0.000907494 0 
v 0.00778461 0.000701484 0.005 
v 0.0077027 0.000809233 0 
v 0.00785439 0.000585511 0.005 
v 0.00778461 0.000701484 0 
v 0.00791122 0.000462673 0.005 
v 0.00785439 0.000585511 0 
v 0.00795444 0.00033441 0.005 
v 0.00791122 0.000462673 0 
v 0.00798353 0.000202227 0.005 
v 0.00795444 0.00033441 0 
v 0.00799817 6.76736e-05 0.005 
v 0.00798353 0.000202227 0 
v 0.00799817 -6.76736e-05 0.005 
v 0.00799817 6.76736e-05 0 
v 0.00798353 -0.000202227 0.005 
v 0.00799817 -6.76736e-05 0 
v 0.00795444 -0.00033441 0.005 
v 0.00798353 -0.000202227 0 
v 0.00791122 -0.000462673 0.005 
v 0.00795444 -0.00033441 0 
v 0.00785439 -0.000585511 0.005 
v 0.00791122 -0.000462673 0 
v 0.00778461 -0.000701484 0.005 
v 0.00785439 -0.000585511 0 
v 0.0077027 -0.000809233 0.005 
v 0.00778461 -0.000701484 0 
v 0.00760962 -0.000907494 0.005 
v 0.0077027 -0.000809233 0 
v 0.00750647 -0.000995116 0.005 
v 0.00760962 -0.000907494 0 
v 0.00739444 -0.00107107 0.005 
v 0.00750647 -0.000995116 0 
v 0.00727486 -0.00113447 0.005 
v 0.00739444 -0.00107107 0 
v 0.00714913 -0.00118457 0.005 
v 0.00727486 -0.00113447 0 
v 0.00701871 -0.00122078 0.005 
v 0.00714913 -0.00118457 0 
v 0.00688515 -0.00124267 0.005 
v 0.00701871 -0.00122078 0 
v 0.00688515 -0.00124267 0 
v -0.00240835 -0.0128945 0.005 
v -0.00377805 -0.0115163 0.005 
v -0.00382337 -0.011669 0.005 
v -0.00661485 -0.00124267 0.005 
v -0.00497482 -0.0114253 0.005 
v -0.00487612 -0.0112697 0.005 
v -0.0038527 -0.0118509 0.005 
v 0.000848565 -0.0127362 0.005 
v -0.000919701 -0.0122449 0.005 
v -0.000904635 -0.0124286 0.005 
v 0.000747502 -0.0130962 0.005 
v -0.000848565 -0.0127362 0.005 
v -0.000747502 -0.0130962 0.005 
v -0.00599353 -0.000995116 0.005 
v 0.0038527 -0.0118509 0.005 
v 0.00382337 -0.011669 0.005 
v 0.00370064 0.013502 0.005 
v 0.002096 0.0122839 0.005 
v 0.00203741 0.0121092 0.005 
v -0.00516742 -0.0116717 0.005 
v -0.00268864 -0.0132996 0.005 
v -0.00379998 -0.0130257 0.005 
v -0.00370064 -0.013502 0.005 
v -0.00387187 -0.012163 0.005 
v -0.000912244 -0.0120858 0.005 
v -0.000572297 -0.0135566 0.005 
v -0.000361853 -0.0139953 0.005 
v 0.000361853 -0.0139953 0.005 
v 0.00370064 -0.013502 0.005 
v 0.00200658 -0.0119529 0.005 
v 0.00203741 -0.0121092 0.005 
v 0.00387187 -0.012163 0.005 
v -0.00571539 0.000701484 0.005 
v 0.00900976 0.0107156 0.005 
v 0.00724846 0.00957123 0.005 
v 0.00222405 0.0125691 0.005 
v -0.00240835 0.0128945 0.005 
v -0.0038527 0.0118509 0.005 
v -0.00382337 0.011669 0.005 
v -0.00542423 0.0119435 0.005 
v -0.00657685 0.0105845 0.005 
v -0.00650483 0.0104149 0.005 
v -0.0129575 0.00530115 0.005 
v -0.0119417 0.00356138 0.005 
v -0.0117753 0.00348216 0.005 
v -0.00701871 -0.00122078 0.005 
v -0.00893343 -0.00763572 0.005 
v -0.0089068 -0.00766364 0.005 
v -0.00618355 -0.0125604 0.005 
v -0.00642429 -0.0102775 0.005 
v -0.00650483 -0.0104149 0.005 
v -0.00472049 -0.011 0.005 
v -0.00469099 -0.0109751 0.005 
v -0.00542423 -0.0119435 0.005 
v -0.00299796 -0.0136752 0.005 
v -0.00385991 -0.0125368 0.005 
v -0.00635087 -0.00118457 0.005 
v -0.002096 -0.0122839 0.005 
v -0.00203741 -0.0121092 0.005 
v 0.000572297 -0.0135566 0.005 
v 0.002096 -0.0122839 0.005 
v -0.00610556 -0.00107107 0.005 
v 0.000904635 -0.0124286 0.005 
v 0.000919701 -0.0122449 0.005 
v 0.00385991 -0.0125368 0.005 
v 0.00718121 0.00953359 0.005 
v 0.00714504 0.00952014 0.005 
v 0.0072158 0.00955069 0.005 
v 0.00240835 0.0128945 0.005 
v 0.000747502 0.0130962 0.005 
v 0.000572297 0.0135566 0.005 
v -0.000747502 0.0130962 0.005 
v 0.000848565 0.0127362 0.005 
v -0.000904635 0.0124286 0.005 
v -0.00635087 0.00118457 0.005 
v -0.00199823 0.0119152 0.005 
v -0.00222405 0.0125691 0.005 
v -0.00379998 0.0130257 0.005 
v -0.00268864 0.0132996 0.005 
v -0.00299796 0.0136752 0.005 
v -0.00387187 0.012163 0.005 
v -0.00385991 0.0125368 0.005 
v -0.00667015 0.010883 0.005 
v -0.00812488 0.0102983 0.005 
v -0.00856132 0.0105268 0.005 
v -0.00924391 0.00930697 0.005 
v -0.00781047 0.0100959 0.005 
v -0.00891879 0.00870302 0.005 
v -0.00906395 0.00755526 0.005 
v -0.00910086 0.00754401 0.005 
v -0.00714913 0.00118457 0.005 
v -0.0103533 0.00805468 0.005 
v -0.0107424 0.00631572 0.005 
v -0.0105998 0.00619898 0.005 
v -0.0122094 0.00372288 0.005 
v -0.0129575 -0.00530115 0.005 
v -0.0116239 -0.00343271 0.005 
v -0.0117753 -0.00348216 0.005 
v -0.0103533 -0.00805468 0.005 
v -0.0104646 -0.00611474 0.005 
v -0.0105998 -0.00619898 0.005 
v -0.00868136 -0.00791811 0.005 
v -0.00781047 -0.0100959 0.005 
v -0.00869718 -0.0084414 0.005 
v -0.00880826 -0.00855554 0.005 
v -0.00657685 -0.0105845 0.005 
v -0.00455254 -0.0109093 0.005 
v -0.00451463 -0.0109021 0.005 
v -0.00648129 -0.00122078 0.005 
v -0.0046591 -0.0109534 0.005 
v -0.00477109 -0.0110581 0.005 
v -0.00474729 -0.0110278 0.005 
v -0.00480879 -0.0111254 0.005 
v -0.00378932 -0.0112521 0.005 
v -0.00377607 -0.0112883 0.005 
v -0.00393786 -0.0110791 0.005 
v -0.00390611 -0.0111011 0.005 
v -0.00184274 -0.0117013 0.005 
v -0.00180949 -0.0116818 0.005 
v -0.00222405 -0.0125691 0.005 
v 0.00222405 -0.0125691 0.005 
v 0.00379998 -0.0130257 0.005 
v 0.00733153 0.00965126 0.005 
v 0.00730663 0.00962179 0.005 
v 0.00674799 0.0112487 0.005 
v 0.00497482 0.0114253 0.005 
v 0.00487612 0.0112697 0.005 
v -0.00599353 0.000995116 0.005 
v 0.00376794 0.011479 0.005 
v 0.00387187 0.012163 0.005 
v -0.00610556 0.00107107 0.005 
v 0.000964876 0.011864 0.005 
v 0.000946733 0.011898 0.005 
v 0.00162335 0.0116394 0.005 
v 0.0015849 0.0116426 0.005 
v 0.00268864 0.0132996 0.005 
v -0.000572297 0.0135566 0.005 
v 0.000361853 0.0139953 0.005 
v -0.000848565 0.0127362 0.005 
v -0.000919701 0.0122449 0.005 
v -0.00198607 0.0118786 0.005 
v -0.00370064 0.013502 0.005 
v -0.00674799 0.0112487 0.005 
v -0.00579333 0.0122697 0.005 
v -0.00618355 0.0125604 0.005 
v -0.00682436 0.0122241 0.005 
v -0.00941807 0.00976777 0.005 
v -0.00900976 0.0107156 0.005 
v -0.00908079 0.00897045 0.005 
v -0.00880826 0.00855554 0.005 
v -0.00701871 0.00122078 0.005 
v -0.00902839 0.00757024 0.005 
v -0.011482 0.00723004 0.005 
v -0.0108318 0.00817202 0.005 
v -0.0113124 0.00824805 0.005 
v -0.0109637 0.0065366 0.005 
v -0.0112026 0.00682431 0.005 
v -0.00750647 0.000995116 0.005 
v -0.010324 0.00561044 0.005 
v -0.010482 0.00530941 0.005 
v -0.0125102 0.00394505 0.005 
v -0.0119417 -0.00356138 0.005 
v -0.0107424 -0.00631572 0.005 
v -0.00865686 -0.00794791 0.005 
v -0.00863553 -0.00798007 0.005 
v -0.00896279 -0.00761068 0.005 
v -0.00906395 -0.00755526 0.005 
v -0.00902839 -0.00757024 0.005 
v -0.00714913 -0.00118457 0.005 
v -0.00891879 -0.00870302 0.005 
v -0.00667015 -0.010883 0.005 
v -0.00675 -0.00125 0.005 
v -0.00640764 -0.00990855 0.005 
v -0.00639202 -0.00994384 0.005 
v -0.0068465 -0.00955175 0.005 
v -0.00681396 -0.00957249 0.005 
v -0.00688515 -0.00124267 0.005 
v -0.00756453 -0.00990279 0.005 
v -0.00743144 -0.00977529 0.005 
v -0.00462516 -0.0109351 0.005 
v -0.00458951 -0.0109203 0.005 
v -0.00479167 -0.0110908 0.005 
v -0.00376794 -0.011479 0.005 
v -0.00376102 -0.0113639 0.005 
v -0.00375938 -0.0114024 0.005 
v -0.0037666 -0.0113257 0.005 
v -0.00382657 -0.0111846 0.005 
v -0.00380621 -0.0112174 0.005 
v -0.00387678 -0.0111261 0.005 
v -0.00622514 -0.00113447 0.005 
v -0.0017744 -0.0116657 0.005 
v -0.00173785 -0.0116533 0.005 
v -0.000911334 -0.0120472 0.005 
v -0.000964876 -0.011864 0.005 
v -0.000946733 -0.011898 0.005 
v 0.00240835 -0.0128945 0.005 
v 0.00190239 -0.0117501 0.005 
v 0.00192816 -0.0117789 0.005 
v 0.00120931 -0.0116897 0.005 
v 0.00124741 -0.0116836 0.005 
v 0.000921352 -0.0119708 0.005 
v 0.000932174 -0.0119338 0.005 
v 0.000912244 -0.0120858 0.005 
v 0.011482 -0.00723004 0.005 
v 0.00942819 -0.00761627 0.005 
v 0.00955488 -0.00771278 0.005 
v 0.011482 0.00723004 0.005 
v 0.00971461 0.00780472 0.005 
v 0.00955488 0.00771278 0.005 
v 0.00727884 0.00959502 0.005 
v 0.00710769 0.00951045 0.005 
v 0.00579333 0.0122697 0.005 
v 0.00680681 0.0117378 0.005 
v 0.00682436 0.0122241 0.005 
v 0.00516742 0.0116717 0.005 
v 0.00542423 0.0119435 0.005 
v 0.00385991 0.0125368 0.005 
v 0.000914381 0.0120087 0.005 
v 0.000911334 0.0120472 0.005 
v 0.000932174 0.0119338 0.005 
v 0.00124741 0.0116836 0.005 
v 0.00173785 0.0116533 0.005 
v 0.00170023 0.0116448 0.005 
v 0.00299796 0.0136752 0.005 
v -0.000361853 0.0139953 0.005 
v -0.000912244 0.0120858 0.005 
v -0.002096 0.0122839 0.005 
v -0.00200658 0.0119529 0.005 
v -0.00622514 0.00113447 0.005 
v -0.00120931 0.0116897 0.005 
v -0.00124741 0.0116836 0.005 
v -0.0037666 0.0113257 0.005 
v -0.00377607 0.0112883 0.005 
v -0.00377805 0.0115163 0.005 
v -0.00648129 0.00122078 0.005 
v -0.00447618 0.0108988 0.005 
v -0.00451463 0.0109021 0.005 
v -0.00680681 0.0117378 0.005 
v -0.00675 0.00125 0.005 
v -0.00650324 0.00978868 0.005 
v -0.00653417 0.00976561 0.005 
v -0.00955147 0.0102357 0.005 
v -0.00869718 0.0084414 0.005 
v -0.00913873 0.00753661 0.005 
v -0.00917716 0.00753311 0.005 
v -0.00865686 0.00794791 0.005 
v -0.00868136 0.00791811 0.005 
v -0.0117235 0.00765245 0.005 
v -0.0103074 0.00564524 0.005 
v -0.0102851 0.00571904 0.005 
v -0.0102944 0.00568157 0.005 
v -0.0128786 0.00427213 0.005 
v -0.0122094 -0.00372288 0.005 
v -0.0108318 -0.00817202 0.005 
v -0.011482 -0.00723004 0.005 
v -0.0117235 -0.00765245 0.005 
v -0.0109637 -0.0065366 0.005 
v -0.00910086 -0.00754401 0.005 
v -0.00856132 -0.0105268 0.005 
v -0.00941807 -0.00976777 0.005 
v -0.00955147 -0.0102357 0.005 
v -0.00924391 -0.00930697 0.005 
v -0.00812488 -0.0102983 0.005 
v -0.00908079 -0.00897045 0.005 
v -0.00674799 -0.0112487 0.005 
v -0.006372 -0.0100183 0.005 
v -0.00636781 -0.0100566 0.005 
v -0.0063801 -0.00998054 0.005 
v -0.00653417 -0.00976561 0.005 
v -0.00691707 -0.00952079 0.005 
v -0.00688099 -0.00953446 0.005 
v -0.00376169 -0.011441 0.005 
v -0.00385017 -0.0111541 0.005 
v -0.00432511 -0.010925 0.005 
v -0.00400723 -0.0110456 0.005 
v -0.00436167 -0.0109127 0.005 
v -0.00166193 -0.0116401 0.005 
v -0.00162335 -0.0116394 0.005 
v -0.00200658 -0.0119529 0.005 
v -0.000914381 -0.0120087 0.005 
v -0.000932174 -0.0119338 0.005 
v -0.000921352 -0.0119708 0.005 
v -0.000986412 -0.0118319 0.005 
v -0.00124741 -0.0116836 0.005 
v 0.00268864 -0.0132996 0.005 
v 0.00195085 -0.0118101 0.005 
v 0.00187382 -0.0117242 0.005 
v 0.0015849 -0.0116426 0.005 
v 0.00113595 -0.0117133 0.005 
v 0.00117202 -0.0116996 0.005 
v 0.000946733 -0.011898 0.005 
v 0.000911334 -0.0120472 0.005 
v 0.00377805 -0.0115163 0.005 
v 0.00674799 -0.0112487 0.005 
v 0.00480879 -0.0111254 0.005 
v 0.00487612 -0.0112697 0.005 
v 0.00900976 -0.0107156 0.005 
v 0.00891879 -0.00870302 0.005 
v 0.00880826 -0.00855554 0.005 
v 0.00971461 -0.00780472 0.005 
v 0.0129575 0.00530115 0.005 
v 0.0116239 0.00343271 0.005 
v 0.0117753 0.00348216 0.005 
v -0.00558878 0.000462673 0.005 
v 0.00893343 0.00763572 0.005 
v 0.0089068 0.00766364 0.005 
v 0.00925407 0.00753799 0.005 
v 0.00999961 0.00793331 0.005 
v -0.0057973 0.000809233 0.005 
v 0.00637892 0.0101714 0.005 
v 0.00639038 0.0102083 0.005 
v 0.00642679 0.00987506 0.005 
v 0.00640764 0.00990855 0.005 
v 0.00706955 0.00950465 0.005 
v 0.00436167 0.0109127 0.005 
v 0.00432511 0.010925 0.005 
v 0.00618355 0.0125604 0.005 
v 0.00379998 0.0130257 0.005 
v 0.00380621 0.0112174 0.005 
v 0.00378932 0.0112521 0.005 
v 0.000904635 0.0124286 0.005 
v 0.000912244 0.0120858 0.005 
v 0.000921352 0.0119708 0.005 
v 0.00101111 0.0118023 0.005 
v 0.000986412 0.0118319 0.005 
v 0.00120931 0.0116897 0.005 
v 0.00166193 0.0116401 0.005 
v 0.00197022 0.0118434 0.005 
v 0.00195085 0.0118101 0.005 
v 0.00200658 0.0119529 0.005 
v -0.00195085 0.0118101 0.005 
v -0.00197022 0.0118434 0.005 
v -0.0015849 0.0116426 0.005 
v -0.00110147 0.0117306 0.005 
v -0.00113595 0.0117133 0.005 
v -0.000964876 0.011864 0.005 
v -0.000986412 0.0118319 0.005 
v -0.00385017 0.0111541 0.005 
v -0.00387678 0.0111261 0.005 
v -0.00378932 0.0112521 0.005 
v -0.00380621 0.0112174 0.005 
v -0.00376102 0.0113639 0.005 
v -0.00376169 0.011441 0.005 
v -0.00375938 0.0114024 0.005 
v -0.00497482 0.0114253 0.005 
v -0.00479167 0.0110908 0.005 
v -0.00480879 0.0111254 0.005 
v -0.00516742 0.0116717 0.005 
v -0.00477109 0.0110581 0.005 
v -0.00661485 0.00124267 0.005 
v -0.00474729 0.0110278 0.005 
v -0.00469099 0.0109751 0.005 
v -0.00472049 0.011 0.005 
v -0.00462516 0.0109351 0.005 
v -0.0046591 0.0109534 0.005 
v -0.00455254 0.0109093 0.005 
v -0.00458951 0.0109203 0.005 
v -0.00756453 0.00990279 0.005 
v -0.00730663 0.00962179 0.005 
v -0.00733153 0.00965126 0.005 
v -0.00727884 0.00959502 0.005 
v -0.00688515 0.00124267 0.005 
v -0.00703101 0.00950278 0.005 
v -0.00706955 0.00950465 0.005 
v -0.00688099 0.00953446 0.005 
v -0.00691707 0.00952079 0.005 
v -0.00681396 0.00957249 0.005 
v -0.0063801 0.00998054 0.005 
v -0.00639202 0.00994384 0.005 
v -0.00893343 0.00763572 0.005 
v -0.00896279 0.00761068 0.005 
v -0.0089068 0.00766364 0.005 
v -0.00858321 0.00816366 0.005 
v -0.008586 0.00812518 0.005 
v -0.00727486 0.00113447 0.005 
v -0.00939696 0.0075936 0.005 
v -0.00999961 0.00793331 0.005 
v -0.0104646 0.00611474 0.005 
v -0.0102784 0.00579581 0.005 
v -0.0102798 0.00575725 0.005 
v -0.00760962 0.000907494 0.005 
v -0.0109412 0.00512411 0.005 
v -0.0116076 0.00530972 0.005 
v -0.0132142 0.00462447 0.005 
v -0.0125102 -0.00394505 0.005 
v -0.00760962 -0.000907494 0.005 
v -0.0113001 -0.00525308 0.005 
v -0.011123 -0.00520203 0.005 
v -0.0113124 -0.00824805 0.005 
v -0.0112026 -0.00682431 0.005 
v -0.00727486 -0.00113447 0.005 
v -0.0102875 -0.00587234 0.005 
v -0.0102978 -0.00590951 0.005 
v -0.00971461 -0.00780472 0.005 
v -0.00955488 -0.00771278 0.005 
v -0.00899455 -0.00758877 0.005 
v -0.00913873 -0.00753661 0.005 
v -0.00921574 -0.00753358 0.005 
v -0.00917716 -0.00753311 0.005 
v -0.00929175 -0.00754631 0.005 
v -0.00925407 -0.00753799 0.005 
v -0.00900976 -0.0107156 0.005 
v -0.00680681 -0.0117378 0.005 
v -0.00644927 -0.0098437 0.005 
v -0.00642679 -0.00987506 0.005 
v -0.00650324 -0.00978868 0.005 
v -0.00647484 -0.0098148 0.005 
v -0.00699248 -0.00950487 0.005 
v -0.00695437 -0.0095109 0.005 
v -0.00733153 -0.00965126 0.005 
v -0.00447618 -0.0108988 0.005 
v -0.0044376 -0.0108995 0.005 
v -0.0015849 -0.0116426 0.005 
v -0.00170023 -0.0116448 0.005 
v -0.00190239 -0.0117501 0.005 
v -0.00187382 -0.0117242 0.005 
v -0.00195085 -0.0118101 0.005 
v -0.00192816 -0.0117789 0.005 
v -0.00199823 -0.0119152 0.005 
v -0.00101111 -0.0118023 0.005 
v -0.00106895 -0.0117514 0.005 
v -0.00103872 -0.0117754 0.005 
v -0.00120931 -0.0116897 0.005 
v 0.00199823 -0.0119152 0.005 
v 0.00197022 -0.0118434 0.005 
v 0.00184274 -0.0117013 0.005 
v 0.00170023 -0.0116448 0.005 
v 0.00173785 -0.0116533 0.005 
v 0.00162335 -0.0116394 0.005 
v 0.00166193 -0.0116401 0.005 
v 0.00106895 -0.0117514 0.005 
v 0.000986412 -0.0118319 0.005 
v 0.00101111 -0.0118023 0.005 
v 0.000964876 -0.011864 0.005 
v 0.000914381 -0.0120087 0.005 
v 0.00376794 -0.011479 0.005 
v 0.00516742 -0.0116717 0.005 
v 0.00542423 -0.0119435 0.005 
v 0.00497482 -0.0114253 0.005 
v 0.00579333 -0.0122697 0.005 
v 0.00618355 -0.0125604 0.005 
v 0.00682436 -0.0122241 0.005 
v 0.00724846 -0.00957123 0.005 
v 0.00727884 -0.00959502 0.005 
v -0.00571539 -0.000701484 0.005 
v 0.0072158 -0.00955069 0.005 
v -0.0057973 -0.000809233 0.005 
v 0.00657685 -0.0105845 0.005 
v 0.00650483 -0.0104149 0.005 
v 0.00908079 -0.00897045 0.005 
v 0.00999961 -0.00793331 0.005 
v 0.0122289 0.00239614 0.005 
v 0.0120447 0.00238895 0.005 
v 0.0119417 0.00356138 0.005 
v 0.0105237 0.00524459 0.005 
v 0.0105012 0.00527593 0.005 
v 0.00868136 0.00791811 0.005 
v 0.00865686 0.00794791 0.005 
v 0.00896279 0.00761068 0.005 
v 0.00906395 0.00755526 0.005 
v 0.00902839 0.00757024 0.005 
v 0.00917716 0.00753311 0.005 
v 0.00913873 0.00753661 0.005 
v 0.00921574 0.00753358 0.005 
v 0.0103533 0.00805468 0.005 
v 0.00657685 0.0105845 0.005 
v 0.00640556 0.0102437 0.005 
v 0.00642429 0.0102775 0.005 
v 0.00667015 0.010883 0.005 
v 0.00637129 0.0101336 0.005 
v 0.006372 0.0100183 0.005 
v 0.00636781 0.0100566 0.005 
v 0.00639202 0.00994384 0.005 
v 0.0068465 0.00955175 0.005 
v 0.00681396 0.00957249 0.005 
v 0.00756453 0.00990279 0.005 
v 0.00856132 0.0105268 0.005 
v 0.00812488 0.0102983 0.005 
v 0.0043993 0.0109041 0.005 
v 0.00480879 0.0111254 0.005 
v 0.00376169 0.011441 0.005 
v 0.00377607 0.0112883 0.005 
v 0.00113595 0.0117133 0.005 
v 0.00110147 0.0117306 0.005 
v 0.00190239 0.0117501 0.005 
v 0.00187382 0.0117242 0.005 
v 0.00192816 0.0117789 0.005 
v 0.00198607 0.0118786 0.005 
v 0.00199823 0.0119152 0.005 
v -0.00190239 0.0117501 0.005 
v -0.00192816 0.0117789 0.005 
v -0.00173785 0.0116533 0.005 
v -0.0017744 0.0116657 0.005 
v -0.00162335 0.0116394 0.005 
v -0.00117202 0.0116996 0.005 
v -0.00101111 0.0118023 0.005 
v -0.00400723 0.0110456 0.005 
v -0.00432511 0.010925 0.005 
v -0.00393786 0.0110791 0.005 
v -0.00397168 0.0110606 0.005 
v -0.00382657 0.0111846 0.005 
v -0.00376794 0.011479 0.005 
v -0.00642429 0.0102775 0.005 
v -0.00724846 0.00957123 0.005 
v -0.00714504 0.00952014 0.005 
v -0.00718121 0.00953359 0.005 
v -0.00710769 0.00951045 0.005 
v -0.00699248 0.00950487 0.005 
v -0.00695437 0.0095109 0.005 
v -0.0068465 0.00955175 0.005 
v -0.00640764 0.00990855 0.005 
v -0.00636781 0.0100566 0.005 
v -0.006372 0.0100183 0.005 
v -0.00899455 0.00758877 0.005 
v -0.00861762 0.00801425 0.005 
v -0.00863553 0.00798007 0.005 
v -0.00859272 0.00808718 0.005 
v -0.00860329 0.00805007 0.005 
v -0.00858437 0.00820223 0.005 
v -0.00936357 0.00757426 0.005 
v -0.0102978 0.00590951 0.005 
v -0.0102875 0.00587234 0.005 
v -0.0109041 0.00511332 0.005 
v -0.0107508 0.00510919 0.005 
v -0.0107891 0.00510431 0.005 
v -0.0116239 0.00343271 0.005 
v -0.0121076 0.000551186 0.005 
v -0.0127456 0.000692796 0.005 
v -0.012447 0.000600058 0.005 
v -0.0128786 -0.00427213 0.005 
v -0.0077027 -0.000809233 0.005 
v -0.0114606 -0.00333388 0.005 
v -0.0116076 -0.00530972 0.005 
v -0.010312 -0.00594542 0.005 
v -0.0103297 -0.0059797 0.005 
v -0.0102798 -0.00575725 0.005 
v -0.0102784 -0.00579581 0.005 
v -0.00999961 -0.00793331 0.005 
v -0.00859272 -0.00808718 0.005 
v -0.008586 -0.00812518 0.005 
v -0.00861762 -0.00801425 0.005 
v -0.00860329 -0.00805007 0.005 
v -0.00861128 -0.0083144 0.005 
v -0.00862774 -0.00834929 0.005 
v -0.00858948 -0.00824047 0.005 
v -0.00640556 -0.0102437 0.005 
v -0.00636757 -0.0100952 0.005 
v -0.00637129 -0.0101336 0.005 
v -0.00714504 -0.00952014 0.005 
v -0.00710769 -0.00951045 0.005 
v -0.00724846 -0.00957123 0.005 
v -0.0072158 -0.00955069 0.005 
v -0.00730663 -0.00962179 0.005 
v -0.00397168 -0.0110606 0.005 
v -0.00198607 -0.0118786 0.005 
v -0.00113595 -0.0117133 0.005 
v -0.00110147 -0.0117306 0.005 
v -0.00117202 -0.0116996 0.005 
v 0.00198607 -0.0118786 0.005 
v 0.0017744 -0.0116657 0.005 
v 0.00110147 -0.0117306 0.005 
v 0.00103872 -0.0117754 0.005 
v 0.00377607 -0.0112883 0.005 
v 0.00378932 -0.0112521 0.005 
v 0.00376169 -0.011441 0.005 
v 0.00680681 -0.0117378 0.005 
v 0.00455254 -0.0109093 0.005 
v 0.00458951 -0.0109203 0.005 
v 0.0044376 -0.0108995 0.005 
v 0.00447618 -0.0108988 0.005 
v 0.00756453 -0.00990279 0.005 
v 0.00730663 -0.00962179 0.005 
v 0.00733153 -0.00965126 0.005 
v 0.00781047 -0.0100959 0.005 
v 0.00856132 -0.0105268 0.005 
v 0.00718121 -0.00953359 0.005 
v 0.00706955 -0.00950465 0.005 
v 0.00710769 -0.00951045 0.005 
v 0.00639202 -0.00994384 0.005 
v 0.00640764 -0.00990855 0.005 
v 0.00636757 -0.0100952 0.005 
v 0.00636781 -0.0100566 0.005 
v 0.00667015 -0.010883 0.005 
v 0.00924391 -0.00930697 0.005 
v 0.0108318 -0.00817202 0.005 
v 0.0113124 -0.00824805 0.005 
v 0.0103533 -0.00805468 0.005 
v 0.0124727 -0.00534235 0.005 
v 0.0119417 -0.00356138 0.005 
v 0.0117753 -0.00348216 0.005 
v 0.011811 -0.00235521 0.005 
v 0.0118495 -0.00235682 0.005 
v 0.0116972 0.00237398 0.005 
v 0.0116612 0.00238788 0.005 
v 0.012541 0.00237755 0.005 
v 0.0122094 0.00372288 0.005 
v 0.010482 0.00530941 0.005 
v 0.010324 0.00561044 0.005 
v 0.0105493 0.00521572 0.005 
v 0.0109769 0.00513864 0.005 
v 0.0116076 0.00530972 0.005 
v 0.0113001 0.00525308 0.005 
v 0.00899455 0.00758877 0.005 
v 0.00936357 0.00757426 0.005 
v 0.00932838 0.00755844 0.005 
v 0.0108318 0.00817202 0.005 
v 0.0117235 0.00765245 0.005 
v 0.00861128 0.0083144 0.005 
v 0.00862774 0.00834929 0.005 
v 0.00636757 0.0100952 0.005 
v 0.0063801 0.00998054 0.005 
v 0.00647484 0.0098148 0.005 
v 0.00644927 0.0098437 0.005 
v 0.00653417 0.00976561 0.005 
v 0.00699248 0.00950487 0.005 
v 0.00695437 0.0095109 0.005 
v 0.00743144 0.00977529 0.005 
v -0.00589038 0.000907494 0.005 
v 0.00390611 0.0111011 0.005 
v 0.00387678 0.0111261 0.005 
v 0.00400723 0.0110456 0.005 
v 0.00451463 0.0109021 0.005 
v 0.00447618 0.0108988 0.005 
v 0.00458951 0.0109203 0.005 
v 0.00455254 0.0109093 0.005 
v 0.0046591 0.0109534 0.005 
v 0.00462516 0.0109351 0.005 
v 0.00474729 0.0110278 0.005 
v 0.00472049 0.011 0.005 
v 0.0038527 0.0118509 0.005 
v 0.00377805 0.0115163 0.005 
v 0.00376102 0.0113639 0.005 
v 0.00375938 0.0114024 0.005 
v 0.0037666 0.0113257 0.005 
v 0.00106895 0.0117514 0.005 
v 0.00103872 0.0117754 0.005 
v 0.00117202 0.0116996 0.005 
v 0.00184274 0.0117013 0.005 
v 0.00180949 0.0116818 0.005 
v -0.000911334 0.0120472 0.005 
v -0.00184274 0.0117013 0.005 
v -0.00187382 0.0117242 0.005 
v -0.00166193 0.0116401 0.005 
v -0.00170023 0.0116448 0.005 
v -0.00103872 0.0117754 0.005 
v -0.00106895 0.0117514 0.005 
v -0.000946733 0.011898 0.005 
v -0.00390611 0.0111011 0.005 
v -0.00436167 0.0109127 0.005 
v -0.0043993 0.0109041 0.005 
v -0.00640556 0.0102437 0.005 
v -0.0072158 0.00955069 0.005 
v -0.00858948 0.00824047 0.005 
v -0.00867092 0.00841313 0.005 
v -0.00921574 0.00753358 0.005 
v -0.00925407 0.00753799 0.005 
v -0.00971461 0.00780472 0.005 
v -0.00942819 0.00761627 0.005 
v -0.00929175 0.00754631 0.005 
v -0.0104323 0.00609358 0.005 
v -0.0105777 0.00518962 0.005 
v -0.0106087 0.00516658 0.005 
v -0.0105237 0.00524459 0.005 
v -0.0105493 0.00521572 0.005 
v -0.0105012 0.00527593 0.005 
v -0.010281 0.00583431 0.005 
v -0.0113001 0.00525308 0.005 
v -0.0109769 0.00513864 0.005 
v -0.0119801 0.00534291 0.005 
v -0.0107133 0.00511798 0.005 
v -0.0077027 0.000809233 0.005 
v -0.0114888 0.00336017 0.005 
v -0.0114606 0.00333388 0.005 
v -0.0115196 0.00338342 0.005 
v -0.0115875 0.00341988 0.005 
v -0.00778461 0.000701484 0.005 
v -0.0113667 0.00297671 0.005 
v -0.0114481 0.00264662 0.005 
v -0.0130908 0.000836521 0.005 
v -0.0115875 -0.00341988 0.005 
v -0.0114888 -0.00336017 0.005 
v -0.0119801 -0.00534291 0.005 
v -0.0105777 -0.00518962 0.005 
v -0.00739444 -0.00107107 0.005 
v -0.00750647 -0.000995116 0.005 
v -0.0104323 -0.00609358 0.005 
v -0.0103508 -0.00601198 0.005 
v -0.0103752 -0.00604192 0.005 
v -0.010281 -0.00583431 0.005 
v -0.0102944 -0.00568157 0.005 
v -0.0102851 -0.00571904 0.005 
v -0.010324 -0.00561044 0.005 
v -0.00867092 -0.00841313 0.005 
v -0.00859848 -0.00827799 0.005 
v -0.00639038 -0.0102083 0.005 
v -0.00703101 -0.00950278 0.005 
v -0.00706955 -0.00950465 0.005 
v -0.00718121 -0.00953359 0.005 
v -0.00727884 -0.00959502 0.005 
v -0.00579333 -0.0122697 0.005 
v -0.0043993 -0.0109041 0.005 
v -0.00197022 -0.0118434 0.005 
v 0.00180949 -0.0116818 0.005 
v -0.00589038 -0.000907494 0.005 
v 0.00376102 -0.0113639 0.005 
v 0.0037666 -0.0113257 0.005 
v 0.00375938 -0.0114024 0.005 
v 0.0046591 -0.0109534 0.005 
v 0.00469099 -0.0109751 0.005 
v 0.00462516 -0.0109351 0.005 
v 0.00451463 -0.0109021 0.005 
v 0.0043993 -0.0109041 0.005 
v 0.00400723 -0.0110456 0.005 
v 0.00432511 -0.010925 0.005 
v 0.00393786 -0.0110791 0.005 
v 0.00397168 -0.0110606 0.005 
v 0.00812488 -0.0102983 0.005 
v 0.00714504 -0.00952014 0.005 
v 0.00703101 -0.00950278 0.005 
v 0.006372 -0.0100183 0.005 
v 0.0063801 -0.00998054 0.005 
v 0.00637129 -0.0101336 0.005 
v 0.00941807 -0.00976777 0.005 
v -0.00558878 -0.000462673 0.005 
v 0.00865686 -0.00794791 0.005 
v 0.00868136 -0.00791811 0.005 
v -0.00554556 -0.00033441 0.005 
v 0.010324 -0.00561044 0.005 
v 0.010482 -0.00530941 0.005 
v 0.0104646 -0.00611474 0.005 
v 0.0109637 -0.0065366 0.005 
v 0.0107424 -0.00631572 0.005 
v 0.0122094 -0.00372288 0.005 
v 0.0113667 -0.00297671 0.005 
v 0.0122289 -0.00239614 0.005 
v 0.0118877 -0.00236237 0.005 
v 0.012541 -0.00237755 0.005 
v 0.0116612 -0.00238788 0.005 
v 0.0116972 -0.00237398 0.005 
v 0.0115368 -0.00247763 0.005 
v 0.0115643 -0.00245051 0.005 
v 0.0121076 -0.000551186 0.005 
v 0.0127456 -0.000692796 0.005 
v 0.012447 -0.000600058 0.005 
v 0.0117344 0.00236383 0.005 
v 0.011811 0.00235521 0.005 
v 0.0117725 0.00235755 0.005 
v 0.0118877 0.00236237 0.005 
v 0.0125102 0.00394505 0.005 
v 0.0102944 0.00568157 0.005 
v 0.0102851 0.00571904 0.005 
v -0.00554556 0.00033441 0.005 
v 0.0106087 0.00516658 0.005 
v 0.0105777 0.00518962 0.005 
v 0.0119801 0.00534291 0.005 
v 0.00863553 0.00798007 0.005 
v 0.00861762 0.00801425 0.005 
v -0.00564561 0.000585511 0.005 
v 0.00910086 0.00754401 0.005 
v 0.00929175 0.00754631 0.005 
v 0.0113124 0.00824805 0.005 
v 0.00941807 0.00976777 0.005 
v 0.00864769 0.00838232 0.005 
v 0.00858321 0.00816366 0.005 
v 0.00858437 0.00820223 0.005 
v 0.00650324 0.00978868 0.005 
v 0.00691707 0.00952079 0.005 
v 0.00703101 0.00950278 0.005 
v 0.00385017 0.0111541 0.005 
v 0.00393786 0.0110791 0.005 
v 0.00397168 0.0110606 0.005 
v 0.0044376 0.0108995 0.005 
v 0.00469099 0.0109751 0.005 
v 0.00477109 0.0110581 0.005 
v 0.00479167 0.0110908 0.005 
v 0.0017744 0.0116657 0.005 
v -0.000914381 0.0120087 0.005 
v -0.00180949 0.0116818 0.005 
v -0.0044376 0.0108995 0.005 
v -0.00636757 0.0100952 0.005 
v -0.00639038 0.0102083 0.005 
v -0.00644927 0.0098437 0.005 
v -0.00647484 0.0098148 0.005 
v -0.00642679 0.00987506 0.005 
v -0.00859848 0.00827799 0.005 
v -0.00864769 0.00838232 0.005 
v -0.00932838 0.00755844 0.005 
v -0.0103297 0.0059797 0.005 
v -0.0104024 0.00606922 0.005 
v -0.00739444 0.00107107 0.005 
v -0.010312 0.00594542 0.005 
v -0.0108277 0.00510336 0.005 
v -0.0108662 0.00510638 0.005 
v -0.0106768 0.00513056 0.005 
v -0.0106418 0.00514682 0.005 
v -0.0114351 0.00330485 0.005 
v -0.0114129 0.00327336 0.005 
v -0.0115526 0.0034034 0.005 
v -0.011473 0.00257371 0.005 
v -0.011491 0.00253955 0.005 
v -0.00785439 0.000585511 0.005 
v -0.0113588 0.00301449 0.005 
v -0.0135268 0.00106594 0.005 
v -0.00791122 -0.000462673 0.005 
v -0.0122289 -0.00239614 0.005 
v -0.0120447 -0.00238895 0.005 
v -0.00778461 -0.000701484 0.005 
v -0.0114481 -0.00264662 0.005 
v -0.0113667 -0.00297671 0.005 
v -0.0115526 -0.0034034 0.005 
v -0.0115196 -0.00338342 0.005 
v -0.0114129 -0.00327336 0.005 
v -0.0114351 -0.00330485 0.005 
v -0.0113785 -0.00320437 0.005 
v -0.0113939 -0.00323975 0.005 
v -0.0109769 -0.00513864 0.005 
v -0.0106418 -0.00514682 0.005 
v -0.0106087 -0.00516658 0.005 
v -0.0104024 -0.00606922 0.005 
v -0.0103074 -0.00564524 0.005 
v -0.00936357 -0.00757426 0.005 
v -0.00932838 -0.00755844 0.005 
v -0.00942819 -0.00761627 0.005 
v -0.00858321 -0.00816366 0.005 
v -0.00858437 -0.00820223 0.005 
v -0.00864769 -0.00838232 0.005 
v -0.00637892 -0.0101714 0.005 
v 0.00380621 -0.0112174 0.005 
v 0.00479167 -0.0110908 0.005 
v 0.00695437 -0.0095109 0.005 
v 0.00699248 -0.00950487 0.005 
v 0.00650324 -0.00978868 0.005 
v 0.00653417 -0.00976561 0.005 
v 0.00642679 -0.00987506 0.005 
v 0.00642429 -0.0102775 0.005 
v 0.00955147 -0.0102357 0.005 
v 0.00939696 -0.0075936 0.005 
v 0.00917716 -0.00753311 0.005 
v 0.00921574 -0.00753358 0.005 
v 0.00906395 -0.00755526 0.005 
v 0.00910086 -0.00754401 0.005 
v 0.0089068 -0.00766364 0.005 
v 0.0105012 -0.00527593 0.005 
v 0.0102944 -0.00568157 0.005 
v 0.0103074 -0.00564524 0.005 
v 0.0112026 -0.00682431 0.005 
v 0.0125102 -0.00394505 0.005 
v -0.00551647 -0.000202227 0.005 
v 0.0117344 -0.00236383 0.005 
v 0.0117725 -0.00235755 0.005 
v 0.0116268 -0.0024054 0.005 
v 0.0115944 -0.00242635 0.005 
v 0.0130908 -0.000836521 0.005 
v 0.0129106 0.00232063 0.005 
v 0.0118495 0.00235682 0.005 
v 0.0128786 0.00427213 0.005 
v 0.0102798 0.00575725 0.005 
v 0.0103074 0.00564524 0.005 
v 0.0107891 0.00510431 0.005 
v 0.0107508 0.00510919 0.005 
v 0.0124727 0.00534235 0.005 
v 0.00942819 0.00761627 0.005 
v 0.00891879 0.00870302 0.005 
v 0.00867092 0.00841313 0.005 
v 0.00869718 0.0084414 0.005 
v 0.00908079 0.00897045 0.005 
v 0.00924391 0.00930697 0.005 
v 0.00955147 0.0102357 0.005 
v 0.00858948 0.00824047 0.005 
v 0.00688099 0.00953446 0.005 
v 0.00781047 0.0100959 0.005 
v 0.00382657 0.0111846 0.005 
v -0.000932174 0.0119338 0.005 
v -0.000921352 0.0119708 0.005 
v -0.00637129 0.0101336 0.005 
v -0.00637892 0.0101714 0.005 
v -0.00861128 0.0083144 0.005 
v -0.00862774 0.00834929 0.005 
v -0.0103508 0.00601198 0.005 
v -0.0103752 0.00604192 0.005 
v -0.0113668 0.00316761 0.005 
v -0.0113589 0.00312984 0.005 
v -0.0113939 0.00323975 0.005 
v -0.0114587 0.00260952 0.005 
v -0.0113549 0.00309146 0.005 
v -0.0113549 0.00305287 0.005 
v -0.0122289 0.00239614 0.005 
v -0.0118495 0.00235682 0.005 
v -0.0118877 0.00236237 0.005 
v -0.012541 0.00237755 0.005 
v -0.011811 0.00235521 0.005 
v -0.0120692 0.00054744 0.005 
v -0.0120314 0.000539779 0.005 
v -0.0122664 0.00056296 0.005 
v -0.0121076 -0.000551186 0.005 
v -0.0122664 -0.00056296 0.005 
v -0.012447 -0.000600058 0.005 
v -0.0116612 -0.00238788 0.005 
v -0.0116268 -0.0024054 0.005 
v -0.012541 -0.00237755 0.005 
v -0.0114587 -0.00260952 0.005 
v -0.0113589 -0.00312984 0.005 
v -0.0106768 -0.00513056 0.005 
v -0.0109041 -0.00511332 0.005 
v -0.0108662 -0.00510638 0.005 
v -0.0109412 -0.00512411 0.005 
v -0.0105493 -0.00521572 0.005 
v -0.0105237 -0.00524459 0.005 
v -0.00939696 -0.0075936 0.005 
v 0.00477109 -0.0110581 0.005 
v 0.00472049 -0.011 0.005 
v 0.00474729 -0.0110278 0.005 
v 0.00436167 -0.0109127 0.005 
v 0.00385017 -0.0111541 0.005 
v 0.00387678 -0.0111261 0.005 
v 0.00691707 -0.00952079 0.005 
v 0.0068465 -0.00955175 0.005 
v 0.00688099 -0.00953446 0.005 
v 0.00681396 -0.00957249 0.005 
v 0.00644927 -0.0098437 0.005 
v 0.00647484 -0.0098148 0.005 
v 0.00639038 -0.0102083 0.005 
v 0.00637892 -0.0101714 0.005 
v 0.00640556 -0.0102437 0.005 
v 0.00867092 -0.00841313 0.005 
v 0.00864769 -0.00838232 0.005 
v 0.00869718 -0.0084414 0.005 
v 0.00936357 -0.00757426 0.005 
v 0.00925407 -0.00753799 0.005 
v 0.00929175 -0.00754631 0.005 
v 0.00902839 -0.00757024 0.005 
v 0.00896279 -0.00761068 0.005 
v 0.00899455 -0.00758877 0.005 
v 0.00893343 -0.00763572 0.005 
v 0.0106768 -0.00513056 0.005 
v 0.0107133 -0.00511798 0.005 
v 0.0105493 -0.00521572 0.005 
v 0.0105777 -0.00518962 0.005 
v 0.0105237 -0.00524459 0.005 
v 0.0102851 -0.00571904 0.005 
v 0.010281 -0.00583431 0.005 
v 0.0102784 -0.00579581 0.005 
v 0.0104323 -0.00609358 0.005 
v 0.0115196 -0.00338342 0.005 
v 0.0114888 -0.00336017 0.005 
v 0.0128786 -0.00427213 0.005 
v 0.0129575 -0.00530115 0.005 
v 0.0129106 -0.00232063 0.005 
v 0.0138497 -0.00204616 0.005 
v 0.0135268 -0.00106594 0.005 
v 0.0119946 0.000528285 0.005 
v 0.0120314 0.000539779 0.005 
v 0.0135268 0.00106594 0.005 
v 0.0133888 0.00220219 0.005 
v 0.0115368 0.00247763 0.005 
v 0.0115123 0.00250741 0.005 
v 0.0116268 0.0024054 0.005 
v 0.0115944 0.00242635 0.005 
v -0.00551647 0.000202227 0.005 
v 0.0115875 0.00341988 0.005 
v 0.0103752 0.00604192 0.005 
v 0.0104024 0.00606922 0.005 
v 0.0102784 0.00579581 0.005 
v 0.0107133 0.00511798 0.005 
v 0.0106768 0.00513056 0.005 
v 0.0108277 0.00510336 0.005 
v 0.011123 0.00520203 0.005 
v 0.00860329 0.00805007 0.005 
v 0.00859272 0.00808718 0.005 
v 0.00939696 0.0075936 0.005 
v 0.00859848 0.00827799 0.005 
v 0.008586 0.00812518 0.005 
v -0.00487612 0.0112697 0.005 
v -0.00955488 0.00771278 0.005 
v -0.0113785 0.00320437 0.005 
v -0.00791122 0.000462673 0.005 
v -0.0117725 0.00235755 0.005 
v -0.0116612 0.00238788 0.005 
v -0.0116972 0.00237398 0.005 
v -0.0117488 -0.000169983 0.005 
v -0.00799817 -6.76736e-05 0.005 
v -0.00799817 6.76736e-05 0.005 
v -0.0127456 -0.000692796 0.005 
v -0.0116972 -0.00237398 0.005 
v -0.0118877 -0.00236237 0.005 
v -0.011473 -0.00257371 0.005 
v -0.00785439 -0.000585511 0.005 
v -0.0113668 -0.00316761 0.005 
v -0.0124727 -0.00534235 0.005 
v -0.0107133 -0.00511798 0.005 
v -0.0107891 -0.00510431 0.005 
v -0.0107508 -0.00510919 0.005 
v -0.0105012 -0.00527593 0.005 
v -0.010482 -0.00530941 0.005 
v 0.00382657 -0.0111846 0.005 
v 0.00390611 -0.0111011 0.005 
v 0.00932838 -0.00755844 0.005 
v 0.00913873 -0.00753661 0.005 
v 0.00859272 -0.00808718 0.005 
v 0.00860329 -0.00805007 0.005 
v 0.0106418 -0.00514682 0.005 
v 0.0106087 -0.00516658 0.005 
v 0.0102798 -0.00575725 0.005 
v 0.0102978 -0.00590951 0.005 
v 0.0102875 -0.00587234 0.005 
v 0.0105998 -0.00619898 0.005 
v 0.0114606 -0.00333388 0.005 
v 0.0115526 -0.0034034 0.005 
v 0.0132142 -0.00462447 0.005 
v 0.011473 -0.00257371 0.005 
v 0.011491 -0.00253955 0.005 
v 0.0114481 -0.00264662 0.005 
v 0.0115123 -0.00250741 0.005 
v 0.0133888 -0.00220219 0.005 
v 0.0139369 -0.00132773 0.005 
v 0.0120692 -0.00054744 0.005 
v 0.0120314 -0.000539779 0.005 
v 0.0122664 -0.00056296 0.005 
v 0.0117488 0.000169983 0.005 
v 0.012447 0.000600058 0.005 
v 0.0120692 0.00054744 0.005 
v 0.0121076 0.000551186 0.005 
v 0.0127456 0.000692796 0.005 
v 0.0118646 0.000446964 0.005 
v 0.0118938 0.000472202 0.005 
v 0.0138497 0.00204616 0.005 
v 0.0115643 0.00245051 0.005 
v 0.0114587 0.00260952 0.005 
v 0.0114481 0.00264662 0.005 
v 0.011473 0.00257371 0.005 
v 0.0115526 0.0034034 0.005 
v 0.0114129 0.00327336 0.005 
v 0.0114351 0.00330485 0.005 
v 0.0113785 0.00320437 0.005 
v 0.0113939 0.00323975 0.005 
v 0.0113549 0.00305287 0.005 
v 0.0113549 0.00309146 0.005 
v 0.0107424 0.00631572 0.005 
v 0.0104323 0.00609358 0.005 
v 0.0104646 0.00611474 0.005 
v 0.0109637 0.0065366 0.005 
v 0.010281 0.00583431 0.005 
v 0.0102875 0.00587234 0.005 
v 0.0109041 0.00511332 0.005 
v 0.0109412 0.00512411 0.005 
v 0.000919701 0.0122449 0.005 
v -0.00203741 0.0121092 0.005 
v -0.011123 0.00520203 0.005 
v -0.0116268 0.0024054 0.005 
v -0.0115643 0.00245051 0.005 
v -0.0115944 0.00242635 0.005 
v -0.00795444 0.00033441 0.005 
v -0.00798353 0.000202227 0.005 
v -0.0119591 0.000513078 0.005 
v -0.0119254 0.000494318 0.005 
v -0.0117488 0.000169983 0.005 
v -0.0130908 -0.000836521 0.005 
v -0.00798353 -0.000202227 0.005 
v -0.0118646 -0.000446964 0.005 
v -0.0118938 -0.000472202 0.005 
v -0.0117344 -0.00236383 0.005 
v -0.011811 -0.00235521 0.005 
v -0.0117725 -0.00235755 0.005 
v -0.0118495 -0.00235682 0.005 
v -0.0113588 -0.00301449 0.005 
v -0.0113549 -0.00305287 0.005 
v -0.011491 -0.00253955 0.005 
v -0.0108277 -0.00510336 0.005 
v -0.00682436 -0.0122241 0.005 
v 0.00299796 -0.0136752 0.005 
v 0.00859848 -0.00827799 0.005 
v 0.00858948 -0.00824047 0.005 
v 0.00861762 -0.00801425 0.005 
v 0.0107508 -0.00510919 0.005 
v 0.0107891 -0.00510431 0.005 
v 0.0114351 -0.00330485 0.005 
v 0.0114129 -0.00327336 0.005 
v 0.0116239 -0.00343271 0.005 
v 0.0114587 -0.00260952 0.005 
v 0.0119591 -0.000513078 0.005 
v 0.0119254 -0.000494318 0.005 
v 0.0119946 -0.000528285 0.005 
v 0.0117488 -0.000169983 0.005 
v 0.0130908 0.000836521 0.005 
v 0.0119254 0.000494318 0.005 
v 0.011491 0.00253955 0.005 
v 0.0113667 0.00297671 0.005 
v 0.0115196 0.00338342 0.005 
v 0.0114606 0.00333388 0.005 
v 0.0114888 0.00336017 0.005 
v 0.0113668 0.00316761 0.005 
v 0.0113589 0.00312984 0.005 
v 0.0113588 0.00301449 0.005 
v 0.0112026 0.00682431 0.005 
v 0.0103297 0.0059797 0.005 
v 0.0103508 0.00601198 0.005 
v 0.0102978 0.00590951 0.005 
v 0.010312 0.00594542 0.005 
v 0.0106418 0.00514682 0.005 
v -0.00743144 0.00977529 0.005 
v -0.0124727 0.00534235 0.005 
v -0.0115123 0.00250741 0.005 
v -0.0117344 0.00236383 0.005 
v -0.0129106 0.00232063 0.005 
v -0.0138497 0.00204616 0.005 
v -0.0118938 0.000472202 0.005 
v -0.0119946 0.000528285 0.005 
v -0.0117502 0.000208542 0.005 
v -0.0135268 -0.00106594 0.005 
v -0.0120692 -0.00054744 0.005 
v -0.0120314 -0.000539779 0.005 
v -0.0119591 -0.000513078 0.005 
v -0.0119946 -0.000528285 0.005 
v -0.0119254 -0.000494318 0.005 
v -0.00795444 -0.00033441 0.005 
v -0.0129106 -0.00232063 0.005 
v -0.0115368 -0.00247763 0.005 
v -0.0115123 -0.00250741 0.005 
v -0.0115944 -0.00242635 0.005 
v -0.0113549 -0.00309146 0.005 
v 0.00858437 -0.00820223 0.005 
v 0.00858321 -0.00816366 0.005 
v 0.00861128 -0.0083144 0.005 
v 0.00862774 -0.00834929 0.005 
v 0.00863553 -0.00798007 0.005 
v 0.0109412 -0.00512411 0.005 
v 0.0116076 -0.00530972 0.005 
v 0.0119801 -0.00534291 0.005 
v 0.0108277 -0.00510336 0.005 
v 0.0108662 -0.00510638 0.005 
v 0.0103508 -0.00601198 0.005 
v 0.0103297 -0.0059797 0.005 
v 0.0104024 -0.00606922 0.005 
v 0.0113939 -0.00323975 0.005 
v 0.0113785 -0.00320437 0.005 
v 0.0115875 -0.00341988 0.005 
v -0.00550183 6.76736e-05 0.005 
v 0.0118938 -0.000472202 0.005 
v 0.0117502 -0.000208542 0.005 
v 0.0119591 0.000513078 0.005 
v 0.0108662 0.00510638 0.005 
v 0.00880826 0.00855554 0.005 
v 0.00382337 0.011669 0.005 
v -0.0115368 0.00247763 0.005 
v -0.0133888 0.00220219 0.005 
v -0.0139369 0.00132773 0.005 
v -0.0117778 0.000320528 0.005 
v -0.0117648 0.000284213 0.005 
v -0.0118147 0.000388212 0.005 
v -0.0117945 0.000355317 0.005 
v -0.0118646 0.000446964 0.005 
v -0.0118381 0.000418869 0.005 
v -0.0117502 -0.000208542 0.005 
v -0.0117556 -0.000246753 0.005 
v -0.0117556 0.000246753 0.005 
v -0.0133888 -0.00220219 0.005 
v -0.0115643 -0.00245051 0.005 
v 0.00743144 -0.00977529 0.005 
v -0.00564561 -0.000585511 0.005 
v 0.008586 -0.00812518 0.005 
v 0.0109041 -0.00511332 0.005 
v 0.010312 -0.00594542 0.005 
v 0.0103752 -0.00604192 0.005 
v 0.0113668 -0.00316761 0.005 
v -0.00550183 -6.76736e-05 0.005 
v 0.0120447 -0.00238895 0.005 
v 0.0117778 -0.000320528 0.005 
v 0.0117648 -0.000284213 0.005 
v 0.0118147 -0.000388212 0.005 
v 0.0117945 -0.000355317 0.005 
v 0.0118646 -0.000446964 0.005 
v 0.0118381 -0.000418869 0.005 
v 0.0117556 -0.000246753 0.005 
v 0.0118147 0.000388212 0.005 
v 0.0118381 0.000418869 0.005 
v 0.0117778 0.000320528 0.005 
v 0.0117945 0.000355317 0.005 
v 0.0117648 0.000284213 0.005 
v 0.00650483 0.0104149 0.005 
v -0.0118147 -0.000388212 0.005 
v -0.0118381 -0.000418869 0.005 
v -0.0117778 -0.000320528 0.005 
v -0.0117945 -0.000355317 0.005 
v -0.0117648 -0.000284213 0.005 
v -0.0138497 -0.00204616 0.005 
v -0.0132142 -0.00462447 0.005 
v 0.0113001 -0.00525308 0.005 
v 0.0109769 -0.00513864 0.005 
v 0.0113549 -0.00305287 0.005 
v 0.0113588 -0.00301449 0.005 
v 0.0113589 -0.00312984 0.005 
v 0.0113549 -0.00309146 0.005 
v 0.0117502 0.000208542 0.005 
v 0.0117556 0.000246753 0.005 
v 0.0117235 -0.00765245 0.005 
v 0.0105998 0.00619898 0.005 
v -0.0120447 0.00238895 0.005 
v 0.0139369 0.00132773 0.005 
v 0.0132142 0.00462447 0.005 
v -0.0139369 -0.00132773 0.005 
v 0.011123 -0.00520203 0.005 
v 0.0122664 0.00056296 0.005 
v -0.00370064 0.013502 0 
v -0.002096 0.0122839 8.67362e-19 
v -0.00203741 0.0121092 8.67362e-19 
v -0.00222405 0.0125691 1.73472e-18 
v -0.00240835 0.0128945 8.67362e-19 
v -0.011482 0.00723004 1.73472e-18 
v -0.00971461 0.00780472 8.67362e-19 
v -0.00955488 0.00771278 0 
v -0.00268864 0.0132996 8.67362e-19 
v 0.0129575 0.00530115 0 
v 0.0119417 0.00356138 6.93889e-18 
v 0.0117753 0.00348216 6.07153e-18 
v -0.00999961 0.00793331 1.73472e-18 
v -0.00299796 0.0136752 0 
v 0.0122094 0.00372288 6.93889e-18 
v -0.0103533 0.00805468 0 
v -0.00674799 0.0112487 8.67362e-19 
v -0.00497482 0.0114253 4.33681e-18 
v -0.00487612 0.0112697 4.33681e-18 
v -0.00376794 0.011479 0 
v -0.00387187 0.012163 2.60209e-18 
v -0.000904635 0.0124286 -8.67362e-19 
v -0.000911334 0.0120472 0 
v -0.000912244 0.0120858 0 
v -0.000848565 0.0127362 0 
v -0.000914381 0.0120087 0 
v -0.000921352 0.0119708 0 
v -0.00200658 0.0119529 0 
v 0.00199823 0.0119152 0 
v 0.00222405 0.0125691 1.73472e-18 
v 0.00240835 0.0128945 0 
v 0.00378932 0.0112521 0 
v 0.00380621 0.0112174 0 
v 0.0038527 0.0118509 2.60209e-18 
v 0.00382337 0.011669 2.60209e-18 
v 0.00542423 0.0119435 6.07153e-18 
v 0.00657685 0.0105845 0 
v 0.00650483 0.0104149 0 
v 0.0125102 0.00394505 5.20417e-18 
v 0.00370064 -0.013502 0 
v 0.002096 -0.0122839 -7.80626e-18 
v 0.00203741 -0.0121092 -9.54098e-18 
v -0.00240835 -0.0128945 8.67362e-19 
v -0.0038527 -0.0118509 -8.67362e-19 
v -0.00382337 -0.011669 0 
v -0.0124727 0.00534235 -2.60209e-18 
v -0.0116239 0.00343271 0 
v -0.0117753 0.00348216 -7.80626e-18 
v -0.0108318 0.00817202 8.67362e-19 
v -0.0117235 0.00765245 0 
v -0.0113124 0.00824805 0 
v -0.0072158 0.00955069 0 
v -0.00718121 0.00953359 0 
v -0.00900976 0.0107156 0 
v -0.00724846 0.00957123 0 
v -0.00579333 0.0122697 4.33681e-18 
v -0.00680681 0.0117378 0 
v -0.00682436 0.0122241 0 
v -0.00516742 0.0116717 5.20417e-18 
v -0.00542423 0.0119435 4.33681e-18 
v -0.00385991 0.0125368 1.73472e-18 
v -0.000932174 0.0119338 0 
v -0.00162335 0.0116394 0 
v -0.0015849 0.0116426 0 
v -0.00199823 0.0119152 0 
v 0.000904635 0.0124286 -8.67362e-19 
v 0.000919701 0.0122449 -8.67362e-19 
v 0.00198607 0.0118786 0 
v 0.00385017 0.0111541 0 
v 0.00387678 0.0111261 0 
v 0.00377607 0.0112883 0 
v 0.00379998 0.0130257 2.60209e-18 
v 0.00268864 0.0132996 0 
v 0.00299796 0.0136752 0 
v 0.00387187 0.012163 2.60209e-18 
v 0.00385991 0.0125368 2.60209e-18 
v 0.00667015 0.010883 0 
v 0.00812488 0.0102983 4.33681e-18 
v 0.00856132 0.0105268 3.46945e-18 
v 0.00924391 0.00930697 8.67362e-19 
v 0.00781047 0.0100959 3.46945e-18 
v 0.00891879 0.00870302 0 
v 0.00865686 0.00794791 0 
v 0.00868136 0.00791811 0 
v 0.0128786 0.00427213 6.07153e-18 
v 0.00222405 -0.0125691 -7.80626e-18 
v -0.00635087 -0.00118457 0 
v -0.00199823 -0.0119152 0 
v -0.00222405 -0.0125691 8.67362e-19 
v -0.00387187 -0.012163 -8.67362e-19 
v -0.0119417 0.00356138 -7.80626e-18 
v -0.00913873 0.00753661 0 
v -0.00910086 0.00754401 0 
v -0.00921574 0.00753358 0 
v -0.00917716 0.00753311 0 
v -0.00637892 0.0101714 0 
v -0.00639038 0.0102083 0 
v -0.00733153 0.00965126 0 
v -0.00730663 0.00962179 0 
v -0.00714504 0.00952014 0 
v -0.00710769 0.00951045 0 
v -0.00618355 0.0125604 0 
v -0.00379998 0.0130257 1.73472e-18 
v -0.000964876 0.011864 0 
v -0.000946733 0.011898 0 
v -0.00103872 0.0117754 0 
v -0.00101111 0.0118023 0 
v -0.00124741 0.0116836 0 
v -0.00195085 0.0118101 0 
v -0.00192816 0.0117789 0 
v -0.00198607 0.0118786 0 
v 0.000848565 0.0127362 -1.73472e-18 
v 0.002096 0.0122839 -8.67362e-19 
v 0.00200658 0.0119529 0 
v 0.00192816 0.0117789 0 
v 0.00195085 0.0118101 0 
v 0.00162335 0.0116394 0 
v 0.00166193 0.0116401 0 
v 0.00120931 0.0116897 0 
v 0.00124741 0.0116836 0 
v 0.000964876 0.011864 0 
v 0.000986412 0.0118319 0 
v 0.00382657 0.0111846 0 
v 0.0037666 0.0113257 0 
v 0.00370064 0.013502 0 
v 0.00674799 0.0112487 0 
v 0.00579333 0.0122697 6.07153e-18 
v 0.00618355 0.0125604 0 
v 0.00682436 0.0122241 0 
v 0.00941807 0.00976777 8.67362e-19 
v 0.00900976 0.0107156 0 
v 0.00908079 0.00897045 0 
v 0.00880826 0.00855554 8.67362e-19 
v 0.00917716 0.00753311 0 
v 0.00921574 0.00753358 0 
v 0.00910086 0.00754401 0 
v 0.00913873 0.00753661 0 
v 0.00899455 0.00758877 0 
v 0.00902839 0.00757024 0 
v 0.0089068 0.00766364 0 
v 0.0103533 0.00805468 0 
v 0.0107424 0.00631572 1.73472e-18 
v 0.0105998 0.00619898 1.73472e-18 
v 0.0132142 0.00462447 0 
v -0.00571539 -0.000701484 0 
v 0.00900976 -0.0107156 0 
v 0.00724846 -0.00957123 0 
v -0.00610556 -0.00107107 0 
v 0.000914381 -0.0120087 0 
v 0.000911334 -0.0120472 0 
v -0.00599353 -0.000995116 0 
v 0.00166193 -0.0116401 0 
v 0.00162335 -0.0116394 0 
v 0.00240835 -0.0128945 -6.93889e-18 
v 0.000747502 -0.0130962 0 
v 0.000572297 -0.0135566 -8.67362e-19 
v -0.000747502 -0.0130962 -8.67362e-19 
v 0.000848565 -0.0127362 -1.73472e-18 
v -0.000904635 -0.0124286 -8.67362e-19 
v -0.00198607 -0.0118786 0 
v -0.00385991 -0.0125368 0 
v -0.00268864 -0.0132996 8.67362e-19 
v -0.00299796 -0.0136752 0 
v -0.00370064 -0.013502 0 
v -0.00661485 -0.00124267 0 
v -0.00479167 -0.0110908 0 
v -0.00516742 -0.0116717 6.07153e-18 
v -0.00542423 -0.0119435 5.20417e-18 
v -0.00657685 -0.0105845 0 
v -0.00650483 -0.0104149 0 
v -0.00714913 -0.00118457 0 
v -0.00865686 -0.00794791 0 
v -0.00868136 -0.00791811 0 
v -0.0122094 0.00372288 -6.93889e-18 
v -0.00865686 0.00794791 0 
v -0.00863553 0.00798007 0 
v -0.00942819 0.00761627 0 
v -0.00891879 0.00870302 -8.67362e-19 
v -0.00867092 0.00841313 0 
v -0.00869718 0.0084414 0 
v -0.00908079 0.00897045 0 
v -0.00864769 0.00838232 0 
v -0.00941807 0.00976777 0 
v -0.00862774 0.00834929 0 
v -0.00861128 0.0083144 0 
v -0.00657685 0.0105845 0 
v -0.00640556 0.0102437 0 
v -0.00642429 0.0102775 0 
v -0.00667015 0.010883 8.67362e-19 
v -0.00637129 0.0101336 0 
v -0.0063801 0.00998054 0 
v -0.006372 0.0100183 0 
v -0.00727884 0.00959502 0 
v -0.00436167 0.0109127 0 
v -0.00432511 0.010925 0 
v -0.0044376 0.0108995 0 
v -0.0043993 0.0109041 0 
v -0.0046591 0.0109534 0 
v -0.00462516 0.0109351 0 
v -0.00480879 0.0111254 0 
v -0.00376169 0.011441 0 
v -0.00378932 0.0112521 0 
v -0.00377607 0.0112883 0 
v -0.000986412 0.0118319 0 
v -0.00110147 0.0117306 0 
v -0.00106895 0.0117514 0 
v -0.00117202 0.0116996 0 
v -0.00113595 0.0117133 0 
v -0.00120931 0.0116897 0 
v -0.00173785 0.0116533 0 
v -0.00170023 0.0116448 0 
v -0.00197022 0.0118434 0 
v 0.000747502 0.0130962 0 
v -0.000747502 0.0130962 0 
v -0.000572297 0.0135566 -8.67362e-19 
v -0.000361853 0.0139953 0 
v 0.000361853 0.0139953 0 
v 0.00197022 0.0118434 0 
v 0.00184274 0.0117013 0 
v 0.00187382 0.0117242 0 
v 0.00170023 0.0116448 0 
v 0.0015849 0.0116426 0 
v 0.00113595 0.0117133 0 
v 0.00117202 0.0116996 0 
v 0.00101111 0.0118023 0 
v 0.00103872 0.0117754 0 
v 0.000946733 0.011898 0 
v 0.00376102 0.0113639 0 
v 0.00376169 0.011441 0 
v 0.00375938 0.0114024 0 
v 0.00377805 0.0115163 0 
v 0.00479167 0.0110908 0 
v 0.00516742 0.0116717 6.07153e-18 
v 0.00680681 0.0117378 -1.73472e-18 
v 0.00727884 0.00959502 0 
v 0.00730663 0.00962179 0 
v 0.00718121 0.00953359 0 
v 0.0072158 0.00955069 0 
v 0.00653417 0.00976561 0 
v 0.00681396 0.00957249 0 
v 0.00647484 0.0098148 0 
v 0.00650324 0.00978868 0 
v 0.00955147 0.0102357 0 
v 0.00869718 0.0084414 0 
v 0.00896279 0.00761068 0 
v 0.00893343 0.00763572 0 
v 0.0109637 0.0065366 1.73472e-18 
v 0.0105777 0.00518962 0 
v 0.0106087 0.00516658 0 
v 0.0116239 0.00343271 0 
v 0.0122289 -0.00239614 1.04083e-17 
v 0.0120447 -0.00238895 8.67362e-18 
v 0.011482 -0.00723004 -8.67362e-19 
v 0.00971461 -0.00780472 0 
v 0.00955488 -0.00771278 1.73472e-18 
v 0.0072158 -0.00955069 0 
v 0.00376169 -0.011441 0 
v 0.00379998 -0.0130257 8.67362e-19 
v 0.000904635 -0.0124286 -8.67362e-19 
v 0.000912244 -0.0120858 0 
v 0.000946733 -0.011898 0 
v 0.000932174 -0.0119338 0 
v 0.0015849 -0.0116426 0 
v 0.00124741 -0.0116836 0 
v 0.00170023 -0.0116448 0 
v 0.00195085 -0.0118101 0 
v 0.00192816 -0.0117789 0 
v 0.00268864 -0.0132996 -6.93889e-18 
v -0.000572297 -0.0135566 -8.67362e-19 
v 0.000361853 -0.0139953 0 
v -0.000848565 -0.0127362 0 
v -0.000919701 -0.0122449 -8.67362e-19 
v -0.002096 -0.0122839 8.67362e-19 
v -0.00200658 -0.0119529 0 
v -0.00173785 -0.0116533 0 
v -0.0017744 -0.0116657 0 
v -0.00124741 -0.0116836 0 
v -0.0015849 -0.0116426 0 
v -0.00117202 -0.0116996 0 
v -0.00120931 -0.0116897 0 
v -0.00379998 -0.0130257 -8.67362e-19 
v -0.00477109 -0.0110581 0 
v -0.00462516 -0.0109351 0 
v -0.0046591 -0.0109534 0 
v -0.00667015 -0.010883 -8.67362e-19 
v -0.00781047 -0.0100959 0 
v -0.00891879 -0.00870302 8.67362e-19 
v -0.00880826 -0.00855554 0 
v -0.0089068 -0.00766364 0 
v -0.00861762 -0.00801425 0 
v -0.00863553 -0.00798007 0 
v -0.0128786 0.00427213 -7.80626e-18 
v -0.0132142 0.00462447 0 
v -0.0125102 0.00394505 -8.67362e-18 
v -0.0109769 0.00513864 0 
v -0.0116076 0.00530972 -2.60209e-18 
v -0.0113001 0.00525308 -1.73472e-18 
v -0.00861762 0.00801425 0 
v -0.00860329 0.00805007 0 
v -0.00893343 0.00763572 0 
v -0.0089068 0.00766364 0 
v -0.00906395 0.00755526 0 
v -0.00925407 0.00753799 0 
v -0.00936357 0.00757426 0 
v -0.00932838 0.00755844 0 
v -0.00939696 0.0075936 0 
v -0.00924391 0.00930697 8.67362e-19 
v -0.00636781 0.0100566 0 
v -0.00644927 0.0098437 0 
v -0.00688099 0.00953446 0 
v -0.0068465 0.00955175 0 
v -0.00706955 0.00950465 0 
v -0.00390611 0.0111011 0 
v -0.00387678 0.0111261 0 
v -0.00400723 0.0110456 0 
v -0.00447618 0.0108988 0 
v -0.00455254 0.0109093 0 
v -0.00451463 0.0109021 0 
v -0.00458951 0.0109203 0 
v -0.00469099 0.0109751 0 
v -0.00474729 0.0110278 0 
v -0.00472049 0.011 0 
v -0.0038527 0.0118509 2.60209e-18 
v -0.00377805 0.0115163 0 
v -0.00376102 0.0113639 0 
v -0.00375938 0.0114024 0 
v -0.0037666 0.0113257 0 
v -0.00166193 0.0116401 0 
v -0.00180949 0.0116818 0 
v -0.0017744 0.0116657 0 
v -0.00190239 0.0117501 0 
v -0.00187382 0.0117242 0 
v 0.000572297 0.0135566 -8.67362e-19 
v 0.00190239 0.0117501 0 
v 0.0017744 0.0116657 0 
v 0.00180949 0.0116818 0 
v 0.00173785 0.0116533 0 
v 0.00110147 0.0117306 0 
v 0.00397168 0.0110606 0 
v 0.00400723 0.0110456 0 
v 0.00390611 0.0111011 0 
v 0.00477109 0.0110581 0 
v 0.00455254 0.0109093 0 
v 0.00756453 0.00990279 3.46945e-18 
v 0.00733153 0.00965126 0 
v 0.00724846 0.00957123 0 
v 0.00710769 0.00951045 0 
v 0.00714504 0.00952014 0 
v 0.00906395 0.00755526 0 
v 0.00861762 0.00801425 0 
v 0.00863553 0.00798007 0 
v 0.00858321 0.00816366 0 
v 0.008586 0.00812518 0 
v 0.0112026 0.00682431 1.73472e-18 
v 0.0108318 0.00817202 0 
v 0.0113124 0.00824805 0 
v 0.0117235 0.00765245 0 
v 0.0105493 0.00521572 0 
v 0.0105012 0.00527593 0 
v 0.0105237 0.00524459 0 
v 0.0102798 0.00575725 0 
v 0.0102851 0.00571904 0 
v 0.010281 0.00583431 0 
v 0.0102784 0.00579581 0 
v 0.0113001 0.00525308 0 
v 0.0109412 0.00512411 0 
v 0.0109769 0.00513864 0 
v 0.0116076 0.00530972 1.73472e-18 
v 0.0109041 0.00511332 0 
v 0.0108662 0.00510638 0 
v 0.0115196 0.00338342 0 
v 0.0114888 0.00336017 0 
v 0.0115875 0.00341988 0 
v 0.011811 0.00235521 0 
v 0.0118495 0.00235682 0 
v 0.0116268 0.0024054 0 
v 0.0116612 0.00238788 0 
v 0.012541 -0.00237755 1.04083e-17 
v 0.00999961 -0.00793331 8.67362e-19 
v -0.0057973 -0.000809233 0 
v 0.00639202 -0.00994384 0 
v 0.0063801 -0.00998054 0 
v 0.00733153 -0.00965126 0 
v 0.00730663 -0.00962179 0 
v 0.00714504 -0.00952014 0 
v 0.00710769 -0.00951045 0 
v 0.00718121 -0.00953359 0 
v 0.00674799 -0.0112487 0 
v 0.00497482 -0.0114253 5.20417e-18 
v 0.00487612 -0.0112697 4.33681e-18 
v 0.00375938 -0.0114024 0 
v 0.000921352 -0.0119708 0 
v 0.00198607 -0.0118786 0 
v 0.00197022 -0.0118434 0 
v 0.00299796 -0.0136752 0 
v -0.000361853 -0.0139953 0 
v -0.000912244 -0.0120858 0 
v -0.00195085 -0.0118101 0 
v -0.00197022 -0.0118434 0 
v -0.00190239 -0.0117501 0 
v -0.00192816 -0.0117789 0 
v -0.00184274 -0.0117013 0 
v -0.00187382 -0.0117242 0 
v -0.00180949 -0.0116818 0 
v -0.00166193 -0.0116401 0 
v -0.00170023 -0.0116448 0 
v -0.00385017 -0.0111541 0 
v -0.00387678 -0.0111261 0 
v -0.0037666 -0.0113257 0 
v -0.00377607 -0.0112883 0 
v -0.00497482 -0.0114253 6.93889e-18 
v -0.00480879 -0.0111254 0 
v -0.00472049 -0.011 0 
v -0.00474729 -0.0110278 0 
v -0.00469099 -0.0109751 0 
v -0.00674799 -0.0112487 -8.67362e-19 
v -0.00579333 -0.0122697 6.07153e-18 
v -0.00618355 -0.0125604 0 
v -0.00682436 -0.0122241 0 
v -0.00675 -0.00125 0 
v -0.00653417 -0.00976561 0 
v -0.00681396 -0.00957249 0 
v -0.00647484 -0.0098148 0 
v -0.00650324 -0.00978868 0 
v -0.00908079 -0.00897045 0 
v -0.00899455 -0.00758877 0 
v -0.00902839 -0.00757024 0 
v -0.0105012 0.00527593 0 
v -0.010482 0.00530941 0 
v -0.0108277 0.00510336 0 
v -0.0107891 0.00510431 0 
v -0.0119801 0.00534291 -2.60209e-18 
v -0.00868136 0.00791811 0 
v -0.00899455 0.00758877 0 
v -0.00896279 0.00761068 0 
v -0.00902839 0.00757024 0 
v -0.00929175 0.00754631 0 
v -0.00955147 0.0102357 0 
v -0.00858437 0.00820223 0 
v -0.00858948 0.00824047 0 
v -0.00636757 0.0100952 0 
v -0.00640764 0.00990855 0 
v -0.00639202 0.00994384 0 
v -0.00642679 0.00987506 0 
v -0.00681396 0.00957249 0 
v -0.00653417 0.00976561 0 
v -0.00691707 0.00952079 0 
v -0.00699248 0.00950487 0 
v -0.00695437 0.0095109 0 
v -0.00703101 0.00950278 0 
v -0.00756453 0.00990279 0 
v -0.00856132 0.0105268 0 
v -0.00812488 0.0102983 8.67362e-19 
v -0.00397168 0.0110606 0 
v -0.00393786 0.0110791 0 
v -0.00479167 0.0110908 0 
v -0.00382657 0.0111846 0 
v -0.00184274 0.0117013 0 
v 0.000932174 0.0119338 0 
v 0.00106895 0.0117514 0 
v 0.00432511 0.010925 0 
v 0.00393786 0.0110791 0 
v 0.00376794 0.011479 0 
v 0.00497482 0.0114253 6.93889e-18 
v 0.00480879 0.0111254 0 
v 0.00469099 0.0109751 0 
v 0.00472049 0.011 0 
v 0.00451463 0.0109021 0 
v 0.00642429 0.0102775 0 
v 0.00703101 0.00950278 0 
v 0.00706955 0.00950465 0 
v 0.00699248 0.00950487 0 
v 0.00688099 0.00953446 0 
v 0.00691707 0.00952079 0 
v 0.0068465 0.00955175 0 
v 0.00642679 0.00987506 0 
v 0.00644927 0.0098437 0 
v 0.00858948 0.00824047 0 
v 0.00925407 0.00753799 0 
v 0.00859272 0.00808718 0 
v 0.00939696 0.0075936 0 
v 0.00999961 0.00793331 -8.67362e-19 
v 0.0103297 0.0059797 0 
v 0.011482 0.00723004 8.67362e-19 
v 0.0103074 0.00564524 0 
v 0.010324 0.00561044 0 
v 0.0102978 0.00590951 0 
v 0.0102875 0.00587234 0 
v 0.010312 0.00594542 0 
v 0.0119801 0.00534291 0 
v 0.0107133 0.00511798 0 
v 0.0107508 0.00510919 0 
v 0.0106418 0.00514682 0 
v 0.0113668 0.00316761 0 
v 0.0113589 0.00312984 0 
v 0.0115526 0.0034034 0 
v 0.0113667 0.00297671 0 
v 0.0114481 0.00264662 0 
v 0.0122289 0.00239614 3.46945e-18 
v 0.0118877 0.00236237 0 
v 0.012541 0.00237755 2.60209e-18 
v 0.0117344 0.00236383 0 
v 0.0117725 0.00235755 0 
v 0.0116972 0.00237398 0 
v 0.0121076 0.000551186 0 
v 0.0127456 0.000692796 -8.67362e-19 
v 0.012447 0.000600058 -2.60209e-18 
v 0.0121076 -0.000551186 0 
v 0.0122664 -0.00056296 8.67362e-19 
v 0.012447 -0.000600058 -8.67362e-19 
v 0.0115944 -0.00242635 0 
v 0.0115643 -0.00245051 0 
v 0.0117344 -0.00236383 0 
v 0.0116972 -0.00237398 0 
v 0.0118877 -0.00236237 0 
v 0.0124727 -0.00534235 0 
v 0.0116239 -0.00343271 0 
v 0.0117753 -0.00348216 9.54098e-18 
v -0.00558878 -0.000462673 0 
v 0.0105012 -0.00527593 0 
v 0.010482 -0.00530941 0 
v 0.0103533 -0.00805468 0 
v 0.006372 -0.0100183 0 
v 0.00727884 -0.00959502 0 
v 0.00455254 -0.0109093 0 
v 0.00451463 -0.0109021 0 
v 0.00462516 -0.0109351 0 
v 0.00458951 -0.0109203 0 
v 0.00579333 -0.0122697 3.46945e-18 
v 0.00680681 -0.0117378 0 
v 0.00682436 -0.0122241 0 
v 0.00516742 -0.0116717 4.33681e-18 
v 0.00542423 -0.0119435 5.20417e-18 
v 0.0038527 -0.0118509 0 
v 0.00376794 -0.011479 0 
v 0.00377805 -0.0115163 0 
v 0.00387187 -0.012163 0 
v 0.000986412 -0.0118319 0 
v 0.000964876 -0.011864 0 
v 0.00106895 -0.0117514 0 
v 0.00103872 -0.0117754 0 
v 0.00113595 -0.0117133 0 
v 0.00110147 -0.0117306 0 
v 0.00120931 -0.0116897 0 
v 0.00190239 -0.0117501 0 
v 0.00187382 -0.0117242 0 
v 0.00200658 -0.0119529 0 
v -0.00162335 -0.0116394 0 
v -0.00622514 -0.00113447 0 
v -0.000946733 -0.011898 0 
v -0.000964876 -0.011864 0 
v -0.00382657 -0.0111846 0 
v -0.00378932 -0.0112521 0 
v -0.00380621 -0.0112174 0 
v -0.00376102 -0.0113639 0 
v -0.00376169 -0.011441 0 
v -0.00375938 -0.0114024 0 
v -0.00377805 -0.0115163 0 
v -0.00455254 -0.0109093 0 
v -0.00458951 -0.0109203 0 
v -0.00447618 -0.0108988 0 
v -0.00451463 -0.0109021 0 
v -0.00680681 -0.0117378 0 
v -0.00924391 -0.00930697 0 
v -0.00812488 -0.0102983 0 
v -0.00856132 -0.0105268 8.67362e-19 
v -0.00900976 -0.0107156 0 
v -0.00955147 -0.0102357 0 
v -0.00906395 -0.00755526 0 
v -0.00893343 -0.00763572 0 
v -0.0103533 -0.00805468 4.33681e-18 
v -0.0107424 -0.00631572 8.67362e-19 
v -0.0105998 -0.00619898 8.67362e-19 
v -0.00750647 -0.000995116 0 
v -0.0103074 -0.00564524 0 
v -0.010324 -0.00561044 0 
v -0.0129575 -0.00530115 0 
v -0.0119417 -0.00356138 6.93889e-18 
v -0.0117753 -0.00348216 7.80626e-18 
v -0.0115875 0.00341988 0 
v -0.0114351 0.00330485 0 
v -0.0114606 0.00333388 0 
v -0.0102944 0.00568157 0 
v -0.0102851 0.00571904 0 
v -0.0105237 0.00524459 0 
v -0.0106418 0.00514682 0 
v -0.0106087 0.00516658 0 
v -0.0107508 0.00510919 0 
v -0.00859848 0.00827799 0 
v -0.008586 0.00812518 0 
v -0.00743144 0.00977529 8.67362e-19 
v -0.00385017 0.0111541 0 
v -0.00477109 0.0110581 0 
v -0.00380621 0.0112174 0 
v 0.000921352 0.0119708 0 
v 0.000912244 0.0120858 0 
v 0.00474729 0.0110278 0 
v 0.00462516 0.0109351 0 
v 0.0046591 0.0109534 0 
v 0.00458951 0.0109203 0 
v 0.00636781 0.0100566 0 
v 0.00640556 0.0102437 0 
v 0.00695437 0.0095109 0 
v 0.00639202 0.00994384 0 
v 0.00640764 0.00990855 0 
v 0.006372 0.0100183 0 
v 0.0063801 0.00998054 0 
v 0.00859848 0.00827799 0 
v 0.00864769 0.00838232 0 
v 0.00862774 0.00834929 0 
v 0.00867092 0.00841313 0 
v 0.00860329 0.00805007 0 
v 0.00858437 0.00820223 0 
v 0.00936357 0.00757426 0 
v 0.0103508 0.00601198 0 
v 0.010482 0.00530941 0 
v 0.0102944 0.00568157 0 
v 0.0107891 0.00510431 0 
v 0.0106768 0.00513056 0 
v 0.0113785 0.00320437 0 
v 0.0114129 0.00327336 0 
v 0.0113939 0.00323975 0 
v 0.0114606 0.00333388 0 
v 0.0114351 0.00330485 0 
v 0.0113588 0.00301449 0 
v 0.0130908 0.000836521 -1.73472e-18 
v 0.0127456 -0.000692796 -8.67362e-19 
v 0.0129106 -0.00232063 8.67362e-18 
v 0.0116268 -0.0024054 0 
v 0.0116612 -0.00238788 0 
v 0.011811 -0.00235521 0 
v 0.0117725 -0.00235755 0 
v 0.0118495 -0.00235682 0 
v 0.0119417 -0.00356138 1.04083e-17 
v 0.0105237 -0.00524459 0 
v 0.0108318 -0.00817202 8.67362e-19 
v 0.0117235 -0.00765245 0 
v 0.0113124 -0.00824805 0 
v 0.00636781 -0.0100566 0 
v 0.00642679 -0.00987506 0 
v 0.00640764 -0.00990855 0 
v 0.00644927 -0.0098437 0 
v 0.00706955 -0.00950465 0 
v 0.00436167 -0.0109127 0 
v 0.00432511 -0.010925 0 
v 0.00618355 -0.0125604 0 
v 0.00385991 -0.0125368 0 
v 0.00377607 -0.0112883 0 
v 0.0037666 -0.0113257 0 
v 0.00101111 -0.0118023 0 
v 0.00117202 -0.0116996 0 
v 0.0017744 -0.0116657 0 
v 0.00173785 -0.0116533 0 
v 0.00184274 -0.0117013 0 
v 0.00180949 -0.0116818 0 
v 0.00199823 -0.0119152 0 
v -0.00106895 -0.0117514 0 
v -0.00110147 -0.0117306 0 
v -0.00648129 -0.00122078 0 
v -0.00397168 -0.0110606 0 
v -0.00400723 -0.0110456 0 
v -0.00390611 -0.0111011 0 
v -0.00376794 -0.011479 0 
v -0.00756453 -0.00990279 0 
v -0.00730663 -0.00962179 0 
v -0.00733153 -0.00965126 0 
v -0.00727884 -0.00959502 0 
v -0.0068465 -0.00955175 0 
v -0.0063801 -0.00998054 0 
v -0.00639202 -0.00994384 0 
v -0.00941807 -0.00976777 0 
v -0.00921574 -0.00753358 0 
v -0.00925407 -0.00753799 0 
v -0.00913873 -0.00753661 0 
v -0.00917716 -0.00753311 0 
v -0.00910086 -0.00754401 0 
v -0.00896279 -0.00761068 0 
v -0.00858321 -0.00816366 0 
v -0.008586 -0.00812518 0 
v -0.0109637 -0.0065366 8.67362e-19 
v -0.010482 -0.00530941 0 
v -0.0122094 -0.00372288 6.93889e-18 
v -0.00791122 0.000462673 0 
v -0.0122289 0.00239614 4.33681e-18 
v -0.0120447 0.00238895 4.33681e-18 
v -0.0115526 0.0034034 0 
v -0.0103752 0.00604192 0 
v -0.0104024 0.00606922 0 
v -0.0102798 0.00575725 0 
v -0.0103074 0.00564524 0 
v -0.010324 0.00561044 0 
v -0.0105777 0.00518962 0 
v -0.0107133 0.00511798 0 
v -0.0109041 0.00511332 0 
v -0.011123 0.00520203 -2.60209e-18 
v -0.00859272 0.00808718 0 
v -0.00858321 0.00816366 0 
v -0.00650324 0.00978868 0 
v -0.00647484 0.0098148 0 
v 0.000914381 0.0120087 0 
v 0.000911334 0.0120472 0 
v 0.0044376 0.0108995 0 
v 0.00447618 0.0108988 0 
v 0.00436167 0.0109127 0 
v 0.0043993 0.0109041 0 
v 0.00636757 0.0100952 0 
v 0.00639038 0.0102083 0 
v 0.00861128 0.0083144 0 
v 0.00971461 0.00780472 0 
v 0.00942819 0.00761627 0 
v 0.00929175 0.00754631 0 
v 0.0103752 0.00604192 0 
v 0.0104646 0.00611474 0 
v 0.0108277 0.00510336 0 
v 0.011473 0.00257371 0 
v 0.011491 0.00253955 0 
v 0.0113549 0.00305287 0 
v 0.0115643 0.00245051 0 
v 0.0115944 0.00242635 0 
v 0.0115123 0.00250741 0 
v 0.0129106 0.00232063 2.60209e-18 
v 0.0138497 0.00204616 0 
v 0.0135268 0.00106594 0 
v 0.0119591 0.000513078 0 
v 0.0119254 0.000494318 0 
v 0.0117488 -0.000169983 0 
v 0.0130908 -0.000836521 8.67362e-19 
v 0.0135268 -0.00106594 0 
v 0.0133888 -0.00220219 9.54098e-18 
v 0.0122094 -0.00372288 9.54098e-18 
v 0.0102944 -0.00568157 0 
v 0.0102851 -0.00571904 0 
v 0.010324 -0.00561044 0 
v 0.00637892 -0.0101714 0 
v 0.00639038 -0.0102083 0 
v 0.00636757 -0.0100952 0 
v 0.00688099 -0.00953446 0 
v 0.0068465 -0.00955175 0 
v 0.00756453 -0.00990279 4.33681e-18 
v 0.00856132 -0.0105268 5.20417e-18 
v 0.00812488 -0.0102983 5.20417e-18 
v 0.0043993 -0.0109041 0 
v 0.00447618 -0.0108988 0 
v 0.0046591 -0.0109534 0 
v 0.00472049 -0.011 0 
v 0.00469099 -0.0109751 0 
v 0.00480879 -0.0111254 0 
v 0.00376102 -0.0113639 0 
v 0.00380621 -0.0112174 0 
v 0.00378932 -0.0112521 0 
v -0.00589038 -0.000907494 0 
v 0.00382657 -0.0111846 0 
v -0.000914381 -0.0120087 0 
v -0.000921352 -0.0119708 0 
v -0.000911334 -0.0120472 0 
v -0.00113595 -0.0117133 0 
v -0.00101111 -0.0118023 0 
v -0.00103872 -0.0117754 0 
v -0.000986412 -0.0118319 0 
v -0.00432511 -0.010925 0 
v -0.00393786 -0.0110791 0 
v -0.0043993 -0.0109041 0 
v -0.0044376 -0.0108995 0 
v -0.00636781 -0.0100566 0 
v -0.00642429 -0.0102775 0 
v -0.00688515 -0.00124267 0 
v -0.00724846 -0.00957123 0 
v -0.00714504 -0.00952014 0 
v -0.00718121 -0.00953359 0 
v -0.00703101 -0.00950278 0 
v -0.00706955 -0.00950465 0 
v -0.00688099 -0.00953446 0 
v -0.00642679 -0.00987506 0 
v -0.00644927 -0.0098437 0 
v -0.006372 -0.0100183 0 
v -0.00858948 -0.00824047 0 
v -0.00864769 -0.00838232 0 
v -0.00862774 -0.00834929 0 
v -0.00859272 -0.00808718 0 
v -0.0112026 -0.00682431 0 
v -0.0108318 -0.00817202 5.20417e-18 
v -0.0113124 -0.00824805 0 
v -0.0117235 -0.00765245 0 
v -0.0102944 -0.00568157 0 
v -0.00760962 -0.000907494 0 
v -0.0109412 -0.00512411 0 
v -0.0116076 -0.00530972 -1.73472e-18 
v -0.0125102 -0.00394505 8.67362e-18 
v -0.012541 0.00237755 4.33681e-18 
v -0.0115196 0.00338342 0 
v -0.0114888 0.00336017 0 
v -0.0113785 0.00320437 0 
v -0.0113939 0.00323975 0 
v -0.0113588 0.00301449 0 
v -0.0113549 0.00305287 0 
v -0.0107424 0.00631572 8.67362e-19 
v -0.0104323 0.00609358 0 
v -0.0104646 0.00611474 0 
v -0.0109637 0.0065366 8.67362e-19 
v -0.010312 0.00594542 0 
v -0.0103297 0.0059797 0 
v -0.0102784 0.00579581 0 
v -0.0105493 0.00521572 0 
v -0.0106768 0.00513056 0 
v -0.0108662 0.00510638 0 
v -0.0109412 0.00512411 0 
v -0.00781047 0.0100959 8.67362e-19 
v -0.000919701 0.0122449 -8.67362e-19 
v 0.00637129 0.0101336 0 
v 0.00637892 0.0101714 0 
v 0.00932838 0.00755844 0 
v 0.0104024 0.00606922 0 
v 0.0104323 0.00609358 0 
v 0.0124727 0.00534235 8.67362e-19 
v 0.0114587 0.00260952 0 
v 0.0115368 0.00247763 0 
v 0.0133888 0.00220219 3.46945e-18 
v 0.0139369 0.00132773 0 
v 0.0118938 0.000472202 0 
v 0.0120314 0.000539779 0 
v 0.0119946 0.000528285 0 
v 0.0120692 0.00054744 0 
v 0.0122664 0.00056296 -8.67362e-19 
v 0.0117488 0.000169983 0 
v 0.0120692 -0.00054744 0 
v 0.0120314 -0.000539779 0 
v 0.0138497 -0.00204616 0 
v 0.0115368 -0.00247763 0 
v 0.0115123 -0.00250741 0 
v 0.0114587 -0.00260952 0 
v 0.0114481 -0.00264662 0 
v 0.011473 -0.00257371 0 
v 0.0113667 -0.00297671 0 
v -0.00551647 -0.000202227 0 
v 0.0128786 -0.00427213 9.54098e-18 
v 0.0132142 -0.00462447 0 
v 0.0129575 -0.00530115 0 
v 0.0125102 -0.00394505 1.04083e-17 
v 0.0102798 -0.00575725 0 
v 0.0103074 -0.00564524 0 
v -0.00554556 -0.00033441 0 
v 0.0105493 -0.00521572 0 
v 0.0107508 -0.00510919 0 
v 0.0107133 -0.00511798 0 
v 0.00913873 -0.00753661 0 
v 0.00910086 -0.00754401 0 
v 0.00925407 -0.00753799 0 
v 0.00942819 -0.00761627 0 
v 0.00657685 -0.0105845 1.73472e-18 
v 0.00640556 -0.0102437 0 
v 0.00642429 -0.0102775 0 
v 0.00667015 -0.010883 8.67362e-19 
v 0.00637129 -0.0101336 0 
v 0.00650324 -0.00978868 0 
v 0.00647484 -0.0098148 0 
v 0.00681396 -0.00957249 0 
v 0.00653417 -0.00976561 0 
v 0.00691707 -0.00952079 0 
v 0.00743144 -0.00977529 5.20417e-18 
v 0.00393786 -0.0110791 0 
v 0.00390611 -0.0111011 0 
v 0.00400723 -0.0110456 0 
v 0.0044376 -0.0108995 0 
v -0.000932174 -0.0119338 0 
v -0.00436167 -0.0109127 0 
v -0.00636757 -0.0100952 0 
v -0.00637892 -0.0101714 0 
v -0.00637129 -0.0101336 0 
v -0.00640556 -0.0102437 0 
v -0.0072158 -0.00955069 0 
v -0.00710769 -0.00951045 0 
v -0.00699248 -0.00950487 0 
v -0.00691707 -0.00952079 0 
v -0.00695437 -0.0095109 0 
v -0.00859848 -0.00827799 0 
v -0.00861128 -0.0083144 0 
v -0.00869718 -0.0084414 0 
v -0.00860329 -0.00805007 0 
v -0.00701871 -0.00122078 0 
v -0.00858437 -0.00820223 0 
v -0.00727486 -0.00113447 0 
v -0.00939696 -0.0075936 0 
v -0.00999961 -0.00793331 3.46945e-18 
v -0.011482 -0.00723004 0 
v -0.0105012 -0.00527593 0 
v -0.0109041 -0.00511332 0 
v -0.0128786 -0.00427213 7.80626e-18 
v -0.0118877 0.00236237 0 
v -0.00778461 0.000701484 0 
v -0.0114587 0.00260952 0 
v -0.0114481 0.00264662 0 
v -0.011473 0.00257371 0 
v -0.00785439 0.000585511 0 
v -0.00635087 0.00118457 0 
v -0.00648129 0.00122078 0 
v -0.0114129 0.00327336 0 
v -0.0113589 0.00312984 0 
v -0.0113668 0.00316761 0 
v -0.0113549 0.00309146 0 
v -0.0112026 0.00682431 1.73472e-18 
v -0.0102978 0.00590951 0 
v -0.010281 0.00583431 0 
v -0.0102875 0.00587234 0 
v -0.00880826 0.00855554 8.67362e-19 
v -0.00382337 0.011669 2.60209e-18 
v 0.00203741 0.0121092 8.67362e-19 
v 0.011123 0.00520203 8.67362e-19 
v 0.0113549 0.00309146 0 
v 0.0117502 0.000208542 0 
v 0.0119591 -0.000513078 0 
v 0.0119946 -0.000528285 0 
v 0.0118646 -0.000446964 0 
v 0.0118938 -0.000472202 0 
v 0.011491 -0.00253955 0 
v 0.0114888 -0.00336017 0 
v 0.0115196 -0.00338342 0 
v 0.0113939 -0.00323975 0 
v 0.0114129 -0.00327336 0 
v 0.0103752 -0.00604192 0 
v 0.0104024 -0.00606922 0 
v 0.0102784 -0.00579581 0 
v 0.0106087 -0.00516658 0 
v 0.0105777 -0.00518962 0 
v 0.0106768 -0.00513056 0 
v 0.0108277 -0.00510336 0 
v 0.0107891 -0.00510431 0 
v 0.00865686 -0.00794791 0 
v 0.00863553 -0.00798007 0 
v 0.00893343 -0.00763572 0 
v 0.0089068 -0.00766364 0 
v 0.00902839 -0.00757024 0 
v 0.00899455 -0.00758877 0 
v 0.00906395 -0.00755526 0 
v 0.00921574 -0.00753358 0 
v 0.00932838 -0.00755844 0 
v 0.00929175 -0.00754631 0 
v 0.00939696 -0.0075936 0 
v 0.00891879 -0.00870302 -2.60209e-18 
v 0.00867092 -0.00841313 0 
v 0.00869718 -0.0084414 0 
v 0.00908079 -0.00897045 -2.60209e-18 
v 0.00864769 -0.00838232 0 
v 0.00941807 -0.00976777 -2.60209e-18 
v 0.00862774 -0.00834929 0 
v 0.00861128 -0.0083144 0 
v 0.00703101 -0.00950278 0 
v 0.00699248 -0.00950487 0 
v 0.00397168 -0.0110606 0 
v 0.00477109 -0.0110581 0 
v 0.00474729 -0.0110278 0 
v 0.00479167 -0.0110908 0 
v -0.00639038 -0.0102083 0 
v -0.00640764 -0.00990855 0 
v -0.00867092 -0.00841313 0 
v -0.00936357 -0.00757426 0 
v -0.0103297 -0.0059797 0 
v -0.0105237 -0.00524459 0 
v -0.0102798 -0.00575725 0 
v -0.0102851 -0.00571904 0 
v -0.0102875 -0.00587234 0 
v -0.010281 -0.00583431 0 
v -0.0113001 -0.00525308 -8.67362e-19 
v -0.0109769 -0.00513864 0 
v -0.0119801 -0.00534291 -8.67362e-19 
v -0.0115196 -0.00338342 0 
v -0.0114888 -0.00336017 0 
v -0.0132142 -0.00462447 0 
v -0.00778461 -0.000701484 0 
v -0.0113667 -0.00297671 0 
v -0.0114481 -0.00264662 0 
v -0.012447 0.000600058 0 
v -0.0120692 0.00054744 0 
v -0.0121076 0.000551186 0 
v -0.0127456 0.000692796 0 
v -0.0120314 0.000539779 0 
v -0.0135268 0.00106594 -8.67362e-19 
v -0.0119946 0.000528285 0 
v -0.0117344 0.00236383 0 
v -0.0116972 0.00237398 0 
v -0.0118495 0.00235682 0 
v -0.0115123 0.00250741 0 
v -0.011491 0.00253955 0 
v -0.0113667 0.00297671 0 
v -0.00701871 0.00122078 0 
v -0.00714913 0.00118457 0 
v -0.0103508 0.00601198 0 
v -0.00650483 0.0104149 0 
v 0.0117778 0.000320528 0 
v 0.0117648 0.000284213 0 
v 0.0118147 0.000388212 0 
v 0.0117945 0.000355317 0 
v 0.0118646 0.000446964 0 
v 0.0118381 0.000418869 0 
v 0.0117556 0.000246753 0 
v 0.0119254 -0.000494318 0 
v 0.0115875 -0.00341988 0 
v 0.0114606 -0.00333388 0 
v 0.0114351 -0.00330485 0 
v 0.0107424 -0.00631572 -8.67362e-19 
v 0.0104323 -0.00609358 0 
v 0.0104646 -0.00611474 0 
v 0.0109637 -0.0065366 0 
v 0.010312 -0.00594542 0 
v 0.0103297 -0.0059797 0 
v 0.010281 -0.00583431 0 
v 0.0102875 -0.00587234 0 
v 0.0106418 -0.00514682 0 
v 0.0109769 -0.00513864 0 
v 0.0116076 -0.00530972 0 
v 0.0113001 -0.00525308 0 
v -0.00564561 -0.000585511 0 
v 0.00868136 -0.00791811 0 
v 0.00896279 -0.00761068 0 
v 0.00917716 -0.00753311 0 
v 0.00936357 -0.00757426 0 
v 0.00924391 -0.00930697 -3.46945e-18 
v 0.00695437 -0.0095109 0 
v 0.00781047 -0.0100959 6.07153e-18 
v 0.00387678 -0.0111261 0 
v 0.000919701 -0.0122449 -8.67362e-19 
v -0.00203741 -0.0121092 8.67362e-19 
v -0.00487612 -0.0112697 6.07153e-18 
v -0.00971461 -0.00780472 6.07153e-18 
v -0.00942819 -0.00761627 0 
v -0.00929175 -0.00754631 0 
v -0.0103508 -0.00601198 0 
v -0.0104024 -0.00606922 0 
v -0.0103752 -0.00604192 0 
v -0.0104646 -0.00611474 0 
v -0.0105777 -0.00518962 0 
v -0.0106087 -0.00516658 0 
v -0.0102784 -0.00579581 0 
v -0.0108277 -0.00510336 0 
v -0.0108662 -0.00510638 0 
v -0.0106418 -0.00514682 0 
v -0.0077027 -0.000809233 0 
v -0.0116239 -0.00343271 0 
v -0.0113588 -0.00301449 0 
v -0.00791122 -0.000462673 0 
v -0.011811 -0.00235521 0 
v -0.0118495 -0.00235682 0 
v -0.0115944 -0.00242635 0 
v -0.0116268 -0.0024054 0 
v -0.0121076 -0.000551186 0 
v -0.0127456 -0.000692796 0 
v -0.012447 -0.000600058 0 
v -0.0130908 0.000836521 -8.67362e-19 
v -0.00795444 0.00033441 0 
v -0.0129106 0.00232063 5.20417e-18 
v -0.0116268 0.0024054 0 
v -0.0115944 0.00242635 0 
v -0.0116612 0.00238788 0 
v -0.011811 0.00235521 0 
v -0.00739444 0.00107107 0 
v -0.00750647 0.000995116 0 
v -0.00727486 0.00113447 0 
v -0.00675 0.00125 0 
v -0.00688515 0.00124267 0 
v -0.00661485 0.00124267 0 
v 0.00743144 0.00977529 3.46945e-18 
v 0.0120447 0.00238895 3.46945e-18 
v 0.0117502 -0.000208542 0 
v 0.0117556 -0.000246753 0 
v 0.0118147 -0.000388212 0 
v 0.0118381 -0.000418869 0 
v 0.0117778 -0.000320528 0 
v 0.0117945 -0.000355317 0 
v 0.0117648 -0.000284213 0 
v -0.00550183 -6.76736e-05 0 
v -0.00550183 6.76736e-05 0 
v 0.0115526 -0.0034034 0 
v 0.0113785 -0.00320437 0 
v 0.0112026 -0.00682431 -1.73472e-18 
v 0.0102978 -0.00590951 0 
v 0.0109041 -0.00511332 0 
v 0.0119801 -0.00534291 0 
v 0.00861762 -0.00801425 0 
v 0.00860329 -0.00805007 0 
v 0.00955147 -0.0102357 0 
v 0.00858437 -0.00820223 0 
v 0.00858948 -0.00824047 0 
v 0.00385017 -0.0111541 0 
v -0.00932838 -0.00755844 0 
v -0.0104323 -0.00609358 0 
v -0.0105493 -0.00521572 0 
v -0.010312 -0.00594542 0 
v -0.0102978 -0.00590951 0 
v -0.00739444 -0.00107107 0 
v -0.0107133 -0.00511798 0 
v -0.0107508 -0.00510919 0 
v -0.0106768 -0.00513056 0 
v -0.0114129 -0.00327336 0 
v -0.0113939 -0.00323975 0 
v -0.0114606 -0.00333388 0 
v -0.0114351 -0.00330485 0 
v -0.0115526 -0.0034034 0 
v -0.0115875 -0.00341988 0 
v -0.0113549 -0.00305287 0 
v -0.0122289 -0.00239614 -4.33681e-18 
v -0.0118877 -0.00236237 0 
v -0.012541 -0.00237755 -4.33681e-18 
v -0.0116612 -0.00238788 0 
v -0.0130908 -0.000836521 8.67362e-19 
v -0.0117488 -0.000169983 0 
v -0.0117488 0.000169983 0 
v -0.00799817 6.76736e-05 0 
v -0.00798353 0.000202227 0 
v -0.0119591 0.000513078 0 
v -0.0118646 0.000446964 0 
v -0.0118938 0.000472202 0 
v -0.0133888 0.00220219 4.33681e-18 
v -0.0115368 0.00247763 0 
v -0.0117725 0.00235755 0 
v -0.0077027 0.000809233 0 
v -0.00610556 0.00107107 0 
v -0.00622514 0.00113447 0 
v -0.00589038 0.000907494 0 
v -0.00599353 0.000995116 0 
v -0.00571539 0.000701484 0 
v 0.00487612 0.0112697 6.07153e-18 
v 0.0113668 -0.00316761 0 
v 0.0113549 -0.00305287 0 
v 0.0113549 -0.00309146 0 
v 0.0103508 -0.00601198 0 
v 0.0108662 -0.00510638 0 
v 0.00859848 -0.00827799 0 
v 0.008586 -0.00812518 0 
v -0.0107891 -0.00510431 0 
v -0.0113668 -0.00316761 0 
v -0.0113589 -0.00312984 0 
v -0.011473 -0.00257371 0 
v -0.011491 -0.00253955 0 
v -0.00785439 -0.000585511 0 
v -0.0113549 -0.00309146 0 
v -0.0117344 -0.00236383 0 
v -0.0117725 -0.00235755 0 
v -0.0116972 -0.00237398 0 
v -0.00798353 -0.000202227 0 
v -0.0119591 -0.000513078 0 
v -0.0119254 -0.000494318 0 
v -0.0135268 -0.00106594 0 
v -0.00799817 -6.76736e-05 0 
v -0.0119254 0.000494318 0 
v -0.0138497 0.00204616 0 
v -0.0115643 0.00245051 0 
v -0.00760962 0.000907494 0 
v -0.0057973 0.000809233 0 
v -0.0105998 0.00619898 0 
v 0.00955488 0.00771278 0 
v -0.00551647 0.000202227 0 
v 0.0113589 -0.00312984 0 
v 0.0113588 -0.00301449 0 
v 0.011123 -0.00520203 -8.67362e-19 
v 0.00858321 -0.00816366 0 
v -0.00743144 -0.00977529 0 
v -0.0124727 -0.00534235 0 
v -0.0113785 -0.00320437 0 
v -0.0114587 -0.00260952 0 
v -0.0115643 -0.00245051 0 
v -0.0115123 -0.00250741 0 
v -0.00795444 -0.00033441 0 
v -0.0118938 -0.000472202 0 
v -0.0120314 -0.000539779 0 
v -0.0119946 -0.000528285 0 
v -0.0120692 -0.00054744 0 
v -0.0122664 -0.00056296 8.67362e-19 
v -0.0117502 -0.000208542 0 
v -0.0118147 0.000388212 0 
v -0.0118381 0.000418869 0 
v -0.0117778 0.000320528 0 
v -0.0117945 0.000355317 0 
v -0.0117648 0.000284213 0 
v 0.0109412 -0.00512411 0 
v 0.00859272 -0.00808718 0 
v 0.00382337 -0.011669 0 
v -0.0115368 -0.00247763 0 
v -0.0129106 -0.00232063 -3.46945e-18 
v -0.0117556 -0.000246753 0 
v 0.00880826 -0.00855554 -3.46945e-18 
v -0.00955488 -0.00771278 5.20417e-18 
v -0.0133888 -0.00220219 -3.46945e-18 
v -0.0138497 -0.00204616 0 
v -0.0117778 -0.000320528 0 
v -0.0117648 -0.000284213 0 
v -0.0118147 -0.000388212 0 
v -0.0117945 -0.000355317 0 
v -0.0118646 -0.000446964 0 
v -0.0118381 -0.000418869 0 
v -0.0117502 0.000208542 0 
v 0.0139369 -0.00132773 0 
v 0.0105998 -0.00619898 -8.67362e-19 
v 0.00650483 -0.0104149 8.67362e-19 
v -0.0139369 -0.00132773 0 
v -0.00558878 0.000462673 0 
v -0.00564561 0.000585511 0 
v -0.00554556 0.00033441 0 
v -0.0139369 0.00132773 0 
v -0.011123 -0.00520203 -8.67362e-19 
v -0.0117556 0.000246753 0 
v -0.0129575 0.00530115 0 
v -0.0120447 -0.00238895 -3.46945e-18 
v -0.0122664 0.00056296 -1.73472e-18 
vn 0.108119 0.994138 0 
vn 2.44929e-16 1 0 
vn 0.21497 0.976621 0 
vn 0.108119 0.994138 0 
vn 0.319302 0.947653 0 
vn 0.21497 0.976621 0 
vn 0.419889 0.907575 0 
vn 0.319302 0.947653 0 
vn 0.515554 0.856857 0 
vn 0.419889 0.907575 0 
vn 0.605174 0.796093 0 
vn 0.515554 0.856857 0 
vn 0.687699 0.725995 0 
vn 0.605174 0.796093 0 
vn 0.762162 0.647386 0 
vn 0.687699 0.725995 0 
vn 0.827689 0.561187 0 
vn 0.762162 0.647386 0 
vn 0.883512 0.468408 0 
vn 0.827689 0.561187 0 
vn 0.928977 0.370138 0 
vn 0.883512 0.468408 0 
vn 0.96355 0.267528 0 
vn 0.928977 0.370138 0 
vn 0.986827 0.161782 0 
vn 0.96355 0.267528 0 
vn 0.998533 0.0541389 0 
vn 0.986827 0.161782 0 
vn 0.998533 -0.0541389 0 
vn 0.998533 0.0541389 0 
vn 0.986827 -0.161782 0 
vn 0.998533 -0.0541389 0 
vn 0.96355 -0.267528 0 
vn 0.986827 -0.161782 0 
vn 0.928977 -0.370138 0 
vn 0.96355 -0.267528 0 
vn 0.883512 -0.468408 0 
vn 0.928977 -0.370138 0 
vn 0.827689 -0.561187 0 
vn 0.883512 -0.468408 0 
vn 0.762162 -0.647386 0 
vn 0.827689 -0.561187 0 
vn 0.687699 -0.725995 0 
vn 0.762162 -0.647386 0 
vn 0.605174 -0.796093 0 
vn 0.687699 -0.725995 0 
vn 0.515554 -0.856857 0 
vn 0.605174 -0.796093 0 
vn 0.419889 -0.907575 0 
vn 0.515554 -0.856857 0 
vn 0.319302 -0.947653 0 
vn 0.419889 -0.907575 0 
vn 0.21497 -0.976621 0 
vn 0.319302 -0.947653 0 
vn 0.108119 -0.994138 0 
vn 0.21497 -0.976621 0 
vn -1.22465e-16 -1 0 
vn 0.108119 -0.994138 0 
vn -0.108119 -0.994138 0 
vn -1.22465e-16 -1 0 
vn -0.21497 -0.976621 0 
vn -0.108119 -0.994138 0 
vn -0.319302 -0.947653 0 
vn -0.21497 -0.976621 0 
vn -0.419889 -0.907575 0 
vn -0.319302 -0.947653 0 
vn -0.515554 -0.856857 0 
vn -0.419889 -0.907575 0 
vn -0.605174 -0.796093 0 
vn -0.515554 -0.856857 0 
vn -0.687699 -0.725995 0 
vn -0.605174 -0.796093 0 
vn -0.762162 -0.647386 0 
vn -0.687699 -0.725995 0 
vn -0.827689 -0.561187 0 
vn -0.762162 -0.647386 0 
vn -0.883512 -0.468408 0 
vn -0.827689 -0.561187 0 
vn -0.928977 -0.370138 0 
vn -0.883512 -0.468408 0 
vn -0.96355 -0.267528 0 
vn -0.928977 -0.370138 0 
vn -0.986827 -0.161782 0 
vn -0.96355 -0.267528 0 
vn -0.998533 -0.0541389 0 
vn -0.986827 -0.161782 0 
vn -0.998533 0.0541389 0 
vn -0.998533 -0.0541389 0 
vn -0.986827 0.161782 0 
vn -0.998533 0.0541389 0 
vn -0.96355 0.267528 0 
vn -0.986827 0.161782 0 
vn -0.928977 0.370138 0 
vn -0.96355 0.267528 0 
vn -0.883512 0.468408 0 
vn -0.928977 0.370138 0 
vn -0.827689 0.561187 0 
vn -0.883512 0.468408 0 
vn -0.762162 0.647386 0 
vn -0.827689 0.561187 0 
vn -0.687699 0.725995 0 
vn -0.762162 0.647386 0 
vn -0.605174 0.796093 0 
vn -0.687699 0.725995 0 
vn -0.515554 0.856857 0 
vn -0.605174 0.796093 0 
vn -0.419889 0.907575 0 
vn -0.515554 0.856857 0 
vn -0.319302 0.947653 0 
vn -0.419889 0.907575 0 
vn -0.21497 0.976621 0 
vn -0.319302 0.947653 0 
vn -0.108119 0.994138 0 
vn -0.21497 0.976621 0 
vn 0 0 1 
vn 0 0 -1 
vn 0.808026 0.589146 0 
vn 0.837392 0.546604 0 
vn 0.643555 0.7654 0 
vn 0.682248 0.731121 0 
vn 0.925539 0.378653 0 
vn 0.943869 0.330319 0 
vn 0.989262 0.146155 0 
vn 0.995493 0.0948382 0 
vn 0.441682 0.897172 0 
vn 0.487454 0.873149 0 
vn 0.21414 0.976803 0 
vn 0.264331 0.964432 0 
vn -0.0258467 0.999666 0 
vn 0.0258467 0.999666 0 
vn -0.264331 0.964432 0 
vn -0.21414 0.976803 0 
vn -0.943869 0.330319 0 
vn -0.925539 0.378653 0 
vn -0.837392 0.546604 0 
vn -0.808026 0.589146 0 
vn -0.487454 0.873149 0 
vn -0.441682 0.897172 0 
vn -0.682248 0.731121 0 
vn -0.643555 0.7654 0 
vn -0.995493 0.0948382 0 
vn -0.989262 0.146155 0 
vn -0.989262 -0.146155 0 
vn -0.995493 -0.0948382 0 
vn -0.808026 -0.589146 0 
vn -0.837392 -0.546604 0 
vn -0.925539 -0.378653 0 
vn -0.943869 -0.330319 0 
vn -0.643555 -0.7654 0 
vn -0.682248 -0.731121 0 
vn -0.441682 -0.897172 0 
vn -0.487454 -0.873149 0 
vn -0.21414 -0.976803 0 
vn -0.264331 -0.964432 0 
vn 0.0258467 -0.999666 0 
vn -0.0258467 -0.999666 0 
vn 0.682248 -0.731121 0 
vn 0.643555 -0.7654 0 
vn 0.837392 -0.546604 0 
vn 0.808026 -0.589146 0 
vn 0.487454 -0.873149 0 
vn 0.441682 -0.897172 0 
vn 0.264331 -0.964432 0 
vn 0.21414 -0.976803 0 
vn 0.943869 -0.330319 0 
vn 0.925539 -0.378653 0 
vn 0.995493 -0.0948382 0 
vn 0.989262 -0.146155 0 
vn 0.146751 0.989173 0 
vn 0.0459177 0.998945 0 
vn 0.244468 0.969657 0 
vn 0.341481 0.939889 0 
vn 0.422968 0.906145 0 
vn 0.504597 0.863355 0 
vn 0.56445 0.825468 0 
vn 0.422968 0.906145 0 
vn 0.146751 0.989173 0 
vn 0.504597 -0.863355 0 
vn 0.56445 -0.825468 0 
vn 0.422968 -0.906145 0 
vn 0.341481 -0.939889 0 
vn 0.244468 -0.969657 0 
vn 0.146751 -0.989173 0 
vn 0.0459177 -0.998945 0 
vn 0.341481 -0.939889 0 
vn 0.504597 -0.863355 0 
vn 0.999895 0.0144667 0 
vn 0.999895 -0.0144667 0 
vn 0.996117 0.0880407 0 
vn 0.981857 0.189622 0 
vn 0.957266 0.289207 0 
vn 0.922603 0.38575 0 
vn 0.878232 0.478234 0 
vn 0.824621 0.565686 0 
vn 0.762333 0.647185 0 
vn 0.692023 0.721875 0 
vn 0.614432 0.78897 0 
vn 0.530376 0.847763 0 
vn 0.440739 0.897635 0 
vn 0.346465 0.938063 0 
vn 0.248545 0.96862 0 
vn 0.14801 0.988986 0 
vn 0.0459177 0.998945 0 
vn 0.14801 -0.988986 0 
vn 0.0459177 -0.998945 0 
vn 0.248545 -0.96862 0 
vn 0.14801 -0.988986 0 
vn 0.346465 -0.938063 0 
vn 0.248545 -0.96862 0 
vn 0.440739 -0.897635 0 
vn 0.346465 -0.938063 0 
vn 0.530376 -0.847763 0 
vn 0.440739 -0.897635 0 
vn 0.614432 -0.78897 0 
vn 0.530376 -0.847763 0 
vn 0.692023 -0.721875 0 
vn 0.614432 -0.78897 0 
vn 0.762333 -0.647185 0 
vn 0.692023 -0.721875 0 
vn 0.824621 -0.565686 0 
vn 0.762333 -0.647185 0 
vn 0.878232 -0.478234 0 
vn 0.824621 -0.565686 0 
vn 0.922603 -0.38575 0 
vn 0.878232 -0.478234 0 
vn 0.957266 -0.289207 0 
vn 0.922603 -0.38575 0 
vn 0.981857 -0.189622 0 
vn 0.957266 -0.289207 0 
vn 0.996117 -0.0880407 0 
vn 0.981857 -0.189622 0 
vn 0.999895 0.0144667 0 
vn 0.996117 -0.0880407 0 
vn 0.379212 0.92531 0 
vn 0.283647 0.958929 0 
vn 0.469418 0.882976 0 
vn 0.556488 0.830856 0 
vn 0.627532 0.778591 0 
vn 0.696548 0.71751 0 
vn 0.745595 0.666399 0 
vn 0.627532 0.778591 0 
vn 0.469418 0.882976 0 
vn 0.283647 0.958929 0 
vn 0.283319 -0.959026 0 
vn 0.3505 -0.936563 0 
vn 0.193822 -0.981037 0 
vn 0.106628 -0.994299 0 
vn 0.00530984 -0.999986 0 
vn -0.0942376 -0.99555 0 
vn -0.19448 -0.980907 0 
vn 0.106628 -0.994299 0 
vn 0.3505 -0.936563 0 
vn 0.974302 -0.225244 0 
vn 0.967378 -0.253337 0 
vn 0.988241 -0.152904 0 
vn 0.998706 -0.0508622 0 
vn 0.998662 0.0517147 0 
vn 0.98811 0.153747 0 
vn 0.967162 0.254163 0 
vn 0.936036 0.351903 0 
vn 0.895062 0.445941 0 
vn 0.84467 0.535287 0 
vn 0.78539 0.619001 0 
vn 0.717847 0.696201 0 
vn 0.64275 0.766076 0 
vn 0.56089 0.82789 0 
vn 0.473129 0.880993 0 
vn 0.380389 0.924827 0 
vn 0.283647 0.958929 0 
vn -0.0929707 -0.995669 0 
vn -0.19448 -0.980907 0 
vn 0.00951668 -0.999955 0 
vn -0.0929707 -0.995669 0 
vn 0.111904 -0.993719 0 
vn 0.00951668 -0.999955 0 
vn 0.213114 -0.977027 0 
vn 0.111904 -0.993719 0 
vn 0.312081 -0.950055 0 
vn 0.213114 -0.977027 0 
vn 0.407765 -0.913087 0 
vn 0.312081 -0.950055 0 
vn 0.499158 -0.866511 0 
vn 0.407765 -0.913087 0 
vn 0.585299 -0.810818 0 
vn 0.499158 -0.866511 0 
vn 0.665281 -0.746593 0 
vn 0.585299 -0.810818 0 
vn 0.738264 -0.674512 0 
vn 0.665281 -0.746593 0 
vn 0.803478 -0.595334 0 
vn 0.738264 -0.674512 0 
vn 0.860238 -0.509892 0 
vn 0.803478 -0.595334 0 
vn 0.907947 -0.419085 0 
vn 0.860238 -0.509892 0 
vn 0.946102 -0.323869 0 
vn 0.907947 -0.419085 0 
vn 0.974302 -0.225244 0 
vn 0.946102 -0.323869 0 
vn 0.976932 0.213551 0 
vn 0.950313 0.311297 0 
vn 0.993335 0.115264 0 
vn 0.999902 0.0139993 0 
vn 0.997246 -0.0741583 0 
vn 0.986184 -0.165656 0 
vn 0.971982 -0.235055 0 
vn 0.976932 0.213551 0 
vn -0.628319 -0.777956 0 
vn -0.571669 -0.820484 0 
vn -0.697274 -0.716805 0 
vn -0.757721 -0.652579 0 
vn -0.819956 -0.572427 0 
vn -0.872854 -0.487981 0 
vn -0.917747 -0.397165 0 
vn -0.819956 -0.572427 0 
vn -0.697274 -0.716805 0 
vn -0.571669 -0.820484 0 
vn 0.368094 -0.929788 0 
vn 0.341041 -0.940048 0 
vn 0.435547 -0.900166 0 
vn 0.525471 -0.850812 0 
vn 0.609865 -0.792505 0 
vn 0.687842 -0.72586 0 
vn 0.758582 -0.651578 0 
vn 0.82134 -0.570439 0 
vn 0.875456 -0.483298 0 
vn 0.92036 -0.391072 0 
vn 0.95558 -0.294731 0 
vn 0.980746 -0.195289 0 
vn 0.995592 -0.0937922 0 
vn 0.999962 0.00869157 0 
vn 0.993811 0.111084 0 
vn 0.977203 0.212307 0 
vn 0.950313 0.311297 0 
vn -0.872233 -0.489091 0 
vn -0.917747 -0.397165 0 
vn -0.817541 -0.575871 0 
vn -0.872233 -0.489091 0 
vn -0.754246 -0.656592 0 
vn -0.817541 -0.575871 0 
vn -0.683015 -0.730404 0 
vn -0.754246 -0.656592 0 
vn -0.604598 -0.796531 0 
vn -0.683015 -0.730404 0 
vn -0.519819 -0.854276 0 
vn -0.604598 -0.796531 0 
vn -0.429571 -0.903033 0 
vn -0.519819 -0.854276 0 
vn -0.334802 -0.942288 0 
vn -0.429571 -0.903033 0 
vn -0.236511 -0.971629 0 
vn -0.334802 -0.942288 0 
vn -0.135731 -0.990746 0 
vn -0.236511 -0.971629 0 
vn -0.033523 -0.999438 0 
vn -0.135731 -0.990746 0 
vn 0.0690378 -0.997614 0 
vn -0.033523 -0.999438 0 
vn 0.170872 -0.985293 0 
vn 0.0690378 -0.997614 0 
vn 0.270908 -0.962605 0 
vn 0.170872 -0.985293 0 
vn 0.368094 -0.929788 0 
vn 0.270908 -0.962605 0 
vn 0.897438 0.441141 0 
vn 0.8482 0.529676 0 
vn 0.936886 0.349635 0 
vn 0.967496 0.252885 0 
vn 0.986016 0.166653 0 
vn 0.997171 0.0751668 0 
vn 0.99999 0.00438619 0 
vn 0.936886 0.349635 0 
vn 0.8482 0.529676 0 
vn -0.423884 -0.905717 0 
vn -0.358703 -0.933452 0 
vn -0.50547 -0.862844 0 
vn -0.57953 -0.814951 0 
vn -0.659139 -0.752021 0 
vn -0.730709 -0.682689 0 
vn -0.796032 -0.605255 0 
vn -0.57953 -0.814951 0 
vn -0.358703 -0.933452 0 
vn 0.579911 -0.81468 0 
vn 0.556099 -0.831116 0 
vn 0.638315 -0.769775 0 
vn 0.713814 -0.700335 0 
vn 0.781802 -0.623526 0 
vn 0.841565 -0.540157 0 
vn 0.892472 -0.451103 0 
vn 0.933988 -0.357303 0 
vn 0.965677 -0.259744 0 
vn 0.987206 -0.159452 0 
vn 0.998347 -0.0574816 0 
vn 0.998983 0.0450934 0 
vn 0.989108 0.147194 0 
vn 0.968825 0.247746 0 
vn 0.938349 0.345691 0 
vn 0.897999 0.439998 0 
vn 0.8482 0.529676 0 
vn -0.72984 -0.683618 0 
vn -0.796032 -0.605255 0 
vn -0.655969 -0.754788 0 
vn -0.72984 -0.683618 0 
vn -0.575196 -0.818015 0 
vn -0.655969 -0.754788 0 
vn -0.488371 -0.872636 0 
vn -0.575196 -0.818015 0 
vn -0.396407 -0.918075 0 
vn -0.488371 -0.872636 0 
vn -0.300272 -0.953854 0 
vn -0.396407 -0.918075 0 
vn -0.200978 -0.979596 0 
vn -0.300272 -0.953854 0 
vn -0.099569 -0.995031 0 
vn -0.200978 -0.979596 0 
vn 0.00288775 -0.999996 0 
vn -0.099569 -0.995031 0 
vn 0.105314 -0.994439 0 
vn 0.00288775 -0.999996 0 
vn 0.206632 -0.978419 0 
vn 0.105314 -0.994439 0 
vn 0.305776 -0.952103 0 
vn 0.206632 -0.978419 0 
vn 0.401703 -0.91577 0 
vn 0.305776 -0.952103 0 
vn 0.493403 -0.869801 0 
vn 0.401703 -0.91577 0 
vn 0.579911 -0.81468 0 
vn 0.493403 -0.869801 0 
vn 0.589634 0.807671 0 
vn 0.504891 0.863183 0 
vn 0.667088 0.744979 0 
vn 0.739154 0.673536 0 
vn 0.795626 0.605788 0 
vn 0.848019 0.529965 0 
vn 0.883409 0.468602 0 
vn 0.739154 0.673536 0 
vn 0.504891 0.863183 0 
vn 0.0455769 -0.998961 0 
vn 0.116181 -0.993228 0 
vn -0.0465872 -0.998914 0 
vn -0.134422 -0.990924 0 
vn -0.234157 -0.972199 0 
vn -0.32975 -0.944068 0 
vn -0.423575 -0.905861 0 
vn 0.116181 -0.993228 0 
vn 0.892086 -0.451865 0 
vn 0.87864 -0.477484 0 
vn 0.922932 -0.384962 0 
vn 0.957513 -0.28839 0 
vn 0.982019 -0.188783 0 
vn 0.996192 -0.0871904 0 
vn 0.999883 0.0153202 0 
vn 0.993053 0.117669 0 
vn 0.975774 0.218781 0 
vn 0.948228 0.31759 0 
vn 0.910705 0.413057 0 
vn 0.863599 0.504179 0 
vn 0.807407 0.589995 0 
vn 0.742719 0.669603 0 
vn 0.670216 0.742166 0 
vn 0.590661 0.80692 0 
vn 0.504891 0.863183 0 
vn -0.328548 -0.944487 0 
vn -0.423575 -0.905861 0 
vn -0.230065 -0.973175 0 
vn -0.328548 -0.944487 0 
vn -0.12916 -0.991624 0 
vn -0.230065 -0.973175 0 
vn -0.0268969 -0.999638 0 
vn -0.12916 -0.991624 0 
vn 0.0756494 -0.997134 0 
vn -0.0268969 -0.999638 0 
vn 0.1774 -0.984139 0 
vn 0.0756494 -0.997134 0 
vn 0.277284 -0.960788 0 
vn 0.1774 -0.984139 0 
vn 0.37425 -0.927328 0 
vn 0.277284 -0.960788 0 
vn 0.467278 -0.88411 0 
vn 0.37425 -0.927328 0 
vn 0.55539 -0.83159 0 
vn 0.467278 -0.88411 0 
vn 0.637658 -0.77032 0 
vn 0.55539 -0.83159 0 
vn 0.713216 -0.700944 0 
vn 0.637658 -0.77032 0 
vn 0.78127 -0.624193 0 
vn 0.713216 -0.700944 0 
vn 0.841103 -0.540875 0 
vn 0.78127 -0.624193 0 
vn 0.892086 -0.451865 0 
vn 0.841103 -0.540875 0 
vn 0.765788 0.643093 0 
vn 0.696793 0.717272 0 
vn 0.825989 0.563687 0 
vn 0.878863 0.477073 0 
vn 0.917481 0.39778 0 
vn 0.950206 0.311621 0 
vn 0.969883 0.243572 0 
vn 0.825989 0.563687 0 
vn 0.696793 0.717272 0 
vn -0.194814 -0.98084 0 
vn -0.12489 -0.992171 0 
vn -0.284289 -0.958739 0 
vn -0.36766 -0.92996 0 
vn -0.460015 -0.887911 0 
vn -0.546098 -0.837721 0 
vn -0.628053 -0.77817 0 
vn -0.36766 -0.92996 0 
vn -0.12489 -0.992171 0 
vn 0.758026 -0.652225 0 
vn 0.738839 -0.673882 0 
vn 0.803986 -0.594648 0 
vn 0.860673 -0.509158 0 
vn 0.908304 -0.41831 0 
vn 0.946378 -0.323061 0 
vn 0.974494 -0.224413 0 
vn 0.992357 -0.123403 0 
vn 0.999777 -0.0210947 0 
vn 0.996679 0.0814354 0 
vn 0.983093 0.183109 0 
vn 0.959163 0.282855 0 
vn 0.92514 0.379626 0 
vn 0.881383 0.472402 0 
vn 0.828353 0.560207 0 
vn 0.766606 0.642118 0 
vn 0.696793 0.717272 0 
vn -0.545032 -0.838415 0 
vn -0.628053 -0.77817 0 
vn -0.456276 -0.889839 0 
vn -0.545032 -0.838415 0 
vn -0.362718 -0.931899 0 
vn -0.456276 -0.889839 0 
vn -0.265344 -0.964154 0 
vn -0.362718 -0.931899 0 
vn -0.165179 -0.986264 0 
vn -0.265344 -0.964154 0 
vn -0.0632749 -0.997996 0 
vn -0.165179 -0.986264 0 
vn 0.0392946 -0.999228 0 
vn -0.0632749 -0.997996 0 
vn 0.141451 -0.989945 0 
vn 0.0392946 -0.999228 0 
vn 0.242119 -0.970247 0 
vn 0.141451 -0.989945 0 
vn 0.340239 -0.940339 0 
vn 0.242119 -0.970247 0 
vn 0.434779 -0.900537 0 
vn 0.340239 -0.940339 0 
vn 0.524744 -0.85126 0 
vn 0.434779 -0.900537 0 
vn 0.609188 -0.793026 0 
vn 0.524744 -0.85126 0 
vn 0.687222 -0.726447 0 
vn 0.609188 -0.793026 0 
vn 0.758026 -0.652225 0 
vn 0.687222 -0.726447 0 
vn 0.99965 -0.0264497 0 
vn 0.997197 0.0748266 0 
vn 0.992055 -0.125806 0 
vn 0.974197 -0.2257 0 
vn 0.950521 -0.31066 0 
vn 0.917883 -0.396852 0 
vn 0.887486 -0.460835 0 
vn 0.950521 -0.31066 0 
vn 0.997197 0.0748266 0 
vn -0.796238 -0.604983 0 
vn -0.751412 -0.659833 0 
vn -0.848555 -0.529107 0 
vn -0.891875 -0.452282 0 
vn -0.93312 -0.359565 0 
vn -0.964272 -0.264913 0 
vn -0.986127 -0.165992 0 
vn -0.796238 -0.604983 0 
vn 0.134885 -0.990861 0 
vn 0.106163 -0.994349 0 
vn 0.207467 -0.978242 0 
vn 0.306589 -0.951842 0 
vn 0.402484 -0.915427 0 
vn 0.494145 -0.869379 0 
vn 0.580606 -0.814184 0 
vn 0.660958 -0.750423 0 
vn 0.734356 -0.678765 0 
vn 0.800026 -0.599965 0 
vn 0.857279 -0.514852 0 
vn 0.905511 -0.424322 0 
vn 0.944216 -0.329328 0 
vn 0.972985 -0.230868 0 
vn 0.991517 -0.129979 0 
vn 0.999616 -0.0277218 0 
vn 0.997197 0.0748266 0 
vn -0.963934 -0.26614 0 
vn -0.986127 -0.165992 0 
vn -0.931599 -0.363487 0 
vn -0.963934 -0.26614 0 
vn -0.889462 -0.45701 0 
vn -0.931599 -0.363487 0 
vn -0.837965 -0.545723 0 
vn -0.889462 -0.45701 0 
vn -0.777652 -0.628695 0 
vn -0.837965 -0.545723 0 
vn -0.709156 -0.705052 0 
vn -0.777652 -0.628695 0 
vn -0.633198 -0.77399 0 
vn -0.709156 -0.705052 0 
vn -0.550578 -0.834784 0 
vn -0.633198 -0.77399 0 
vn -0.462164 -0.886794 0 
vn -0.550578 -0.834784 0 
vn -0.368888 -0.929474 0 
vn -0.462164 -0.886794 0 
vn -0.27173 -0.962374 0 
vn -0.368888 -0.929474 0 
vn -0.171713 -0.985147 0 
vn -0.27173 -0.962374 0 
vn -0.0698893 -0.997555 0 
vn -0.171713 -0.985147 0 
vn 0.0326699 -0.999466 0 
vn -0.0698893 -0.997555 0 
vn 0.134885 -0.990861 0 
vn 0.0326699 -0.999466 0 
vn 0.964272 -0.264913 0 
vn 0.986127 -0.165992 0 
vn 0.93312 -0.359565 0 
vn 0.891875 -0.452282 0 
vn 0.848555 -0.529107 0 
vn 0.796238 -0.604983 0 
vn 0.751412 -0.659833 0 
vn 0.986127 -0.165992 0 
vn -0.917883 -0.396852 0 
vn -0.887486 -0.460835 0 
vn -0.950521 -0.31066 0 
vn -0.974197 -0.2257 0 
vn -0.992055 -0.125806 0 
vn -0.99965 -0.0264497 0 
vn -0.997197 0.0748266 0 
vn -0.974197 -0.2257 0 
vn -0.887486 -0.460835 0 
vn -0.106163 -0.994349 0 
vn -0.134885 -0.990861 0 
vn -0.0326699 -0.999466 0 
vn 0.0698893 -0.997555 0 
vn 0.171713 -0.985147 0 
vn 0.27173 -0.962374 0 
vn 0.368888 -0.929474 0 
vn 0.462164 -0.886794 0 
vn 0.550578 -0.834784 0 
vn 0.633198 -0.77399 0 
vn 0.709156 -0.705052 0 
vn 0.777652 -0.628695 0 
vn 0.837965 -0.545723 0 
vn 0.889462 -0.45701 0 
vn 0.931599 -0.363487 0 
vn 0.963934 -0.26614 0 
vn 0.986127 -0.165992 0 
vn -0.999616 -0.0277218 0 
vn -0.997197 0.0748266 0 
vn -0.991517 -0.129979 0 
vn -0.999616 -0.0277218 0 
vn -0.972985 -0.230868 0 
vn -0.991517 -0.129979 0 
vn -0.944216 -0.329328 0 
vn -0.972985 -0.230868 0 
vn -0.905511 -0.424322 0 
vn -0.944216 -0.329328 0 
vn -0.857279 -0.514852 0 
vn -0.905511 -0.424322 0 
vn -0.800026 -0.599965 0 
vn -0.857279 -0.514852 0 
vn -0.734356 -0.678765 0 
vn -0.800026 -0.599965 0 
vn -0.660958 -0.750423 0 
vn -0.734356 -0.678765 0 
vn -0.580606 -0.814184 0 
vn -0.660958 -0.750423 0 
vn -0.494145 -0.869379 0 
vn -0.580606 -0.814184 0 
vn -0.402484 -0.915427 0 
vn -0.494145 -0.869379 0 
vn -0.306589 -0.951842 0 
vn -0.402484 -0.915427 0 
vn -0.207467 -0.978242 0 
vn -0.306589 -0.951842 0 
vn -0.106163 -0.994349 0 
vn -0.207467 -0.978242 0 
vn 0.872854 -0.487981 0 
vn 0.917747 -0.397165 0 
vn 0.819956 -0.572427 0 
vn 0.757721 -0.652579 0 
vn 0.697274 -0.716805 0 
vn 0.628319 -0.777956 0 
vn 0.571669 -0.820484 0 
vn 0.819956 -0.572427 0 
vn 0.917747 -0.397165 0 
vn -0.986184 -0.165656 0 
vn -0.971982 -0.235055 0 
vn -0.997246 -0.0741583 0 
vn -0.999902 0.0139993 0 
vn -0.993335 0.115264 0 
vn -0.976932 0.213551 0 
vn -0.950313 0.311297 0 
vn -0.997246 -0.0741583 0 
vn -0.971982 -0.235055 0 
vn -0.341041 -0.940048 0 
vn -0.368094 -0.929788 0 
vn -0.270908 -0.962605 0 
vn -0.170872 -0.985293 0 
vn -0.0690378 -0.997614 0 
vn 0.033523 -0.999438 0 
vn 0.135731 -0.990746 0 
vn 0.236511 -0.971629 0 
vn 0.334802 -0.942288 0 
vn 0.429571 -0.903033 0 
vn 0.519819 -0.854276 0 
vn 0.604598 -0.796531 0 
vn 0.683015 -0.730404 0 
vn 0.754246 -0.656592 0 
vn 0.817541 -0.575871 0 
vn 0.872233 -0.489091 0 
vn 0.917747 -0.397165 0 
vn -0.977203 0.212307 0 
vn -0.950313 0.311297 0 
vn -0.993811 0.111084 0 
vn -0.977203 0.212307 0 
vn -0.999962 0.00869157 0 
vn -0.993811 0.111084 0 
vn -0.995592 -0.0937922 0 
vn -0.999962 0.00869157 0 
vn -0.980746 -0.195289 0 
vn -0.995592 -0.0937922 0 
vn -0.95558 -0.294731 0 
vn -0.980746 -0.195289 0 
vn -0.92036 -0.391072 0 
vn -0.95558 -0.294731 0 
vn -0.875456 -0.483298 0 
vn -0.92036 -0.391072 0 
vn -0.82134 -0.570439 0 
vn -0.875456 -0.483298 0 
vn -0.758582 -0.651578 0 
vn -0.82134 -0.570439 0 
vn -0.687842 -0.72586 0 
vn -0.758582 -0.651578 0 
vn -0.609865 -0.792505 0 
vn -0.687842 -0.72586 0 
vn -0.525471 -0.850812 0 
vn -0.609865 -0.792505 0 
vn -0.435547 -0.900166 0 
vn -0.525471 -0.850812 0 
vn -0.341041 -0.940048 0 
vn -0.435547 -0.900166 0 
vn 0.730709 -0.682689 0 
vn 0.796032 -0.605255 0 
vn 0.659139 -0.752021 0 
vn 0.57953 -0.814951 0 
vn 0.50547 -0.862844 0 
vn 0.423884 -0.905717 0 
vn 0.358703 -0.933452 0 
vn 0.796032 -0.605255 0 
vn -0.997171 0.0751668 0 
vn -0.99999 0.00438619 0 
vn -0.986016 0.166653 0 
vn -0.967496 0.252885 0 
vn -0.936886 0.349635 0 
vn -0.897438 0.441141 0 
vn -0.8482 0.529676 0 
vn -0.936886 0.349635 0 
vn -0.99999 0.00438619 0 
vn -0.556099 -0.831116 0 
vn -0.579911 -0.81468 0 
vn -0.493403 -0.869801 0 
vn -0.401703 -0.91577 0 
vn -0.305776 -0.952103 0 
vn -0.206632 -0.978419 0 
vn -0.105314 -0.994439 0 
vn -0.00288775 -0.999996 0 
vn 0.099569 -0.995031 0 
vn 0.200978 -0.979596 0 
vn 0.300272 -0.953854 0 
vn 0.396407 -0.918075 0 
vn 0.488371 -0.872636 0 
vn 0.575196 -0.818015 0 
vn 0.655969 -0.754788 0 
vn 0.72984 -0.683618 0 
vn 0.796032 -0.605255 0 
vn -0.897999 0.439998 0 
vn -0.8482 0.529676 0 
vn -0.938349 0.345691 0 
vn -0.897999 0.439998 0 
vn -0.968825 0.247746 0 
vn -0.938349 0.345691 0 
vn -0.989108 0.147194 0 
vn -0.968825 0.247746 0 
vn -0.998983 0.0450934 0 
vn -0.989108 0.147194 0 
vn -0.998347 -0.0574816 0 
vn -0.998983 0.0450934 0 
vn -0.987206 -0.159452 0 
vn -0.998347 -0.0574816 0 
vn -0.965677 -0.259744 0 
vn -0.987206 -0.159452 0 
vn -0.933988 -0.357303 0 
vn -0.965677 -0.259744 0 
vn -0.892472 -0.451103 0 
vn -0.933988 -0.357303 0 
vn -0.841565 -0.540157 0 
vn -0.892472 -0.451103 0 
vn -0.781802 -0.623526 0 
vn -0.841565 -0.540157 0 
vn -0.713814 -0.700335 0 
vn -0.781802 -0.623526 0 
vn -0.638315 -0.769775 0 
vn -0.713814 -0.700335 0 
vn -0.556099 -0.831116 0 
vn -0.638315 -0.769775 0 
vn 0.32975 -0.944068 0 
vn 0.423575 -0.905861 0 
vn 0.234157 -0.972199 0 
vn 0.134422 -0.990924 0 
vn 0.0465872 -0.998914 0 
vn -0.0455769 -0.998961 0 
vn -0.116181 -0.993228 0 
vn 0.32975 -0.944068 0 
vn -0.848019 0.529965 0 
vn -0.883409 0.468602 0 
vn -0.795626 0.605788 0 
vn -0.739154 0.673536 0 
vn -0.667088 0.744979 0 
vn -0.589634 0.807671 0 
vn -0.504891 0.863183 0 
vn -0.739154 0.673536 0 
vn -0.883409 0.468602 0 
vn -0.87864 -0.477484 0 
vn -0.892086 -0.451865 0 
vn -0.841103 -0.540875 0 
vn -0.78127 -0.624193 0 
vn -0.713216 -0.700944 0 
vn -0.637658 -0.77032 0 
vn -0.55539 -0.83159 0 
vn -0.467278 -0.88411 0 
vn -0.37425 -0.927328 0 
vn -0.277284 -0.960788 0 
vn -0.1774 -0.984139 0 
vn -0.0756494 -0.997134 0 
vn 0.0268969 -0.999638 0 
vn 0.12916 -0.991624 0 
vn 0.230065 -0.973175 0 
vn 0.328548 -0.944487 0 
vn 0.423575 -0.905861 0 
vn -0.590661 0.80692 0 
vn -0.504891 0.863183 0 
vn -0.670216 0.742166 0 
vn -0.590661 0.80692 0 
vn -0.742719 0.669603 0 
vn -0.670216 0.742166 0 
vn -0.807407 0.589995 0 
vn -0.742719 0.669603 0 
vn -0.863599 0.504179 0 
vn -0.807407 0.589995 0 
vn -0.910705 0.413057 0 
vn -0.863599 0.504179 0 
vn -0.948228 0.31759 0 
vn -0.910705 0.413057 0 
vn -0.975774 0.218781 0 
vn -0.948228 0.31759 0 
vn -0.993053 0.117669 0 
vn -0.975774 0.218781 0 
vn -0.999883 0.0153202 0 
vn -0.993053 0.117669 0 
vn -0.996192 -0.0871904 0 
vn -0.999883 0.0153202 0 
vn -0.982019 -0.188783 0 
vn -0.996192 -0.0871904 0 
vn -0.957513 -0.28839 0 
vn -0.982019 -0.188783 0 
vn -0.922932 -0.384962 0 
vn -0.957513 -0.28839 0 
vn -0.87864 -0.477484 0 
vn -0.922932 -0.384962 0 
vn 0.546098 -0.837721 0 
vn 0.628053 -0.77817 0 
vn 0.460015 -0.887911 0 
vn 0.36766 -0.92996 0 
vn 0.284289 -0.958739 0 
vn 0.194814 -0.98084 0 
vn 0.12489 -0.992171 0 
vn 0.460015 -0.887911 0 
vn 0.628053 -0.77817 0 
vn -0.950206 0.311621 0 
vn -0.969883 0.243572 0 
vn -0.917481 0.39778 0 
vn -0.878863 0.477073 0 
vn -0.825989 0.563687 0 
vn -0.765788 0.643093 0 
vn -0.696793 0.717272 0 
vn -0.825989 0.563687 0 
vn -0.969883 0.243572 0 
vn -0.738839 -0.673882 0 
vn -0.758026 -0.652225 0 
vn -0.687222 -0.726447 0 
vn -0.609188 -0.793026 0 
vn -0.524744 -0.85126 0 
vn -0.434779 -0.900537 0 
vn -0.340239 -0.940339 0 
vn -0.242119 -0.970247 0 
vn -0.141451 -0.989945 0 
vn -0.0392946 -0.999228 0 
vn 0.0632749 -0.997996 0 
vn 0.165179 -0.986264 0 
vn 0.265344 -0.964154 0 
vn 0.362718 -0.931899 0 
vn 0.456276 -0.889839 0 
vn 0.545032 -0.838415 0 
vn 0.628053 -0.77817 0 
vn -0.766606 0.642118 0 
vn -0.696793 0.717272 0 
vn -0.828353 0.560207 0 
vn -0.766606 0.642118 0 
vn -0.881383 0.472402 0 
vn -0.828353 0.560207 0 
vn -0.92514 0.379626 0 
vn -0.881383 0.472402 0 
vn -0.959163 0.282855 0 
vn -0.92514 0.379626 0 
vn -0.983093 0.183109 0 
vn -0.959163 0.282855 0 
vn -0.996679 0.0814354 0 
vn -0.983093 0.183109 0 
vn -0.999777 -0.0210947 0 
vn -0.996679 0.0814354 0 
vn -0.992357 -0.123403 0 
vn -0.999777 -0.0210947 0 
vn -0.974494 -0.224413 0 
vn -0.992357 -0.123403 0 
vn -0.946378 -0.323061 0 
vn -0.974494 -0.224413 0 
vn -0.908304 -0.41831 0 
vn -0.946378 -0.323061 0 
vn -0.860673 -0.509158 0 
vn -0.908304 -0.41831 0 
vn -0.803986 -0.594648 0 
vn -0.860673 -0.509158 0 
vn -0.738839 -0.673882 0 
vn -0.803986 -0.594648 0 
vn 0.0942376 -0.99555 0 
vn 0.19448 -0.980907 0 
vn -0.00530984 -0.999986 0 
vn -0.106628 -0.994299 0 
vn -0.193822 -0.981037 0 
vn -0.283319 -0.959026 0 
vn -0.3505 -0.936563 0 
vn -0.193822 -0.981037 0 
vn 0.0942376 -0.99555 0 
vn -0.696548 0.71751 0 
vn -0.745595 0.666399 0 
vn -0.627532 0.778591 0 
vn -0.556488 0.830856 0 
vn -0.469418 0.882976 0 
vn -0.379212 0.92531 0 
vn -0.283647 0.958929 0 
vn -0.627532 0.778591 0 
vn -0.745595 0.666399 0 
vn -0.967378 -0.253337 0 
vn -0.974302 -0.225244 0 
vn -0.946102 -0.323869 0 
vn -0.907947 -0.419085 0 
vn -0.860238 -0.509892 0 
vn -0.803478 -0.595334 0 
vn -0.738264 -0.674512 0 
vn -0.665281 -0.746593 0 
vn -0.585299 -0.810818 0 
vn -0.499158 -0.866511 0 
vn -0.407765 -0.913087 0 
vn -0.312081 -0.950055 0 
vn -0.213114 -0.977027 0 
vn -0.111904 -0.993719 0 
vn -0.00951668 -0.999955 0 
vn 0.0929707 -0.995669 0 
vn 0.19448 -0.980907 0 
vn -0.380389 0.924827 0 
vn -0.283647 0.958929 0 
vn -0.473129 0.880993 0 
vn -0.380389 0.924827 0 
vn -0.56089 0.82789 0 
vn -0.473129 0.880993 0 
vn -0.64275 0.766076 0 
vn -0.56089 0.82789 0 
vn -0.717847 0.696201 0 
vn -0.64275 0.766076 0 
vn -0.78539 0.619001 0 
vn -0.717847 0.696201 0 
vn -0.84467 0.535287 0 
vn -0.78539 0.619001 0 
vn -0.895062 0.445941 0 
vn -0.84467 0.535287 0 
vn -0.936036 0.351903 0 
vn -0.895062 0.445941 0 
vn -0.967162 0.254163 0 
vn -0.936036 0.351903 0 
vn -0.98811 0.153747 0 
vn -0.967162 0.254163 0 
vn -0.998662 0.0517147 0 
vn -0.98811 0.153747 0 
vn -0.998706 -0.0508622 0 
vn -0.998662 0.0517147 0 
vn -0.988241 -0.152904 0 
vn -0.998706 -0.0508622 0 
vn -0.967378 -0.253337 0 
vn -0.988241 -0.152904 0 
vn -0.146751 -0.989173 0 
vn -0.0459177 -0.998945 0 
vn -0.244468 -0.969657 0 
vn -0.341481 -0.939889 0 
vn -0.422968 -0.906145 0 
vn -0.504597 -0.863355 0 
vn -0.56445 -0.825468 0 
vn -0.244468 -0.969657 0 
vn -0.0459177 -0.998945 0 
vn -0.504597 0.863355 0 
vn -0.56445 0.825468 0 
vn -0.422968 0.906145 0 
vn -0.341481 0.939889 0 
vn -0.244468 0.969657 0 
vn -0.146751 0.989173 0 
vn -0.0459177 0.998945 0 
vn -0.422968 0.906145 0 
vn -0.56445 0.825468 0 
vn -0.999895 -0.0144667 0 
vn -0.999895 0.0144667 0 
vn -0.996117 -0.0880407 0 
vn -0.981857 -0.189622 0 
vn -0.957266 -0.289207 0 
vn -0.922603 -0.38575 0 
vn -0.878232 -0.478234 0 
vn -0.824621 -0.565686 0 
vn -0.762333 -0.647185 0 
vn -0.692023 -0.721875 0 
vn -0.614432 -0.78897 0 
vn -0.530376 -0.847763 0 
vn -0.440739 -0.897635 0 
vn -0.346465 -0.938063 0 
vn -0.248545 -0.96862 0 
vn -0.14801 -0.988986 0 
vn -0.0459177 -0.998945 0 
vn -0.14801 0.988986 0 
vn -0.0459177 0.998945 0 
vn -0.248545 0.96862 0 
vn -0.14801 0.988986 0 
vn -0.346465 0.938063 0 
vn -0.248545 0.96862 0 
vn -0.440739 0.897635 0 
vn -0.346465 0.938063 0 
vn -0.530376 0.847763 0 
vn -0.440739 0.897635 0 
vn -0.614432 0.78897 0 
vn -0.530376 0.847763 0 
vn -0.692023 0.721875 0 
vn -0.614432 0.78897 0 
vn -0.762333 0.647185 0 
vn -0.692023 0.721875 0 
vn -0.824621 0.565686 0 
vn -0.762333 0.647185 0 
vn -0.878232 0.478234 0 
vn -0.824621 0.565686 0 
vn -0.922603 0.38575 0 
vn -0.878232 0.478234 0 
vn -0.957266 0.289207 0 
vn -0.922603 0.38575 0 
vn -0.981857 0.189622 0 
vn -0.957266 0.289207 0 
vn -0.996117 0.0880407 0 
vn -0.981857 0.189622 0 
vn -0.999895 -0.0144667 0 
vn -0.996117 0.0880407 0 
vn -0.765788 -0.643093 0 
vn -0.696793 -0.717272 0 
vn -0.825989 -0.563687 0 
vn -0.878863 -0.477073 0 
vn -0.917481 -0.39778 0 
vn -0.950206 -0.311621 0 
vn -0.969883 -0.243572 0 
vn -0.917481 -0.39778 0 
vn -0.765788 -0.643093 0 
vn 0.194814 0.98084 0 
vn 0.12489 0.992171 0 
vn 0.284289 0.958739 0 
vn 0.36766 0.92996 0 
vn 0.460015 0.887911 0 
vn 0.546098 0.837721 0 
vn 0.628053 0.77817 0 
vn 0.36766 0.92996 0 
vn 0.12489 0.992171 0 
vn -0.758026 0.652225 0 
vn -0.738839 0.673882 0 
vn -0.803986 0.594648 0 
vn -0.860673 0.509158 0 
vn -0.908304 0.41831 0 
vn -0.946378 0.323061 0 
vn -0.974494 0.224413 0 
vn -0.992357 0.123403 0 
vn -0.999777 0.0210947 0 
vn -0.996679 -0.0814354 0 
vn -0.983093 -0.183109 0 
vn -0.959163 -0.282855 0 
vn -0.92514 -0.379626 0 
vn -0.881383 -0.472402 0 
vn -0.828353 -0.560207 0 
vn -0.766606 -0.642118 0 
vn -0.696793 -0.717272 0 
vn 0.545032 0.838415 0 
vn 0.628053 0.77817 0 
vn 0.456276 0.889839 0 
vn 0.545032 0.838415 0 
vn 0.362718 0.931899 0 
vn 0.456276 0.889839 0 
vn 0.265344 0.964154 0 
vn 0.362718 0.931899 0 
vn 0.165179 0.986264 0 
vn 0.265344 0.964154 0 
vn 0.0632749 0.997996 0 
vn 0.165179 0.986264 0 
vn -0.0392946 0.999228 0 
vn 0.0632749 0.997996 0 
vn -0.141451 0.989945 0 
vn -0.0392946 0.999228 0 
vn -0.242119 0.970247 0 
vn -0.141451 0.989945 0 
vn -0.340239 0.940339 0 
vn -0.242119 0.970247 0 
vn -0.434779 0.900537 0 
vn -0.340239 0.940339 0 
vn -0.524744 0.85126 0 
vn -0.434779 0.900537 0 
vn -0.609188 0.793026 0 
vn -0.524744 0.85126 0 
vn -0.687222 0.726447 0 
vn -0.609188 0.793026 0 
vn -0.758026 0.652225 0 
vn -0.687222 0.726447 0 
vn -0.897438 -0.441141 0 
vn -0.8482 -0.529676 0 
vn -0.936886 -0.349635 0 
vn -0.967496 -0.252885 0 
vn -0.986016 -0.166653 0 
vn -0.997171 -0.0751668 0 
vn -0.99999 -0.00438619 0 
vn -0.967496 -0.252885 0 
vn -0.8482 -0.529676 0 
vn 0.423884 0.905717 0 
vn 0.358703 0.933452 0 
vn 0.50547 0.862844 0 
vn 0.57953 0.814951 0 
vn 0.659139 0.752021 0 
vn 0.730709 0.682689 0 
vn 0.796032 0.605255 0 
vn 0.50547 0.862844 0 
vn 0.358703 0.933452 0 
vn -0.579911 0.81468 0 
vn -0.556099 0.831116 0 
vn -0.638315 0.769775 0 
vn -0.713814 0.700335 0 
vn -0.781802 0.623526 0 
vn -0.841565 0.540157 0 
vn -0.892472 0.451103 0 
vn -0.933988 0.357303 0 
vn -0.965677 0.259744 0 
vn -0.987206 0.159452 0 
vn -0.998347 0.0574816 0 
vn -0.998983 -0.0450934 0 
vn -0.989108 -0.147194 0 
vn -0.968825 -0.247746 0 
vn -0.938349 -0.345691 0 
vn -0.897999 -0.439998 0 
vn -0.8482 -0.529676 0 
vn 0.72984 0.683618 0 
vn 0.796032 0.605255 0 
vn 0.655969 0.754788 0 
vn 0.72984 0.683618 0 
vn 0.575196 0.818015 0 
vn 0.655969 0.754788 0 
vn 0.488371 0.872636 0 
vn 0.575196 0.818015 0 
vn 0.396407 0.918075 0 
vn 0.488371 0.872636 0 
vn 0.300272 0.953854 0 
vn 0.396407 0.918075 0 
vn 0.200978 0.979596 0 
vn 0.300272 0.953854 0 
vn 0.099569 0.995031 0 
vn 0.200978 0.979596 0 
vn -0.00288775 0.999996 0 
vn 0.099569 0.995031 0 
vn -0.105314 0.994439 0 
vn -0.00288775 0.999996 0 
vn -0.206632 0.978419 0 
vn -0.105314 0.994439 0 
vn -0.305776 0.952103 0 
vn -0.206632 0.978419 0 
vn -0.401703 0.91577 0 
vn -0.305776 0.952103 0 
vn -0.493403 0.869801 0 
vn -0.401703 0.91577 0 
vn -0.579911 0.81468 0 
vn -0.493403 0.869801 0 
vn -0.589634 -0.807671 0 
vn -0.504891 -0.863183 0 
vn -0.667088 -0.744979 0 
vn -0.739154 -0.673536 0 
vn -0.795626 -0.605788 0 
vn -0.848019 -0.529965 0 
vn -0.883409 -0.468602 0 
vn -0.795626 -0.605788 0 
vn -0.667088 -0.744979 0 
vn -0.504891 -0.863183 0 
vn -0.0455769 0.998961 0 
vn -0.116181 0.993228 0 
vn 0.0465872 0.998914 0 
vn 0.134422 0.990924 0 
vn 0.234157 0.972199 0 
vn 0.32975 0.944068 0 
vn 0.423575 0.905861 0 
vn 0.234157 0.972199 0 
vn -0.116181 0.993228 0 
vn -0.892086 0.451865 0 
vn -0.87864 0.477484 0 
vn -0.922932 0.384962 0 
vn -0.957513 0.28839 0 
vn -0.982019 0.188783 0 
vn -0.996192 0.0871904 0 
vn -0.999883 -0.0153202 0 
vn -0.993053 -0.117669 0 
vn -0.975774 -0.218781 0 
vn -0.948228 -0.31759 0 
vn -0.910705 -0.413057 0 
vn -0.863599 -0.504179 0 
vn -0.807407 -0.589995 0 
vn -0.742719 -0.669603 0 
vn -0.670216 -0.742166 0 
vn -0.590661 -0.80692 0 
vn -0.504891 -0.863183 0 
vn 0.328548 0.944487 0 
vn 0.423575 0.905861 0 
vn 0.230065 0.973175 0 
vn 0.328548 0.944487 0 
vn 0.12916 0.991624 0 
vn 0.230065 0.973175 0 
vn 0.0268969 0.999638 0 
vn 0.12916 0.991624 0 
vn -0.0756494 0.997134 0 
vn 0.0268969 0.999638 0 
vn -0.1774 0.984139 0 
vn -0.0756494 0.997134 0 
vn -0.277284 0.960788 0 
vn -0.1774 0.984139 0 
vn -0.37425 0.927328 0 
vn -0.277284 0.960788 0 
vn -0.467278 0.88411 0 
vn -0.37425 0.927328 0 
vn -0.55539 0.83159 0 
vn -0.467278 0.88411 0 
vn -0.637658 0.77032 0 
vn -0.55539 0.83159 0 
vn -0.713216 0.700944 0 
vn -0.637658 0.77032 0 
vn -0.78127 0.624193 0 
vn -0.713216 0.700944 0 
vn -0.841103 0.540875 0 
vn -0.78127 0.624193 0 
vn -0.892086 0.451865 0 
vn -0.841103 0.540875 0 
vn -0.379212 -0.92531 0 
vn -0.283647 -0.958929 0 
vn -0.469418 -0.882976 0 
vn -0.556488 -0.830856 0 
vn -0.627532 -0.778591 0 
vn -0.696548 -0.71751 0 
vn -0.745595 -0.666399 0 
vn -0.556488 -0.830856 0 
vn -0.283647 -0.958929 0 
vn -0.283319 0.959026 0 
vn -0.3505 0.936563 0 
vn -0.193822 0.981037 0 
vn -0.106628 0.994299 0 
vn -0.00530984 0.999986 0 
vn 0.0942376 0.99555 0 
vn 0.19448 0.980907 0 
vn -0.193822 0.981037 0 
vn -0.3505 0.936563 0 
vn -0.974302 0.225244 0 
vn -0.967378 0.253337 0 
vn -0.988241 0.152904 0 
vn -0.998706 0.0508622 0 
vn -0.998662 -0.0517147 0 
vn -0.98811 -0.153747 0 
vn -0.967162 -0.254163 0 
vn -0.936036 -0.351903 0 
vn -0.895062 -0.445941 0 
vn -0.84467 -0.535287 0 
vn -0.78539 -0.619001 0 
vn -0.717847 -0.696201 0 
vn -0.64275 -0.766076 0 
vn -0.56089 -0.82789 0 
vn -0.473129 -0.880993 0 
vn -0.380389 -0.924827 0 
vn -0.283647 -0.958929 0 
vn 0.0929707 0.995669 0 
vn 0.19448 0.980907 0 
vn -0.00951668 0.999955 0 
vn 0.0929707 0.995669 0 
vn -0.111904 0.993719 0 
vn -0.00951668 0.999955 0 
vn -0.213114 0.977027 0 
vn -0.111904 0.993719 0 
vn -0.312081 0.950055 0 
vn -0.213114 0.977027 0 
vn -0.407765 0.913087 0 
vn -0.312081 0.950055 0 
vn -0.499158 0.866511 0 
vn -0.407765 0.913087 0 
vn -0.585299 0.810818 0 
vn -0.499158 0.866511 0 
vn -0.665281 0.746593 0 
vn -0.585299 0.810818 0 
vn -0.738264 0.674512 0 
vn -0.665281 0.746593 0 
vn -0.803478 0.595334 0 
vn -0.738264 0.674512 0 
vn -0.860238 0.509892 0 
vn -0.803478 0.595334 0 
vn -0.907947 0.419085 0 
vn -0.860238 0.509892 0 
vn -0.946102 0.323869 0 
vn -0.907947 0.419085 0 
vn -0.974302 0.225244 0 
vn -0.946102 0.323869 0 
vn -0.976932 -0.213551 0 
vn -0.950313 -0.311297 0 
vn -0.993335 -0.115264 0 
vn -0.999902 -0.0139993 0 
vn -0.997246 0.0741583 0 
vn -0.986184 0.165656 0 
vn -0.971982 0.235055 0 
vn -0.976932 -0.213551 0 
vn 0.628319 0.777956 0 
vn 0.571669 0.820484 0 
vn 0.697274 0.716805 0 
vn 0.757721 0.652579 0 
vn 0.819956 0.572427 0 
vn 0.872854 0.487981 0 
vn 0.917747 0.397165 0 
vn 0.757721 0.652579 0 
vn 0.571669 0.820484 0 
vn -0.368094 0.929788 0 
vn -0.341041 0.940048 0 
vn -0.435547 0.900166 0 
vn -0.525471 0.850812 0 
vn -0.609865 0.792505 0 
vn -0.687842 0.72586 0 
vn -0.758582 0.651578 0 
vn -0.82134 0.570439 0 
vn -0.875456 0.483298 0 
vn -0.92036 0.391072 0 
vn -0.95558 0.294731 0 
vn -0.980746 0.195289 0 
vn -0.995592 0.0937922 0 
vn -0.999962 -0.00869157 0 
vn -0.993811 -0.111084 0 
vn -0.977203 -0.212307 0 
vn -0.950313 -0.311297 0 
vn 0.872233 0.489091 0 
vn 0.917747 0.397165 0 
vn 0.817541 0.575871 0 
vn 0.872233 0.489091 0 
vn 0.754246 0.656592 0 
vn 0.817541 0.575871 0 
vn 0.683015 0.730404 0 
vn 0.754246 0.656592 0 
vn 0.604598 0.796531 0 
vn 0.683015 0.730404 0 
vn 0.519819 0.854276 0 
vn 0.604598 0.796531 0 
vn 0.429571 0.903033 0 
vn 0.519819 0.854276 0 
vn 0.334802 0.942288 0 
vn 0.429571 0.903033 0 
vn 0.236511 0.971629 0 
vn 0.334802 0.942288 0 
vn 0.135731 0.990746 0 
vn 0.236511 0.971629 0 
vn 0.033523 0.999438 0 
vn 0.135731 0.990746 0 
vn -0.0690378 0.997614 0 
vn 0.033523 0.999438 0 
vn -0.170872 0.985293 0 
vn -0.0690378 0.997614 0 
vn -0.270908 0.962605 0 
vn -0.170872 0.985293 0 
vn -0.368094 0.929788 0 
vn -0.270908 0.962605 0 
vn -0.99965 0.0264497 0 
vn -0.997197 -0.0748266 0 
vn -0.992055 0.125806 0 
vn -0.974197 0.2257 0 
vn -0.950521 0.31066 0 
vn -0.917883 0.396852 0 
vn -0.887486 0.460835 0 
vn -0.974197 0.2257 0 
vn -0.997197 -0.0748266 0 
vn 0.796238 0.604983 0 
vn 0.751412 0.659833 0 
vn 0.848555 0.529107 0 
vn 0.891875 0.452282 0 
vn 0.93312 0.359565 0 
vn 0.964272 0.264913 0 
vn 0.986127 0.165992 0 
vn 0.891875 0.452282 0 
vn 0.751412 0.659833 0 
vn -0.134885 0.990861 0 
vn -0.106163 0.994349 0 
vn -0.207467 0.978242 0 
vn -0.306589 0.951842 0 
vn -0.402484 0.915427 0 
vn -0.494145 0.869379 0 
vn -0.580606 0.814184 0 
vn -0.660958 0.750423 0 
vn -0.734356 0.678765 0 
vn -0.800026 0.599965 0 
vn -0.857279 0.514852 0 
vn -0.905511 0.424322 0 
vn -0.944216 0.329328 0 
vn -0.972985 0.230868 0 
vn -0.991517 0.129979 0 
vn -0.999616 0.0277218 0 
vn -0.997197 -0.0748266 0 
vn 0.963934 0.26614 0 
vn 0.986127 0.165992 0 
vn 0.931599 0.363487 0 
vn 0.963934 0.26614 0 
vn 0.889462 0.45701 0 
vn 0.931599 0.363487 0 
vn 0.837965 0.545723 0 
vn 0.889462 0.45701 0 
vn 0.777652 0.628695 0 
vn 0.837965 0.545723 0 
vn 0.709156 0.705052 0 
vn 0.777652 0.628695 0 
vn 0.633198 0.77399 0 
vn 0.709156 0.705052 0 
vn 0.550578 0.834784 0 
vn 0.633198 0.77399 0 
vn 0.462164 0.886794 0 
vn 0.550578 0.834784 0 
vn 0.368888 0.929474 0 
vn 0.462164 0.886794 0 
vn 0.27173 0.962374 0 
vn 0.368888 0.929474 0 
vn 0.171713 0.985147 0 
vn 0.27173 0.962374 0 
vn 0.0698893 0.997555 0 
vn 0.171713 0.985147 0 
vn -0.0326699 0.999466 0 
vn 0.0698893 0.997555 0 
vn -0.134885 0.990861 0 
vn -0.0326699 0.999466 0 
vn -0.964272 0.264913 0 
vn -0.986127 0.165992 0 
vn -0.93312 0.359565 0 
vn -0.891875 0.452282 0 
vn -0.848555 0.529107 0 
vn -0.796238 0.604983 0 
vn -0.751412 0.659833 0 
vn -0.891875 0.452282 0 
vn -0.964272 0.264913 0 
vn 0.917883 0.396852 0 
vn 0.887486 0.460835 0 
vn 0.950521 0.31066 0 
vn 0.974197 0.2257 0 
vn 0.992055 0.125806 0 
vn 0.99965 0.0264497 0 
vn 0.997197 -0.0748266 0 
vn 0.992055 0.125806 0 
vn 0.950521 0.31066 0 
vn 0.887486 0.460835 0 
vn 0.106163 0.994349 0 
vn 0.134885 0.990861 0 
vn 0.0326699 0.999466 0 
vn -0.0698893 0.997555 0 
vn -0.171713 0.985147 0 
vn -0.27173 0.962374 0 
vn -0.368888 0.929474 0 
vn -0.462164 0.886794 0 
vn -0.550578 0.834784 0 
vn -0.633198 0.77399 0 
vn -0.709156 0.705052 0 
vn -0.777652 0.628695 0 
vn -0.837965 0.545723 0 
vn -0.889462 0.45701 0 
vn -0.931599 0.363487 0 
vn -0.963934 0.26614 0 
vn -0.986127 0.165992 0 
vn 0.999616 0.0277218 0 
vn 0.997197 -0.0748266 0 
vn 0.991517 0.129979 0 
vn 0.999616 0.0277218 0 
vn 0.972985 0.230868 0 
vn 0.991517 0.129979 0 
vn 0.944216 0.329328 0 
vn 0.972985 0.230868 0 
vn 0.905511 0.424322 0 
vn 0.944216 0.329328 0 
vn 0.857279 0.514852 0 
vn 0.905511 0.424322 0 
vn 0.800026 0.599965 0 
vn 0.857279 0.514852 0 
vn 0.734356 0.678765 0 
vn 0.800026 0.599965 0 
vn 0.660958 0.750423 0 
vn 0.734356 0.678765 0 
vn 0.580606 0.814184 0 
vn 0.660958 0.750423 0 
vn 0.494145 0.869379 0 
vn 0.580606 0.814184 0 
vn 0.402484 0.915427 0 
vn 0.494145 0.869379 0 
vn 0.306589 0.951842 0 
vn 0.402484 0.915427 0 
vn 0.207467 0.978242 0 
vn 0.306589 0.951842 0 
vn 0.106163 0.994349 0 
vn 0.207467 0.978242 0 
vn -0.872854 0.487981 0 
vn -0.917747 0.397165 0 
vn -0.819956 0.572427 0 
vn -0.757721 0.652579 0 
vn -0.697274 0.716805 0 
vn -0.628319 0.777956 0 
vn -0.571669 0.820484 0 
vn -0.819956 0.572427 0 
vn -0.917747 0.397165 0 
vn 0.986184 0.165656 0 
vn 0.971982 0.235055 0 
vn 0.997246 0.0741583 0 
vn 0.999902 -0.0139993 0 
vn 0.993335 -0.115264 0 
vn 0.976932 -0.213551 0 
vn 0.950313 -0.311297 0 
vn 0.971982 0.235055 0 
vn 0.341041 0.940048 0 
vn 0.368094 0.929788 0 
vn 0.270908 0.962605 0 
vn 0.170872 0.985293 0 
vn 0.0690378 0.997614 0 
vn -0.033523 0.999438 0 
vn -0.135731 0.990746 0 
vn -0.236511 0.971629 0 
vn -0.334802 0.942288 0 
vn -0.429571 0.903033 0 
vn -0.519819 0.854276 0 
vn -0.604598 0.796531 0 
vn -0.683015 0.730404 0 
vn -0.754246 0.656592 0 
vn -0.817541 0.575871 0 
vn -0.872233 0.489091 0 
vn -0.917747 0.397165 0 
vn 0.977203 -0.212307 0 
vn 0.950313 -0.311297 0 
vn 0.993811 -0.111084 0 
vn 0.977203 -0.212307 0 
vn 0.999962 -0.00869157 0 
vn 0.993811 -0.111084 0 
vn 0.995592 0.0937922 0 
vn 0.999962 -0.00869157 0 
vn 0.980746 0.195289 0 
vn 0.995592 0.0937922 0 
vn 0.95558 0.294731 0 
vn 0.980746 0.195289 0 
vn 0.92036 0.391072 0 
vn 0.95558 0.294731 0 
vn 0.875456 0.483298 0 
vn 0.92036 0.391072 0 
vn 0.82134 0.570439 0 
vn 0.875456 0.483298 0 
vn 0.758582 0.651578 0 
vn 0.82134 0.570439 0 
vn 0.687842 0.72586 0 
vn 0.758582 0.651578 0 
vn 0.609865 0.792505 0 
vn 0.687842 0.72586 0 
vn 0.525471 0.850812 0 
vn 0.609865 0.792505 0 
vn 0.435547 0.900166 0 
vn 0.525471 0.850812 0 
vn 0.341041 0.940048 0 
vn 0.435547 0.900166 0 
vn -0.0942376 0.99555 0 
vn -0.19448 0.980907 0 
vn 0.00530984 0.999986 0 
vn 0.106628 0.994299 0 
vn 0.193822 0.981037 0 
vn 0.283319 0.959026 0 
vn 0.3505 0.936563 0 
vn -0.19448 0.980907 0 
vn 0.696548 -0.71751 0 
vn 0.745595 -0.666399 0 
vn 0.627532 -0.778591 0 
vn 0.556488 -0.830856 0 
vn 0.469418 -0.882976 0 
vn 0.379212 -0.92531 0 
vn 0.283647 -0.958929 0 
vn 0.556488 -0.830856 0 
vn 0.745595 -0.666399 0 
vn 0.967378 0.253337 0 
vn 0.974302 0.225244 0 
vn 0.946102 0.323869 0 
vn 0.907947 0.419085 0 
vn 0.860238 0.509892 0 
vn 0.803478 0.595334 0 
vn 0.738264 0.674512 0 
vn 0.665281 0.746593 0 
vn 0.585299 0.810818 0 
vn 0.499158 0.866511 0 
vn 0.407765 0.913087 0 
vn 0.312081 0.950055 0 
vn 0.213114 0.977027 0 
vn 0.111904 0.993719 0 
vn 0.00951668 0.999955 0 
vn -0.0929707 0.995669 0 
vn -0.19448 0.980907 0 
vn 0.380389 -0.924827 0 
vn 0.283647 -0.958929 0 
vn 0.473129 -0.880993 0 
vn 0.380389 -0.924827 0 
vn 0.56089 -0.82789 0 
vn 0.473129 -0.880993 0 
vn 0.64275 -0.766076 0 
vn 0.56089 -0.82789 0 
vn 0.717847 -0.696201 0 
vn 0.64275 -0.766076 0 
vn 0.78539 -0.619001 0 
vn 0.717847 -0.696201 0 
vn 0.84467 -0.535287 0 
vn 0.78539 -0.619001 0 
vn 0.895062 -0.445941 0 
vn 0.84467 -0.535287 0 
vn 0.936036 -0.351903 0 
vn 0.895062 -0.445941 0 
vn 0.967162 -0.254163 0 
vn 0.936036 -0.351903 0 
vn 0.98811 -0.153747 0 
vn 0.967162 -0.254163 0 
vn 0.998662 -0.0517147 0 
vn 0.98811 -0.153747 0 
vn 0.998706 0.0508622 0 
vn 0.998662 -0.0517147 0 
vn 0.988241 0.152904 0 
vn 0.998706 0.0508622 0 
vn 0.967378 0.253337 0 
vn 0.988241 0.152904 0 
vn -0.32975 0.944068 0 
vn -0.423575 0.905861 0 
vn -0.234157 0.972199 0 
vn -0.134422 0.990924 0 
vn -0.0465872 0.998914 0 
vn 0.0455769 0.998961 0 
vn 0.116181 0.993228 0 
vn -0.134422 0.990924 0 
vn -0.32975 0.944068 0 
vn 0.848019 -0.529965 0 
vn 0.883409 -0.468602 0 
vn 0.795626 -0.605788 0 
vn 0.739154 -0.673536 0 
vn 0.667088 -0.744979 0 
vn 0.589634 -0.807671 0 
vn 0.504891 -0.863183 0 
vn 0.795626 -0.605788 0 
vn 0.883409 -0.468602 0 
vn 0.87864 0.477484 0 
vn 0.892086 0.451865 0 
vn 0.841103 0.540875 0 
vn 0.78127 0.624193 0 
vn 0.713216 0.700944 0 
vn 0.637658 0.77032 0 
vn 0.55539 0.83159 0 
vn 0.467278 0.88411 0 
vn 0.37425 0.927328 0 
vn 0.277284 0.960788 0 
vn 0.1774 0.984139 0 
vn 0.0756494 0.997134 0 
vn -0.0268969 0.999638 0 
vn -0.12916 0.991624 0 
vn -0.230065 0.973175 0 
vn -0.328548 0.944487 0 
vn -0.423575 0.905861 0 
vn 0.590661 -0.80692 0 
vn 0.504891 -0.863183 0 
vn 0.670216 -0.742166 0 
vn 0.590661 -0.80692 0 
vn 0.742719 -0.669603 0 
vn 0.670216 -0.742166 0 
vn 0.807407 -0.589995 0 
vn 0.742719 -0.669603 0 
vn 0.863599 -0.504179 0 
vn 0.807407 -0.589995 0 
vn 0.910705 -0.413057 0 
vn 0.863599 -0.504179 0 
vn 0.948228 -0.31759 0 
vn 0.910705 -0.413057 0 
vn 0.975774 -0.218781 0 
vn 0.948228 -0.31759 0 
vn 0.993053 -0.117669 0 
vn 0.975774 -0.218781 0 
vn 0.999883 -0.0153202 0 
vn 0.993053 -0.117669 0 
vn 0.996192 0.0871904 0 
vn 0.999883 -0.0153202 0 
vn 0.982019 0.188783 0 
vn 0.996192 0.0871904 0 
vn 0.957513 0.28839 0 
vn 0.982019 0.188783 0 
vn 0.922932 0.384962 0 
vn 0.957513 0.28839 0 
vn 0.87864 0.477484 0 
vn 0.922932 0.384962 0 
vn -0.730709 0.682689 0 
vn -0.796032 0.605255 0 
vn -0.659139 0.752021 0 
vn -0.57953 0.814951 0 
vn -0.50547 0.862844 0 
vn -0.423884 0.905717 0 
vn -0.358703 0.933452 0 
vn -0.50547 0.862844 0 
vn -0.796032 0.605255 0 
vn 0.997171 -0.0751668 0 
vn 0.99999 -0.00438619 0 
vn 0.986016 -0.166653 0 
vn 0.967496 -0.252885 0 
vn 0.936886 -0.349635 0 
vn 0.897438 -0.441141 0 
vn 0.8482 -0.529676 0 
vn 0.986016 -0.166653 0 
vn 0.99999 -0.00438619 0 
vn 0.556099 0.831116 0 
vn 0.579911 0.81468 0 
vn 0.493403 0.869801 0 
vn 0.401703 0.91577 0 
vn 0.305776 0.952103 0 
vn 0.206632 0.978419 0 
vn 0.105314 0.994439 0 
vn 0.00288775 0.999996 0 
vn -0.099569 0.995031 0 
vn -0.200978 0.979596 0 
vn -0.300272 0.953854 0 
vn -0.396407 0.918075 0 
vn -0.488371 0.872636 0 
vn -0.575196 0.818015 0 
vn -0.655969 0.754788 0 
vn -0.72984 0.683618 0 
vn -0.796032 0.605255 0 
vn 0.897999 -0.439998 0 
vn 0.8482 -0.529676 0 
vn 0.938349 -0.345691 0 
vn 0.897999 -0.439998 0 
vn 0.968825 -0.247746 0 
vn 0.938349 -0.345691 0 
vn 0.989108 -0.147194 0 
vn 0.968825 -0.247746 0 
vn 0.998983 -0.0450934 0 
vn 0.989108 -0.147194 0 
vn 0.998347 0.0574816 0 
vn 0.998983 -0.0450934 0 
vn 0.987206 0.159452 0 
vn 0.998347 0.0574816 0 
vn 0.965677 0.259744 0 
vn 0.987206 0.159452 0 
vn 0.933988 0.357303 0 
vn 0.965677 0.259744 0 
vn 0.892472 0.451103 0 
vn 0.933988 0.357303 0 
vn 0.841565 0.540157 0 
vn 0.892472 0.451103 0 
vn 0.781802 0.623526 0 
vn 0.841565 0.540157 0 
vn 0.713814 0.700335 0 
vn 0.781802 0.623526 0 
vn 0.638315 0.769775 0 
vn 0.713814 0.700335 0 
vn 0.556099 0.831116 0 
vn 0.638315 0.769775 0 
vn -0.546098 0.837721 0 
vn -0.628053 0.77817 0 
vn -0.460015 0.887911 0 
vn -0.36766 0.92996 0 
vn -0.284289 0.958739 0 
vn -0.194814 0.98084 0 
vn -0.12489 0.992171 0 
vn -0.284289 0.958739 0 
vn -0.628053 0.77817 0 
vn 0.950206 -0.311621 0 
vn 0.969883 -0.243572 0 
vn 0.917481 -0.39778 0 
vn 0.878863 -0.477073 0 
vn 0.825989 -0.563687 0 
vn 0.765788 -0.643093 0 
vn 0.696793 -0.717272 0 
vn 0.969883 -0.243572 0 
vn 0.738839 0.673882 0 
vn 0.758026 0.652225 0 
vn 0.687222 0.726447 0 
vn 0.609188 0.793026 0 
vn 0.524744 0.85126 0 
vn 0.434779 0.900537 0 
vn 0.340239 0.940339 0 
vn 0.242119 0.970247 0 
vn 0.141451 0.989945 0 
vn 0.0392946 0.999228 0 
vn -0.0632749 0.997996 0 
vn -0.165179 0.986264 0 
vn -0.265344 0.964154 0 
vn -0.362718 0.931899 0 
vn -0.456276 0.889839 0 
vn -0.545032 0.838415 0 
vn -0.628053 0.77817 0 
vn 0.766606 -0.642118 0 
vn 0.696793 -0.717272 0 
vn 0.828353 -0.560207 0 
vn 0.766606 -0.642118 0 
vn 0.881383 -0.472402 0 
vn 0.828353 -0.560207 0 
vn 0.92514 -0.379626 0 
vn 0.881383 -0.472402 0 
vn 0.959163 -0.282855 0 
vn 0.92514 -0.379626 0 
vn 0.983093 -0.183109 0 
vn 0.959163 -0.282855 0 
vn 0.996679 -0.0814354 0 
vn 0.983093 -0.183109 0 
vn 0.999777 0.0210947 0 
vn 0.996679 -0.0814354 0 
vn 0.992357 0.123403 0 
vn 0.999777 0.0210947 0 
vn 0.974494 0.224413 0 
vn 0.992357 0.123403 0 
vn 0.946378 0.323061 0 
vn 0.974494 0.224413 0 
vn 0.908304 0.41831 0 
vn 0.946378 0.323061 0 
vn 0.860673 0.509158 0 
vn 0.908304 0.41831 0 
vn 0.803986 0.594648 0 
vn 0.860673 0.509158 0 
vn 0.738839 0.673882 0 
vn 0.803986 0.594648 0 
vn 0.108119 0.994138 0 
vn 2.44929e-16 1 0 
vn 0.21497 0.976621 0 
vn 0.108119 0.994138 0 
vn 0.319302 0.947653 0 
vn 0.21497 0.976621 0 
vn 0.419889 0.907575 0 
vn 0.319302 0.947653 0 
vn 0.515554 0.856857 0 
vn 0.419889 0.907575 0 
vn 0.605174 0.796093 0 
vn 0.515554 0.856857 0 
vn 0.687699 0.725995 0 
vn 0.605174 0.796093 0 
vn 0.762162 0.647386 0 
vn 0.687699 0.725995 0 
vn 0.827689 0.561187 0 
vn 0.762162 0.647386 0 
vn 0.883512 0.468408 0 
vn 0.827689 0.561187 0 
vn 0.928977 0.370138 0 
vn 0.883512 0.468408 0 
vn 0.96355 0.267528 0 
vn 0.928977 0.370138 0 
vn 0.986827 0.161782 0 
vn 0.96355 0.267528 0 
vn 0.998533 0.0541389 0 
vn 0.986827 0.161782 0 
vn 0.998533 -0.0541389 0 
vn 0.998533 0.0541389 0 
vn 0.986827 -0.161782 0 
vn 0.998533 -0.0541389 0 
vn 0.96355 -0.267528 0 
vn 0.986827 -0.161782 0 
vn 0.928977 -0.370138 0 
vn 0.96355 -0.267528 0 
vn 0.883512 -0.468408 0 
vn 0.928977 -0.370138 0 
vn 0.827689 -0.561187 0 
vn 0.883512 -0.468408 0 
vn 0.762162 -0.647386 0 
vn 0.827689 -0.561187 0 
vn 0.687699 -0.725995 0 
vn 0.762162 -0.647386 0 
vn 0.605174 -0.796093 0 
vn 0.687699 -0.725995 0 
vn 0.515554 -0.856857 0 
vn 0.605174 -0.796093 0 
vn 0.419889 -0.907575 0 
vn 0.515554 -0.856857 0 
vn 0.319302 -0.947653 0 
vn 0.419889 -0.907575 0 
vn 0.21497 -0.976621 0 
vn 0.319302 -0.947653 0 
vn 0.108119 -0.994138 0 
vn 0.21497 -0.976621 0 
vn -1.22465e-16 -1 0 
vn 0.108119 -0.994138 0 
vn -0.108119 -0.994138 0 
vn -1.22465e-16 -1 0 
vn -0.21497 -0.976621 0 
vn -0.108119 -0.994138 0 
vn -0.319302 -0.947653 0 
vn -0.21497 -0.976621 0 
vn -0.419889 -0.907575 0 
vn -0.319302 -0.947653 0 
vn -0.515554 -0.856857 0 
vn -0.419889 -0.907575 0 
vn -0.605174 -0.796093 0 
vn -0.515554 -0.856857 0 
vn -0.687699 -0.725995 0 
vn -0.605174 -0.796093 0 
vn -0.762162 -0.647386 0 
vn -0.687699 -0.725995 0 
vn -0.827689 -0.561187 0 
vn -0.762162 -0.647386 0 
vn -0.883512 -0.468408 0 
vn -0.827689 -0.561187 0 
vn -0.928977 -0.370138 0 
vn -0.883512 -0.468408 0 
vn -0.96355 -0.267528 0 
vn -0.928977 -0.370138 0 
vn -0.986827 -0.161782 0 
vn -0.96355 -0.267528 0 
vn -0.998533 -0.0541389 0 
vn -0.986827 -0.161782 0 
vn -0.998533 0.0541389 0 
vn -0.998533 -0.0541389 0 
vn -0.986827 0.161782 0 
vn -0.998533 0.0541389 0 
vn -0.96355 0.267528 0 
vn -0.986827 0.161782 0 
vn -0.928977 0.370138 0 
vn -0.96355 0.267528 0 
vn -0.883512 0.468408 0 
vn -0.928977 0.370138 0 
vn -0.827689 0.561187 0 
vn -0.883512 0.468408 0 
vn -0.762162 0.647386 0 
vn -0.827689 0.561187 0 
vn -0.687699 0.725995 0 
vn -0.762162 0.647386 0 
vn -0.605174 0.796093 0 
vn -0.687699 0.725995 0 
vn -0.515554 0.856857 0 
vn -0.605174 0.796093 0 
vn -0.419889 0.907575 0 
vn -0.515554 0.856857 0 
vn -0.319302 0.947653 0 
vn -0.419889 0.907575 0 
vn -0.21497 0.976621 0 
vn -0.319302 0.947653 0 
vn -0.108119 0.994138 0 
vn -0.21497 0.976621 0 
usemtl 0.615686_0.811765_0.929412_0.000000_0.000000
o mesh0
f 1//1 2//2 3//2 
f 4//3 1//1 5//4 
f 6//5 4//3 7//6 
f 8//7 6//5 9//8 
f 10//9 8//7 11//10 
f 12//11 10//9 13//12 
f 14//13 12//11 15//14 
f 16//15 14//13 17//16 
f 18//17 16//15 19//18 
f 20//19 18//17 21//20 
f 22//21 20//19 23//22 
f 24//23 22//21 25//24 
f 26//25 24//23 27//26 
f 28//27 26//25 29//28 
f 30//29 28//27 31//30 
f 32//31 30//29 33//32 
f 34//33 32//31 35//34 
f 36//35 34//33 37//36 
f 38//37 36//35 39//38 
f 40//39 38//37 41//40 
f 42//41 40//39 43//42 
f 44//43 42//41 45//44 
f 46//45 44//43 47//46 
f 48//47 46//45 49//48 
f 50//49 48//47 51//50 
f 52//51 50//49 53//52 
f 54//53 52//51 55//54 
f 56//55 54//53 57//56 
f 58//57 56//55 59//58 
f 60//59 58//57 61//60 
f 62//61 60//59 63//62 
f 64//63 62//61 65//64 
f 66//65 64//63 67//66 
f 68//67 66//65 69//68 
f 70//69 68//67 71//70 
f 72//71 70//69 73//72 
f 74//73 72//71 75//74 
f 76//75 74//73 77//76 
f 78//77 76//75 79//78 
f 80//79 78//77 81//80 
f 82//81 80//79 83//82 
f 84//83 82//81 85//84 
f 86//85 84//83 87//86 
f 88//87 86//85 89//88 
f 90//89 88//87 91//90 
f 92//91 90//89 93//92 
f 94//93 92//91 95//94 
f 96//95 94//93 97//96 
f 98//97 96//95 99//98 
f 100//99 98//97 101//100 
f 102//101 100//99 103//102 
f 104//103 102//101 105//104 
f 106//105 104//103 107//106 
f 108//107 106//105 109//108 
f 110//109 108//107 111//110 
f 112//111 110//109 113//112 
f 114//113 112//111 115//114 
f 2//2 114//113 116//113 
f 116//113 3//2 2//2 
f 115//114 116//113 114//113 
f 113//112 115//114 112//111 
f 111//110 113//112 110//109 
f 109//108 111//110 108//107 
f 107//106 109//108 106//105 
f 105//104 107//106 104//103 
f 103//102 105//104 102//101 
f 101//100 103//102 100//99 
f 99//98 101//100 98//97 
f 97//96 99//98 96//95 
f 95//94 97//96 94//93 
f 93//92 95//94 92//91 
f 91//90 93//92 90//89 
f 89//88 91//90 88//87 
f 87//86 89//88 86//85 
f 85//84 87//86 84//83 
f 83//82 85//84 82//81 
f 81//80 83//82 80//79 
f 79//78 81//80 78//77 
f 77//76 79//78 76//75 
f 75//74 77//76 74//73 
f 73//72 75//74 72//71 
f 71//70 73//72 70//69 
f 69//68 71//70 68//67 
f 67//66 69//68 66//65 
f 65//64 67//66 64//63 
f 63//62 65//64 62//61 
f 61//60 63//62 60//59 
f 59//58 61//60 58//57 
f 57//56 59//58 56//55 
f 55//54 57//56 54//53 
f 53//52 55//54 52//51 
f 51//50 53//52 50//49 
f 49//48 51//50 48//47 
f 47//46 49//48 46//45 
f 45//44 47//46 44//43 
f 43//42 45//44 42//41 
f 41//40 43//42 40//39 
f 39//38 41//40 38//37 
f 37//36 39//38 36//35 
f 35//34 37//36 34//33 
f 33//32 35//34 32//31 
f 31//30 33//32 30//29 
f 29//28 31//30 28//27 
f 27//26 29//28 26//25 
f 25//24 27//26 24//23 
f 23//22 25//24 22//21 
f 21//20 23//22 20//19 
f 19//18 21//20 18//17 
f 17//16 19//18 16//15 
f 15//14 17//16 14//13 
f 13//12 15//14 12//11 
f 11//10 13//12 10//9 
f 9//8 11//10 8//7 
f 7//6 9//8 6//5 
f 5//4 7//6 4//3 
f 3//2 5//4 1//1 
o mesh1
f 117//115 118//115 119//115 
f 120//115 121//115 122//115 
f 119//115 123//115 117//115 
f 124//115 125//115 126//115 
f 127//115 128//115 129//115 
f 130//115 131//115 132//115 
f 133//115 134//115 135//115 
f 120//115 136//115 121//115 
f 137//115 138//115 139//115 
f 123//115 140//115 117//115 
f 124//115 141//115 125//115 
f 127//115 126//115 128//115 
f 142//115 143//115 144//115 
f 145//115 146//115 147//115 
f 130//115 148//115 131//115 
f 149//115 150//115 151//115 
f 133//115 152//115 134//115 
f 153//115 154//115 155//115 
f 156//115 157//115 158//115 
f 159//115 160//115 161//115 
f 162//115 163//115 164//115 
f 165//115 166//115 167//115 
f 120//115 168//115 169//115 
f 120//115 170//115 136//115 
f 139//115 171//115 137//115 
f 140//115 172//115 117//115 
f 173//115 174//115 175//115 
f 129//115 176//115 127//115 
f 176//115 129//115 142//115 
f 147//115 177//115 145//115 
f 178//115 179//115 180//115 
f 130//115 181//115 148//115 
f 149//115 182//115 183//115 
f 151//115 184//115 149//115 
f 133//115 185//115 152//115 
f 186//115 187//115 188//115 
f 189//115 186//115 190//115 
f 191//115 192//115 193//115 
f 194//115 195//115 196//115 
f 153//115 197//115 154//115 
f 153//115 195//115 198//115 
f 156//115 199//115 157//115 
f 200//115 201//115 202//115 
f 203//115 200//115 204//115 
f 205//115 206//115 207//115 
f 208//115 209//115 210//115 
f 159//115 211//115 160//115 
f 212//115 213//115 214//115 
f 215//115 216//115 217//115 
f 164//115 218//115 162//115 
f 219//115 220//115 221//115 
f 167//115 222//115 165//115 
f 223//115 224//115 225//115 
f 169//115 226//115 120//115 
f 120//115 227//115 228//115 
f 122//115 229//115 120//115 
f 172//115 138//115 117//115 
f 117//115 230//115 231//115 
f 173//115 232//115 233//115 
f 173//115 234//115 235//115 
f 173//115 236//115 174//115 
f 144//115 176//115 142//115 
f 177//115 237//115 145//115 
f 178//115 124//115 179//115 
f 130//115 238//115 181//115 
f 150//115 239//115 240//115 
f 184//115 182//115 149//115 
f 241//115 242//115 243//115 
f 244//115 245//115 246//115 
f 247//115 248//115 249//115 
f 244//115 250//115 251//115 
f 133//115 252//115 185//115 
f 253//115 187//115 254//115 
f 188//115 255//115 186//115 
f 190//115 256//115 189//115 
f 191//115 257//115 192//115 
f 196//115 258//115 194//115 
f 198//115 197//115 153//115 
f 156//115 259//115 199//115 
f 260//115 261//115 262//115 
f 263//115 201//115 264//115 
f 202//115 265//115 200//115 
f 204//115 266//115 203//115 
f 267//115 268//115 205//115 
f 269//115 270//115 271//115 
f 208//115 272//115 209//115 
f 208//115 270//115 273//115 
f 274//115 275//115 276//115 
f 159//115 277//115 211//115 
f 214//115 278//115 212//115 
f 217//115 279//115 215//115 
f 162//115 280//115 281//115 
f 162//115 282//115 163//115 
f 162//115 283//115 284//115 
f 283//115 162//115 285//115 
f 221//115 286//115 219//115 
f 222//115 287//115 165//115 
f 288//115 289//115 290//115 
f 288//115 291//115 292//115 
f 293//115 294//115 295//115 
f 225//115 120//115 223//115 
f 120//115 296//115 297//115 
f 228//115 168//115 120//115 
f 229//115 298//115 120//115 
f 117//115 299//115 118//115 
f 117//115 300//115 301//115 
f 231//115 302//115 117//115 
f 173//115 303//115 304//115 
f 233//115 305//115 173//115 
f 306//115 307//115 308//115 
f 235//115 306//115 173//115 
f 173//115 117//115 236//115 
f 124//115 309//115 141//115 
f 124//115 310//115 311//115 
f 237//115 312//115 145//115 
f 145//115 313//115 314//115 
f 130//115 315//115 316//115 
f 178//115 317//115 318//115 
f 180//115 319//115 178//115 
f 130//115 145//115 238//115 
f 320//115 321//115 322//115 
f 323//115 324//115 325//115 
f 240//115 326//115 150//115 
f 183//115 327//115 149//115 
f 328//115 329//115 330//115 
f 241//115 331//115 242//115 
f 241//115 329//115 332//115 
f 246//115 333//115 244//115 
f 247//115 334//115 335//115 
f 249//115 336//115 247//115 
f 251//115 337//115 244//115 
f 244//115 338//115 339//115 
f 133//115 340//115 252//115 
f 254//115 341//115 253//115 
f 256//115 342//115 189//115 
f 343//115 192//115 344//115 
f 193//115 153//115 191//115 
f 345//115 346//115 347//115 
f 153//115 348//115 349//115 
f 155//115 350//115 153//115 
f 351//115 352//115 353//115 
f 156//115 354//115 259//115 
f 354//115 156//115 260//115 
f 355//115 356//115 357//115 
f 264//115 358//115 263//115 
f 266//115 359//115 203//115 
f 207//115 360//115 361//115 
f 207//115 267//115 205//115 
f 267//115 362//115 363//115 
f 271//115 364//115 269//115 
f 273//115 272//115 208//115 
f 274//115 365//115 275//115 
f 274//115 366//115 367//115 
f 159//115 368//115 277//115 
f 278//115 369//115 212//115 
f 370//115 371//115 372//115 
f 279//115 373//115 215//115 
f 218//115 280//115 162//115 
f 285//115 374//115 283//115 
f 375//115 376//115 377//115 
f 378//115 376//115 379//115 
f 286//115 380//115 219//115 
f 287//115 381//115 165//115 
f 288//115 382//115 383//115 
f 290//115 384//115 288//115 
f 292//115 385//115 288//115 
f 288//115 386//115 387//115 
f 293//115 219//115 294//115 
f 297//115 223//115 120//115 
f 298//115 227//115 120//115 
f 117//115 388//115 299//115 
f 302//115 300//115 117//115 
f 304//115 117//115 173//115 
f 305//115 389//115 173//115 
f 173//115 390//115 391//115 
f 173//115 225//115 392//115 
f 306//115 393//115 394//115 
f 235//115 307//115 306//115 
f 175//115 395//115 173//115 
f 124//115 396//115 309//115 
f 124//115 397//115 398//115 
f 124//115 399//115 310//115 
f 178//115 306//115 400//115 
f 312//115 401//115 145//115 
f 314//115 402//115 145//115 
f 130//115 403//115 313//115 
f 316//115 404//115 130//115 
f 130//115 405//115 406//115 
f 318//115 407//115 178//115 
f 319//115 408//115 178//115 
f 132//115 409//115 130//115 
f 410//115 411//115 412//115 
f 413//115 414//115 415//115 
f 322//115 416//115 320//115 
f 417//115 418//115 419//115 
f 420//115 421//115 422//115 
f 420//115 323//115 423//115 
f 323//115 424//115 324//115 
f 425//115 426//115 427//115 
f 425//115 428//115 429//115 
f 327//115 430//115 149//115 
f 425//115 431//115 432//115 
f 330//115 433//115 328//115 
f 332//115 331//115 241//115 
f 333//115 434//115 244//115 
f 244//115 435//115 436//115 
f 437//115 335//115 438//115 
f 335//115 189//115 247//115 
f 336//115 439//115 247//115 
f 247//115 440//115 441//115 
f 337//115 442//115 244//115 
f 339//115 443//115 244//115 
f 133//115 444//115 445//115 
f 135//115 446//115 133//115 
f 255//115 190//115 186//115 
f 192//115 343//115 193//115 
f 191//115 447//115 448//115 
f 347//115 449//115 345//115 
f 345//115 450//115 451//115 
f 345//115 452//115 453//115 
f 191//115 454//115 455//115 
f 153//115 456//115 457//115 
f 153//115 458//115 348//115 
f 153//115 459//115 460//115 
f 194//115 198//115 195//115 
f 461//115 462//115 463//115 
f 464//115 465//115 462//115 
f 466//115 467//115 465//115 
f 466//115 468//115 469//115 
f 466//115 470//115 471//115 
f 466//115 472//115 473//115 
f 353//115 466//115 351//115 
f 262//115 354//115 260//115 
f 474//115 475//115 476//115 
f 203//115 477//115 475//115 
f 478//115 479//115 480//115 
f 355//115 481//115 482//115 
f 357//115 483//115 355//115 
f 355//115 484//115 485//115 
f 265//115 204//115 200//115 
f 206//115 360//115 207//115 
f 267//115 486//115 487//115 
f 363//115 488//115 267//115 
f 267//115 489//115 490//115 
f 491//115 492//115 493//115 
f 210//115 494//115 208//115 
f 367//115 365//115 274//115 
f 274//115 495//115 496//115 
f 497//115 498//115 499//115 
f 159//115 500//115 368//115 
f 369//115 501//115 212//115 
f 502//115 503//115 504//115 
f 372//115 505//115 370//115 
f 373//115 506//115 215//115 
f 507//115 508//115 509//115 
f 507//115 510//115 511//115 
f 162//115 512//115 282//115 
f 285//115 513//115 374//115 
f 285//115 514//115 515//115 
f 285//115 516//115 517//115 
f 377//115 518//115 375//115 
f 380//115 378//115 219//115 
f 381//115 519//115 165//115 
f 384//115 382//115 288//115 
f 288//115 520//115 521//115 
f 288//115 522//115 523//115 
f 387//115 291//115 288//115 
f 288//115 524//115 525//115 
f 295//115 526//115 293//115 
f 225//115 527//115 528//115 
f 226//115 296//115 120//115 
f 301//115 388//115 117//115 
f 389//115 303//115 173//115 
f 392//115 390//115 173//115 
f 394//115 529//115 306//115 
f 308//115 530//115 306//115 
f 173//115 531//115 532//115 
f 173//115 533//115 534//115 
f 395//115 535//115 173//115 
f 398//115 396//115 124//115 
f 124//115 536//115 399//115 
f 178//115 537//115 538//115 
f 400//115 539//115 178//115 
f 145//115 540//115 146//115 
f 402//115 541//115 145//115 
f 130//115 542//115 403//115 
f 130//115 543//115 544//115 
f 130//115 545//115 546//115 
f 406//115 315//115 130//115 
f 130//115 178//115 547//115 
f 178//115 548//115 549//115 
f 407//115 550//115 178//115 
f 408//115 551//115 178//115 
f 409//115 552//115 130//115 
f 410//115 553//115 554//115 
f 412//115 555//115 410//115 
f 556//115 557//115 558//115 
f 413//115 559//115 560//115 
f 561//115 562//115 559//115 
f 563//115 564//115 565//115 
f 413//115 566//115 414//115 
f 416//115 567//115 320//115 
f 80//115 568//115 569//115 
f 419//115 570//115 417//115 
f 420//115 571//115 572//115 
f 420//115 573//115 574//115 
f 420//115 575//115 421//115 
f 420//115 576//115 577//115 
f 420//115 578//115 579//115 
f 423//115 580//115 420//115 
f 323//115 581//115 424//115 
f 582//115 583//115 584//115 
f 585//115 427//115 583//115 
f 425//115 586//115 426//115 
f 425//115 587//115 588//115 
f 429//115 589//115 425//115 
f 149//115 590//115 591//115 
f 592//115 593//115 594//115 
f 326//115 151//115 150//115 
f 425//115 595//115 431//115 
f 243//115 596//115 241//115 
f 244//115 597//115 245//115 
f 436//115 598//115 244//115 
f 335//115 437//115 189//115 
f 441//115 248//115 247//115 
f 244//115 599//115 600//115 
f 443//115 250//115 244//115 
f 244//115 601//115 602//115 
f 244//115 133//115 603//115 
f 133//115 604//115 444//115 
f 446//115 605//115 133//115 
f 253//115 188//115 187//115 
f 448//115 257//115 191//115 
f 191//115 606//115 607//115 
f 345//115 608//115 609//115 
f 449//115 610//115 345//115 
f 451//115 611//115 345//115 
f 453//115 612//115 345//115 
f 351//115 613//115 614//115 
f 351//115 615//115 616//115 
f 191//115 617//115 454//115 
f 457//115 191//115 153//115 
f 460//115 458//115 153//115 
f 350//115 618//115 153//115 
f 462//115 461//115 464//115 
f 465//115 156//115 466//115 
f 471//115 468//115 466//115 
f 353//115 472//115 466//115 
f 158//115 619//115 156//115 
f 475//115 474//115 203//115 
f 478//115 620//115 477//115 
f 478//115 621//115 622//115 
f 480//115 623//115 478//115 
f 355//115 624//115 479//115 
f 482//115 625//115 355//115 
f 483//115 626//115 355//115 
f 485//115 627//115 355//115 
f 355//115 628//115 629//115 
f 263//115 202//115 201//115 
f 267//115 630//115 268//115 
f 488//115 486//115 267//115 
f 267//115 631//115 632//115 
f 267//115 633//115 634//115 
f 267//115 635//115 489//115 
f 491//115 636//115 492//115 
f 269//115 273//115 270//115 
f 496//115 366//115 274//115 
f 274//115 637//115 638//115 
f 497//115 639//115 498//115 
f 497//115 640//115 641//115 
f 161//115 642//115 159//115 
f 643//115 644//115 645//115 
f 501//115 646//115 212//115 
f 212//115 647//115 648//115 
f 502//115 649//115 503//115 
f 506//115 371//115 215//115 
f 215//115 650//115 651//115 
f 509//115 215//115 507//115 
f 507//115 652//115 653//115 
f 507//115 654//115 510//115 
f 162//115 655//115 656//115 
f 162//115 657//115 658//115 
f 284//115 512//115 162//115 
f 517//115 514//115 285//115 
f 379//115 219//115 378//115 
f 219//115 659//115 660//115 
f 293//115 162//115 661//115 
f 165//115 662//115 166//115 
f 165//115 663//115 664//115 
f 383//115 165//115 288//115 
f 523//115 520//115 288//115 
f 525//115 386//115 288//115 
f 293//115 665//115 666//115 
f 293//115 667//115 668//115 
f 526//115 669//115 293//115 
f 224//115 527//115 225//115 
f 304//115 230//115 117//115 
f 391//115 670//115 173//115 
f 530//115 393//115 306//115 
f 534//115 531//115 173//115 
f 535//115 671//115 173//115 
f 311//115 397//115 124//115 
f 538//115 124//115 178//115 
f 178//115 672//115 673//115 
f 539//115 674//115 178//115 
f 145//115 675//115 540//115 
f 313//115 145//115 130//115 
f 544//115 676//115 130//115 
f 404//115 545//115 130//115 
f 547//115 677//115 130//115 
f 549//115 678//115 178//115 
f 551//115 317//115 178//115 
f 130//115 679//115 680//115 
f 552//115 681//115 130//115 
f 555//115 553//115 410//115 
f 682//115 554//115 556//115 
f 563//115 683//115 684//115 
f 563//115 685//115 686//115 
f 687//115 688//115 689//115 
f 690//115 560//115 688//115 
f 560//115 691//115 413//115 
f 561//115 692//115 562//115 
f 561//115 693//115 694//115 
f 563//115 695//115 696//115 
f 563//115 697//115 698//115 
f 563//115 699//115 564//115 
f 413//115 700//115 566//115 
f 320//115 701//115 702//115 
f 567//115 703//115 320//115 
f 704//115 705//115 706//115 
f 94//115 707//115 708//115 
f 80//115 709//115 710//115 
f 80//115 711//115 568//115 
f 570//115 712//115 417//115 
f 420//115 713//115 714//115 
f 420//115 715//115 571//115 
f 716//115 717//115 718//115 
f 422//115 573//115 420//115 
f 577//115 719//115 420//115 
f 580//115 578//115 420//115 
f 323//115 720//115 721//115 
f 323//115 722//115 581//115 
f 722//115 323//115 723//115 
f 149//115 724//115 725//115 
f 583//115 582//115 585//115 
f 427//115 241//115 425//115 
f 588//115 726//115 425//115 
f 589//115 727//115 425//115 
f 149//115 728//115 729//115 
f 591//115 730//115 149//115 
f 149//115 731//115 732//115 
f 592//115 150//115 593//115 
f 150//115 733//115 239//115 
f 734//115 735//115 736//115 
f 432//115 737//115 425//115 
f 425//115 738//115 739//115 
f 425//115 740//115 741//115 
f 241//115 742//115 743//115 
f 241//115 744//115 745//115 
f 328//115 332//115 329//115 
f 746//115 245//115 747//115 
f 434//115 133//115 244//115 
f 244//115 748//115 749//115 
f 598//115 750//115 244//115 
f 439//115 334//115 247//115 
f 247//115 751//115 752//115 
f 600//115 247//115 244//115 
f 442//115 753//115 244//115 
f 244//115 754//115 755//115 
f 603//115 601//115 244//115 
f 605//115 604//115 133//115 
f 342//115 756//115 189//115 
f 607//115 447//115 191//115 
f 191//115 757//115 758//115 
f 609//115 191//115 345//115 
f 345//115 759//115 760//115 
f 611//115 346//115 345//115 
f 345//115 761//115 762//115 
f 345//115 763//115 452//115 
f 616//115 613//115 351//115 
f 191//115 764//115 615//115 
f 457//115 617//115 191//115 
f 618//115 459//115 153//115 
f 465//115 464//115 156//115 
f 473//115 470//115 466//115 
f 351//115 765//115 766//115 
f 466//115 156//115 628//115 
f 619//115 767//115 156//115 
f 477//115 203//115 478//115 
f 622//115 768//115 478//115 
f 479//115 478//115 355//115 
f 626//115 481//115 355//115 
f 629//115 484//115 355//115 
f 478//115 203//115 769//115 
f 359//115 770//115 203//115 
f 207//115 771//115 772//115 
f 487//115 630//115 267//115 
f 634//115 631//115 267//115 
f 267//115 769//115 635//115 
f 773//115 492//115 774//115 
f 493//115 208//115 491//115 
f 491//115 207//115 775//115 
f 494//115 776//115 208//115 
f 274//115 777//115 778//115 
f 274//115 779//115 780//115 
f 276//115 781//115 274//115 
f 638//115 782//115 274//115 
f 783//115 498//115 784//115 
f 499//115 785//115 497//115 
f 497//115 786//115 640//115 
f 787//115 788//115 789//115 
f 159//115 790//115 788//115 
f 642//115 791//115 159//115 
f 792//115 793//115 794//115 
f 643//115 795//115 644//115 
f 212//115 796//115 213//115 
f 648//115 797//115 212//115 
f 502//115 798//115 649//115 
f 799//115 800//115 801//115 
f 215//115 802//115 216//115 
f 215//115 803//115 804//115 
f 509//115 650//115 215//115 
f 653//115 805//115 507//115 
f 507//115 806//115 807//115 
f 507//115 800//115 808//115 
f 507//115 215//115 654//115 
f 658//115 655//115 162//115 
f 515//115 513//115 285//115 
f 219//115 809//115 220//115 
f 219//115 810//115 659//115 
f 661//115 219//115 293//115 
f 165//115 811//115 662//115 
f 383//115 663//115 165//115 
f 385//115 522//115 288//115 
f 288//115 293//115 812//115 
f 666//115 813//115 293//115 
f 668//115 814//115 293//115 
f 669//115 815//115 293//115 
f 288//115 816//115 170//115 
f 528//115 817//115 225//115 
f 670//115 232//115 173//115 
f 532//115 234//115 173//115 
f 671//115 818//115 173//115 
f 538//115 536//115 124//115 
f 674//115 672//115 178//115 
f 541//115 675//115 145//115 
f 676//115 819//115 130//115 
f 677//115 405//115 130//115 
f 550//115 548//115 178//115 
f 680//115 820//115 130//115 
f 130//115 821//115 822//115 
f 681//115 823//115 130//115 
f 558//115 682//115 556//115 
f 410//115 824//115 825//115 
f 410//115 563//115 826//115 
f 563//115 827//115 683//115 
f 563//115 828//115 685//115 
f 563//115 829//115 830//115 
f 563//115 831//115 832//115 
f 688//115 687//115 690//115 
f 560//115 833//115 691//115 
f 561//115 834//115 692//115 
f 561//115 835//115 693//115 
f 696//115 561//115 563//115 
f 563//115 836//115 837//115 
f 563//115 838//115 697//115 
f 563//115 410//115 699//115 
f 413//115 839//115 700//115 
f 703//115 701//115 320//115 
f 840//115 841//115 842//115 
f 843//115 844//115 845//115 
f 846//115 847//115 848//115 
f 704//115 849//115 705//115 
f 850//115 110//115 112//115 
f 851//115 708//115 852//115 
f 708//115 853//115 94//115 
f 94//115 854//115 855//115 
f 94//115 856//115 857//115 
f 858//115 859//115 860//115 
f 80//115 861//115 709//115 
f 80//115 862//115 863//115 
f 569//115 864//115 80//115 
f 712//115 865//115 417//115 
f 420//115 866//115 867//115 
f 572//115 713//115 420//115 
f 868//115 869//115 870//115 
f 716//115 871//115 717//115 
f 872//115 873//115 874//115 
f 719//115 575//115 420//115 
f 579//115 875//115 420//115 
f 721//115 876//115 323//115 
f 723//115 877//115 722//115 
f 878//115 725//115 879//115 
f 725//115 150//115 149//115 
f 149//115 880//115 881//115 
f 427//115 585//115 241//115 
f 727//115 587//115 425//115 
f 729//115 425//115 149//115 
f 730//115 882//115 149//115 
f 732//115 883//115 149//115 
f 149//115 430//115 884//115 
f 150//115 592//115 733//115 
f 736//115 885//115 734//115 
f 425//115 886//115 735//115 
f 737//115 887//115 425//115 
f 739//115 888//115 425//115 
f 425//115 743//115 740//115 
f 241//115 889//115 742//115 
f 241//115 890//115 744//115 
f 596//115 891//115 241//115 
f 245//115 746//115 246//115 
f 750//115 748//115 244//115 
f 752//115 440//115 247//115 
f 753//115 599//115 244//115 
f 755//115 892//115 244//115 
f 445//115 603//115 133//115 
f 247//115 189//115 763//115 
f 756//115 893//115 189//115 
f 758//115 606//115 191//115 
f 609//115 894//115 191//115 
f 610//115 759//115 345//115 
f 612//115 761//115 345//115 
f 615//115 351//115 191//115 
f 349//115 456//115 153//115 
f 469//115 467//115 466//115 
f 766//115 895//115 351//115 
f 156//115 896//115 628//115 
f 767//115 897//115 156//115 
f 768//115 620//115 478//115 
f 625//115 624//115 355//115 
f 355//115 898//115 899//115 
f 627//115 900//115 355//115 
f 203//115 901//115 769//115 
f 770//115 902//115 203//115 
f 361//115 771//115 207//115 
f 490//115 633//115 267//115 
f 492//115 773//115 493//115 
f 775//115 903//115 491//115 
f 491//115 208//115 904//115 
f 776//115 905//115 208//115 
f 780//115 777//115 274//115 
f 782//115 495//115 274//115 
f 906//115 904//115 907//115 
f 498//115 783//115 499//115 
f 497//115 908//115 909//115 
f 497//115 910//115 786//115 
f 497//115 274//115 911//115 
f 787//115 912//115 913//115 
f 788//115 787//115 159//115 
f 791//115 914//115 159//115 
f 915//115 916//115 917//115 
f 792//115 918//115 793//115 
f 643//115 919//115 795//115 
f 920//115 921//115 922//115 
f 923//115 924//115 925//115 
f 212//115 926//115 796//115 
f 797//115 927//115 212//115 
f 647//115 928//115 929//115 
f 647//115 930//115 931//115 
f 504//115 932//115 502//115 
f 801//115 933//115 934//115 
f 215//115 935//115 802//115 
f 651//115 803//115 215//115 
f 807//115 652//115 507//115 
f 808//115 936//115 507//115 
f 507//115 937//115 938//115 
f 511//115 939//115 507//115 
f 162//115 940//115 941//115 
f 281//115 657//115 162//115 
f 219//115 942//115 809//115 
f 661//115 810//115 219//115 
f 165//115 943//115 811//115 
f 521//115 289//115 288//115 
f 813//115 812//115 293//115 
f 815//115 667//115 293//115 
f 288//115 165//115 816//115 
f 137//115 117//115 138//115 
f 818//115 533//115 173//115 
f 673//115 537//115 178//115 
f 819//115 542//115 130//115 
f 678//115 547//115 178//115 
f 680//115 944//115 820//115 
f 823//115 821//115 130//115 
f 410//115 945//115 411//115 
f 826//115 824//115 410//115 
f 686//115 827//115 563//115 
f 832//115 829//115 563//115 
f 560//115 690//115 833//115 
f 694//115 834//115 561//115 
f 561//115 946//115 947//115 
f 561//115 948//115 949//115 
f 696//115 950//115 561//115 
f 698//115 836//115 563//115 
f 565//115 951//115 563//115 
f 413//115 952//115 839//115 
f 320//115 953//115 321//115 
f 840//115 954//115 955//115 
f 840//115 956//115 957//115 
f 842//115 958//115 840//115 
f 845//115 959//115 843//115 
f 843//115 960//115 961//115 
f 846//115 962//115 847//115 
f 704//115 963//115 849//115 
f 964//115 14//115 16//115 
f 850//115 1//115 4//115 
f 112//115 114//115 850//115 
f 850//115 106//115 108//115 
f 708//115 851//115 853//115 
f 94//115 965//115 966//115 
f 94//115 967//115 854//115 
f 857//115 968//115 94//115 
f 92//115 94//115 853//115 
f 858//115 969//115 859//115 
f 82//115 970//115 711//115 
f 863//115 861//115 80//115 
f 864//115 971//115 80//115 
f 865//115 972//115 417//115 
f 867//115 973//115 420//115 
f 714//115 974//115 420//115 
f 870//115 420//115 868//115 
f 868//115 975//115 976//115 
f 716//115 977//115 871//115 
f 574//115 872//115 420//115 
f 876//115 423//115 323//115 
f 325//115 978//115 323//115 
f 979//115 980//115 981//115 
f 982//115 879//115 980//115 
f 879//115 983//115 878//115 
f 725//115 984//115 150//115 
f 881//115 985//115 149//115 
f 726//115 586//115 425//115 
f 882//115 728//115 149//115 
f 883//115 986//115 149//115 
f 594//115 987//115 592//115 
f 735//115 734//115 425//115 
f 888//115 595//115 425//115 
f 743//115 425//115 241//115 
f 891//115 890//115 241//115 
f 749//115 597//115 244//115 
f 244//115 734//115 988//115 
f 600//115 751//115 247//115 
f 602//115 754//115 244//115 
f 189//115 989//115 763//115 
f 893//115 990//115 189//115 
f 894//115 757//115 191//115 
f 762//115 450//115 345//115 
f 455//115 764//115 191//115 
f 895//115 352//115 351//115 
f 156//115 991//115 896//115 
f 897//115 992//115 156//115 
f 623//115 621//115 478//115 
f 900//115 898//115 355//115 
f 203//115 993//115 901//115 
f 902//115 994//115 203//115 
f 632//115 362//115 267//115 
f 903//115 636//115 491//115 
f 208//115 995//115 904//115 
f 905//115 996//115 208//115 
f 781//115 779//115 274//115 
f 907//115 274//115 906//115 
f 909//115 639//115 497//115 
f 911//115 910//115 497//115 
f 787//115 997//115 998//115 
f 913//115 999//115 787//115 
f 914//115 790//115 159//115 
f 917//115 792//115 915//115 
f 794//115 1000//115 792//115 
f 792//115 1001//115 1002//115 
f 1003//115 1004//115 1005//115 
f 1006//115 1007//115 1004//115 
f 919//115 1008//115 1009//115 
f 645//115 1010//115 643//115 
f 1011//115 1012//115 1013//115 
f 920//115 1014//115 1015//115 
f 920//115 1016//115 921//115 
f 923//115 1017//115 924//115 
f 927//115 926//115 212//115 
f 931//115 928//115 647//115 
f 647//115 923//115 1018//115 
f 502//115 1019//115 933//115 
f 502//115 1020//115 1021//115 
f 932//115 1022//115 502//115 
f 800//115 1023//115 1024//115 
f 801//115 934//115 799//115 
f 804//115 935//115 215//115 
f 936//115 806//115 507//115 
f 938//115 285//115 507//115 
f 939//115 1025//115 507//115 
f 656//115 940//115 162//115 
f 660//115 942//115 219//115 
f 664//115 943//115 165//115 
f 814//115 665//115 293//115 
f 817//115 392//115 225//115 
f 126//115 127//115 124//115 
f 546//115 543//115 130//115 
f 822//115 679//115 130//115 
f 410//115 1026//115 945//115 
f 410//115 1027//115 1028//115 
f 684//115 826//115 563//115 
f 830//115 1029//115 563//115 
f 563//115 1030//115 1031//115 
f 559//115 413//115 561//115 
f 561//115 1032//115 946//115 
f 561//115 1033//115 1034//115 
f 949//115 1035//115 561//115 
f 561//115 1036//115 1037//115 
f 837//115 695//115 563//115 
f 563//115 1038//115 1039//115 
f 951//115 1040//115 563//115 
f 413//115 1041//115 1042//115 
f 415//115 1043//115 413//115 
f 320//115 1044//115 953//115 
f 320//115 1045//115 1046//115 
f 955//115 320//115 840//115 
f 840//115 1047//115 956//115 
f 840//115 1048//115 1049//115 
f 958//115 1050//115 840//115 
f 843//115 1051//115 1052//115 
f 843//115 1053//115 1054//115 
f 959//115 1055//115 843//115 
f 843//115 1056//115 960//115 
f 843//115 1057//115 1058//115 
f 320//115 846//115 1059//115 
f 846//115 320//115 962//115 
f 704//115 1060//115 1061//115 
f 704//115 1062//115 963//115 
f 1062//115 704//115 1063//115 
f 964//115 18//115 20//115 
f 964//115 12//115 14//115 
f 964//115 6//115 8//115 
f 4//115 964//115 850//115 
f 108//115 110//115 850//115 
f 850//115 102//115 104//115 
f 966//115 707//115 94//115 
f 968//115 967//115 94//115 
f 853//115 1064//115 92//115 
f 92//115 1065//115 1066//115 
f 858//115 1066//115 969//115 
f 84//115 1067//115 1068//115 
f 82//115 84//115 1069//115 
f 82//115 1070//115 970//115 
f 80//115 1071//115 1072//115 
f 80//115 1073//115 1074//115 
f 971//115 862//115 80//115 
f 1075//115 48//115 50//115 
f 417//115 1076//115 418//115 
f 420//115 1077//115 1078//115 
f 973//115 1079//115 420//115 
f 870//115 715//115 420//115 
f 868//115 1080//115 1081//115 
f 868//115 1082//115 975//115 
f 718//115 1083//115 716//115 
f 874//115 1084//115 1085//115 
f 875//115 576//115 420//115 
f 978//115 1086//115 323//115 
f 980//115 979//115 982//115 
f 725//115 878//115 984//115 
f 985//115 1087//115 149//115 
f 149//115 874//115 1088//115 
f 729//115 428//115 425//115 
f 884//115 731//115 149//115 
f 887//115 886//115 425//115 
f 745//115 889//115 241//115 
f 988//115 435//115 244//115 
f 892//115 338//115 244//115 
f 990//115 989//115 189//115 
f 760//115 608//115 345//115 
f 463//115 1089//115 461//115 
f 992//115 991//115 156//115 
f 899//115 356//115 355//115 
f 994//115 993//115 203//115 
f 774//115 1090//115 773//115 
f 996//115 995//115 208//115 
f 907//115 637//115 274//115 
f 641//115 908//115 497//115 
f 787//115 1091//115 997//115 
f 789//115 912//115 787//115 
f 1000//115 915//115 792//115 
f 792//115 998//115 1001//115 
f 1004//115 1003//115 1006//115 
f 1092//115 1093//115 1007//115 
f 1092//115 1094//115 1095//115 
f 643//115 1008//115 919//115 
f 1096//115 1097//115 1098//115 
f 1013//115 1099//115 1011//115 
f 920//115 1100//115 1014//115 
f 922//115 1101//115 920//115 
f 923//115 1102//115 1017//115 
f 1102//115 923//115 1103//115 
f 929//115 648//115 647//115 
f 1018//115 1104//115 647//115 
f 647//115 1105//115 798//115 
f 502//115 1106//115 1019//115 
f 502//115 1107//115 1108//115 
f 1022//115 1020//115 502//115 
f 800//115 1109//115 1110//115 
f 799//115 1023//115 800//115 
f 805//115 508//115 507//115 
f 1025//115 937//115 507//115 
f 375//115 379//115 376//115 
f 812//115 524//115 288//115 
f 529//115 400//115 306//115 
f 944//115 1111//115 820//115 
f 1028//115 1026//115 410//115 
f 1029//115 828//115 563//115 
f 1031//115 1112//115 563//115 
f 820//115 1111//115 1030//115 
f 947//115 835//115 561//115 
f 1035//115 1033//115 561//115 
f 950//115 1036//115 561//115 
f 1040//115 1038//115 563//115 
f 1043//115 1041//115 413//115 
f 320//115 1113//115 1044//115 
f 955//115 1045//115 320//115 
f 957//115 1114//115 840//115 
f 1050//115 1048//115 840//115 
f 840//115 1115//115 1116//115 
f 843//115 1117//115 1051//115 
f 1054//115 1118//115 843//115 
f 961//115 844//115 843//115 
f 1058//115 1119//115 843//115 
f 840//115 1120//115 1121//115 
f 848//115 1122//115 846//115 
f 843//115 1061//115 1123//115 
f 704//115 1124//115 1060//115 
f 1063//115 1125//115 1062//115 
f 16//115 18//115 964//115 
f 8//115 10//115 964//115 
f 850//115 2//115 1//115 
f 104//115 106//115 850//115 
f 1126//115 1127//115 96//115 
f 98//115 850//115 1128//115 
f 855//115 965//115 94//115 
f 94//115 96//115 1129//115 
f 1064//115 1130//115 92//115 
f 1065//115 1131//115 1066//115 
f 1066//115 1132//115 1133//115 
f 860//115 1134//115 858//115 
f 1135//115 86//115 88//115 
f 1136//115 1137//115 1138//115 
f 1139//115 1068//115 1137//115 
f 1068//115 1069//115 84//115 
f 84//115 1140//115 1141//115 
f 1069//115 1142//115 82//115 
f 82//115 1142//115 1070//115 
f 80//115 1143//115 1071//115 
f 710//115 1073//115 80//115 
f 76//115 1144//115 1145//115 
f 1146//115 76//115 78//115 
f 50//115 52//115 1075//115 
f 1075//115 44//115 46//115 
f 417//115 1147//115 1076//115 
f 868//115 1148//115 1149//115 
f 868//115 1150//115 1151//115 
f 868//115 1152//115 1153//115 
f 1154//115 1155//115 1156//115 
f 1157//115 1078//115 1155//115 
f 1078//115 323//115 420//115 
f 420//115 1158//115 1159//115 
f 974//115 866//115 420//115 
f 976//115 1080//115 868//115 
f 868//115 977//115 1160//115 
f 716//115 1161//115 977//115 
f 874//115 873//115 1084//115 
f 1086//115 720//115 323//115 
f 879//115 982//115 983//115 
f 1088//115 880//115 149//115 
f 986//115 590//115 149//115 
f 741//115 738//115 425//115 
f 438//115 1162//115 437//115 
f 344//115 1163//115 343//115 
f 628//115 355//115 466//115 
f 769//115 267//115 478//115 
f 904//115 906//115 491//115 
f 784//115 1164//115 783//115 
f 787//115 497//115 785//115 
f 999//115 1091//115 787//115 
f 1002//115 918//115 792//115 
f 1007//115 1006//115 1092//115 
f 1092//115 1165//115 1094//115 
f 1092//115 1166//115 1167//115 
f 1168//115 1092//115 1006//115 
f 1169//115 1170//115 1171//115 
f 1009//115 1169//115 919//115 
f 1098//115 1172//115 1096//115 
f 1099//115 1173//115 1011//115 
f 1174//115 1175//115 1176//115 
f 920//115 1177//115 1100//115 
f 920//115 1178//115 1179//115 
f 1101//115 1180//115 920//115 
f 923//115 1181//115 1182//115 
f 1103//115 1183//115 1102//115 
f 1104//115 930//115 647//115 
f 647//115 212//115 1105//115 
f 1108//115 1106//115 502//115 
f 1021//115 1184//115 502//115 
f 1024//115 1109//115 800//115 
f 938//115 516//115 285//115 
f 519//115 1185//115 165//115 
f 401//115 1186//115 145//115 
f 825//115 1027//115 410//115 
f 1030//115 563//115 820//115 
f 1034//115 1032//115 561//115 
f 1039//115 838//115 563//115 
f 561//115 1187//115 1188//115 
f 1042//115 561//115 413//115 
f 1046//115 1113//115 320//115 
f 1049//115 1047//115 840//115 
f 1116//115 1189//115 840//115 
f 843//115 1190//115 1191//115 
f 1118//115 1117//115 843//115 
f 1119//115 1056//115 843//115 
f 1121//115 843//115 840//115 
f 1059//115 840//115 320//115 
f 843//115 1192//115 1193//115 
f 1061//115 843//115 704//115 
f 706//115 1194//115 704//115 
f 10//115 12//115 964//115 
f 114//115 2//115 850//115 
f 96//115 98//115 1126//115 
f 1128//115 1195//115 98//115 
f 1129//115 856//115 94//115 
f 1066//115 90//115 92//115 
f 90//115 1196//115 1197//115 
f 90//115 1133//115 1198//115 
f 858//115 1132//115 1066//115 
f 88//115 1199//115 1135//115 
f 1137//115 1136//115 1139//115 
f 1068//115 1200//115 1069//115 
f 1141//115 1201//115 84//115 
f 711//115 80//115 82//115 
f 1074//115 1143//115 80//115 
f 76//115 1146//115 1144//115 
f 78//115 1072//115 1202//115 
f 1203//115 72//115 74//115 
f 1203//115 68//115 70//115 
f 1203//115 60//115 62//115 
f 1203//115 1075//115 54//115 
f 46//115 48//115 1075//115 
f 417//115 1204//115 1147//115 
f 417//115 1205//115 1206//115 
f 1149//115 977//115 868//115 
f 868//115 1207//115 1150//115 
f 1153//115 1208//115 868//115 
f 1209//115 868//115 1075//115 
f 1155//115 1154//115 1157//115 
f 1078//115 1210//115 323//115 
f 420//115 1211//115 1212//115 
f 420//115 1213//115 1214//115 
f 1079//115 1158//115 420//115 
f 1081//115 1215//115 868//115 
f 1161//115 1160//115 977//115 
f 874//115 420//115 872//115 
f 1087//115 724//115 149//115 
f 885//115 988//115 734//115 
f 763//115 345//115 247//115 
f 476//115 1216//115 474//115 
f 778//115 911//115 274//115 
f 785//115 1217//115 787//115 
f 916//115 1218//115 917//115 
f 1092//115 1219//115 1093//115 
f 1167//115 1165//115 1092//115 
f 1092//115 917//115 1218//115 
f 1006//115 1220//115 1168//115 
f 1168//115 1221//115 919//115 
f 1171//115 1222//115 1169//115 
f 1009//115 1223//115 1169//115 
f 1098//115 1224//115 1172//115 
f 1225//115 1226//115 1011//115 
f 1225//115 1174//115 1227//115 
f 1174//115 1228//115 1229//115 
f 1176//115 1230//115 1174//115 
f 1231//115 1232//115 1016//115 
f 920//115 1233//115 1234//115 
f 1015//115 1235//115 920//115 
f 1180//115 1178//115 920//115 
f 1182//115 1236//115 923//115 
f 1103//115 1234//115 1183//115 
f 798//115 502//115 647//115 
f 1184//115 1107//115 502//115 
f 370//115 215//115 371//115 
f 170//115 120//115 288//115 
f 1112//115 831//115 563//115 
f 1037//115 948//115 561//115 
f 561//115 1237//115 1238//115 
f 561//115 1239//115 1187//115 
f 1042//115 1240//115 561//115 
f 1114//115 954//115 840//115 
f 1189//115 1241//115 840//115 
f 1242//115 1243//115 1244//115 
f 843//115 1245//115 1246//115 
f 1052//115 1190//115 843//115 
f 1121//115 1057//115 843//115 
f 840//115 1247//115 1248//115 
f 1059//115 1249//115 840//115 
f 843//115 1250//115 1251//115 
f 1123//115 1192//115 843//115 
f 1194//115 1252//115 704//115 
f 28//115 30//115 1253//115 
f 4//115 6//115 964//115 
f 850//115 98//115 100//115 
f 1195//115 1126//115 98//115 
f 1130//115 1065//115 92//115 
f 1197//115 1254//115 90//115 
f 1133//115 90//115 1066//115 
f 88//115 1255//115 1199//115 
f 1068//115 1139//115 1200//115 
f 1201//115 1256//115 84//115 
f 1072//115 78//115 80//115 
f 78//115 1202//115 1146//115 
f 70//115 72//115 1203//115 
f 1203//115 64//115 66//115 
f 1203//115 58//115 60//115 
f 54//115 56//115 1203//115 
f 1075//115 42//115 44//115 
f 1075//115 1253//115 40//115 
f 1206//115 1204//115 417//115 
f 1149//115 417//115 977//115 
f 1208//115 1207//115 868//115 
f 1075//115 1203//115 1209//115 
f 1078//115 1157//115 1210//115 
f 1214//115 1211//115 420//115 
f 1215//115 869//115 868//115 
f 1160//115 1257//115 868//115 
f 981//115 1258//115 979//115 
f 747//115 1259//115 746//115 
f 772//115 775//115 207//115 
f 998//115 792//115 787//115 
f 1095//115 1219//115 1092//115 
f 1218//115 1260//115 1092//115 
f 1220//115 1261//115 1168//115 
f 1221//115 1262//115 919//115 
f 1169//115 1263//115 1264//115 
f 1169//115 1265//115 1266//115 
f 1169//115 1267//115 1268//115 
f 1223//115 1170//115 1169//115 
f 1097//115 1269//115 1270//115 
f 1098//115 1271//115 1224//115 
f 1227//115 1226//115 1225//115 
f 1230//115 1228//115 1174//115 
f 1231//115 1272//115 1232//115 
f 920//115 1273//115 1233//115 
f 1179//115 1177//115 920//115 
f 925//115 1181//115 923//115 
f 933//115 801//115 502//115 
f 941//115 661//115 162//115 
f 689//115 1274//115 687//115 
f 1238//115 1275//115 561//115 
f 1240//115 1239//115 561//115 
f 1241//115 841//115 840//115 
f 1275//115 1276//115 1115//115 
f 704//115 1277//115 1242//115 
f 1246//115 704//115 843//115 
f 1055//115 1053//115 843//115 
f 1248//115 1278//115 840//115 
f 1249//115 1279//115 840//115 
f 1251//115 1280//115 843//115 
f 1252//115 1124//115 704//115 
f 1253//115 1281//115 28//115 
f 100//115 102//115 850//115 
f 852//115 1282//115 851//115 
f 90//115 1283//115 1284//115 
f 90//115 1285//115 1286//115 
f 90//115 1287//115 1288//115 
f 1198//115 1196//115 90//115 
f 88//115 1289//115 1255//115 
f 1256//115 1067//115 84//115 
f 84//115 1290//115 1291//115 
f 84//115 1292//115 1293//115 
f 84//115 86//115 1294//115 
f 1145//115 1203//115 76//115 
f 66//115 68//115 1203//115 
f 56//115 58//115 1203//115 
f 40//115 42//115 1075//115 
f 1149//115 1205//115 417//115 
f 1209//115 1152//115 868//115 
f 1212//115 1077//115 420//115 
f 1257//115 1082//115 868//115 
f 584//115 1295//115 582//115 
f 1217//115 159//115 787//115 
f 1260//115 1166//115 1092//115 
f 919//115 1169//115 1168//115 
f 1266//115 1263//115 1169//115 
f 1222//115 1267//115 1169//115 
f 1096//115 1269//115 1097//115 
f 1229//115 1227//115 1174//115 
f 1174//115 1296//115 1297//115 
f 1174//115 1298//115 1299//115 
f 1174//115 1097//115 1300//115 
f 1231//115 1174//115 1225//115 
f 1231//115 1301//115 1272//115 
f 1235//115 1273//115 920//115 
f 646//115 1302//115 212//115 
f 554//115 682//115 410//115 
f 1188//115 1237//115 561//115 
f 1115//115 840//115 1275//115 
f 1303//115 1242//115 1304//115 
f 1244//115 704//115 1242//115 
f 1191//115 1245//115 843//115 
f 1279//115 1247//115 840//115 
f 843//115 1305//115 1306//115 
f 843//115 1307//115 1308//115 
f 1193//115 1250//115 843//115 
f 1281//115 964//115 28//115 
f 964//115 22//115 24//115 
f 1127//115 1129//115 96//115 
f 1286//115 1283//115 90//115 
f 1254//115 1287//115 90//115 
f 86//115 1309//115 1310//115 
f 88//115 1284//115 1289//115 
f 1291//115 1140//115 84//115 
f 1294//115 1292//115 84//115 
f 74//115 76//115 1203//115 
f 52//115 54//115 1075//115 
f 1151//115 1148//115 868//115 
f 1159//115 1213//115 420//115 
f 614//115 765//115 351//115 
f 1261//115 1221//115 1168//115 
f 1268//115 1265//115 1169//115 
f 1098//115 1264//115 1271//115 
f 1297//115 1175//115 1174//115 
f 1300//115 1298//115 1174//115 
f 1225//115 1301//115 1231//115 
f 1234//115 1103//115 920//115 
f 1110//115 808//115 800//115 
f 702//115 1311//115 320//115 
f 1242//115 1303//115 1243//115 
f 1278//115 1120//115 840//115 
f 1306//115 964//115 843//115 
f 1280//115 1307//115 843//115 
f 964//115 26//115 28//115 
f 20//115 22//115 964//115 
f 1288//115 1285//115 90//115 
f 1135//115 1309//115 86//115 
f 1293//115 1290//115 84//115 
f 62//115 64//115 1203//115 
f 1156//115 1312//115 1154//115 
f 1005//115 1313//115 1003//115 
f 1270//115 1300//115 1097//115 
f 1299//115 1296//115 1174//115 
f 1016//115 920//115 1231//115 
f 1238//115 1276//115 1275//115 
f 1246//115 1277//115 704//115 
f 1308//115 1305//115 843//115 
f 24//115 26//115 964//115 
f 1310//115 1294//115 86//115 
f 1069//115 1314//115 1142//115 
f 1085//115 1088//115 874//115 
f 1173//115 1225//115 1011//115 
f 1236//115 1018//115 923//115 
f 1253//115 36//115 38//115 
f 1253//115 32//115 34//115 
f 1306//115 850//115 964//115 
f 1284//115 88//115 90//115 
f 972//115 1315//115 417//115 
f 1225//115 1316//115 1301//115 
f 34//115 36//115 1253//115 
f 30//115 32//115 1253//115 
f 1264//115 1098//115 1169//115 
f 1304//115 1317//115 1303//115 
f 38//115 40//115 1253//115 
f 1138//115 1318//115 1136//115 
o mesh2
f 1319//116 1320//116 1321//116 
f 1319//116 1322//116 1320//116 
f 1319//116 1323//116 1322//116 
f 1324//116 1325//116 1326//116 
f 1319//116 1327//116 1323//116 
f 1328//116 1329//116 1330//116 
f 1324//116 1331//116 1325//116 
f 1319//116 1332//116 1327//116 
f 1328//116 1333//116 1329//116 
f 1324//116 1334//116 1331//116 
f 1335//116 1336//116 1337//116 
f 49//116 1338//116 1339//116 
f 1340//116 1341//116 1342//116 
f 1343//116 1344//116 1341//116 
f 51//116 1345//116 1344//116 
f 1321//116 1346//116 1319//116 
f 55//116 1347//116 1348//116 
f 1349//116 1350//116 1351//116 
f 1349//116 1352//116 1353//116 
f 1354//116 1355//116 1356//116 
f 1328//116 1357//116 1333//116 
f 1358//116 1359//116 1360//116 
f 1361//116 1362//116 1363//116 
f 1364//116 1365//116 1366//116 
f 1324//116 1367//116 1334//116 
f 1324//116 1368//116 1369//116 
f 43//116 1370//116 1371//116 
f 43//116 1372//116 1373//116 
f 1374//116 1375//116 1376//116 
f 1335//116 1377//116 1336//116 
f 1335//116 1375//116 1378//116 
f 1339//116 1379//116 49//116 
f 1341//116 1340//116 1343//116 
f 51//116 1380//116 1345//116 
f 49//116 1381//116 1382//116 
f 1346//116 1383//116 1319//116 
f 1343//116 1384//116 1385//116 
f 55//116 1386//116 1347//116 
f 55//116 1387//116 1388//116 
f 1349//116 1389//116 1350//116 
f 1390//116 1391//116 1392//116 
f 1349//116 1393//116 1352//116 
f 1349//116 1391//116 1394//116 
f 1354//116 1395//116 1355//116 
f 1396//116 1397//116 1398//116 
f 1399//116 1396//116 1400//116 
f 67//116 1401//116 1402//116 
f 1328//116 1403//116 1357//116 
f 1358//116 1404//116 1359//116 
f 1405//116 1406//116 1407//116 
f 1361//116 1408//116 1362//116 
f 1366//116 1409//116 1364//116 
f 39//116 1410//116 1411//116 
f 39//116 1412//116 1413//116 
f 1369//116 1367//116 1324//116 
f 45//116 1414//116 1415//116 
f 1372//116 1416//116 1417//116 
f 43//116 1418//116 1419//116 
f 1373//116 1370//116 43//116 
f 1376//116 1420//116 1374//116 
f 1378//116 1377//116 1335//116 
f 1379//116 1421//116 49//116 
f 1344//116 1343//116 51//116 
f 51//116 1422//116 1423//116 
f 51//116 1424//116 1425//116 
f 1382//116 1426//116 49//116 
f 1319//116 1427//116 1428//116 
f 1383//116 1429//116 1319//116 
f 1343//116 1430//116 1384//116 
f 1431//116 1347//116 1432//116 
f 1348//116 1349//116 55//116 
f 55//116 1433//116 1434//116 
f 53//116 1435//116 1436//116 
f 53//116 1437//116 1438//116 
f 53//116 1439//116 1440//116 
f 55//116 1441//116 1387//116 
f 1349//116 1442//116 1389//116 
f 1392//116 1443//116 1390//116 
f 1394//116 1393//116 1349//116 
f 1354//116 1444//116 1395//116 
f 1445//116 1446//116 1447//116 
f 1448//116 1397//116 1449//116 
f 1398//116 1450//116 1396//116 
f 1400//116 1451//116 1399//116 
f 67//116 1452//116 1453//116 
f 67//116 1454//116 1455//116 
f 67//116 1456//116 1457//116 
f 1402//116 1458//116 67//116 
f 1459//116 1460//116 1461//116 
f 1328//116 1462//116 1403//116 
f 1463//116 1464//116 1465//116 
f 1466//116 1467//116 1468//116 
f 1469//116 1470//116 1471//116 
f 1358//116 1472//116 1404//116 
f 1473//116 1474//116 1475//116 
f 1476//116 1473//116 1477//116 
f 1405//116 1478//116 1406//116 
f 1361//116 1479//116 1408//116 
f 1480//116 1481//116 1482//116 
f 1483//116 1484//116 1485//116 
f 1486//116 1487//116 1488//116 
f 1489//116 1490//116 1491//116 
f 1409//116 1492//116 1364//116 
f 39//116 1493//116 1494//116 
f 1413//116 1410//116 39//116 
f 1326//116 1495//116 1324//116 
f 1496//116 1497//116 1498//116 
f 1499//116 1500//116 1497//116 
f 1501//116 1502//116 1500//116 
f 43//116 1503//116 1502//116 
f 1504//116 1505//116 1506//116 
f 1507//116 1415//116 1505//116 
f 45//116 1508//116 1414//116 
f 45//116 1509//116 1510//116 
f 1417//116 1511//116 1372//116 
f 1371//116 1418//116 43//116 
f 45//116 1512//116 1513//116 
f 45//116 1514//116 1515//116 
f 1335//116 1516//116 1517//116 
f 1337//116 1518//116 1335//116 
f 49//116 1519//116 1338//116 
f 49//116 1520//116 1521//116 
f 1423//116 1380//116 51//116 
f 1425//116 1522//116 51//116 
f 49//116 1523//116 1524//116 
f 49//116 1525//116 1526//116 
f 1426//116 1527//116 49//116 
f 49//116 1528//116 1529//116 
f 1428//116 49//116 1319//116 
f 1429//116 1530//116 1319//116 
f 1343//116 1531//116 1430//116 
f 1531//116 1343//116 1532//116 
f 1533//116 1534//116 1535//116 
f 1347//116 1431//116 1348//116 
f 1434//116 1536//116 55//116 
f 55//116 1537//116 1538//116 
f 1436//116 1539//116 53//116 
f 1438//116 1540//116 53//116 
f 53//116 1541//116 1542//116 
f 53//116 1543//116 1544//116 
f 53//116 1545//116 1439//116 
f 55//116 1351//116 1441//116 
f 1349//116 1546//116 1442//116 
f 1349//116 1547//116 1548//116 
f 1353//116 1549//116 1349//116 
f 59//116 1550//116 1551//116 
f 1354//116 1552//116 1444//116 
f 1552//116 1354//116 1445//116 
f 63//116 1553//116 1554//116 
f 63//116 1555//116 1556//116 
f 61//116 1557//116 1558//116 
f 61//116 1559//116 1560//116 
f 1449//116 1561//116 1448//116 
f 1451//116 1562//116 1399//116 
f 1455//116 1452//116 67//116 
f 67//116 1563//116 1456//116 
f 1458//116 1564//116 67//116 
f 1459//116 1565//116 1460//116 
f 1566//116 1567//116 73//116 
f 1330//116 1568//116 1328//116 
f 97//116 1569//116 1570//116 
f 1571//116 1572//116 1573//116 
f 1465//116 1574//116 1463//116 
f 1469//116 1575//116 1576//116 
f 1577//116 1468//116 1578//116 
f 1468//116 1476//116 1466//116 
f 1466//116 1579//116 1580//116 
f 1469//116 1581//116 1582//116 
f 1469//116 1583//116 1470//116 
f 1358//116 1584//116 1585//116 
f 1358//116 1586//116 1472//116 
f 1587//116 1474//116 1588//116 
f 1475//116 1589//116 1473//116 
f 1477//116 1590//116 1476//116 
f 1591//116 1406//116 1592//116 
f 1407//116 1361//116 1405//116 
f 1405//116 1593//116 1594//116 
f 1405//116 1595//116 1596//116 
f 1405//116 1597//116 1598//116 
f 1361//116 1599//116 1479//116 
f 1599//116 1361//116 1480//116 
f 1483//116 1600//116 1484//116 
f 1483//116 1601//116 1602//116 
f 1486//116 1603//116 1487//116 
f 1604//116 1605//116 1606//116 
f 1491//116 1607//116 1489//116 
f 1489//116 1608//116 1609//116 
f 1364//116 1610//116 1611//116 
f 1492//116 1612//116 1364//116 
f 1613//116 1614//116 1615//116 
f 41//116 1616//116 1617//116 
f 1494//116 41//116 39//116 
f 39//116 1618//116 1619//116 
f 1411//116 1620//116 39//116 
f 39//116 1324//116 1621//116 
f 1324//116 1622//116 1623//116 
f 1495//116 1624//116 1324//116 
f 1497//116 1496//116 1499//116 
f 1500//116 1625//116 1501//116 
f 1502//116 1372//116 43//116 
f 1505//116 1504//116 1507//116 
f 1415//116 1335//116 45//116 
f 1510//116 1626//116 45//116 
f 45//116 43//116 1627//116 
f 43//116 1628//116 1629//116 
f 1419//116 1630//116 43//116 
f 45//116 1631//116 1632//116 
f 1513//116 1633//116 45//116 
f 45//116 1634//116 1514//116 
f 45//116 1635//116 1636//116 
f 45//116 1517//116 1637//116 
f 1335//116 1638//116 1516//116 
f 1335//116 1639//116 1640//116 
f 1374//116 1378//116 1375//116 
f 1641//116 1338//116 1642//116 
f 1421//116 1319//116 49//116 
f 49//116 1643//116 1644//116 
f 1521//116 1645//116 49//116 
f 1522//116 1422//116 51//116 
f 1524//116 51//116 49//116 
f 1527//116 1525//116 49//116 
f 1529//116 1646//116 49//116 
f 49//116 1647//116 1648//116 
f 49//116 1649//116 1650//116 
f 1530//116 1427//116 1319//116 
f 51//116 1343//116 1545//116 
f 1532//116 1651//116 1531//116 
f 1651//116 1532//116 1533//116 
f 1536//116 1386//116 55//116 
f 1538//116 1652//116 55//116 
f 55//116 1653//116 1654//116 
f 53//116 1655//116 1653//116 
f 1540//116 1435//116 53//116 
f 53//116 1656//116 1541//116 
f 1440//116 1543//116 53//116 
f 57//116 1657//116 1658//116 
f 1388//116 1659//116 55//116 
f 1548//116 1546//116 1349//116 
f 1390//116 1394//116 1391//116 
f 59//116 1660//116 1550//116 
f 1661//116 59//116 57//116 
f 1447//116 1552//116 1445//116 
f 1662//116 1554//116 1663//116 
f 1554//116 1399//116 63//116 
f 1556//116 1664//116 63//116 
f 63//116 1665//116 1666//116 
f 1560//116 1557//116 61//116 
f 1450//116 1400//116 1396//116 
f 67//116 1667//116 1454//116 
f 1564//116 1563//116 67//116 
f 67//116 1668//116 1669//116 
f 67//116 1670//116 1671//116 
f 1459//116 1672//116 1565//116 
f 1673//116 1674//116 1675//116 
f 71//116 1676//116 1566//116 
f 71//116 1677//116 1678//116 
f 71//116 1679//116 1680//116 
f 71//116 1681//116 1682//116 
f 1683//116 1684//116 1685//116 
f 1686//116 1687//116 1684//116 
f 75//116 1688//116 1687//116 
f 1328//116 1689//116 1690//116 
f 1568//116 1691//116 1328//116 
f 83//116 1692//116 1693//116 
f 83//116 1694//116 1695//116 
f 97//116 1696//116 1569//116 
f 1571//116 1697//116 1572//116 
f 1698//116 1699//116 1700//116 
f 1464//116 1701//116 1702//116 
f 1463//116 1703//116 1704//116 
f 1574//116 1705//116 1463//116 
f 1706//116 1707//116 1708//116 
f 1469//116 1709//116 1575//116 
f 1468//116 1577//116 1476//116 
f 1580//116 1710//116 1466//116 
f 1471//116 1581//116 1469//116 
f 1585//116 1469//116 1358//116 
f 1358//116 1711//116 1712//116 
f 1358//116 1713//116 1586//116 
f 1588//116 1714//116 1587//116 
f 1590//116 1715//116 1476//116 
f 1406//116 1591//116 1407//116 
f 1405//116 1716//116 1717//116 
f 1405//116 1718//116 1719//116 
f 1405//116 1720//116 1721//116 
f 1594//116 1722//116 1405//116 
f 1405//116 1723//116 1724//116 
f 1598//116 1595//116 1405//116 
f 1405//116 1725//116 1726//116 
f 1361//116 1727//116 1728//116 
f 1482//116 1599//116 1480//116 
f 1729//116 1484//116 1730//116 
f 1485//116 1486//116 1483//116 
f 1483//116 1731//116 1732//116 
f 1602//116 1733//116 1483//116 
f 1486//116 1734//116 1603//116 
f 1735//116 1736//116 1737//116 
f 1738//116 1739//116 1740//116 
f 1738//116 1741//116 1742//116 
f 1604//116 1743//116 1605//116 
f 1489//116 1744//116 1745//116 
f 1609//116 1490//116 1489//116 
f 1612//116 1610//116 1364//116 
f 37//116 1746//116 1747//116 
f 37//116 1748//116 1749//116 
f 1613//116 1750//116 1614//116 
f 1494//116 1616//116 41//116 
f 1619//116 1751//116 39//116 
f 39//116 1752//116 1753//116 
f 1620//116 1754//116 39//116 
f 1324//116 1755//116 1621//116 
f 1624//116 1622//116 1324//116 
f 1500//116 1499//116 1625//116 
f 1502//116 1756//116 1372//116 
f 43//116 1757//116 1758//116 
f 1415//116 1507//116 1335//116 
f 1626//116 1759//116 45//116 
f 45//116 1760//116 1761//116 
f 1627//116 1762//116 45//116 
f 43//116 1763//116 1764//116 
f 43//116 1765//116 1628//116 
f 43//116 1766//116 1767//116 
f 43//116 1630//116 1768//116 
f 1769//116 1770//116 1771//116 
f 1511//116 1373//116 1372//116 
f 1632//116 47//116 45//116 
f 45//116 1772//116 1773//116 
f 1515//116 1512//116 45//116 
f 1637//116 1635//116 45//116 
f 1640//116 1638//116 1335//116 
f 1518//116 1774//116 1335//116 
f 1338//116 1641//116 1339//116 
f 1645//116 1643//116 49//116 
f 49//116 47//116 1775//116 
f 1524//116 1424//116 51//116 
f 1646//116 1381//116 49//116 
f 49//116 1776//116 1647//116 
f 1428//116 1649//116 49//116 
f 1343//116 1777//116 1545//116 
f 1535//116 1651//116 1533//116 
f 1652//116 1433//116 55//116 
f 1653//116 55//116 53//116 
f 1542//116 1437//116 53//116 
f 1544//116 1778//116 53//116 
f 1658//116 1779//116 57//116 
f 55//116 1780//116 1657//116 
f 1351//116 55//116 1349//116 
f 1549//116 1781//116 1349//116 
f 1782//116 1550//116 1783//116 
f 1551//116 1354//116 59//116 
f 59//116 1784//116 1785//116 
f 57//116 1786//116 1661//116 
f 1356//116 1787//116 1354//116 
f 1554//116 1662//116 1399//116 
f 1666//116 1555//116 63//116 
f 63//116 1788//116 1789//116 
f 61//116 1790//116 1788//116 
f 61//116 1791//116 1792//116 
f 1558//116 1793//116 61//116 
f 61//116 1794//116 1795//116 
f 63//116 1399//116 1796//116 
f 1448//116 1398//116 1397//116 
f 1453//116 1797//116 67//116 
f 1669//116 1401//116 67//116 
f 1671//116 1798//116 67//116 
f 69//116 1799//116 1800//116 
f 69//116 1459//116 1801//116 
f 1459//116 1802//116 1672//116 
f 1802//116 1459//116 1673//116 
f 1678//116 1676//116 71//116 
f 71//116 1803//116 1804//116 
f 1682//116 1679//116 71//116 
f 71//116 1805//116 1806//116 
f 71//116 1801//116 1807//116 
f 1684//116 1683//116 1686//116 
f 1687//116 1808//116 75//116 
f 75//116 1809//116 1810//116 
f 75//116 73//116 1811//116 
f 77//116 1812//116 1813//116 
f 1690//116 77//116 1328//116 
f 1691//116 1814//116 1328//116 
f 79//116 1815//116 1816//116 
f 1817//116 1693//116 1818//116 
f 1693//116 1819//116 83//116 
f 83//116 1820//116 1821//116 
f 1695//116 1822//116 83//116 
f 1823//116 1824//116 1825//116 
f 1826//116 1827//116 1828//116 
f 97//116 1829//116 1830//116 
f 97//116 1831//116 1832//116 
f 1570//116 1833//116 97//116 
f 1834//116 1835//116 1836//116 
f 1837//116 1838//116 1839//116 
f 1571//116 1840//116 1697//116 
f 1700//116 1841//116 1698//116 
f 1702//116 1842//116 1464//116 
f 1705//116 1703//116 1463//116 
f 1698//116 1843//116 1844//116 
f 1698//116 1845//116 1846//116 
f 1847//116 1848//116 1849//116 
f 1706//116 1850//116 1707//116 
f 1706//116 1848//116 1851//116 
f 1852//116 1853//116 1854//116 
f 1855//116 1575//116 1853//116 
f 1576//116 1358//116 1469//116 
f 1710//116 1467//116 1466//116 
f 1466//116 1856//116 1857//116 
f 1466//116 1858//116 1859//116 
f 1469//116 1860//116 1861//116 
f 1582//116 1862//116 1469//116 
f 1469//116 1863//116 1864//116 
f 1712//116 1584//116 1358//116 
f 1360//116 1865//116 1358//116 
f 1589//116 1477//116 1473//116 
f 1717//116 1478//116 1405//116 
f 1721//116 1718//116 1405//116 
f 1724//116 1593//116 1405//116 
f 1596//116 1866//116 1405//116 
f 1867//116 1868//116 1869//116 
f 1405//116 1870//116 1725//116 
f 1361//116 1871//116 1872//116 
f 1361//116 1873//116 1727//116 
f 1361//116 1874//116 1875//116 
f 1363//116 1876//116 1361//116 
f 1484//116 1729//116 1485//116 
f 1733//116 1731//116 1483//116 
f 1483//116 1877//116 1878//116 
f 1483//116 1879//116 1880//116 
f 1486//116 1881//116 1734//116 
f 1881//116 1486//116 1735//116 
f 1742//116 1739//116 1738//116 
f 1604//116 1882//116 1743//116 
f 1882//116 1604//116 1883//116 
f 1884//116 1885//116 1886//116 
f 1745//116 1887//116 1489//116 
f 1607//116 1888//116 1489//116 
f 1889//116 1890//116 1891//116 
f 1892//116 1893//116 1894//116 
f 1895//116 1896//116 1897//116 
f 1364//116 1898//116 1365//116 
f 37//116 1899//116 1900//116 
f 39//116 1901//116 1902//116 
f 37//116 1903//116 1746//116 
f 37//116 1904//116 1905//116 
f 1749//116 1906//116 37//116 
f 1613//116 1364//116 1750//116 
f 1751//116 1493//116 39//116 
f 1754//116 1752//116 39//116 
f 1623//116 1755//116 1324//116 
f 1502//116 1501//116 1756//116 
f 1758//116 1907//116 43//116 
f 43//116 41//116 1908//116 
f 1759//116 1508//116 45//116 
f 1762//116 1760//116 45//116 
f 1629//116 1763//116 43//116 
f 1768//116 1766//116 43//116 
f 1769//116 1372//116 1770//116 
f 1372//116 1909//116 1416//116 
f 1632//116 1910//116 47//116 
f 1633//116 1772//116 45//116 
f 1517//116 45//116 1335//116 
f 1774//116 1911//116 1335//116 
f 1644//116 1519//116 49//116 
f 1775//116 1912//116 49//116 
f 1526//116 1523//116 49//116 
f 1650//116 1776//116 49//116 
f 1343//116 1913//116 1777//116 
f 1385//116 1914//116 1343//116 
f 1654//116 1537//116 55//116 
f 1778//116 1656//116 53//116 
f 1657//116 57//116 55//116 
f 1781//116 1547//116 1349//116 
f 1550//116 1782//116 1551//116 
f 1785//116 1915//116 59//116 
f 59//116 1916//116 1917//116 
f 1661//116 1918//116 59//116 
f 59//116 1354//116 1919//116 
f 1787//116 1920//116 1354//116 
f 1664//116 1553//116 63//116 
f 1788//116 63//116 61//116 
f 1792//116 1921//116 61//116 
f 1795//116 1559//116 61//116 
f 61//116 1922//116 1923//116 
f 61//116 1924//116 1925//116 
f 1399//116 1926//116 1796//116 
f 1399//116 1927//116 1928//116 
f 1562//116 1929//116 1399//116 
f 1457//116 1667//116 67//116 
f 1798//116 1930//116 67//116 
f 65//116 1796//116 1931//116 
f 69//116 1932//116 1799//116 
f 1459//116 1933//116 1801//116 
f 1675//116 1802//116 1673//116 
f 73//116 71//116 1566//116 
f 1804//116 1934//116 71//116 
f 1680//116 1935//116 71//116 
f 1807//116 1805//116 71//116 
f 1687//116 1686//116 1808//116 
f 1810//116 1936//116 75//116 
f 1811//116 1937//116 75//116 
f 77//116 1938//116 1812//116 
f 77//116 1939//116 1940//116 
f 77//116 1941//116 1942//116 
f 1814//116 1689//116 1328//116 
f 79//116 1943//116 1815//116 
f 1693//116 1817//116 1819//116 
f 1822//116 1820//116 83//116 
f 85//116 83//116 1819//116 
f 1823//116 1944//116 1824//116 
f 1828//116 1945//116 1826//116 
f 95//116 1946//116 1696//116 
f 97//116 1947//116 1829//116 
f 1832//116 1948//116 97//116 
f 97//116 1949//116 1950//116 
f 1833//116 1951//116 97//116 
f 1836//116 1952//116 1834//116 
f 1837//116 1953//116 1838//116 
f 1571//116 1954//116 1840//116 
f 1571//116 1955//116 1956//116 
f 1841//116 1957//116 1698//116 
f 1698//116 1958//116 1959//116 
f 1698//116 1463//116 1960//116 
f 1704//116 1961//116 1463//116 
f 1698//116 1962//116 1963//116 
f 1846//116 1843//116 1698//116 
f 1849//116 1964//116 1847//116 
f 1851//116 1850//116 1706//116 
f 1853//116 1852//116 1855//116 
f 1575//116 1965//116 1576//116 
f 1469//116 1966//116 1967//116 
f 1857//116 1579//116 1466//116 
f 1859//116 1968//116 1466//116 
f 1861//116 1466//116 1469//116 
f 1862//116 1969//116 1469//116 
f 1469//116 1970//116 1971//116 
f 1469//116 1972//116 1973//116 
f 1585//116 1863//116 1469//116 
f 1865//116 1974//116 1358//116 
f 1587//116 1475//116 1474//116 
f 1719//116 1716//116 1405//116 
f 1866//116 1723//116 1405//116 
f 1405//116 1975//116 1976//116 
f 1869//116 1405//116 1867//116 
f 1977//116 1978//116 1979//116 
f 1726//116 1980//116 1405//116 
f 1872//116 1405//116 1361//116 
f 1875//116 1873//116 1361//116 
f 1876//116 1981//116 1361//116 
f 1732//116 1600//116 1483//116 
f 1880//116 1877//116 1483//116 
f 1737//116 1881//116 1735//116 
f 1982//116 1983//116 1984//116 
f 1604//116 1985//116 1983//116 
f 1740//116 1986//116 1738//116 
f 1738//116 1987//116 1988//116 
f 1883//116 1989//116 1882//116 
f 1989//116 1883//116 1884//116 
f 1489//116 1990//116 1991//116 
f 1489//116 1992//116 1993//116 
f 1887//116 1994//116 1489//116 
f 1888//116 1995//116 1489//116 
f 1489//116 1996//116 1997//116 
f 1889//116 1998//116 1890//116 
f 1894//116 1999//116 1892//116 
f 1895//116 2000//116 1896//116 
f 2001//116 2002//116 2003//116 
f 1364//116 2004//116 1898//116 
f 1900//116 1364//116 37//116 
f 39//116 2005//116 2006//116 
f 1902//116 2007//116 39//116 
f 37//116 2008//116 1901//116 
f 1747//116 2009//116 37//116 
f 1905//116 2010//116 37//116 
f 1906//116 2011//116 37//116 
f 37//116 1364//116 2012//116 
f 1615//116 2013//116 1613//116 
f 1617//116 2014//116 41//116 
f 1621//116 1412//116 39//116 
f 1907//116 1503//116 43//116 
f 1908//116 2015//116 43//116 
f 1761//116 1509//116 45//116 
f 43//116 2016//116 2017//116 
f 1767//116 1765//116 43//116 
f 1372//116 1769//116 1909//116 
f 1773//116 1631//116 45//116 
f 1911//116 1639//116 1335//116 
f 1912//116 1520//116 49//116 
f 1648//116 1528//116 49//116 
f 1343//116 2018//116 1913//116 
f 1914//116 2019//116 1343//116 
f 1539//116 1655//116 53//116 
f 1659//116 1780//116 55//116 
f 1915//116 1660//116 59//116 
f 1918//116 1916//116 59//116 
f 57//116 2020//116 2021//116 
f 57//116 2022//116 2023//116 
f 1354//116 2024//116 1919//116 
f 1920//116 2025//116 1354//116 
f 1789//116 1665//116 63//116 
f 1793//116 1791//116 61//116 
f 1925//116 1922//116 61//116 
f 1399//116 2026//116 1926//116 
f 1929//116 1927//116 1399//116 
f 1930//116 1668//116 67//116 
f 1931//116 67//116 65//116 
f 2027//116 1799//116 2028//116 
f 1800//116 1459//116 69//116 
f 69//116 67//116 2029//116 
f 1459//116 2030//116 1933//116 
f 1461//116 2031//116 1459//116 
f 1934//116 1677//116 71//116 
f 1806//116 1681//116 71//116 
f 75//116 2032//116 1688//116 
f 1937//116 1809//116 75//116 
f 77//116 75//116 1808//116 
f 1940//116 1938//116 77//116 
f 1690//116 1941//116 77//116 
f 2033//116 2034//116 81//116 
f 79//116 2035//116 1943//116 
f 1821//116 1692//116 83//116 
f 83//116 2036//116 2037//116 
f 83//116 81//116 2038//116 
f 1819//116 2039//116 85//116 
f 85//116 2040//116 2041//116 
f 87//116 2042//116 2043//116 
f 1823//116 2041//116 1944//116 
f 2044//116 91//116 89//116 
f 1945//116 2045//116 1826//116 
f 95//116 93//116 2046//116 
f 95//116 2047//116 1946//116 
f 1948//116 1947//116 97//116 
f 1951//116 1949//116 97//116 
f 1952//116 2048//116 1834//116 
f 1837//116 2049//116 2050//116 
f 1839//116 2051//116 1837//116 
f 1956//116 1954//116 1571//116 
f 1698//116 2052//116 2053//116 
f 1957//116 2054//116 1698//116 
f 1960//116 1958//116 1698//116 
f 1463//116 2055//116 2056//116 
f 2057//116 2058//116 2059//116 
f 1842//116 1465//116 1464//116 
f 1698//116 2060//116 1962//116 
f 1844//116 2061//116 1698//116 
f 1706//116 2062//116 1845//116 
f 1706//116 2063//116 2064//116 
f 1708//116 2065//116 1706//116 
f 1575//116 1855//116 1965//116 
f 1967//116 2066//116 1469//116 
f 1469//116 2067//116 2068//116 
f 1469//116 2069//116 2070//116 
f 1968//116 1856//116 1466//116 
f 1969//116 1860//116 1469//116 
f 1973//116 1970//116 1469//116 
f 1974//116 1711//116 1358//116 
f 1466//116 1476//116 1868//116 
f 1476//116 2071//116 2072//116 
f 1715//116 2073//116 1476//116 
f 1722//116 1720//116 1405//116 
f 1976//116 2074//116 1405//116 
f 1405//116 2075//116 2076//116 
f 1869//116 2077//116 1405//116 
f 1979//116 2078//116 1977//116 
f 1405//116 2079//116 1978//116 
f 1872//116 1870//116 1405//116 
f 1981//116 1874//116 1361//116 
f 1878//116 1601//116 1483//116 
f 1483//116 2080//116 2081//116 
f 1483//116 1486//116 2082//116 
f 1488//116 2083//116 1486//116 
f 1983//116 1982//116 1604//116 
f 2084//116 2085//116 1985//116 
f 2084//116 2086//116 2087//116 
f 2084//116 2088//116 2089//116 
f 1986//116 2090//116 1738//116 
f 1738//116 2091//116 2092//116 
f 1738//116 2093//116 1987//116 
f 2084//116 1604//116 2094//116 
f 1604//116 2095//116 2096//116 
f 1886//116 1989//116 1884//116 
f 1993//116 1990//116 1489//116 
f 1995//116 1744//116 1489//116 
f 1997//116 2097//116 1489//116 
f 1889//116 2098//116 1998//116 
f 2099//116 2100//116 2101//116 
f 1892//116 2102//116 1893//116 
f 2103//116 2104//116 2105//116 
f 1895//116 2106//116 2000//116 
f 2001//116 2107//116 2002//116 
f 1364//116 2108//116 2004//116 
f 1900//116 2109//116 1364//116 
f 37//116 2110//116 2111//116 
f 37//116 2112//116 2113//116 
f 2114//116 2115//116 2116//116 
f 2117//116 2006//116 2115//116 
f 2006//116 1324//116 39//116 
f 39//116 2118//116 2119//116 
f 2007//116 2120//116 39//116 
f 2009//116 2008//116 37//116 
f 2010//116 2121//116 37//116 
f 2011//116 2122//116 37//116 
f 2012//116 2123//116 37//116 
f 1613//116 2124//116 1364//116 
f 1753//116 1618//116 39//116 
f 2015//116 1757//116 43//116 
f 2017//116 1627//116 43//116 
f 1771//116 2125//116 1769//116 
f 1636//116 1634//116 45//116 
f 1342//116 2126//116 1340//116 
f 2019//116 2018//116 1343//116 
f 1779//116 2022//116 57//116 
f 1917//116 1784//116 59//116 
f 2023//116 2020//116 57//116 
f 1354//116 2127//116 2024//116 
f 2025//116 2128//116 1354//116 
f 1921//116 1790//116 61//116 
f 61//116 1919//116 1924//116 
f 1928//116 2026//116 1399//116 
f 1931//116 1670//116 67//116 
f 1799//116 2027//116 1800//116 
f 2029//116 2129//116 69//116 
f 1459//116 2130//116 2030//116 
f 2031//116 2131//116 1459//116 
f 1935//116 1803//116 71//116 
f 1936//116 2032//116 75//116 
f 1808//116 2132//116 77//116 
f 1942//116 1939//116 77//116 
f 81//116 79//116 2033//116 
f 1816//116 2133//116 79//116 
f 2037//116 1694//116 83//116 
f 2038//116 2134//116 83//116 
f 2039//116 2135//116 85//116 
f 2040//116 2136//116 2041//116 
f 2043//116 2137//116 87//116 
f 87//116 2138//116 2139//116 
f 2041//116 2140//116 2138//116 
f 1825//116 2141//116 1823//116 
f 89//116 2142//116 2044//116 
f 2046//116 2143//116 1826//116 
f 2046//116 93//116 2144//116 
f 2046//116 2145//116 95//116 
f 95//116 2145//116 2047//116 
f 97//116 2146//116 2147//116 
f 1950//116 1831//116 97//116 
f 101//116 2148//116 2149//116 
f 2150//116 101//116 99//116 
f 2151//116 109//116 107//116 
f 2151//116 113//116 111//116 
f 2151//116 116//116 115//116 
f 2152//116 9//116 7//116 
f 2152//116 21//116 19//116 
f 2153//116 2154//116 2155//116 
f 2048//116 2156//116 1834//116 
f 2050//116 2157//116 1837//116 
f 2051//116 2158//116 1837//116 
f 2159//116 2160//116 1953//116 
f 2159//116 2161//116 2162//116 
f 1837//116 2163//116 2164//116 
f 1837//116 1571//116 2165//116 
f 1573//116 2166//116 1571//116 
f 2167//116 2168//116 2169//116 
f 2170//116 2053//116 2168//116 
f 1698//116 2171//116 2052//116 
f 1959//116 1699//116 1698//116 
f 1463//116 2172//116 2173//116 
f 1463//116 2174//116 2175//116 
f 1463//116 2176//116 2055//116 
f 2057//116 1464//116 2058//116 
f 1464//116 2177//116 1701//116 
f 1698//116 2178//116 2179//116 
f 1963//116 2180//116 1698//116 
f 2061//116 2181//116 1698//116 
f 2064//116 2062//116 1706//116 
f 1847//116 1851//116 1848//116 
f 2066//116 1709//116 1469//116 
f 2070//116 2067//116 1469//116 
f 1861//116 1858//116 1466//116 
f 1864//116 1972//116 1469//116 
f 1476//116 2182//116 1868//116 
f 2073//116 2071//116 1476//116 
f 2074//116 1597//116 1405//116 
f 2077//116 2075//116 1405//116 
f 1978//116 1977//116 1405//116 
f 1728//116 1871//116 1361//116 
f 2081//116 1879//116 1483//116 
f 1977//116 2183//116 2080//116 
f 1486//116 2184//116 2082//116 
f 1486//116 2185//116 2186//116 
f 2083//116 2187//116 1486//116 
f 1985//116 1604//116 2084//116 
f 2087//116 2188//116 2084//116 
f 2089//116 2189//116 2084//116 
f 1738//116 2190//116 2088//116 
f 1738//116 2191//116 2192//116 
f 2092//116 1741//116 1738//116 
f 1738//116 2082//116 2093//116 
f 1604//116 2193//116 2094//116 
f 2096//116 2194//116 1604//116 
f 1606//116 2195//116 1604//116 
f 1994//116 1992//116 1489//116 
f 2097//116 2196//116 1489//116 
f 2197//116 2094//116 2198//116 
f 2199//116 2200//116 2201//116 
f 1889//116 2202//116 2098//116 
f 2202//116 1889//116 2099//116 
f 1999//116 2203//116 1892//116 
f 2103//116 2204//116 2104//116 
f 1895//116 2205//116 2106//116 
f 2003//116 2206//116 2001//116 
f 2207//116 2208//116 2209//116 
f 2210//116 2207//116 2211//116 
f 35//116 2212//116 2213//116 
f 2109//116 2108//116 1364//116 
f 2111//116 2214//116 37//116 
f 37//116 2215//116 2216//116 
f 2113//116 2217//116 37//116 
f 2115//116 2114//116 2117//116 
f 2006//116 2218//116 1324//116 
f 39//116 2219//116 2118//116 
f 39//116 2220//116 2221//116 
f 1901//116 39//116 37//116 
f 2122//116 1904//116 37//116 
f 2124//116 2012//116 1364//116 
f 1498//116 2222//116 1496//116 
f 1764//116 2016//116 43//116 
f 1642//116 2223//116 1641//116 
f 1432//116 2224//116 1431//116 
f 2021//116 1786//116 57//116 
f 2128//116 2127//116 1354//116 
f 1923//116 1794//116 61//116 
f 1797//116 2029//116 67//116 
f 2129//116 1932//116 69//116 
f 2131//116 2130//116 1459//116 
f 1685//116 2225//116 1683//116 
f 1813//116 79//116 77//116 
f 2133//116 2033//116 79//116 
f 79//116 1813//116 2226//116 
f 2134//116 2036//116 83//116 
f 2041//116 87//116 85//116 
f 2139//116 2042//116 87//116 
f 1823//116 2140//116 2041//116 
f 89//116 2227//116 2142//116 
f 2144//116 2143//116 2046//116 
f 93//116 2228//116 2229//116 
f 93//116 2230//116 2231//116 
f 1696//116 97//116 95//116 
f 1830//116 2146//116 97//116 
f 101//116 2150//116 2148//116 
f 99//116 2147//116 2232//116 
f 111//116 109//116 2151//116 
f 2151//116 3//116 116//116 
f 7//116 2151//116 2152//116 
f 2152//116 13//116 11//116 
f 19//116 17//116 2152//116 
f 2152//116 25//116 23//116 
f 2156//116 2153//116 1834//116 
f 1834//116 2233//116 2234//116 
f 1834//116 2235//116 2236//116 
f 1837//116 2237//116 2238//116 
f 2157//116 2239//116 1837//116 
f 1953//116 1837//116 2159//116 
f 2159//116 2240//116 2241//116 
f 2162//116 2242//116 2159//116 
f 2159//116 2243//116 2244//116 
f 1837//116 2245//116 2246//116 
f 1837//116 2247//116 2248//116 
f 1837//116 2249//116 2250//116 
f 2164//116 2251//116 1837//116 
f 2165//116 2252//116 1837//116 
f 1571//116 2253//116 2254//116 
f 2166//116 2255//116 1571//116 
f 2256//116 2257//116 2258//116 
f 2259//116 2260//116 2257//116 
f 2261//116 2262//116 2260//116 
f 1463//116 2263//116 2262//116 
f 2168//116 2167//116 2170//116 
f 2053//116 1706//116 1698//116 
f 2173//116 1960//116 1463//116 
f 2056//116 2174//116 1463//116 
f 1463//116 2264//116 2265//116 
f 1464//116 2057//116 2177//116 
f 2179//116 2069//116 1698//116 
f 2180//116 2266//116 1698//116 
f 1845//116 1698//116 1706//116 
f 1706//116 2267//116 2268//116 
f 2065//116 2269//116 1706//116 
f 2068//116 1966//116 1469//116 
f 1971//116 1583//116 1469//116 
f 2072//116 2182//116 1476//116 
f 2076//116 1975//116 1405//116 
f 1980//116 2079//116 1405//116 
f 2080//116 1483//116 1977//116 
f 2186//116 2184//116 1486//116 
f 2187//116 2270//116 1486//116 
f 2188//116 2085//116 2084//116 
f 2088//116 2084//116 1738//116 
f 2090//116 2191//116 1738//116 
f 1988//116 2271//116 1738//116 
f 2194//116 2193//116 1604//116 
f 2195//116 2272//116 1604//116 
f 2196//116 1608//116 1489//116 
f 2198//116 1489//116 2197//116 
f 2199//116 2273//116 2200//116 
f 2199//116 1889//116 2274//116 
f 2101//116 2202//116 2099//116 
f 2203//116 2275//116 1892//116 
f 1892//116 2276//116 2277//116 
f 1892//116 2278//116 2279//116 
f 2280//116 2104//116 2281//116 
f 2105//116 2282//116 2103//116 
f 1895//116 2283//116 2284//116 
f 1895//116 2285//116 2205//116 
f 2286//116 2287//116 2288//116 
f 2289//116 2290//116 2291//116 
f 2292//116 2293//116 2290//116 
f 2294//116 2295//116 2293//116 
f 2001//116 2296//116 2297//116 
f 2206//116 2298//116 2001//116 
f 2207//116 2210//116 2208//116 
f 2211//116 2299//116 2300//116 
f 2301//116 2302//116 2303//116 
f 2213//116 2301//116 35//116 
f 2214//116 1899//116 37//116 
f 2217//116 2215//116 37//116 
f 2006//116 2117//116 2218//116 
f 2119//116 2304//116 39//116 
f 2120//116 2220//116 39//116 
f 2123//116 1748//116 37//116 
f 1506//116 2305//116 1504//116 
f 1545//116 53//116 51//116 
f 1919//116 61//116 59//116 
f 1796//116 65//116 63//116 
f 1801//116 71//116 69//116 
f 2132//116 1328//116 77//116 
f 2226//116 2035//116 79//116 
f 2135//116 2040//116 85//116 
f 87//116 2306//116 2307//116 
f 87//116 2308//116 2309//116 
f 87//116 2310//116 2311//116 
f 2138//116 87//116 2041//116 
f 89//116 2312//116 2227//116 
f 2229//116 2144//116 93//116 
f 2231//116 2313//116 93//116 
f 2147//116 99//116 97//116 
f 99//116 2232//116 2150//116 
f 115//116 113//116 2151//116 
f 7//116 5//116 2151//116 
f 2152//116 15//116 13//116 
f 23//116 21//116 2152//116 
f 1834//116 2314//116 1835//116 
f 1834//116 2315//116 2233//116 
f 2236//116 2316//116 1834//116 
f 2317//116 2318//116 2319//116 
f 2320//116 2238//116 2318//116 
f 2238//116 1571//116 1837//116 
f 1837//116 2321//116 2322//116 
f 1837//116 2323//116 2324//116 
f 2158//116 2049//116 1837//116 
f 2159//116 2325//116 2240//116 
f 2244//116 2161//116 2159//116 
f 2326//116 2327//116 2328//116 
f 2246//116 2329//116 1837//116 
f 2248//116 2330//116 1837//116 
f 2250//116 2331//116 1837//116 
f 1837//116 2332//116 2163//116 
f 2254//116 2165//116 1571//116 
f 2255//116 2333//116 1571//116 
f 2257//116 2256//116 2259//116 
f 2260//116 2334//116 2261//116 
f 2262//116 1464//116 1463//116 
f 2053//116 2170//116 1706//116 
f 2175//116 2172//116 1463//116 
f 2265//116 2335//116 1463//116 
f 2059//116 2336//116 2057//116 
f 2179//116 2337//116 2069//116 
f 2181//116 2060//116 1698//116 
f 2269//116 2267//116 1706//116 
f 1578//116 2338//116 1577//116 
f 1592//116 2339//116 1591//116 
f 1730//116 2340//116 1729//116 
f 2270//116 2185//116 1486//116 
f 2189//116 2086//116 2084//116 
f 2271//116 2091//116 1738//116 
f 2272//116 2095//116 1604//116 
f 2198//116 1996//116 1489//116 
f 2341//116 2200//116 2342//116 
f 2201//116 1889//116 2199//116 
f 2199//116 1489//116 2343//116 
f 1889//116 2344//116 2274//116 
f 1889//116 2345//116 2346//116 
f 1891//116 2347//116 1889//116 
f 1892//116 2348//116 2349//116 
f 2277//116 2102//116 1892//116 
f 2279//116 2350//116 1892//116 
f 2104//116 2280//116 2105//116 
f 2103//116 2351//116 2352//116 
f 2103//116 1892//116 2353//116 
f 2284//116 2354//116 1895//116 
f 1897//116 2355//116 1895//116 
f 2286//116 2356//116 2287//116 
f 2357//116 2358//116 2359//116 
f 2357//116 2360//116 2361//116 
f 2362//116 2363//116 2364//116 
f 2290//116 2289//116 2292//116 
f 2293//116 2365//116 2294//116 
f 2366//116 2367//116 2107//116 
f 2001//116 2368//116 2369//116 
f 2297//116 2370//116 2001//116 
f 2298//116 2371//116 2001//116 
f 2211//116 2300//116 2210//116 
f 2301//116 2372//116 2373//116 
f 2303//116 2374//116 2301//116 
f 2301//116 2375//116 2376//116 
f 2213//116 2377//116 2301//116 
f 2216//116 2110//116 37//116 
f 2112//116 37//116 35//116 
f 2304//116 2005//116 39//116 
f 2121//116 1903//116 37//116 
f 1910//116 1775//116 47//116 
f 1663//116 2378//116 1662//116 
f 1567//116 1811//116 73//116 
f 1818//116 2379//116 1817//116 
f 2309//116 2306//116 87//116 
f 2137//116 2310//116 87//116 
f 91//116 2380//116 2381//116 
f 89//116 2307//116 2312//116 
f 2313//116 2228//116 93//116 
f 93//116 2382//116 2383//116 
f 93//116 2384//116 2385//116 
f 93//116 91//116 2386//116 
f 2149//116 2151//116 101//116 
f 2151//116 105//116 103//116 
f 5//116 3//116 2151//116 
f 17//116 15//116 2152//116 
f 31//116 2387//116 2388//116 
f 1834//116 2389//116 2314//116 
f 2316//116 2315//116 1834//116 
f 2159//116 2390//116 2235//116 
f 2318//116 2317//116 2320//116 
f 2238//116 2391//116 1571//116 
f 1837//116 2392//116 2321//116 
f 2239//116 2323//116 1837//116 
f 2242//116 2325//116 2159//116 
f 2159//116 1834//116 2393//116 
f 2326//116 2394//116 2327//116 
f 2329//116 2395//116 2396//116 
f 2330//116 2245//116 1837//116 
f 2251//116 2249//116 1837//116 
f 2333//116 2253//116 1571//116 
f 2260//116 2259//116 2334//116 
f 2262//116 2397//116 1464//116 
f 1463//116 2398//116 2399//116 
f 2054//116 2171//116 1698//116 
f 1961//116 2264//116 1463//116 
f 2337//116 2400//116 2069//116 
f 2268//116 2063//116 1706//116 
f 1868//116 1867//116 1466//116 
f 2082//116 1738//116 1483//116 
f 2192//116 2190//116 1738//116 
f 1991//116 2343//116 1489//116 
f 2200//116 2341//116 2201//116 
f 2343//116 2401//116 2199//116 
f 2346//116 2344//116 1889//116 
f 2347//116 2402//116 1889//116 
f 1892//116 2403//116 2348//116 
f 2350//116 2276//116 1892//116 
f 1892//116 2404//116 2405//116 
f 2406//116 2274//116 2404//116 
f 2352//116 2204//116 2103//116 
f 2103//116 2407//116 2408//116 
f 2353//116 2409//116 2103//116 
f 2354//116 2410//116 2411//116 
f 2354//116 2412//116 2413//116 
f 1895//116 2414//116 2283//116 
f 2355//116 2415//116 1895//116 
f 2286//116 2416//116 2356//116 
f 2417//116 2359//116 2418//116 
f 2359//116 2419//116 2357//116 
f 2361//116 2420//116 2357//116 
f 2362//116 2421//116 2363//116 
f 2422//116 2423//116 2424//116 
f 2293//116 2292//116 2365//116 
f 2425//116 2426//116 2295//116 
f 2425//116 2427//116 2428//116 
f 2366//116 2425//116 2294//116 
f 2366//116 2429//116 2367//116 
f 2001//116 2430//116 2299//116 
f 2370//116 2368//116 2001//116 
f 2371//116 2431//116 2001//116 
f 2301//116 2432//116 2207//116 
f 2374//116 2372//116 2301//116 
f 2377//116 2375//116 2301//116 
f 35//116 2433//116 2434//116 
f 35//116 2435//116 2436//116 
f 35//116 33//116 2437//116 
f 35//116 2301//116 2112//116 
f 2221//116 2219//116 39//116 
f 1783//116 2438//116 1782//116 
f 2034//116 2038//116 81//116 
f 2311//116 2308//116 87//116 
f 2044//116 2380//116 91//116 
f 2383//116 2230//116 93//116 
f 2386//116 2384//116 93//116 
f 103//116 101//116 2151//116 
f 11//116 9//116 2152//116 
f 2388//116 33//116 31//116 
f 2234//116 2389//116 1834//116 
f 2159//116 2439//116 2390//116 
f 2159//116 2440//116 2441//116 
f 2238//116 2320//116 2391//116 
f 2322//116 2442//116 1837//116 
f 2241//116 2160//116 2159//116 
f 2393//116 2443//116 2159//116 
f 2326//116 1834//116 2394//116 
f 2246//116 2395//116 2329//116 
f 2252//116 2332//116 1837//116 
f 2262//116 2261//116 2397//116 
f 2399//116 2444//116 1463//116 
f 1463//116 2329//116 2445//116 
f 2335//116 2176//116 1463//116 
f 2266//116 2178//116 1698//116 
f 2078//116 2183//116 1977//116 
f 2094//116 2197//116 2084//116 
f 2401//116 2273//116 2199//116 
f 2402//116 2345//116 1889//116 
f 2275//116 2403//116 1892//116 
f 2404//116 1892//116 2406//116 
f 2103//116 2446//116 2351//116 
f 2409//116 2407//116 2103//116 
f 2354//116 2103//116 2282//116 
f 2354//116 2447//116 2448//116 
f 2413//116 2410//116 2354//116 
f 2415//116 2414//116 1895//116 
f 2449//116 2450//116 2451//116 
f 2286//116 2452//116 2416//116 
f 2359//116 2417//116 2419//116 
f 2357//116 2453//116 2454//116 
f 2420//116 2455//116 2357//116 
f 2456//116 2457//116 2458//116 
f 2362//116 2459//116 2421//116 
f 2424//116 2460//116 2422//116 
f 2295//116 2294//116 2425//116 
f 2428//116 2461//116 2425//116 
f 2294//116 2462//116 2366//116 
f 2366//116 2462//116 2429//116 
f 2001//116 2463//116 2430//116 
f 2431//116 2296//116 2001//116 
f 2301//116 2464//116 2432//116 
f 2376//116 2302//116 2301//116 
f 2436//116 2433//116 35//116 
f 2437//116 2465//116 35//116 
f 2116//116 2466//116 2114//116 
f 2028//116 2467//116 2027//116 
f 2381//116 2386//116 91//116 
f 2385//116 2382//116 93//116 
f 107//116 105//116 2151//116 
f 2152//116 29//116 27//116 
f 2388//116 2468//116 33//116 
f 2235//116 1834//116 2159//116 
f 2441//116 2469//116 2159//116 
f 2470//116 2159//116 2152//116 
f 2442//116 2237//116 1837//116 
f 2443//116 2243//116 2159//116 
f 2328//116 2471//116 2326//116 
f 2331//116 2247//116 1837//116 
f 2444//116 2263//116 1463//116 
f 2445//116 2472//116 1463//116 
f 2400//116 2070//116 2069//116 
f 1984//116 2473//116 1982//116 
f 2274//116 2406//116 2199//116 
f 2405//116 2278//116 1892//116 
f 2408//116 2446//116 2103//116 
f 2282//116 2474//116 2354//116 
f 2354//116 2475//116 2447//116 
f 2284//116 2412//116 2354//116 
f 2286//116 2476//116 2449//116 
f 2286//116 2448//116 2452//116 
f 2454//116 2358//116 2357//116 
f 2357//116 2477//116 2360//116 
f 2357//116 2451//116 2478//116 
f 2479//116 2357//116 2419//116 
f 2458//116 2480//116 2456//116 
f 2456//116 2481//116 2482//116 
f 2459//116 2483//116 2481//116 
f 2364//116 2484//116 2362//116 
f 2460//116 2485//116 2422//116 
f 2461//116 2426//116 2425//116 
f 2425//116 2486//116 2487//116 
f 2425//116 2488//116 2489//116 
f 2425//116 2424//116 2490//116 
f 2107//116 2001//116 2366//116 
f 2369//116 2463//116 2001//116 
f 2373//116 2464//116 2301//116 
f 2465//116 2435//116 35//116 
f 2014//116 1908//116 41//116 
f 2045//116 2046//116 1826//116 
f 27//116 25//116 2152//116 
f 29//116 2152//116 2387//116 
f 2469//116 2439//116 2159//116 
f 2152//116 2151//116 2470//116 
f 2324//116 2392//116 1837//116 
f 2326//116 2491//116 1834//116 
f 2396//116 2492//116 2329//116 
f 2472//116 2398//116 1463//116 
f 1854//116 2493//116 1852//116 
f 2349//116 2353//116 1892//116 
f 2474//116 1895//116 2354//116 
f 2411//116 2475//116 2354//116 
f 2288//116 2476//116 2286//116 
f 2455//116 2453//116 2357//116 
f 2478//116 2494//116 2357//116 
f 2419//116 2495//116 2479//116 
f 2482//116 2457//116 2456//116 
f 2362//116 2483//116 2459//116 
f 2460//116 2496//116 2485//116 
f 2487//116 2427//116 2425//116 
f 2490//116 2488//116 2425//116 
f 2299//116 2211//116 2001//116 
f 2434//116 2212//116 35//116 
f 2307//116 89//116 87//116 
f 31//116 29//116 2387//116 
f 2470//116 2440//116 2159//116 
f 2491//116 2393//116 1834//116 
f 2258//116 2497//116 2256//116 
f 2342//116 2498//116 2341//116 
f 2448//116 2286//116 2354//116 
f 2451//116 2286//116 2449//116 
f 2494//116 2477//116 2357//116 
f 2495//116 2499//116 2479//116 
f 2479//116 2500//116 2459//116 
f 2456//116 2501//116 2502//116 
f 2456//116 2503//116 2504//116 
f 2456//116 2505//116 2506//116 
f 2481//116 2456//116 2459//116 
f 2423//116 2507//116 2424//116 
f 2489//116 2486//116 2425//116 
f 2209//116 2301//116 2207//116 
f 2046//116 2508//116 2145//116 
f 2319//116 2509//116 2317//116 
f 2169//116 2510//116 2167//116 
f 2450//116 2478//116 2451//116 
f 2499//116 2500//116 2479//116 
f 2500//116 2511//116 2459//116 
f 2504//116 2501//116 2456//116 
f 2480//116 2505//116 2456//116 
f 2460//116 2502//116 2496//116 
f 33//116 2512//116 2513//116 
f 33//116 2468//116 2514//116 
f 2294//116 2515//116 2462//116 
f 2155//116 1834//116 2153//116 
f 2281//116 2516//116 2280//116 
f 2459//116 2456//116 2479//116 
f 2506//116 2503//116 2456//116 
f 2507//116 2517//116 2424//116 
f 2514//116 2512//116 33//116 
f 1611//116 2518//116 1364//116 
f 2418//116 2519//116 2417//116 
f 2517//116 2490//116 2424//116 
f 2291//116 2520//116 2289//116 
f 2502//116 2460//116 2456//116 
f 2492//116 2445//116 2329//116 
f 2513//116 2437//116 33//116 
o mesh3
f 1674//117 877//117 723//118 
f 723//118 1675//118 1674//117 
o mesh4
f 1449//119 150//119 984//120 
f 984//120 1561//120 1449//119 
o mesh5
f 1328//121 417//121 1315//122 
f 1315//122 1462//122 1328//121 
o mesh6
f 2040//123 1142//123 1314//124 
f 1314//124 2136//124 2040//123 
o mesh7
f 1446//125 433//125 330//126 
f 330//126 1447//126 1446//125 
o mesh8
f 1392//127 340//127 133//128 
f 133//128 1443//128 1392//127 
o mesh9
f 1534//129 341//129 254//130 
f 254//130 1535//130 1534//129 
o mesh10
f 1319//131 258//131 196//132 
f 196//132 1332//132 1319//131 
o mesh11
f 1611//133 500//133 159//134 
f 159//134 2518//134 1611//133 
o mesh12
f 1368//135 364//135 271//136 
f 271//136 1369//136 1368//135 
o mesh13
f 1376//137 262//137 261//138 
f 261//138 1420//138 1376//137 
o mesh14
f 1756//139 358//139 264//140 
f 264//140 1372//140 1756//139 
o mesh15
f 2515//141 1262//141 1221//142 
f 1221//142 2462//142 2515//141 
o mesh16
f 2500//143 1301//143 1316//144 
f 1316//144 2511//144 2500//143 
o mesh17
f 2100//145 505//145 372//146 
f 372//146 2101//146 2100//145 
o mesh18
f 1895//147 212//147 1302//148 
f 1302//148 2285//148 1895//147 
o mesh19
f 1885//149 518//149 377//150 
f 377//150 1886//150 1885//149 
o mesh20
f 1736//151 165//151 1185//152 
f 1185//152 1737//152 1736//151 
o mesh21
f 1481//153 171//153 139//154 
f 139//154 1482//154 1481//153 
o mesh22
f 1588//155 144//155 143//156 
f 143//156 1714//156 1588//155 
o mesh23
f 2397//157 952//157 413//158 
f 413//158 1464//158 2397//157 
o mesh24
f 1955//159 1311//159 702//160 
f 702//160 1956//160 1955//159 
o mesh25
f 1849//161 558//161 557//162 
f 557//162 1964//162 1849//161 
o mesh26
f 1358//163 145//163 1186//164 
f 1186//164 1713//164 1358//163 
o mesh27
f 2154//165 1125//165 1063//166 
f 1063//166 2155//166 2154//165 
o mesh28
f 2508//167 1131//167 1065//168 
f 1065//168 2145//168 2508//167 
o mesh29
f 1827//169 1826//170 858//170 
f 860//171 1828//171 1827//169 
f 859//172 1945//172 1828//171 
f 2045//173 1945//172 859//172 
f 1066//174 2046//174 2045//173 
f 1131//175 2508//175 2046//174 
f 2046//174 1066//174 1131//175 
f 2045//173 969//176 1066//174 
f 859//172 969//176 2045//173 
f 1828//171 860//171 859//172 
f 1827//169 1134//177 860//171 
f 858//170 1134//177 1827//169 
o mesh30
f 2041//178 2136//179 1314//179 
f 1200//180 1944//180 2041//178 
f 1824//181 1944//180 1200//180 
f 1136//182 1825//182 1824//181 
f 2141//183 1825//182 1136//182 
f 1138//184 1823//184 2141//183 
f 2141//183 1318//183 1138//184 
f 1136//182 1318//183 2141//183 
f 1824//181 1139//185 1136//182 
f 1200//180 1139//185 1824//181 
f 2041//178 1069//186 1200//180 
f 1314//179 1069//186 2041//178 
o mesh31
f 2142//187 1135//187 1199//188 
f 1199//188 2044//188 2142//187 
o mesh32
f 2380//189 2044//188 1199//188 
f 2381//190 2380//189 1255//189 
f 2386//191 2381//190 1289//190 
f 2384//192 2386//191 1284//191 
f 2385//193 2384//192 1283//192 
f 2382//194 2385//193 1286//193 
f 2383//195 2382//194 1285//194 
f 2230//196 2383//195 1288//195 
f 2231//197 2230//196 1287//196 
f 2313//198 2231//197 1254//197 
f 2228//199 2313//198 1197//198 
f 2229//200 2228//199 1196//199 
f 2144//201 2229//200 1198//200 
f 2143//202 2144//201 1133//201 
f 1826//203 2143//202 1132//202 
f 1132//202 858//203 1826//203 
f 1133//201 1132//202 2143//202 
f 1198//200 1133//201 2144//201 
f 1196//199 1198//200 2229//200 
f 1197//198 1196//199 2228//199 
f 1254//197 1197//198 2313//198 
f 1287//196 1254//197 2231//197 
f 1288//195 1287//196 2230//196 
f 1285//194 1288//195 2383//195 
f 1286//193 1285//194 2382//194 
f 1283//192 1286//193 2385//193 
f 1284//191 1283//192 2384//192 
f 1289//190 1284//191 2386//191 
f 1255//189 1289//190 2381//190 
f 1199//188 1255//189 2380//189 
o mesh33
f 2140//204 1823//205 1138//205 
f 2138//206 2140//204 1137//207 
f 2139//208 2138//206 1068//209 
f 2042//210 2139//208 1067//211 
f 2043//212 2042//210 1256//213 
f 2137//214 2043//212 1201//215 
f 2310//216 2137//214 1141//217 
f 2311//218 2310//216 1140//219 
f 2308//220 2311//218 1291//221 
f 2309//222 2308//220 1290//223 
f 2306//224 2309//222 1293//225 
f 2307//226 2306//224 1292//227 
f 2312//228 2307//226 1294//229 
f 2227//230 2312//228 1310//231 
f 2142//232 2227//230 1309//233 
f 1309//233 1135//232 2142//232 
f 1310//231 1309//233 2227//230 
f 1294//229 1310//231 2312//228 
f 1292//227 1294//229 2307//226 
f 1293//225 1292//227 2306//224 
f 1290//223 1293//225 2309//222 
f 1291//221 1290//223 2308//220 
f 1140//219 1291//221 2311//218 
f 1141//217 1140//219 2310//216 
f 1201//215 1141//217 2137//214 
f 1256//213 1201//215 2043//212 
f 1067//211 1256//213 2042//210 
f 1068//209 1067//211 2139//208 
f 1137//207 1068//209 2138//206 
f 1138//205 1137//207 2140//204 
o mesh34
f 706//234 1836//234 1835//235 
f 1952//236 1836//234 706//234 
f 849//237 2048//237 1952//236 
f 2156//238 2048//237 849//237 
f 1062//239 2153//239 2156//238 
f 1125//240 2154//240 2153//239 
f 2153//239 1062//239 1125//240 
f 2156//238 963//241 1062//239 
f 849//237 963//241 2156//238 
f 1952//236 705//242 849//237 
f 706//234 705//242 1952//236 
f 1835//235 1194//243 706//234 
o mesh35
f 1130//244 2047//244 2145//245 
f 1064//246 1946//246 2047//244 
f 1696//247 1946//246 1064//246 
f 851//248 1569//248 1696//247 
f 1282//249 1570//249 1569//248 
f 1833//250 1570//249 1282//249 
f 1282//249 852//250 1833//250 
f 1569//248 851//248 1282//249 
f 1696//247 853//251 851//248 
f 1064//246 853//251 1696//247 
f 2047//244 1130//244 1064//246 
f 2145//245 1065//252 1130//244 
o mesh36
f 2149//253 1128//253 850//254 
f 850//254 2151//254 2149//253 
o mesh37
f 2470//255 2151//254 850//254 
f 2440//256 2470//255 1306//255 
f 2441//257 2440//256 1305//256 
f 2469//258 2441//257 1308//257 
f 2439//259 2469//258 1307//258 
f 2390//260 2439//259 1280//259 
f 2235//261 2390//260 1251//260 
f 2236//262 2235//261 1250//261 
f 2316//263 2236//262 1193//262 
f 2315//264 2316//263 1192//263 
f 2233//265 2315//264 1123//264 
f 2234//266 2233//265 1061//265 
f 2389//267 2234//266 1060//266 
f 2314//268 2389//267 1124//267 
f 1835//269 2314//268 1252//268 
f 1252//268 1194//269 1835//269 
f 1124//267 1252//268 2314//268 
f 1060//266 1124//267 2389//267 
f 1061//265 1060//266 2234//266 
f 1123//264 1061//265 2233//265 
f 1192//263 1123//264 2315//264 
f 1193//262 1192//263 2316//263 
f 1250//261 1193//262 2236//262 
f 1251//260 1250//261 2235//261 
f 1280//259 1251//260 2390//260 
f 1307//258 1280//259 2439//259 
f 1308//257 1307//258 2469//258 
f 1305//256 1308//257 2441//257 
f 1306//255 1305//256 2440//256 
f 850//254 1306//255 2470//255 
o mesh38
f 1951//270 1833//271 852//271 
f 1949//272 1951//270 708//273 
f 1950//274 1949//272 707//275 
f 1831//276 1950//274 966//277 
f 1832//278 1831//276 965//279 
f 1948//280 1832//278 855//281 
f 1947//282 1948//280 854//283 
f 1829//284 1947//282 967//285 
f 1830//286 1829//284 968//287 
f 2146//288 1830//286 857//289 
f 2147//290 2146//288 856//291 
f 2232//292 2147//290 1129//293 
f 2150//294 2232//292 1127//295 
f 2148//296 2150//294 1126//297 
f 2149//298 2148//296 1195//299 
f 1195//299 1128//298 2149//298 
f 1126//297 1195//299 2148//296 
f 1127//295 1126//297 2150//294 
f 1129//293 1127//295 2232//292 
f 856//291 1129//293 2147//290 
f 857//289 856//291 2146//288 
f 968//287 857//289 1830//286 
f 967//285 968//287 1829//284 
f 854//283 967//285 1947//282 
f 855//281 854//283 1948//280 
f 965//279 855//281 1832//278 
f 966//277 965//279 1831//276 
f 707//275 966//277 1950//274 
f 708//273 707//275 1949//272 
f 852//271 708//273 1951//270 
o mesh39
f 2493//300 1854//301 409//301 
f 131//302 1852//302 2493//300 
f 148//303 1855//303 1852//302 
f 181//304 1965//304 1855//303 
f 1576//305 1965//304 181//304 
f 145//306 1358//306 1576//305 
f 1576//305 238//305 145//306 
f 181//304 238//305 1576//305 
f 1855//303 148//303 181//304 
f 1852//302 131//302 148//303 
f 2493//300 132//307 131//302 
f 409//301 132//307 2493//300 
o mesh40
f 556//308 1847//308 1964//309 
f 1851//310 1847//308 556//308 
f 553//311 1850//311 1851//310 
f 1707//312 1850//311 553//311 
f 412//313 1708//313 1707//312 
f 411//314 2065//314 1708//313 
f 1708//313 412//313 411//314 
f 1707//312 555//315 412//313 
f 553//311 555//315 1707//312 
f 1851//310 554//316 553//311 
f 556//308 554//316 1851//310 
f 1964//309 557//317 556//308 
o mesh41
f 1963//318 830//318 829//319 
f 829//319 2180//319 1963//318 
o mesh42
f 2266//320 2180//319 829//319 
f 2178//321 2266//320 832//320 
f 2179//322 2178//321 831//321 
f 2337//323 2179//322 1112//322 
f 2400//324 2337//323 1031//323 
f 2070//325 2400//324 1030//324 
f 2067//326 2070//325 1111//325 
f 2068//327 2067//326 944//326 
f 1966//328 2068//327 680//327 
f 1967//329 1966//328 679//328 
f 2066//330 1967//329 822//329 
f 1709//331 2066//330 821//330 
f 1575//332 1709//331 823//331 
f 1853//333 1575//332 681//332 
f 1854//334 1853//333 552//333 
f 552//333 409//334 1854//334 
f 681//332 552//333 1853//333 
f 823//331 681//332 1575//332 
f 821//330 823//331 1709//331 
f 822//329 821//330 2066//330 
f 679//328 822//329 1967//329 
f 680//327 679//328 1966//328 
f 944//326 680//327 2068//327 
f 1111//325 944//326 2067//326 
f 1030//324 1111//325 2070//325 
f 1031//323 1030//324 2400//324 
f 1112//322 1031//323 2337//323 
f 831//321 1112//322 2179//322 
f 832//320 831//321 2178//321 
f 829//319 832//320 2266//320 
o mesh43
f 2269//335 2065//336 411//336 
f 2267//337 2269//335 945//338 
f 2268//339 2267//337 1026//340 
f 2063//341 2268//339 1028//342 
f 2064//343 2063//341 1027//344 
f 2062//345 2064//343 825//346 
f 1845//347 2062//345 824//348 
f 1846//349 1845//347 826//350 
f 1843//351 1846//349 684//352 
f 1844//353 1843//351 683//354 
f 2061//355 1844//353 827//356 
f 2181//357 2061//355 686//358 
f 2060//359 2181//357 685//360 
f 1962//361 2060//359 828//362 
f 1963//363 1962//361 1029//364 
f 1029//364 830//363 1963//363 
f 828//362 1029//364 1962//361 
f 685//360 828//362 2060//359 
f 686//358 685//360 2181//357 
f 827//356 686//358 2061//355 
f 683//354 827//356 1844//353 
f 684//352 683//354 1843//351 
f 826//350 684//352 1846//349 
f 824//348 826//350 1845//347 
f 825//346 824//348 2062//345 
f 1027//344 825//346 2064//343 
f 1028//342 1027//344 2063//341 
f 1026//340 1028//342 2268//339 
f 945//338 1026//340 2267//337 
f 411//336 945//338 2269//335 
o mesh44
f 565//365 2510//365 2169//366 
f 2167//367 2510//365 565//365 
f 699//368 2170//368 2167//367 
f 410//369 1706//369 2170//368 
f 682//370 1848//370 1706//369 
f 1849//371 1848//370 682//370 
f 682//370 558//371 1849//371 
f 1706//369 410//369 682//370 
f 2170//368 699//368 410//369 
f 2167//367 564//372 699//368 
f 565//365 564//372 2167//367 
f 2169//366 951//373 565//365 
o mesh45
f 691//374 2058//374 1464//375 
f 833//376 2059//376 2058//374 
f 2336//377 2059//376 833//376 
f 687//378 2057//378 2336//377 
f 2177//379 2057//378 687//378 
f 689//380 1701//380 2177//379 
f 2177//379 1274//379 689//380 
f 687//378 1274//379 2177//379 
f 2336//377 690//381 687//378 
f 833//376 690//381 2336//377 
f 2058//374 691//374 833//376 
f 1464//375 413//382 691//374 
o mesh46
f 2174//383 1035//383 949//384 
f 949//384 2175//384 2174//383 
o mesh47
f 2172//385 2175//384 949//384 
f 2173//386 2172//385 948//385 
f 1960//387 2173//386 1037//386 
f 1958//388 1960//387 1036//387 
f 1959//389 1958//388 950//388 
f 1699//390 1959//389 696//389 
f 1700//391 1699//390 695//390 
f 1841//392 1700//391 837//391 
f 1957//393 1841//392 836//392 
f 2054//394 1957//393 698//393 
f 2171//395 2054//394 697//394 
f 2052//396 2171//395 838//395 
f 2053//397 2052//396 1039//396 
f 2168//398 2053//397 1038//397 
f 2169//399 2168//398 1040//398 
f 1040//398 951//399 2169//399 
f 1038//397 1040//398 2168//398 
f 1039//396 1038//397 2053//397 
f 838//395 1039//396 2052//396 
f 697//394 838//395 2171//395 
f 698//393 697//394 2054//394 
f 836//392 698//393 1957//393 
f 837//391 836//392 1841//392 
f 695//390 837//391 1700//391 
f 696//389 695//390 1699//390 
f 950//388 696//389 1959//389 
f 1036//387 950//388 1958//388 
f 1037//386 1036//387 1960//387 
f 948//385 1037//386 2173//386 
f 949//384 948//385 2172//385 
o mesh48
f 1702//400 1701//401 689//401 
f 1842//402 1702//400 688//403 
f 1465//404 1842//402 560//405 
f 1574//406 1465//404 559//407 
f 1705//408 1574//406 562//409 
f 1703//410 1705//408 692//411 
f 1704//412 1703//410 834//413 
f 1961//414 1704//412 694//415 
f 2264//416 1961//414 693//417 
f 2265//418 2264//416 835//419 
f 2335//420 2265//418 947//421 
f 2176//422 2335//420 946//423 
f 2055//424 2176//422 1032//425 
f 2056//426 2055//424 1034//427 
f 2174//428 2056//426 1033//429 
f 1033//429 1035//428 2174//428 
f 1034//427 1033//429 2056//426 
f 1032//425 1034//427 2055//424 
f 946//423 1032//425 2176//422 
f 947//421 946//423 2335//420 
f 835//419 947//421 2265//418 
f 693//417 835//419 2264//416 
f 694//415 693//417 1961//414 
f 834//413 694//415 1704//412 
f 692//411 834//413 1703//410 
f 562//409 692//411 1705//408 
f 559//407 562//409 1574//406 
f 560//405 559//407 1465//404 
f 688//403 560//405 1842//402 
f 689//401 688//403 1702//400 
o mesh49
f 1122//430 2509//430 2319//431 
f 848//432 2317//432 2509//430 
f 2320//433 2317//432 848//432 
f 962//434 2391//434 2320//433 
f 1571//435 2391//434 962//434 
f 1311//436 1955//436 1571//435 
f 1571//435 320//435 1311//436 
f 962//434 320//435 1571//435 
f 2320//433 847//437 962//434 
f 848//432 847//437 2320//433 
f 2509//430 1122//430 848//432 
f 2319//431 846//438 1122//430 
o mesh50
f 704//439 1834//439 2155//440 
f 1244//441 2394//441 1834//439 
f 1243//442 2327//442 2394//441 
f 1303//443 2328//443 2327//442 
f 1317//444 2471//444 2328//443 
f 1304//445 2326//445 2471//444 
f 2471//444 1317//444 1304//445 
f 2328//443 1303//443 1317//444 
f 2327//442 1243//442 1303//443 
f 2394//441 1244//441 1243//442 
f 1834//439 704//439 1244//441 
f 2155//440 1063//446 704//439 
o mesh51
f 1839//447 845//447 844//448 
f 844//448 2051//448 1839//447 
o mesh52
f 2158//449 2051//448 844//448 
f 2049//450 2158//449 961//449 
f 2050//451 2049//450 960//450 
f 2157//452 2050//451 1056//451 
f 2239//453 2157//452 1119//452 
f 2323//454 2239//453 1058//453 
f 2324//455 2323//454 1057//454 
f 2392//456 2324//455 1121//455 
f 2321//457 2392//456 1120//456 
f 2322//458 2321//457 1278//457 
f 2442//459 2322//458 1248//458 
f 2237//460 2442//459 1247//459 
f 2238//461 2237//460 1279//460 
f 2318//462 2238//461 1249//461 
f 2319//463 2318//462 1059//462 
f 1059//462 846//463 2319//463 
f 1249//461 1059//462 2318//462 
f 1279//460 1249//461 2238//461 
f 1247//459 1279//460 2237//460 
f 1248//458 1247//459 2442//459 
f 1278//457 1248//458 2322//458 
f 1120//456 1278//457 2321//457 
f 1121//455 1120//456 2392//456 
f 1057//454 1121//455 2324//455 
f 1058//453 1057//454 2323//454 
f 1119//452 1058//453 2239//453 
f 1056//451 1119//452 2157//452 
f 960//450 1056//451 2050//451 
f 961//449 960//450 2049//450 
f 844//448 961//449 2158//449 
o mesh53
f 2491//464 2326//465 1304//465 
f 2393//466 2491//464 1242//467 
f 2443//468 2393//466 1277//469 
f 2243//470 2443//468 1246//471 
f 2244//472 2243//470 1245//473 
f 2161//474 2244//472 1191//475 
f 2162//476 2161//474 1190//477 
f 2242//478 2162//476 1052//479 
f 2325//480 2242//478 1051//481 
f 2240//482 2325//480 1117//483 
f 2241//484 2240//482 1118//485 
f 2160//486 2241//484 1054//487 
f 1953//488 2160//486 1053//489 
f 1838//490 1953//488 1055//491 
f 1839//492 1838//490 959//493 
f 959//493 845//492 1839//492 
f 1055//491 959//493 1838//490 
f 1053//489 1055//491 1953//488 
f 1054//487 1053//489 2160//486 
f 1118//485 1054//487 2241//484 
f 1117//483 1118//485 2240//482 
f 1051//481 1117//483 2325//480 
f 1052//479 1051//481 2242//478 
f 1190//477 1052//479 2162//476 
f 1191//475 1190//477 2161//474 
f 1245//473 1191//475 2244//472 
f 1246//471 1245//473 2243//470 
f 1277//469 1246//471 2443//468 
f 1242//467 1277//469 2393//466 
f 1304//465 1242//467 2491//464 
o mesh54
f 415//494 2497//494 2258//495 
f 2256//496 2497//494 415//494 
f 566//497 2259//497 2256//496 
f 700//498 2334//498 2259//497 
f 2261//499 2334//498 700//498 
f 952//500 2397//500 2261//499 
f 2261//499 839//499 952//500 
f 700//498 839//499 2261//499 
f 2259//497 566//497 700//498 
f 2256//496 414//501 566//497 
f 415//494 414//501 2256//496 
f 2258//495 1043//502 415//494 
o mesh55
f 701//503 1954//503 1956//504 
f 703//505 1840//505 1954//503 
f 1697//506 1840//505 703//505 
f 416//507 1572//507 1697//506 
f 1573//508 1572//507 416//507 
f 321//509 2166//509 1573//508 
f 1573//508 322//508 321//509 
f 416//507 322//508 1573//508 
f 1697//506 567//510 416//507 
f 703//505 567//510 1697//506 
f 1954//503 701//503 703//505 
f 1956//504 702//511 701//503 
o mesh56
f 2248//512 958//512 842//513 
f 842//513 2330//513 2248//512 
o mesh57
f 2245//514 2330//513 842//513 
f 2246//515 2245//514 841//514 
f 2395//516 2246//515 1241//515 
f 2396//517 2395//516 1189//516 
f 2492//518 2396//517 1116//517 
f 2445//519 2492//518 1115//518 
f 2472//520 2445//519 1276//519 
f 2398//521 2472//520 1238//520 
f 2399//522 2398//521 1237//521 
f 2444//523 2399//522 1188//522 
f 2263//524 2444//523 1187//523 
f 2262//525 2263//524 1239//524 
f 2260//526 2262//525 1240//525 
f 2257//527 2260//526 1042//526 
f 2258//528 2257//527 1041//527 
f 1041//527 1043//528 2258//528 
f 1042//526 1041//527 2257//527 
f 1240//525 1042//526 2260//526 
f 1239//524 1240//525 2262//525 
f 1187//523 1239//524 2263//524 
f 1188//522 1187//523 2444//523 
f 1237//521 1188//522 2399//522 
f 1238//520 1237//521 2398//521 
f 1276//519 1238//520 2472//520 
f 1115//518 1276//519 2445//519 
f 1116//517 1115//518 2492//518 
f 1189//516 1116//517 2396//517 
f 1241//515 1189//516 2395//516 
f 841//514 1241//515 2246//515 
f 842//513 841//514 2245//514 
o mesh58
f 2255//529 2166//530 321//530 
f 2333//531 2255//529 953//532 
f 2253//533 2333//531 1044//534 
f 2254//535 2253//533 1113//536 
f 2165//537 2254//535 1046//538 
f 2252//539 2165//537 1045//540 
f 2332//541 2252//539 955//542 
f 2163//543 2332//541 954//544 
f 2164//545 2163//543 1114//546 
f 2251//547 2164//545 957//548 
f 2249//549 2251//547 956//550 
f 2250//551 2249//549 1047//552 
f 2331//553 2250//551 1049//554 
f 2247//555 2331//553 1048//556 
f 2248//557 2247//555 1050//558 
f 1050//558 958//557 2248//557 
f 1048//556 1050//558 2247//555 
f 1049//554 1048//556 2331//553 
f 1047//552 1049//554 2250//551 
f 956//550 1047//552 2249//549 
f 957//548 956//550 2251//547 
f 1114//546 957//548 2164//545 
f 954//544 1114//546 2163//543 
f 955//542 954//544 2332//541 
f 1045//540 955//542 2252//539 
f 1046//538 1045//540 2165//537 
f 1113//536 1046//538 2254//535 
f 1044//534 1113//536 2253//533 
f 953//532 1044//534 2333//531 
f 321//530 953//532 2255//529 
o mesh59
f 180//559 2338//559 1578//560 
f 179//561 1577//561 2338//559 
f 124//562 1476//562 1577//561 
f 1473//563 1476//562 124//562 
f 176//564 1474//564 1473//563 
f 144//565 1588//565 1474//564 
f 1474//564 176//564 144//565 
f 1473//563 127//566 176//564 
f 124//562 127//566 1473//563 
f 1577//561 179//561 124//562 
f 2338//559 180//559 179//561 
f 1578//560 319//567 180//559 
o mesh60
f 1586//568 1713//569 1186//569 
f 312//570 1472//570 1586//568 
f 237//571 1404//571 1472//570 
f 177//572 1359//572 1404//571 
f 147//573 1360//573 1359//572 
f 1865//574 1360//573 147//573 
f 147//573 146//574 1865//574 
f 1359//572 177//572 147//573 
f 1404//571 237//571 177//572 
f 1472//570 312//570 237//571 
f 1586//568 401//575 312//570 
f 1186//569 401//575 1586//568 
o mesh61
f 1581//576 404//576 316//577 
f 316//577 1582//577 1581//576 
o mesh62
f 1862//578 1582//577 316//577 
f 1969//579 1862//578 315//578 
f 1860//580 1969//579 406//579 
f 1861//581 1860//580 405//580 
f 1858//582 1861//581 677//581 
f 1859//583 1858//582 547//582 
f 1968//584 1859//583 678//583 
f 1856//585 1968//584 549//584 
f 1857//586 1856//585 548//585 
f 1579//587 1857//586 550//586 
f 1580//588 1579//587 407//587 
f 1710//589 1580//588 318//588 
f 1467//590 1710//589 317//589 
f 1468//591 1467//590 551//590 
f 1578//592 1468//591 408//591 
f 408//591 319//592 1578//592 
f 551//590 408//591 1468//591 
f 317//589 551//590 1467//590 
f 318//588 317//589 1710//589 
f 407//587 318//588 1580//588 
f 550//586 407//587 1579//587 
f 548//585 550//586 1857//586 
f 549//584 548//585 1856//585 
f 678//583 549//584 1968//584 
f 547//582 678//583 1859//583 
f 677//581 547//582 1858//582 
f 405//580 677//581 1861//581 
f 406//579 405//580 1860//580 
f 315//578 406//579 1969//579 
f 316//577 315//578 1862//578 
o mesh63
f 1974//593 1865//594 146//594 
f 1711//595 1974//593 540//596 
f 1712//597 1711//595 675//598 
f 1584//599 1712//597 541//600 
f 1585//601 1584//599 402//602 
f 1863//603 1585//601 314//604 
f 1864//605 1863//603 313//606 
f 1972//607 1864//605 403//608 
f 1973//609 1972//607 542//610 
f 1970//611 1973//609 819//612 
f 1971//613 1970//611 676//614 
f 1583//615 1971//613 544//616 
f 1470//617 1583//615 543//618 
f 1471//619 1470//617 546//620 
f 1581//621 1471//619 545//622 
f 545//622 404//621 1581//621 
f 546//620 545//622 1471//619 
f 543//618 546//620 1470//617 
f 544//616 543//618 1583//615 
f 676//614 544//616 1971//613 
f 819//612 676//614 1970//611 
f 542//610 819//612 1973//609 
f 403//608 542//610 1972//607 
f 313//606 403//608 1864//605 
f 314//604 313//606 1863//603 
f 402//602 314//604 1585//601 
f 541//600 402//602 1584//599 
f 675//598 541//600 1712//597 
f 540//596 675//598 1711//595 
f 146//594 540//596 1974//593 
o mesh64
f 175//623 2339//623 1592//624 
f 174//625 1591//625 2339//623 
f 236//626 1407//626 1591//625 
f 117//627 1361//627 1407//626 
f 137//628 1480//628 1361//627 
f 171//629 1481//629 1480//628 
f 1480//628 137//628 171//629 
f 1361//627 117//627 137//628 
f 1407//626 236//626 117//627 
f 1591//625 174//625 236//626 
f 2339//623 175//623 174//625 
f 1592//624 395//630 175//623 
o mesh65
f 142//631 1587//631 1714//632 
f 129//633 1475//633 1587//631 
f 1589//634 1475//633 129//633 
f 126//635 1477//635 1589//634 
f 125//636 1590//636 1477//635 
f 141//637 1715//637 1590//636 
f 1590//636 125//636 141//637 
f 1477//635 126//635 125//636 
f 1589//634 128//638 126//635 
f 129//633 128//638 1589//634 
f 1587//631 142//631 129//633 
f 1714//632 143//639 142//631 
o mesh66
f 1595//640 400//640 529//641 
f 529//641 1596//641 1595//640 
o mesh67
f 1866//642 1596//641 529//641 
f 1723//643 1866//642 394//642 
f 1724//644 1723//643 393//643 
f 1593//645 1724//644 530//644 
f 1594//646 1593//645 308//645 
f 1722//647 1594//646 307//646 
f 1720//648 1722//647 235//647 
f 1721//649 1720//648 234//648 
f 1718//650 1721//649 532//649 
f 1719//651 1718//650 531//650 
f 1716//652 1719//651 534//651 
f 1717//653 1716//652 533//652 
f 1478//654 1717//653 818//653 
f 1406//655 1478//654 671//654 
f 1592//656 1406//655 535//655 
f 535//655 395//656 1592//656 
f 671//654 535//655 1406//655 
f 818//653 671//654 1478//654 
f 533//652 818//653 1717//653 
f 534//651 533//652 1716//652 
f 531//650 534//651 1719//651 
f 532//649 531//650 1718//650 
f 234//648 532//649 1721//649 
f 235//647 234//648 1720//648 
f 307//646 235//647 1722//647 
f 308//645 307//646 1594//646 
f 530//644 308//645 1593//645 
f 393//643 530//644 1724//644 
f 394//642 393//643 1723//643 
f 529//641 394//642 1866//642 
o mesh68
f 2073//657 1715//658 141//658 
f 2071//659 2073//657 309//660 
f 2072//661 2071//659 396//662 
f 2182//663 2072//661 398//664 
f 1868//665 2182//663 397//666 
f 1869//667 1868//665 311//668 
f 2077//669 1869//667 310//670 
f 2075//671 2077//669 399//672 
f 2076//673 2075//671 536//674 
f 1975//675 2076//673 538//676 
f 1976//677 1975//675 537//678 
f 2074//679 1976//677 673//680 
f 1597//681 2074//679 672//682 
f 1598//683 1597//681 674//684 
f 1595//685 1598//683 539//686 
f 539//686 400//685 1595//685 
f 674//684 539//686 1598//683 
f 672//682 674//684 1597//681 
f 673//680 672//682 2074//679 
f 537//678 673//680 1976//677 
f 538//676 537//678 1975//675 
f 536//674 538//676 2076//673 
f 399//672 536//674 2075//671 
f 310//670 399//672 2077//669 
f 311//668 310//670 1869//667 
f 397//666 311//668 1868//665 
f 398//664 397//666 2182//663 
f 396//662 398//664 2072//661 
f 309//660 396//662 2071//659 
f 141//658 309//660 2073//657 
o mesh69
f 122//687 2340//687 1730//688 
f 1729//689 2340//687 122//687 
f 136//690 1485//690 1729//689 
f 170//691 1486//691 1485//690 
f 1735//692 1486//691 170//691 
f 165//693 1736//693 1735//692 
f 1735//692 816//692 165//693 
f 170//691 816//692 1735//692 
f 1485//690 136//690 170//691 
f 1729//689 121//694 136//690 
f 122//687 121//694 1729//689 
f 1730//688 229//695 122//687 
o mesh70
f 138//696 1599//696 1482//697 
f 1479//698 1599//696 138//696 
f 140//699 1408//699 1479//698 
f 123//700 1362//700 1408//699 
f 1363//701 1362//700 123//700 
f 118//702 1876//702 1363//701 
f 1363//701 119//701 118//702 
f 123//700 119//701 1363//701 
f 1408//699 140//699 123//700 
f 1479//698 172//703 140//699 
f 138//696 172//703 1479//698 
f 1482//697 139//704 138//696 
o mesh71
f 1979//705 391//705 390//706 
f 390//706 2078//706 1979//705 
o mesh72
f 2183//707 2078//706 390//706 
f 2080//708 2183//707 392//707 
f 2081//709 2080//708 817//708 
f 1879//710 2081//709 528//709 
f 1880//711 1879//710 527//710 
f 1877//712 1880//711 224//711 
f 1878//713 1877//712 223//712 
f 1601//714 1878//713 297//713 
f 1602//715 1601//714 296//714 
f 1733//716 1602//715 226//715 
f 1731//717 1733//716 169//716 
f 1732//718 1731//717 168//717 
f 1600//719 1732//718 228//718 
f 1484//720 1600//719 227//719 
f 1730//721 1484//720 298//720 
f 298//720 229//721 1730//721 
f 227//719 298//720 1484//720 
f 228//718 227//719 1600//719 
f 168//717 228//718 1732//718 
f 169//716 168//717 1731//717 
f 226//715 169//716 1733//716 
f 296//714 226//715 1602//715 
f 297//713 296//714 1601//714 
f 223//712 297//713 1878//713 
f 224//711 223//712 1877//712 
f 527//710 224//711 1880//711 
f 528//709 527//710 1879//710 
f 817//708 528//709 2081//709 
f 392//707 817//708 2080//708 
f 390//706 392//707 2183//707 
o mesh73
f 1981//722 1876//723 118//723 
f 1874//724 1981//722 299//725 
f 1875//726 1874//724 388//727 
f 1873//728 1875//726 301//729 
f 1727//730 1873//728 300//731 
f 1728//732 1727//730 302//733 
f 1871//734 1728//732 231//735 
f 1872//736 1871//734 230//737 
f 1870//738 1872//736 304//739 
f 1725//740 1870//738 303//741 
f 1726//742 1725//740 389//743 
f 1980//744 1726//742 305//745 
f 2079//746 1980//744 233//747 
f 1978//748 2079//746 232//749 
f 1979//750 1978//748 670//751 
f 670//751 391//750 1979//750 
f 232//749 670//751 1978//748 
f 233//747 232//749 2079//746 
f 305//745 233//747 1980//744 
f 389//743 305//745 1726//742 
f 303//741 389//743 1725//740 
f 304//739 303//741 1870//738 
f 230//737 304//739 1872//736 
f 231//735 230//737 1871//734 
f 302//733 231//735 1728//732 
f 300//731 302//733 1727//730 
f 301//729 300//731 1873//728 
f 388//727 301//729 1875//726 
f 299//725 388//727 1874//724 
f 118//723 299//725 1981//722 
o mesh74
f 295//752 2473//752 1984//753 
f 294//754 1982//754 2473//752 
f 219//755 1604//755 1982//754 
f 379//756 1883//756 1604//755 
f 1884//757 1883//756 379//756 
f 518//758 1885//758 1884//757 
f 1884//757 375//757 518//758 
f 379//756 375//757 1884//757 
f 1604//755 219//755 379//756 
f 1982//754 294//754 219//755 
f 2473//752 295//752 294//754 
f 1984//753 526//759 295//752 
o mesh75
f 519//760 1881//760 1737//761 
f 381//762 1734//762 1881//760 
f 287//763 1603//763 1734//762 
f 1487//764 1603//763 287//763 
f 167//765 1488//765 1487//764 
f 166//766 2083//766 1488//765 
f 1488//765 167//765 166//766 
f 1487//764 222//767 167//765 
f 287//763 222//767 1487//764 
f 1734//762 381//762 287//763 
f 1881//760 519//760 381//762 
f 1737//761 1185//768 519//760 
o mesh76
f 1739//769 385//769 292//770 
f 292//770 1740//770 1739//769 
o mesh77
f 1986//771 1740//770 292//770 
f 2090//772 1986//771 291//771 
f 2191//773 2090//772 387//772 
f 2192//774 2191//773 386//773 
f 2190//775 2192//774 525//774 
f 2088//776 2190//775 524//775 
f 2089//777 2088//776 812//776 
f 2189//778 2089//777 813//777 
f 2086//779 2189//778 666//778 
f 2087//780 2086//779 665//779 
f 2188//781 2087//780 814//780 
f 2085//782 2188//781 668//781 
f 1985//783 2085//782 667//782 
f 1983//784 1985//783 815//783 
f 1984//785 1983//784 669//784 
f 669//784 526//785 1984//785 
f 815//783 669//784 1983//784 
f 667//782 815//783 1985//783 
f 668//781 667//782 2085//782 
f 814//780 668//781 2188//781 
f 665//779 814//780 2087//780 
f 666//778 665//779 2086//779 
f 813//777 666//778 2189//778 
f 812//776 813//777 2089//777 
f 524//775 812//776 2088//776 
f 525//774 524//775 2190//775 
f 386//773 525//774 2192//774 
f 387//772 386//773 2191//773 
f 291//771 387//772 2090//772 
f 292//770 291//771 1986//771 
o mesh78
f 2187//786 2083//787 166//787 
f 2270//788 2187//786 662//789 
f 2185//790 2270//788 811//791 
f 2186//792 2185//790 943//793 
f 2184//794 2186//792 664//795 
f 2082//796 2184//794 663//797 
f 2093//798 2082//796 383//799 
f 1987//800 2093//798 382//801 
f 1988//802 1987//800 384//803 
f 2271//804 1988//802 290//805 
f 2091//806 2271//804 289//807 
f 2092//808 2091//806 521//809 
f 1741//810 2092//808 520//811 
f 1742//812 1741//810 523//813 
f 1739//814 1742//812 522//815 
f 522//815 385//814 1739//814 
f 523//813 522//815 1742//812 
f 520//811 523//813 1741//810 
f 521//809 520//811 2092//808 
f 289//807 521//809 2091//806 
f 290//805 289//807 2271//804 
f 384//803 290//805 1988//802 
f 382//801 384//803 1987//800 
f 383//799 382//801 2093//798 
f 663//797 383//799 2082//796 
f 664//795 663//797 2184//794 
f 943//793 664//795 2186//792 
f 811//791 943//793 2185//790 
f 662//789 811//791 2270//788 
f 166//787 662//789 2187//786 
o mesh79
f 2516//816 2281//817 932//817 
f 503//818 2280//818 2516//816 
f 649//819 2105//819 2280//818 
f 2282//820 2105//819 649//819 
f 2474//821 2282//820 798//820 
f 212//822 1895//822 2474//821 
f 2474//821 1105//821 212//822 
f 798//820 1105//821 2474//821 
f 649//819 798//820 2282//820 
f 2280//818 503//818 649//819 
f 2516//816 504//823 503//818 
f 932//817 504//823 2516//816 
o mesh80
f 371//824 2202//824 2101//825 
f 506//826 2098//826 2202//824 
f 1998//827 2098//826 506//826 
f 279//828 1890//828 1998//827 
f 217//829 1891//829 1890//828 
f 2347//830 1891//829 217//829 
f 217//829 216//830 2347//830 
f 1890//828 279//828 217//829 
f 1998//827 373//831 279//828 
f 506//826 373//831 1998//827 
f 2202//824 371//824 506//826 
f 2101//825 372//832 371//824 
o mesh81
f 1894//833 808//833 1110//834 
f 1110//834 1999//834 1894//833 
o mesh82
f 2203//835 1999//834 1110//834 
f 2275//836 2203//835 1109//835 
f 2403//837 2275//836 1024//836 
f 2348//838 2403//837 1023//837 
f 2349//839 2348//838 799//838 
f 2353//840 2349//839 934//839 
f 2409//841 2353//840 933//840 
f 2407//842 2409//841 1019//841 
f 2408//843 2407//842 1106//842 
f 2446//844 2408//843 1108//843 
f 2351//845 2446//844 1107//844 
f 2352//846 2351//845 1184//845 
f 2204//847 2352//846 1021//846 
f 2104//848 2204//847 1020//847 
f 2281//849 2104//848 1022//848 
f 1022//848 932//849 2281//849 
f 1020//847 1022//848 2104//848 
f 1021//846 1020//847 2204//847 
f 1184//845 1021//846 2352//846 
f 1107//844 1184//845 2351//845 
f 1108//843 1107//844 2446//844 
f 1106//842 1108//843 2408//843 
f 1019//841 1106//842 2407//842 
f 933//840 1019//841 2409//841 
f 934//839 933//840 2353//840 
f 799//838 934//839 2349//839 
f 1023//837 799//838 2348//838 
f 1024//836 1023//837 2403//837 
f 1109//835 1024//836 2275//836 
f 1110//834 1109//835 2203//835 
o mesh83
f 2402//850 2347//851 216//851 
f 2345//852 2402//850 802//853 
f 2346//854 2345//852 935//855 
f 2344//856 2346//854 804//857 
f 2274//858 2344//856 803//859 
f 2404//860 2274//858 651//861 
f 2405//862 2404//860 650//863 
f 2278//864 2405//862 509//865 
f 2279//866 2278//864 508//867 
f 2350//868 2279//866 805//869 
f 2276//870 2350//868 653//871 
f 2277//872 2276//870 652//873 
f 2102//874 2277//872 807//875 
f 1893//876 2102//874 806//877 
f 1894//878 1893//876 936//879 
f 936//879 808//878 1894//878 
f 806//877 936//879 1893//876 
f 807//875 806//877 2102//874 
f 652//873 807//875 2277//872 
f 653//871 652//873 2276//870 
f 805//869 653//871 2350//868 
f 508//867 805//869 2279//866 
f 509//865 508//867 2278//864 
f 650//863 509//865 2405//862 
f 651//861 650//863 2404//860 
f 803//859 651//861 2274//858 
f 804//857 803//859 2344//856 
f 935//855 804//857 2346//854 
f 802//853 935//855 2345//852 
f 216//851 802//853 2402//850 
o mesh84
f 511//880 2498//880 2342//881 
f 2341//882 2498//880 511//880 
f 654//883 2201//883 2341//882 
f 1889//884 2201//883 654//883 
f 2099//885 1889//884 215//884 
f 505//886 2100//886 2099//885 
f 2099//885 370//885 505//886 
f 215//884 370//885 2099//885 
f 654//883 215//884 1889//884 
f 2341//882 510//887 654//883 
f 511//880 510//887 2341//882 
f 2342//881 939//888 511//880 
o mesh85
f 376//889 1989//889 1886//890 
f 378//891 1882//891 1989//889 
f 380//892 1743//892 1882//891 
f 1605//893 1743//892 380//892 
f 221//894 1606//894 1605//893 
f 2195//895 1606//894 221//894 
f 221//894 220//895 2195//895 
f 1605//893 286//896 221//894 
f 380//892 286//896 1605//893 
f 1882//891 378//891 380//892 
f 1989//889 376//889 378//891 
f 1886//890 377//897 376//889 
o mesh86
f 1491//898 218//898 164//899 
f 164//899 1607//899 1491//898 
o mesh87
f 1888//900 1607//899 164//899 
f 1995//901 1888//900 163//900 
f 1744//902 1995//901 282//901 
f 1745//903 1744//902 512//902 
f 1887//904 1745//903 284//903 
f 1994//905 1887//904 283//904 
f 1992//906 1994//905 374//905 
f 1993//907 1992//906 513//906 
f 1990//908 1993//907 515//907 
f 1991//909 1990//908 514//908 
f 2343//910 1991//909 517//909 
f 2401//911 2343//910 516//910 
f 2273//912 2401//911 938//911 
f 2200//913 2273//912 937//912 
f 2342//914 2200//913 1025//913 
f 1025//913 939//914 2342//914 
f 937//912 1025//913 2200//913 
f 938//911 937//912 2273//912 
f 516//910 938//911 2401//911 
f 517//909 516//910 2343//910 
f 514//908 517//909 1991//909 
f 515//907 514//908 1990//908 
f 513//906 515//907 1993//907 
f 374//905 513//906 1992//906 
f 283//904 374//905 1994//905 
f 284//903 283//904 1887//904 
f 512//902 284//903 1745//903 
f 282//901 512//902 1744//902 
f 163//900 282//901 1995//901 
f 164//899 163//900 1888//900 
o mesh88
f 2272//915 2195//916 220//916 
f 2095//917 2272//915 809//918 
f 2096//919 2095//917 942//920 
f 2194//921 2096//919 660//922 
f 2193//923 2194//921 659//924 
f 2094//925 2193//923 810//926 
f 2198//927 2094//925 661//928 
f 1996//929 2198//927 941//930 
f 1997//931 1996//929 940//932 
f 2097//933 1997//931 656//934 
f 2196//935 2097//933 655//936 
f 1608//937 2196//935 658//938 
f 1609//939 1608//937 657//940 
f 1490//941 1609//939 281//942 
f 1491//943 1490//941 280//944 
f 280//944 218//943 1491//943 
f 281//942 280//944 1490//941 
f 657//940 281//942 1609//939 
f 658//938 657//940 1608//937 
f 655//936 658//938 2196//935 
f 656//934 655//936 2097//933 
f 940//932 656//934 1997//931 
f 941//930 940//932 1996//929 
f 661//928 941//930 2198//927 
f 810//926 661//928 2094//925 
f 659//924 810//926 2193//923 
f 660//922 659//924 2194//921 
f 942//920 660//922 2096//919 
f 809//918 942//920 2095//917 
f 220//916 809//918 2272//915 
o mesh89
f 2519//945 2418//946 1101//946 
f 921//947 2417//947 2519//945 
f 1016//948 2419//948 2417//947 
f 2495//949 2419//948 1016//948 
f 1272//950 2499//950 2495//949 
f 1301//951 2500//951 2499//950 
f 2499//950 1272//950 1301//951 
f 2495//949 1232//952 1272//950 
f 1016//948 1232//952 2495//949 
f 2417//947 921//947 1016//948 
f 2519//945 922//953 921//947 
f 1101//946 922//953 2519//945 
o mesh90
f 646//954 2205//954 2285//955 
f 2106//956 2205//954 646//954 
f 369//957 2000//957 2106//956 
f 278//958 1896//958 2000//957 
f 1897//959 1896//958 278//958 
f 2355//960 1897//959 214//959 
f 214//959 213//960 2355//960 
f 278//958 214//959 1897//959 
f 2000//957 369//957 278//958 
f 2106//956 501//961 369//957 
f 646//954 501//961 2106//956 
f 2285//955 1302//962 646//954 
o mesh91
f 2287//963 925//963 924//964 
f 924//964 2288//964 2287//963 
o mesh92
f 2476//965 2288//964 924//964 
f 2449//966 2476//965 1017//965 
f 2450//967 2449//966 1102//966 
f 2478//968 2450//967 1183//967 
f 2494//969 2478//968 1234//968 
f 2477//970 2494//969 1233//969 
f 2360//971 2477//970 1273//970 
f 2361//972 2360//971 1235//971 
f 2420//973 2361//972 1015//972 
f 2455//974 2420//973 1014//973 
f 2453//975 2455//974 1100//974 
f 2454//976 2453//975 1177//975 
f 2358//977 2454//976 1179//976 
f 2359//978 2358//977 1178//977 
f 2418//979 2359//978 1180//978 
f 1180//978 1101//979 2418//979 
f 1178//977 1180//978 2359//978 
f 1179//976 1178//977 2358//977 
f 1177//975 1179//976 2454//976 
f 1100//974 1177//975 2453//975 
f 1014//973 1100//974 2455//974 
f 1015//972 1014//973 2420//973 
f 1235//971 1015//972 2361//972 
f 1273//970 1235//971 2360//971 
f 1233//969 1273//970 2477//970 
f 1234//968 1233//969 2494//969 
f 1183//967 1234//968 2478//968 
f 1102//966 1183//967 2450//967 
f 1017//965 1102//966 2449//966 
f 924//964 1017//965 2476//965 
o mesh93
f 2415//980 2355//981 213//981 
f 2414//982 2415//980 796//983 
f 2283//984 2414//982 926//985 
f 2284//986 2283//984 927//987 
f 2412//988 2284//986 797//989 
f 2413//990 2412//988 648//991 
f 2410//992 2413//990 929//993 
f 2411//994 2410//992 928//995 
f 2475//996 2411//994 931//997 
f 2447//998 2475//996 930//999 
f 2448//1000 2447//998 1104//1001 
f 2452//1002 2448//1000 1018//1003 
f 2416//1004 2452//1002 1236//1005 
f 2356//1006 2416//1004 1182//1007 
f 2287//1008 2356//1006 1181//1009 
f 1181//1009 925//1008 2287//1008 
f 1182//1007 1181//1009 2356//1006 
f 1236//1005 1182//1007 2416//1004 
f 1018//1003 1236//1005 2452//1002 
f 1104//1001 1018//1003 2448//1000 
f 930//999 1104//1001 2447//998 
f 931//997 930//999 2475//996 
f 928//995 931//997 2411//994 
f 929//993 928//995 2410//992 
f 648//991 929//993 2413//990 
f 797//989 648//991 2412//988 
f 927//987 797//989 2284//986 
f 926//985 927//987 2283//984 
f 796//983 926//985 2414//982 
f 213//981 796//983 2415//980 
o mesh94
f 1010//1010 2520//1010 2291//1011 
f 2289//1012 2520//1010 1010//1010 
f 644//1013 2292//1013 2289//1012 
f 795//1014 2365//1014 2292//1013 
f 919//1015 2294//1015 2365//1014 
f 1262//1016 2515//1016 2294//1015 
f 2294//1015 919//1015 1262//1016 
f 2365//1014 795//1014 919//1015 
f 2292//1013 644//1013 795//1014 
f 2289//1012 645//1017 644//1013 
f 1010//1010 645//1017 2289//1012 
f 2291//1011 643//1018 1010//1010 
o mesh95
f 1225//1019 2459//1019 2511//1020 
f 2421//1021 2459//1019 1225//1019 
f 1099//1022 2363//1022 2421//1021 
f 1013//1023 2364//1023 2363//1022 
f 2484//1024 2364//1023 1013//1023 
f 1011//1025 2362//1025 2484//1024 
f 2484//1024 1012//1024 1011//1025 
f 1013//1023 1012//1024 2484//1024 
f 2363//1022 1099//1022 1013//1023 
f 2421//1021 1173//1026 1099//1022 
f 1225//1019 1173//1026 2421//1021 
f 2511//1020 1316//1027 1225//1019 
o mesh96
f 2422//1028 1096//1028 1172//1029 
f 1172//1029 2423//1029 2422//1028 
o mesh97
f 2507//1030 2423//1029 1172//1029 
f 2517//1031 2507//1030 1224//1030 
f 2490//1032 2517//1031 1271//1031 
f 2488//1033 2490//1032 1264//1032 
f 2489//1034 2488//1033 1263//1033 
f 2486//1035 2489//1034 1266//1034 
f 2487//1036 2486//1035 1265//1035 
f 2427//1037 2487//1036 1268//1036 
f 2428//1038 2427//1037 1267//1037 
f 2461//1039 2428//1038 1222//1038 
f 2426//1040 2461//1039 1171//1039 
f 2295//1041 2426//1040 1170//1040 
f 2293//1042 2295//1041 1223//1041 
f 2290//1043 2293//1042 1009//1042 
f 2291//1044 2290//1043 1008//1043 
f 1008//1043 643//1044 2291//1044 
f 1009//1042 1008//1043 2290//1043 
f 1223//1041 1009//1042 2293//1042 
f 1170//1040 1223//1041 2295//1041 
f 1171//1039 1170//1040 2426//1040 
f 1222//1038 1171//1039 2461//1039 
f 1267//1037 1222//1038 2428//1038 
f 1268//1036 1267//1037 2427//1037 
f 1265//1035 1268//1036 2487//1036 
f 1266//1034 1265//1035 2486//1035 
f 1263//1033 1266//1034 2489//1034 
f 1264//1032 1263//1033 2488//1033 
f 1271//1031 1264//1032 2490//1032 
f 1224//1030 1271//1031 2517//1031 
f 1172//1029 1224//1030 2507//1030 
o mesh98
f 2483//1045 2362//1046 1011//1046 
f 2481//1047 2483//1045 1226//1048 
f 2482//1049 2481//1047 1227//1050 
f 2457//1051 2482//1049 1229//1052 
f 2458//1053 2457//1051 1228//1054 
f 2480//1055 2458//1053 1230//1056 
f 2505//1057 2480//1055 1176//1058 
f 2506//1059 2505//1057 1175//1060 
f 2503//1061 2506//1059 1297//1062 
f 2504//1063 2503//1061 1296//1064 
f 2501//1065 2504//1063 1299//1066 
f 2502//1067 2501//1065 1298//1068 
f 2496//1069 2502//1067 1300//1070 
f 2485//1071 2496//1069 1270//1072 
f 2422//1073 2485//1071 1269//1074 
f 1269//1074 1096//1073 2422//1073 
f 1270//1072 1269//1074 2485//1071 
f 1300//1070 1270//1072 2496//1069 
f 1298//1068 1300//1070 2502//1067 
f 1299//1066 1298//1068 2501//1065 
f 1296//1064 1299//1066 2504//1063 
f 1297//1062 1296//1064 2503//1061 
f 1175//1060 1297//1062 2506//1059 
f 1176//1058 1175//1060 2505//1057 
f 1230//1056 1176//1058 2480//1055 
f 1228//1054 1230//1056 2458//1053 
f 1229//1052 1228//1054 2457//1051 
f 1227//1050 1229//1052 2482//1049 
f 1226//1048 1227//1050 2481//1047 
f 1011//1046 1226//1048 2483//1045 
o mesh99
f 2222//1075 1498//1076 359//1076 
f 204//1077 1496//1077 2222//1075 
f 1499//1078 1496//1077 204//1077 
f 1625//1079 1499//1078 265//1078 
f 263//1080 1501//1080 1625//1079 
f 358//1081 1756//1081 1501//1080 
f 1501//1080 263//1080 358//1081 
f 1625//1079 202//1082 263//1080 
f 265//1078 202//1082 1625//1079 
f 204//1077 265//1078 1499//1078 
f 2222//1075 266//1083 204//1077 
f 359//1076 266//1083 2222//1075 
o mesh100
f 270//1084 1367//1084 1369//1085 
f 208//1086 1334//1086 1367//1084 
f 1331//1087 1334//1086 208//1086 
f 773//1088 1325//1088 1331//1087 
f 1090//1089 1326//1089 1325//1088 
f 1495//1090 1326//1089 1090//1089 
f 1090//1089 774//1090 1495//1090 
f 1325//1088 773//1088 1090//1089 
f 1331//1087 493//1091 773//1088 
f 208//1086 493//1091 1331//1087 
f 1367//1084 270//1084 208//1086 
f 1369//1085 271//1092 270//1084 
o mesh101
f 1619//1093 488//1093 363//1094 
f 363//1094 1751//1094 1619//1093 
o mesh102
f 1493//1095 1751//1094 363//1094 
f 1494//1096 1493//1095 362//1095 
f 1616//1097 1494//1096 632//1096 
f 1617//1098 1616//1097 631//1097 
f 2014//1099 1617//1098 634//1098 
f 1908//1100 2014//1099 633//1099 
f 2015//1101 1908//1100 490//1100 
f 1757//1102 2015//1101 489//1101 
f 1758//1103 1757//1102 635//1102 
f 1907//1104 1758//1103 769//1103 
f 1503//1105 1907//1104 901//1104 
f 1502//1106 1503//1105 993//1105 
f 1500//1107 1502//1106 994//1106 
f 1497//1108 1500//1107 902//1107 
f 1498//1109 1497//1108 770//1108 
f 770//1108 359//1109 1498//1109 
f 902//1107 770//1108 1497//1108 
f 994//1106 902//1107 1500//1107 
f 993//1105 994//1106 1502//1106 
f 901//1104 993//1105 1503//1105 
f 769//1103 901//1104 1907//1104 
f 635//1102 769//1103 1758//1103 
f 489//1101 635//1102 1757//1102 
f 490//1100 489//1101 2015//1101 
f 633//1099 490//1100 1908//1100 
f 634//1098 633//1099 2014//1099 
f 631//1097 634//1098 1617//1098 
f 632//1096 631//1097 1616//1097 
f 362//1095 632//1096 1494//1096 
f 363//1094 362//1095 1493//1095 
o mesh103
f 1624//1110 1495//1111 774//1111 
f 1622//1112 1624//1110 492//1113 
f 1623//1114 1622//1112 636//1115 
f 1755//1116 1623//1114 903//1117 
f 1621//1118 1755//1116 775//1119 
f 1412//1120 1621//1118 772//1121 
f 1413//1122 1412//1120 771//1123 
f 1410//1124 1413//1122 361//1125 
f 1411//1126 1410//1124 360//1127 
f 1620//1128 1411//1126 206//1129 
f 1754//1130 1620//1128 205//1131 
f 1752//1132 1754//1130 268//1133 
f 1753//1134 1752//1132 630//1135 
f 1618//1136 1753//1134 487//1137 
f 1619//1138 1618//1136 486//1139 
f 486//1139 488//1138 1619//1138 
f 487//1137 486//1139 1618//1136 
f 630//1135 487//1137 1753//1134 
f 268//1133 630//1135 1752//1132 
f 205//1131 268//1133 1754//1130 
f 206//1129 205//1131 1620//1128 
f 360//1127 206//1129 1411//1126 
f 361//1125 360//1127 1410//1124 
f 771//1123 361//1125 1413//1122 
f 772//1121 771//1123 1412//1120 
f 775//1119 772//1121 1621//1118 
f 903//1117 775//1119 1755//1116 
f 636//1115 903//1117 1623//1114 
f 492//1113 636//1115 1622//1112 
f 774//1111 492//1113 1624//1110 
o mesh104
f 158//1140 2305//1140 1506//1141 
f 157//1142 1504//1142 2305//1140 
f 1507//1143 1504//1142 157//1142 
f 259//1144 1335//1144 1507//1143 
f 354//1145 1375//1145 1335//1144 
f 262//1146 1376//1146 1375//1145 
f 1375//1145 354//1145 262//1146 
f 1335//1144 259//1144 354//1145 
f 1507//1143 199//1147 259//1144 
f 157//1142 199//1147 1507//1143 
f 2305//1140 158//1140 157//1142 
f 1506//1141 619//1148 158//1140 
o mesh105
f 201//1149 1770//1149 1372//1150 
f 1771//1151 1770//1149 201//1149 
f 203//1152 2125//1152 1771//1151 
f 474//1153 1769//1153 2125//1152 
f 1909//1154 1769//1153 474//1153 
f 476//1155 1416//1155 1909//1154 
f 1909//1154 1216//1154 476//1155 
f 474//1153 1216//1154 1909//1154 
f 2125//1152 203//1152 474//1153 
f 1771//1151 200//1156 203//1152 
f 201//1149 200//1156 1771//1151 
f 1372//1150 264//1157 201//1149 
o mesh106
f 1763//1158 483//1158 357//1159 
f 357//1159 1764//1159 1763//1158 
o mesh107
f 2016//1160 1764//1159 357//1159 
f 2017//1161 2016//1160 356//1160 
f 1627//1162 2017//1161 899//1161 
f 1762//1163 1627//1162 898//1162 
f 1760//1164 1762//1163 900//1163 
f 1761//1165 1760//1164 627//1164 
f 1509//1166 1761//1165 485//1165 
f 1510//1167 1509//1166 484//1166 
f 1626//1168 1510//1167 629//1167 
f 1759//1169 1626//1168 628//1168 
f 1508//1170 1759//1169 896//1169 
f 1414//1171 1508//1170 991//1170 
f 1415//1172 1414//1171 992//1171 
f 1505//1173 1415//1172 897//1172 
f 1506//1174 1505//1173 767//1173 
f 767//1173 619//1174 1506//1174 
f 897//1172 767//1173 1505//1173 
f 992//1171 897//1172 1415//1172 
f 991//1170 992//1171 1414//1171 
f 896//1169 991//1170 1508//1170 
f 628//1168 896//1169 1759//1169 
f 629//1167 628//1168 1626//1168 
f 484//1166 629//1167 1510//1167 
f 485//1165 484//1166 1509//1166 
f 627//1164 485//1165 1761//1165 
f 900//1163 627//1164 1760//1164 
f 898//1162 900//1163 1762//1163 
f 899//1161 898//1162 1627//1162 
f 356//1160 899//1161 2017//1161 
f 357//1159 356//1160 2016//1160 
o mesh108
f 1417//1175 1416//1176 476//1176 
f 1511//1177 1417//1175 475//1178 
f 1373//1179 1511//1177 477//1180 
f 1370//1181 1373//1179 620//1182 
f 1371//1183 1370//1181 768//1184 
f 1418//1185 1371//1183 622//1186 
f 1419//1187 1418//1185 621//1188 
f 1630//1189 1419//1187 623//1190 
f 1768//1191 1630//1189 480//1192 
f 1766//1193 1768//1191 479//1194 
f 1767//1195 1766//1193 624//1196 
f 1765//1197 1767//1195 625//1198 
f 1628//1199 1765//1197 482//1200 
f 1629//1201 1628//1199 481//1202 
f 1763//1203 1629//1201 626//1204 
f 626//1204 483//1203 1763//1203 
f 481//1202 626//1204 1629//1201 
f 482//1200 481//1202 1628//1199 
f 625//1198 482//1200 1765//1197 
f 624//1196 625//1198 1767//1195 
f 479//1194 624//1196 1766//1193 
f 480//1192 479//1194 1768//1191 
f 623//1190 480//1192 1630//1189 
f 621//1188 623//1190 1419//1187 
f 622//1186 621//1188 1418//1185 
f 768//1184 622//1186 1371//1183 
f 620//1182 768//1184 1370//1181 
f 477//1180 620//1182 1373//1179 
f 475//1178 477//1180 1511//1177 
f 476//1176 475//1178 1417//1175 
o mesh109
f 210//1205 2466//1205 2116//1206 
f 2114//1207 2466//1205 210//1205 
f 272//1208 2117//1208 2114//1207 
f 2218//1209 2117//1208 272//1208 
f 269//1210 1324//1210 2218//1209 
f 364//1211 1368//1211 1324//1210 
f 1324//1210 269//1210 364//1211 
f 2218//1209 273//1212 269//1210 
f 272//1208 273//1212 2218//1209 
f 2114//1207 209//1213 272//1208 
f 210//1205 209//1213 2114//1207 
f 2116//1206 494//1214 210//1205 
o mesh110
f 1217//1215 1364//1215 2518//1216 
f 785//1217 1750//1217 1364//1215 
f 499//1218 1614//1218 1750//1217 
f 1615//1219 1614//1218 499//1218 
f 1164//1220 2013//1220 1615//1219 
f 784//1221 1613//1221 2013//1220 
f 2013//1220 1164//1220 784//1221 
f 1615//1219 783//1222 1164//1220 
f 499//1218 783//1222 1615//1219 
f 1750//1217 785//1217 499//1218 
f 1364//1215 1217//1215 785//1217 
f 2518//1216 159//1223 1217//1215 
o mesh111
f 1747//1224 276//1224 275//1225 
f 275//1225 2009//1225 1747//1224 
o mesh112
f 2008//1226 2009//1225 275//1225 
f 1901//1227 2008//1226 365//1226 
f 1902//1228 1901//1227 367//1227 
f 2007//1229 1902//1228 366//1228 
f 2120//1230 2007//1229 496//1229 
f 2220//1231 2120//1230 495//1230 
f 2221//1232 2220//1231 782//1231 
f 2219//1233 2221//1232 638//1232 
f 2118//1234 2219//1233 637//1233 
f 2119//1235 2118//1234 907//1234 
f 2304//1236 2119//1235 904//1235 
f 2005//1237 2304//1236 995//1236 
f 2006//1238 2005//1237 996//1237 
f 2115//1239 2006//1238 905//1238 
f 2116//1240 2115//1239 776//1239 
f 776//1239 494//1240 2116//1240 
f 905//1238 776//1239 2115//1239 
f 996//1237 905//1238 2006//1238 
f 995//1236 996//1237 2005//1237 
f 904//1235 995//1236 2304//1236 
f 907//1234 904//1235 2119//1235 
f 637//1233 907//1234 2118//1234 
f 638//1232 637//1233 2219//1233 
f 782//1231 638//1232 2221//1232 
f 495//1230 782//1231 2220//1231 
f 496//1229 495//1230 2120//1230 
f 366//1228 496//1229 2007//1229 
f 367//1227 366//1228 1902//1228 
f 365//1226 367//1227 1901//1227 
f 275//1225 365//1226 2008//1226 
o mesh113
f 2124//1241 1613//1242 784//1242 
f 2012//1243 2124//1241 498//1244 
f 2123//1245 2012//1243 639//1246 
f 1748//1247 2123//1245 909//1248 
f 1749//1249 1748//1247 908//1250 
f 1906//1251 1749//1249 641//1252 
f 2011//1253 1906//1251 640//1254 
f 2122//1255 2011//1253 786//1256 
f 1904//1257 2122//1255 910//1258 
f 1905//1259 1904//1257 911//1260 
f 2010//1261 1905//1259 778//1262 
f 2121//1263 2010//1261 777//1264 
f 1903//1265 2121//1263 780//1266 
f 1746//1267 1903//1265 779//1268 
f 1747//1269 1746//1267 781//1270 
f 781//1270 276//1269 1747//1269 
f 779//1268 781//1270 1746//1267 
f 780//1266 779//1268 1903//1265 
f 777//1264 780//1266 2121//1263 
f 778//1262 777//1264 2010//1261 
f 911//1260 778//1262 1905//1259 
f 910//1258 911//1260 1904//1257 
f 786//1256 910//1258 2122//1255 
f 640//1254 786//1256 2011//1253 
f 641//1252 640//1254 1906//1251 
f 908//1250 641//1252 1749//1249 
f 909//1248 908//1250 1748//1247 
f 639//1246 909//1248 2123//1245 
f 498//1244 639//1246 2012//1243 
f 784//1242 498//1244 2124//1241 
o mesh114
f 161//1271 1366//1271 1365//1272 
f 160//1273 1409//1273 1366//1271 
f 1492//1274 1409//1273 160//1273 
f 277//1275 1612//1275 1492//1274 
f 1610//1276 1612//1275 277//1275 
f 500//1277 1611//1277 1610//1276 
f 1610//1276 368//1276 500//1277 
f 277//1275 368//1276 1610//1276 
f 1492//1274 211//1278 277//1275 
f 160//1273 211//1278 1492//1274 
f 1366//1271 161//1271 160//1273 
f 1365//1272 642//1279 161//1271 
o mesh115
f 1261//1280 2429//1280 2462//1281 
f 2367//1282 2429//1280 1261//1280 
f 1006//1283 2107//1283 2367//1282 
f 1003//1284 2002//1284 2107//1283 
f 1313//1285 2003//1285 2002//1284 
f 1005//1286 2206//1286 2003//1285 
f 2003//1285 1313//1285 1005//1286 
f 2002//1284 1003//1284 1313//1285 
f 2107//1283 1006//1283 1003//1284 
f 2367//1282 1220//1287 1006//1283 
f 1261//1280 1220//1287 2367//1282 
f 2462//1281 1221//1288 1261//1280 
o mesh116
f 2209//1289 794//1289 793//1290 
f 793//1290 2301//1290 2209//1289 
o mesh117
f 2112//1291 2301//1290 793//1290 
f 2113//1292 2112//1291 918//1291 
f 2217//1293 2113//1292 1002//1292 
f 2215//1294 2217//1293 1001//1293 
f 2216//1295 2215//1294 998//1294 
f 2110//1296 2216//1295 997//1295 
f 2111//1297 2110//1296 1091//1296 
f 2214//1298 2111//1297 999//1297 
f 1899//1299 2214//1298 913//1298 
f 1900//1300 1899//1299 912//1299 
f 2109//1301 1900//1300 789//1300 
f 2108//1302 2109//1301 788//1301 
f 2004//1303 2108//1302 790//1302 
f 1898//1304 2004//1303 914//1303 
f 1365//1305 1898//1304 791//1304 
f 791//1304 642//1305 1365//1305 
f 914//1303 791//1304 1898//1304 
f 790//1302 914//1303 2004//1303 
f 788//1301 790//1302 2108//1302 
f 789//1300 788//1301 2109//1301 
f 912//1299 789//1300 1900//1300 
f 913//1298 912//1299 1899//1299 
f 999//1297 913//1298 2214//1298 
f 1091//1296 999//1297 2111//1297 
f 997//1295 1091//1296 2110//1296 
f 998//1294 997//1295 2216//1295 
f 1001//1293 998//1294 2215//1294 
f 1002//1292 1001//1293 2217//1293 
f 918//1291 1002//1292 2113//1292 
f 793//1290 918//1291 2112//1291 
o mesh118
f 2298//1306 2206//1307 1005//1307 
f 2371//1308 2298//1306 1004//1309 
f 2431//1310 2371//1308 1007//1311 
f 2296//1312 2431//1310 1093//1313 
f 2297//1314 2296//1312 1219//1315 
f 2370//1316 2297//1314 1095//1317 
f 2368//1318 2370//1316 1094//1319 
f 2369//1320 2368//1318 1165//1321 
f 2463//1322 2369//1320 1167//1323 
f 2430//1324 2463//1322 1166//1325 
f 2299//1326 2430//1324 1260//1327 
f 2300//1328 2299//1326 1218//1329 
f 2210//1330 2300//1328 916//1331 
f 2208//1332 2210//1330 915//1333 
f 2209//1334 2208//1332 1000//1335 
f 1000//1335 794//1334 2209//1334 
f 915//1333 1000//1335 2208//1332 
f 916//1331 915//1333 2210//1330 
f 1218//1329 916//1331 2300//1328 
f 1260//1327 1218//1329 2299//1326 
f 1166//1325 1260//1327 2430//1324 
f 1167//1323 1166//1325 2463//1322 
f 1165//1321 1167//1323 2369//1320 
f 1094//1319 1165//1321 2368//1318 
f 1095//1317 1094//1319 2370//1316 
f 1219//1315 1095//1317 2297//1314 
f 1093//1313 1219//1315 2296//1312 
f 1007//1311 1093//1313 2431//1310 
f 1004//1309 1007//1311 2371//1308 
f 1005//1307 1004//1309 2298//1306 
o mesh119
f 2223//1336 1642//1337 350//1337 
f 154//1338 1641//1338 2223//1336 
f 197//1339 1339//1339 1641//1338 
f 198//1340 1379//1340 1339//1339 
f 194//1341 1421//1341 1379//1340 
f 1319//1342 1421//1341 194//1341 
f 194//1341 258//1342 1319//1342 
f 1379//1340 198//1340 194//1341 
f 1339//1339 197//1339 198//1340 
f 1641//1338 154//1338 197//1339 
f 2223//1336 155//1343 154//1338 
f 350//1337 155//1343 2223//1336 
o mesh120
f 260//1344 1374//1344 1420//1345 
f 156//1346 1378//1346 1374//1344 
f 1377//1347 1378//1346 156//1346 
f 461//1348 1336//1348 1377//1347 
f 1089//1349 1337//1349 1336//1348 
f 463//1350 1518//1350 1337//1349 
f 1337//1349 1089//1349 463//1350 
f 1336//1348 461//1348 1089//1349 
f 1377//1347 464//1351 461//1348 
f 156//1346 464//1351 1377//1347 
f 1374//1344 260//1344 156//1346 
f 1420//1345 261//1352 260//1344 
o mesh121
f 1513//1353 614//1353 613//1354 
f 613//1354 1633//1354 1513//1353 
o mesh122
f 1772//1355 1633//1354 613//1354 
f 1773//1356 1772//1355 616//1355 
f 1631//1357 1773//1356 615//1356 
f 1632//1358 1631//1357 764//1357 
f 1910//1359 1632//1358 455//1358 
f 1775//1360 1910//1359 454//1359 
f 1912//1361 1775//1360 617//1360 
f 1520//1362 1912//1361 457//1361 
f 1521//1363 1520//1362 456//1362 
f 1645//1364 1521//1363 349//1363 
f 1643//1365 1645//1364 348//1364 
f 1644//1366 1643//1365 458//1365 
f 1519//1367 1644//1366 460//1366 
f 1338//1368 1519//1367 459//1367 
f 1642//1369 1338//1368 618//1368 
f 618//1368 350//1369 1642//1369 
f 459//1367 618//1368 1338//1368 
f 460//1366 459//1367 1519//1367 
f 458//1365 460//1366 1644//1366 
f 348//1364 458//1365 1643//1365 
f 349//1363 348//1364 1645//1364 
f 456//1362 349//1363 1521//1363 
f 457//1361 456//1362 1520//1362 
f 617//1360 457//1361 1912//1361 
f 454//1359 617//1360 1775//1360 
f 455//1358 454//1359 1910//1359 
f 764//1357 455//1358 1632//1358 
f 615//1356 764//1357 1631//1357 
f 616//1355 615//1356 1773//1356 
f 613//1354 616//1355 1772//1355 
o mesh123
f 1774//1370 1518//1371 463//1371 
f 1911//1372 1774//1370 462//1373 
f 1639//1374 1911//1372 465//1375 
f 1640//1376 1639//1374 467//1377 
f 1638//1378 1640//1376 469//1379 
f 1516//1380 1638//1378 468//1381 
f 1517//1382 1516//1380 471//1383 
f 1637//1384 1517//1382 470//1385 
f 1635//1386 1637//1384 473//1387 
f 1636//1388 1635//1386 472//1389 
f 1634//1390 1636//1388 353//1391 
f 1514//1392 1634//1390 352//1393 
f 1515//1394 1514//1392 895//1395 
f 1512//1396 1515//1394 766//1397 
f 1513//1398 1512//1396 765//1399 
f 765//1399 614//1398 1513//1398 
f 766//1397 765//1399 1512//1396 
f 895//1395 766//1397 1515//1394 
f 352//1393 895//1395 1514//1392 
f 353//1391 352//1393 1634//1390 
f 472//1389 353//1391 1636//1388 
f 473//1387 472//1389 1635//1386 
f 470//1385 473//1387 1637//1384 
f 471//1383 470//1385 1517//1382 
f 468//1381 471//1383 1516//1380 
f 469//1379 468//1381 1638//1378 
f 467//1377 469//1379 1640//1376 
f 465//1375 467//1377 1639//1374 
f 462//1373 465//1375 1911//1372 
f 463//1371 462//1373 1774//1370 
o mesh124
f 256//1400 2126//1400 1342//1401 
f 190//1402 1340//1402 2126//1400 
f 1343//1403 1340//1402 190//1402 
f 188//1404 1532//1404 1343//1403 
f 253//1405 1533//1405 1532//1404 
f 341//1406 1534//1406 1533//1405 
f 1533//1405 253//1405 341//1406 
f 1532//1404 188//1404 253//1405 
f 1343//1403 255//1407 188//1404 
f 190//1402 255//1407 1343//1403 
f 2126//1400 256//1400 190//1402 
f 1342//1401 342//1408 256//1400 
o mesh125
f 195//1409 1327//1409 1332//1410 
f 153//1411 1323//1411 1327//1409 
f 1322//1412 1323//1411 153//1411 
f 343//1413 1320//1413 1322//1412 
f 1163//1414 1321//1414 1320//1413 
f 344//1415 1346//1415 1321//1414 
f 1321//1414 1163//1414 344//1415 
f 1320//1413 343//1413 1163//1414 
f 1322//1412 193//1416 343//1413 
f 153//1411 193//1416 1322//1412 
f 1327//1409 195//1409 153//1411 
f 1332//1410 196//1417 195//1409 
o mesh126
f 1382//1418 449//1418 347//1419 
f 347//1419 1426//1419 1382//1418 
o mesh127
f 1527//1420 1426//1419 347//1419 
f 1525//1421 1527//1420 346//1420 
f 1526//1422 1525//1421 611//1421 
f 1523//1423 1526//1422 451//1422 
f 1524//1424 1523//1423 450//1423 
f 1424//1425 1524//1424 762//1424 
f 1425//1426 1424//1425 761//1425 
f 1522//1427 1425//1426 612//1426 
f 1422//1428 1522//1427 453//1427 
f 1423//1429 1422//1428 452//1428 
f 1380//1430 1423//1429 763//1429 
f 1345//1431 1380//1430 989//1430 
f 1344//1432 1345//1431 990//1431 
f 1341//1433 1344//1432 893//1432 
f 1342//1434 1341//1433 756//1433 
f 756//1433 342//1434 1342//1434 
f 893//1432 756//1433 1341//1433 
f 990//1431 893//1432 1344//1432 
f 989//1430 990//1431 1345//1431 
f 763//1429 989//1430 1380//1430 
f 452//1428 763//1429 1423//1429 
f 453//1427 452//1428 1422//1428 
f 612//1426 453//1427 1522//1427 
f 761//1425 612//1426 1425//1426 
f 762//1424 761//1425 1424//1425 
f 450//1423 762//1424 1524//1424 
f 451//1422 450//1423 1523//1423 
f 611//1421 451//1422 1526//1422 
f 346//1420 611//1421 1525//1421 
f 347//1419 346//1420 1527//1420 
o mesh128
f 1383//1435 1346//1436 344//1436 
f 1429//1437 1383//1435 192//1438 
f 1530//1439 1429//1437 257//1440 
f 1427//1441 1530//1439 448//1442 
f 1428//1443 1427//1441 447//1444 
f 1649//1445 1428//1443 607//1446 
f 1650//1447 1649//1445 606//1448 
f 1776//1449 1650//1447 758//1450 
f 1647//1451 1776//1449 757//1452 
f 1648//1453 1647//1451 894//1454 
f 1528//1455 1648//1453 609//1456 
f 1529//1457 1528//1455 608//1458 
f 1646//1459 1529//1457 760//1460 
f 1381//1461 1646//1459 759//1462 
f 1382//1463 1381//1461 610//1464 
f 610//1464 449//1463 1382//1463 
f 759//1462 610//1464 1381//1461 
f 760//1460 759//1462 1646//1459 
f 608//1458 760//1460 1529//1457 
f 609//1456 608//1458 1528//1455 
f 894//1454 609//1456 1648//1453 
f 757//1452 894//1454 1647//1451 
f 758//1450 757//1452 1776//1449 
f 606//1448 758//1450 1650//1447 
f 607//1446 606//1448 1649//1445 
f 447//1444 607//1446 1428//1443 
f 448//1442 447//1444 1427//1441 
f 257//1440 448//1442 1530//1439 
f 192//1438 257//1440 1429//1437 
f 344//1436 192//1438 1383//1435 
o mesh129
f 2224//1465 1432//1466 446//1466 
f 134//1467 1431//1467 2224//1465 
f 1348//1468 1431//1467 134//1467 
f 185//1469 1349//1469 1348//1468 
f 252//1470 1391//1470 1349//1469 
f 340//1471 1392//1471 1391//1470 
f 1391//1470 252//1470 340//1471 
f 1349//1469 185//1469 252//1470 
f 1348//1468 152//1472 185//1469 
f 134//1467 152//1472 1348//1468 
f 2224//1465 135//1473 134//1467 
f 446//1466 135//1473 2224//1465 
o mesh130
f 187//1474 1651//1474 1535//1475 
f 1531//1476 1651//1474 187//1474 
f 189//1477 1430//1477 1531//1476 
f 1384//1478 1430//1477 189//1477 
f 1162//1479 1385//1479 1384//1478 
f 438//1480 1914//1480 1385//1479 
f 1385//1479 1162//1479 438//1480 
f 1384//1478 437//1481 1162//1479 
f 189//1477 437//1481 1384//1478 
f 1531//1476 186//1482 189//1477 
f 187//1474 186//1482 1531//1476 
f 1535//1475 254//1483 187//1474 
o mesh131
f 1438//1484 337//1484 251//1485 
f 251//1485 1540//1485 1438//1484 
o mesh132
f 1435//1486 1540//1485 251//1485 
f 1436//1487 1435//1486 250//1486 
f 1539//1488 1436//1487 443//1487 
f 1655//1489 1539//1488 339//1488 
f 1653//1490 1655//1489 338//1489 
f 1654//1491 1653//1490 892//1490 
f 1537//1492 1654//1491 755//1491 
f 1538//1493 1537//1492 754//1492 
f 1652//1494 1538//1493 602//1493 
f 1433//1495 1652//1494 601//1494 
f 1434//1496 1433//1495 603//1495 
f 1536//1497 1434//1496 445//1496 
f 1386//1498 1536//1497 444//1497 
f 1347//1499 1386//1498 604//1498 
f 1432//1500 1347//1499 605//1499 
f 605//1499 446//1500 1432//1500 
f 604//1498 605//1499 1347//1499 
f 444//1497 604//1498 1386//1498 
f 445//1496 444//1497 1536//1497 
f 603//1495 445//1496 1434//1496 
f 601//1494 603//1495 1433//1495 
f 602//1493 601//1494 1652//1494 
f 754//1492 602//1493 1538//1493 
f 755//1491 754//1492 1537//1492 
f 892//1490 755//1491 1654//1491 
f 338//1489 892//1490 1653//1490 
f 339//1488 338//1489 1655//1489 
f 443//1487 339//1488 1539//1488 
f 250//1486 443//1487 1436//1487 
f 251//1485 250//1486 1435//1486 
o mesh133
f 2019//1501 1914//1502 438//1502 
f 2018//1503 2019//1501 335//1504 
f 1913//1505 2018//1503 334//1506 
f 1777//1507 1913//1505 439//1508 
f 1545//1509 1777//1507 336//1510 
f 1439//1511 1545//1509 249//1512 
f 1440//1513 1439//1511 248//1514 
f 1543//1515 1440//1513 441//1516 
f 1544//1517 1543//1515 440//1518 
f 1778//1519 1544//1517 752//1520 
f 1656//1521 1778//1519 751//1522 
f 1541//1523 1656//1521 600//1524 
f 1542//1525 1541//1523 599//1526 
f 1437//1527 1542//1525 753//1528 
f 1438//1529 1437//1527 442//1530 
f 442//1530 337//1529 1438//1529 
f 753//1528 442//1530 1437//1527 
f 599//1526 753//1528 1542//1525 
f 600//1524 599//1526 1541//1523 
f 751//1522 600//1524 1656//1521 
f 752//1520 751//1522 1778//1519 
f 440//1518 752//1520 1544//1517 
f 441//1516 440//1518 1543//1515 
f 248//1514 441//1516 1440//1513 
f 249//1512 248//1514 1439//1511 
f 336//1510 249//1512 1545//1509 
f 439//1508 336//1510 1777//1507 
f 334//1506 439//1508 1913//1505 
f 335//1504 334//1506 2018//1503 
f 438//1502 335//1504 2019//1501 
o mesh134
f 243//1531 2438//1531 1783//1532 
f 1782//1533 2438//1531 243//1531 
f 331//1534 1551//1534 1782//1533 
f 332//1535 1354//1535 1551//1534 
f 328//1536 1445//1536 1354//1535 
f 433//1537 1446//1537 1445//1536 
f 1445//1536 328//1536 433//1537 
f 1354//1535 332//1535 328//1536 
f 1551//1534 331//1534 332//1535 
f 1782//1533 242//1538 331//1534 
f 243//1531 242//1538 1782//1533 
f 1783//1532 596//1539 243//1531 
o mesh135
f 434//1540 1390//1540 1443//1541 
f 333//1542 1394//1542 1390//1540 
f 246//1543 1393//1543 1394//1542 
f 746//1544 1352//1544 1393//1543 
f 1259//1545 1353//1545 1352//1544 
f 747//1546 1549//1546 1353//1545 
f 1353//1545 1259//1545 747//1546 
f 1352//1544 746//1544 1259//1545 
f 1393//1543 246//1543 746//1544 
f 1394//1542 333//1542 246//1543 
f 1390//1540 434//1540 333//1542 
f 1443//1541 133//1547 434//1540 
o mesh136
f 1658//1548 737//1548 432//1549 
f 432//1549 1779//1549 1658//1548 
o mesh137
f 2022//1550 1779//1549 432//1549 
f 2023//1551 2022//1550 431//1550 
f 2020//1552 2023//1551 595//1551 
f 2021//1553 2020//1552 888//1552 
f 1786//1554 2021//1553 739//1553 
f 1661//1555 1786//1554 738//1554 
f 1918//1556 1661//1555 741//1555 
f 1916//1557 1918//1556 740//1556 
f 1917//1558 1916//1557 743//1557 
f 1784//1559 1917//1558 742//1558 
f 1785//1560 1784//1559 889//1559 
f 1915//1561 1785//1560 745//1560 
f 1660//1562 1915//1561 744//1561 
f 1550//1563 1660//1562 890//1562 
f 1783//1564 1550//1563 891//1563 
f 891//1563 596//1564 1783//1564 
f 890//1562 891//1563 1550//1563 
f 744//1561 890//1562 1660//1562 
f 745//1560 744//1561 1915//1561 
f 889//1559 745//1560 1785//1560 
f 742//1558 889//1559 1784//1559 
f 743//1557 742//1558 1917//1558 
f 740//1556 743//1557 1916//1557 
f 741//1555 740//1556 1918//1556 
f 738//1554 741//1555 1661//1555 
f 739//1553 738//1554 1786//1554 
f 888//1552 739//1553 2021//1553 
f 595//1551 888//1552 2020//1552 
f 431//1550 595//1551 2023//1551 
f 432//1549 431//1550 2022//1550 
o mesh138
f 1781//1565 1549//1566 747//1566 
f 1547//1567 1781//1565 245//1568 
f 1548//1569 1547//1567 597//1570 
f 1546//1571 1548//1569 749//1572 
f 1442//1573 1546//1571 748//1574 
f 1389//1575 1442//1573 750//1576 
f 1350//1577 1389//1575 598//1578 
f 1351//1579 1350//1577 436//1580 
f 1441//1581 1351//1579 435//1582 
f 1387//1583 1441//1581 988//1584 
f 1388//1585 1387//1583 885//1586 
f 1659//1587 1388//1585 736//1588 
f 1780//1589 1659//1587 735//1590 
f 1657//1591 1780//1589 886//1592 
f 1658//1593 1657//1591 887//1594 
f 887//1594 737//1593 1658//1593 
f 886//1592 887//1594 1657//1591 
f 735//1590 886//1592 1780//1589 
f 736//1588 735//1590 1659//1587 
f 885//1586 736//1588 1388//1585 
f 988//1584 885//1586 1387//1583 
f 435//1582 988//1584 1441//1581 
f 436//1580 435//1582 1351//1579 
f 598//1578 436//1580 1350//1577 
f 750//1576 598//1578 1389//1575 
f 748//1574 750//1576 1442//1573 
f 749//1572 748//1574 1546//1571 
f 597//1570 749//1572 1548//1569 
f 245//1568 597//1570 1547//1567 
f 747//1566 245//1568 1781//1565 
o mesh139
f 569//1595 2379//1595 1818//1596 
f 568//1597 1817//1597 2379//1595 
f 711//1598 1819//1598 1817//1597 
f 970//1599 2039//1599 1819//1598 
f 2135//1600 2039//1599 970//1599 
f 1142//1601 2040//1601 2135//1600 
f 2135//1600 1070//1600 1142//1601 
f 970//1599 1070//1600 2135//1600 
f 1819//1598 711//1598 970//1599 
f 1817//1597 568//1597 711//1598 
f 2379//1595 569//1595 568//1597 
f 1818//1596 864//1602 569//1595 
o mesh140
f 972//1603 1403//1603 1462//1604 
f 865//1605 1357//1605 1403//1603 
f 1333//1606 1357//1605 865//1605 
f 570//1607 1329//1607 1333//1606 
f 419//1608 1330//1608 1329//1607 
f 418//1609 1568//1609 1330//1608 
f 1330//1608 419//1608 418//1609 
f 1329//1607 570//1607 419//1608 
f 1333//1606 712//1610 570//1607 
f 865//1605 712//1610 1333//1606 
f 1403//1603 972//1603 865//1605 
f 1462//1604 1315//1611 972//1603 
o mesh141
f 1815//1612 1203//1612 1145//1613 
f 1145//1613 1816//1613 1815//1612 
o mesh142
f 2133//1614 1816//1613 1145//1613 
f 2033//1615 2133//1614 1144//1614 
f 2034//1616 2033//1615 1146//1615 
f 2038//1617 2034//1616 1202//1616 
f 2134//1618 2038//1617 1072//1617 
f 2036//1619 2134//1618 1071//1618 
f 2037//1620 2036//1619 1143//1619 
f 1694//1621 2037//1620 1074//1620 
f 1695//1622 1694//1621 1073//1621 
f 1822//1623 1695//1622 710//1622 
f 1820//1624 1822//1623 709//1623 
f 1821//1625 1820//1624 861//1624 
f 1692//1626 1821//1625 863//1625 
f 1693//1627 1692//1626 862//1626 
f 1818//1628 1693//1627 971//1627 
f 971//1627 864//1628 1818//1628 
f 862//1626 971//1627 1693//1627 
f 863//1625 862//1626 1692//1626 
f 861//1624 863//1625 1821//1625 
f 709//1623 861//1624 1820//1624 
f 710//1622 709//1623 1822//1623 
f 1073//1621 710//1622 1695//1622 
f 1074//1620 1073//1621 1694//1621 
f 1143//1619 1074//1620 2037//1620 
f 1071//1618 1143//1619 2036//1619 
f 1072//1617 1071//1618 2134//1618 
f 1202//1616 1072//1617 2038//1617 
f 1146//1615 1202//1616 2034//1616 
f 1144//1614 1146//1615 2033//1615 
f 1145//1613 1144//1614 2133//1614 
o mesh143
f 1691//1629 1568//1630 418//1630 
f 1814//1631 1691//1629 1076//1632 
f 1689//1633 1814//1631 1147//1634 
f 1690//1635 1689//1633 1204//1636 
f 1941//1637 1690//1635 1206//1638 
f 1942//1639 1941//1637 1205//1640 
f 1939//1641 1942//1639 1149//1642 
f 1940//1643 1939//1641 1148//1644 
f 1938//1645 1940//1643 1151//1646 
f 1812//1647 1938//1645 1150//1648 
f 1813//1649 1812//1647 1207//1650 
f 2226//1651 1813//1649 1208//1652 
f 2035//1653 2226//1651 1153//1654 
f 1943//1655 2035//1653 1152//1656 
f 1815//1657 1943//1655 1209//1658 
f 1209//1658 1203//1657 1815//1657 
f 1152//1656 1209//1658 1943//1655 
f 1153//1654 1152//1656 2035//1653 
f 1208//1652 1153//1654 2226//1651 
f 1207//1650 1208//1652 1813//1649 
f 1150//1648 1207//1650 1812//1647 
f 1151//1646 1150//1648 1938//1645 
f 1148//1644 1151//1646 1940//1643 
f 1149//1642 1148//1644 1939//1641 
f 1205//1640 1149//1642 1942//1639 
f 1206//1638 1205//1640 1941//1637 
f 1204//1636 1206//1638 1690//1635 
f 1147//1634 1204//1636 1689//1633 
f 1076//1632 1147//1634 1814//1631 
f 418//1630 1076//1632 1691//1629 
o mesh144
f 2225//1659 1685//1660 716//1660 
f 718//1661 1683//1661 2225//1659 
f 1686//1662 1683//1661 718//1661 
f 871//1663 1808//1663 1686//1662 
f 2132//1664 1808//1663 871//1663 
f 417//1665 1328//1665 2132//1664 
f 2132//1664 977//1664 417//1665 
f 871//1663 977//1664 2132//1664 
f 1686//1662 717//1666 871//1663 
f 718//1661 717//1666 1686//1662 
f 2225//1659 1083//1667 718//1661 
f 716//1660 1083//1667 2225//1659 
o mesh145
f 323//1668 1802//1668 1675//1669 
f 1672//1670 1802//1668 323//1668 
f 1157//1671 1565//1671 1672//1670 
f 1154//1672 1460//1672 1565//1671 
f 1312//1673 1461//1673 1460//1672 
f 1156//1674 2031//1674 1461//1673 
f 1461//1673 1312//1673 1156//1674 
f 1460//1672 1154//1672 1312//1673 
f 1565//1671 1157//1671 1154//1672 
f 1672//1670 1210//1675 1157//1671 
f 323//1668 1210//1675 1672//1670 
f 1675//1669 723//1676 323//1668 
o mesh146
f 1804//1677 714//1677 713//1678 
f 713//1678 1934//1678 1804//1677 
o mesh147
f 1677//1679 1934//1678 713//1678 
f 1678//1680 1677//1679 572//1679 
f 1676//1681 1678//1680 571//1680 
f 1566//1682 1676//1681 715//1681 
f 1567//1683 1566//1682 870//1682 
f 1811//1684 1567//1683 869//1683 
f 1937//1685 1811//1684 1215//1684 
f 1809//1686 1937//1685 1081//1685 
f 1810//1687 1809//1686 1080//1686 
f 1936//1688 1810//1687 976//1687 
f 2032//1689 1936//1688 975//1688 
f 1688//1690 2032//1689 1082//1689 
f 1687//1691 1688//1690 1257//1690 
f 1684//1692 1687//1691 1160//1691 
f 1685//1693 1684//1692 1161//1692 
f 1161//1692 716//1693 1685//1693 
f 1160//1691 1161//1692 1684//1692 
f 1257//1690 1160//1691 1687//1691 
f 1082//1689 1257//1690 1688//1690 
f 975//1688 1082//1689 2032//1689 
f 976//1687 975//1688 1936//1688 
f 1080//1686 976//1687 1810//1687 
f 1081//1685 1080//1686 1809//1686 
f 1215//1684 1081//1685 1937//1685 
f 869//1683 1215//1684 1811//1684 
f 870//1682 869//1683 1567//1683 
f 715//1681 870//1682 1566//1682 
f 571//1680 715//1681 1676//1681 
f 572//1679 571//1680 1678//1680 
f 713//1678 572//1679 1677//1679 
o mesh148
f 2131//1694 2031//1695 1156//1695 
f 2130//1696 2131//1694 1155//1697 
f 2030//1698 2130//1696 1078//1699 
f 1933//1700 2030//1698 1077//1701 
f 1801//1702 1933//1700 1212//1703 
f 1807//1704 1801//1702 1211//1705 
f 1805//1706 1807//1704 1214//1707 
f 1806//1708 1805//1706 1213//1709 
f 1681//1710 1806//1708 1159//1711 
f 1682//1712 1681//1710 1158//1713 
f 1679//1714 1682//1712 1079//1715 
f 1680//1716 1679//1714 973//1717 
f 1935//1718 1680//1716 867//1719 
f 1803//1720 1935//1718 866//1721 
f 1804//1722 1803//1720 974//1723 
f 974//1723 714//1722 1804//1722 
f 866//1721 974//1723 1803//1720 
f 867//1719 866//1721 1935//1718 
f 973//1717 867//1719 1680//1716 
f 1079//1715 973//1717 1679//1714 
f 1158//1713 1079//1715 1682//1712 
f 1159//1711 1158//1713 1681//1710 
f 1213//1709 1159//1711 1806//1708 
f 1214//1707 1213//1709 1805//1706 
f 1211//1705 1214//1707 1807//1704 
f 1212//1703 1211//1705 1801//1702 
f 1077//1701 1212//1703 1933//1700 
f 1078//1699 1077//1701 2030//1698 
f 1155//1697 1078//1699 2130//1696 
f 1156//1695 1155//1697 2131//1694 
o mesh149
f 733//1724 2378//1724 1663//1725 
f 592//1726 1662//1726 2378//1724 
f 987//1727 1399//1727 1662//1726 
f 1396//1728 1399//1727 987//1727 
f 593//1729 1397//1729 1396//1728 
f 150//1730 1449//1730 1397//1729 
f 1397//1729 593//1729 150//1730 
f 1396//1728 594//1731 593//1729 
f 987//1727 594//1731 1396//1728 
f 1662//1726 592//1726 987//1727 
f 2378//1724 733//1724 592//1726 
f 1663//1725 239//1732 733//1724 
o mesh150
f 329//1733 1552//1733 1447//1734 
f 1444//1735 1552//1733 329//1733 
f 585//1736 1395//1736 1444//1735 
f 582//1737 1355//1737 1395//1736 
f 1295//1738 1356//1738 1355//1737 
f 584//1739 1787//1739 1356//1738 
f 1356//1738 1295//1738 584//1739 
f 1355//1737 582//1737 1295//1738 
f 1395//1736 585//1736 582//1737 
f 1444//1735 241//1740 585//1736 
f 329//1733 241//1740 1444//1735 
f 1447//1734 330//1741 329//1733 
o mesh151
f 1557//1742 730//1742 591//1743 
f 591//1743 1558//1743 1557//1742 
o mesh152
f 1793//1744 1558//1743 591//1743 
f 1791//1745 1793//1744 590//1744 
f 1792//1746 1791//1745 986//1745 
f 1921//1747 1792//1746 883//1746 
f 1790//1748 1921//1747 732//1747 
f 1788//1749 1790//1748 731//1748 
f 1789//1750 1788//1749 884//1749 
f 1665//1751 1789//1750 430//1750 
f 1666//1752 1665//1751 327//1751 
f 1555//1753 1666//1752 183//1752 
f 1556//1754 1555//1753 182//1753 
f 1664//1755 1556//1754 184//1754 
f 1553//1756 1664//1755 151//1755 
f 1554//1757 1553//1756 326//1756 
f 1663//1758 1554//1757 240//1757 
f 240//1757 239//1758 1663//1758 
f 326//1756 240//1757 1554//1757 
f 151//1755 326//1756 1553//1756 
f 184//1754 151//1755 1664//1755 
f 182//1753 184//1754 1556//1754 
f 183//1752 182//1753 1555//1753 
f 327//1751 183//1752 1666//1752 
f 430//1750 327//1751 1665//1751 
f 884//1749 430//1750 1789//1750 
f 731//1748 884//1749 1788//1749 
f 732//1747 731//1748 1790//1748 
f 883//1746 732//1747 1921//1747 
f 986//1745 883//1746 1792//1746 
f 590//1744 986//1745 1791//1745 
f 591//1743 590//1744 1793//1744 
o mesh153
f 1920//1759 1787//1760 584//1760 
f 2025//1761 1920//1759 583//1762 
f 2128//1763 2025//1761 427//1764 
f 2127//1765 2128//1763 426//1766 
f 2024//1767 2127//1765 586//1768 
f 1919//1769 2024//1767 726//1770 
f 1924//1771 1919//1769 588//1772 
f 1925//1773 1924//1771 587//1774 
f 1922//1775 1925//1773 727//1776 
f 1923//1777 1922//1775 589//1778 
f 1794//1779 1923//1777 429//1780 
f 1795//1781 1794//1779 428//1782 
f 1559//1783 1795//1781 729//1784 
f 1560//1785 1559//1783 728//1786 
f 1557//1787 1560//1785 882//1788 
f 882//1788 730//1787 1557//1787 
f 728//1786 882//1788 1560//1785 
f 729//1784 728//1786 1559//1783 
f 428//1782 729//1784 1795//1781 
f 429//1780 428//1782 1794//1779 
f 589//1778 429//1780 1923//1777 
f 727//1776 589//1778 1922//1775 
f 587//1774 727//1776 1925//1773 
f 588//1772 587//1774 1924//1771 
f 726//1770 588//1772 1919//1769 
f 586//1768 726//1770 2024//1767 
f 426//1766 586//1768 2127//1765 
f 427//1764 426//1766 2128//1763 
f 583//1762 427//1764 2025//1761 
f 584//1760 583//1762 1920//1759 
o mesh154
f 325//1789 2467//1789 2028//1790 
f 324//1791 2027//1791 2467//1789 
f 424//1792 1800//1792 2027//1791 
f 1459//1793 1800//1792 424//1792 
f 722//1794 1673//1794 1459//1793 
f 877//1795 1674//1795 1673//1794 
f 1673//1794 722//1794 877//1795 
f 1459//1793 581//1796 722//1794 
f 424//1792 581//1796 1459//1793 
f 2027//1791 324//1791 424//1792 
f 2467//1789 325//1789 324//1791 
f 2028//1790 978//1797 325//1789 
o mesh155
f 878//1798 1448//1798 1561//1799 
f 983//1800 1398//1800 1448//1798 
f 982//1801 1450//1801 1398//1800 
f 979//1802 1400//1802 1450//1801 
f 1451//1803 1400//1802 979//1802 
f 1562//1804 1451//1803 1258//1803 
f 1258//1803 981//1804 1562//1804 
f 979//1802 1258//1803 1451//1803 
f 1450//1801 982//1801 979//1802 
f 1398//1800 983//1800 982//1801 
f 1448//1798 878//1798 983//1800 
f 1561//1799 984//1805 878//1798 
o mesh156
f 1402//1806 573//1806 422//1807 
f 422//1807 1458//1807 1402//1806 
o mesh157
f 1564//1808 1458//1807 422//1807 
f 1563//1809 1564//1808 421//1808 
f 1456//1810 1563//1809 575//1809 
f 1457//1811 1456//1810 719//1810 
f 1667//1812 1457//1811 577//1811 
f 1454//1813 1667//1812 576//1812 
f 1455//1814 1454//1813 875//1813 
f 1452//1815 1455//1814 579//1814 
f 1453//1816 1452//1815 578//1815 
f 1797//1817 1453//1816 580//1816 
f 2029//1818 1797//1817 423//1817 
f 2129//1819 2029//1818 876//1818 
f 1932//1820 2129//1819 721//1819 
f 1799//1821 1932//1820 720//1820 
f 2028//1822 1799//1821 1086//1821 
f 1086//1821 978//1822 2028//1822 
f 720//1820 1086//1821 1799//1821 
f 721//1819 720//1820 1932//1820 
f 876//1818 721//1819 2129//1819 
f 423//1817 876//1818 2029//1818 
f 580//1816 423//1817 1797//1817 
f 578//1815 580//1816 1453//1816 
f 579//1814 578//1815 1452//1815 
f 875//1813 579//1814 1455//1814 
f 576//1812 875//1813 1454//1813 
f 577//1811 576//1812 1667//1812 
f 719//1810 577//1811 1457//1811 
f 575//1809 719//1810 1456//1810 
f 421//1808 575//1809 1563//1809 
f 422//1807 421//1808 1564//1808 
o mesh158
f 1929//1823 1562//1824 981//1824 
f 1927//1825 1929//1823 980//1826 
f 1928//1827 1927//1825 879//1828 
f 2026//1829 1928//1827 725//1830 
f 1926//1831 2026//1829 724//1832 
f 1796//1833 1926//1831 1087//1834 
f 1931//1835 1796//1833 985//1836 
f 1670//1837 1931//1835 881//1838 
f 1671//1839 1670//1837 880//1840 
f 1798//1841 1671//1839 1088//1842 
f 1930//1843 1798//1841 1085//1844 
f 1668//1845 1930//1843 1084//1846 
f 1669//1847 1668//1845 873//1848 
f 1401//1849 1669//1847 872//1850 
f 1402//1851 1401//1849 574//1852 
f 574//1852 573//1851 1402//1851 
f 872//1850 574//1852 1401//1849 
f 873//1848 872//1850 1669//1847 
f 1084//1846 873//1848 1668//1845 
f 1085//1844 1084//1846 1930//1843 
f 1088//1842 1085//1844 1798//1841 
f 880//1840 1088//1842 1671//1839 
f 881//1838 880//1840 1670//1837 
f 985//1836 881//1838 1931//1835 
f 1087//1834 985//1836 1796//1833 
f 724//1832 1087//1834 1926//1831 
f 725//1830 724//1832 2026//1829 
f 879//1828 725//1830 1928//1827 
f 980//1826 879//1828 1927//1825 
f 981//1824 980//1826 1929//1823 
o mesh159
f 293//1853 288//1854 1738//1854 
f 162//1855 293//1853 2084//1856 
f 285//1857 162//1855 2197//1858 
f 507//1859 285//1857 1489//1860 
f 800//1861 507//1859 2199//1862 
f 801//1863 800//1861 2406//1864 
f 502//1865 801//1863 1892//1866 
f 647//1867 502//1865 2103//1868 
f 923//1869 647//1867 2354//1870 
f 1103//1871 923//1869 2286//1872 
f 920//1873 1103//1871 2451//1874 
f 1231//1875 920//1873 2357//1876 
f 1174//1877 1231//1875 2479//1878 
f 1097//1879 1174//1877 2456//1880 
f 1098//1881 1097//1879 2460//1882 
f 1169//1883 1098//1881 2424//1884 
f 1168//1885 1169//1883 2425//1886 
f 1092//1887 1168//1885 2366//1888 
f 917//1889 1092//1887 2001//1890 
f 792//1891 917//1889 2211//1892 
f 787//1893 792//1891 2207//1894 
f 497//1895 787//1893 2432//1896 
f 274//1897 497//1895 2464//1898 
f 906//1899 274//1897 2373//1900 
f 491//1901 906//1899 2372//1902 
f 207//1903 491//1901 2374//1904 
f 267//1905 207//1903 2303//1906 
f 478//1907 267//1905 2302//1908 
f 355//1909 478//1907 2376//1910 
f 466//1911 355//1909 2375//1912 
f 351//1913 466//1911 2377//1914 
f 191//1915 351//1913 2213//1916 
f 345//1917 191//1915 2212//1918 
f 247//1919 345//1917 2434//1920 
f 244//1921 247//1919 2433//1922 
f 734//1923 244//1921 2436//1924 
f 425//1925 734//1923 2435//1926 
f 149//1927 425//1925 2465//1928 
f 874//1929 149//1927 2437//1930 
f 420//1931 874//1929 2513//1932 
f 868//1933 420//1931 2512//1934 
f 1075//1935 868//1933 2514//1936 
f 1253//1937 1075//1935 2468//1938 
f 1281//1939 1253//1937 2388//1940 
f 964//1941 1281//1939 2387//1942 
f 843//1943 964//1941 2152//1944 
f 840//1945 843//1943 2159//1946 
f 1275//1947 840//1945 1837//1948 
f 561//1949 1275//1947 2329//1950 
f 563//1951 561//1949 1463//1952 
f 820//1953 563//1951 1698//1954 
f 130//1955 820//1953 2069//1956 
f 178//1957 130//1955 1469//1958 
f 306//1959 178//1957 1466//1960 
f 173//1961 306//1959 1867//1962 
f 225//1963 173//1961 1405//1964 
f 120//1965 225//1963 1977//1966 
f 288//1854 120//1965 1483//1965 
f 1483//1965 1738//1854 288//1854 
f 1977//1966 1483//1965 120//1965 
f 1405//1964 1977//1966 225//1963 
f 1867//1962 1405//1964 173//1961 
f 1466//1960 1867//1962 306//1959 
f 1469//1958 1466//1960 178//1957 
f 2069//1956 1469//1958 130//1955 
f 1698//1954 2069//1956 820//1953 
f 1463//1952 1698//1954 563//1951 
f 2329//1950 1463//1952 561//1949 
f 1837//1948 2329//1950 1275//1947 
f 2159//1946 1837//1948 840//1945 
f 2152//1944 2159//1946 843//1943 
f 2387//1942 2152//1944 964//1941 
f 2388//1940 2387//1942 1281//1939 
f 2468//1938 2388//1940 1253//1937 
f 2514//1936 2468//1938 1075//1935 
f 2512//1934 2514//1936 868//1933 
f 2513//1932 2512//1934 420//1931 
f 2437//1930 2513//1932 874//1929 
f 2465//1928 2437//1930 149//1927 
f 2435//1926 2465//1928 425//1925 
f 2436//1924 2435//1926 734//1923 
f 2433//1922 2436//1924 244//1921 
f 2434//1920 2433//1922 247//1919 
f 2212//1918 2434//1920 345//1917 
f 2213//1916 2212//1918 191//1915 
f 2377//1914 2213//1916 351//1913 
f 2375//1912 2377//1914 466//1911 
f 2376//1910 2375//1912 355//1909 
f 2302//1908 2376//1910 478//1907 
f 2303//1906 2302//1908 267//1905 
f 2374//1904 2303//1906 207//1903 
f 2372//1902 2374//1904 491//1901 
f 2373//1900 2372//1902 906//1899 
f 2464//1898 2373//1900 274//1897 
f 2432//1896 2464//1898 497//1895 
f 2207//1894 2432//1896 787//1893 
f 2211//1892 2207//1894 792//1891 
f 2001//1890 2211//1892 917//1889 
f 2366//1888 2001//1890 1092//1887 
f 2425//1886 2366//1888 1168//1885 
f 2424//1884 2425//1886 1169//1883 
f 2460//1882 2424//1884 1098//1881 
f 2456//1880 2460//1882 1097//1879 
f 2479//1878 2456//1880 1174//1877 
f 2357//1876 2479//1878 1231//1875 
f 2451//1874 2357//1876 920//1873 
f 2286//1872 2451//1874 1103//1871 
f 2354//1870 2286//1872 923//1869 
f 2103//1868 2354//1870 647//1867 
f 1892//1866 2103//1868 502//1865 
f 2406//1864 1892//1866 801//1863 
f 2199//1862 2406//1864 800//1861 
f 1489//1860 2199//1862 507//1859 
f 2197//1858 1489//1860 285//1857 
f 2084//1856 2197//1858 162//1855 
f 1738//1854 2084//1856 293//1853 
