segment,time_from_start,shoulder_joint,upperarm_joint,lowerarm_joint,spur_gear_joint
stage1/1,0.000000,0.000000000,1.570796327,1.570796327,0.000000000
stage1/1,0.020000,-0.000000507,1.570796045,1.570796675,0.000000000
stage1/1,0.040000,-0.000004031,1.570794083,1.570799098,0.000000000
stage1/1,0.060000,-0.000013522,1.570788799,1.570805624,0.000000000
stage1/1,0.080000,-0.000031859,1.570778590,1.570818231,0.000000000
stage1/1,0.100000,-0.000061848,1.570761895,1.570838849,0.000000000
stage1/1,0.120000,-0.000106224,1.570737190,1.570869359,0.000000000
stage1/1,0.140000,-0.000167653,1.570702992,1.570911592,0.000000000
stage1/1,0.160000,-0.000248728,1.570657857,1.570967333,0.000000000
stage1/1,0.180000,-0.000351976,1.570600377,1.571038319,0.000000000
stage1/1,0.200000,-0.000479854,1.570529186,1.571126238,0.000000000
stage1/1,0.220000,-0.000634750,1.570442953,1.571232732,0.000000000
stage1/1,0.240000,-0.000818986,1.570340387,1.571359398,0.000000000
stage1/1,0.260000,-0.001034815,1.570220232,1.571507786,0.000000000
stage1/1,0.280000,-0.001284426,1.570081271,1.571679399,0.000000000
stage1/1,0.300000,-0.001569940,1.569922322,1.571875696,0.000000000
stage1/1,0.320000,-0.001893414,1.569742240,1.572098093,0.000000000
stage1/1,0.340000,-0.002256841,1.569539915,1.572347957,0.000000000
stage1/1,0.360000,-0.002662148,1.569314276,1.572626615,0.000000000
stage1/1,0.380000,-0.003111201,1.569064282,1.572935349,0.000000000
stage1/1,0.400000,-0.003605801,1.568788932,1.573275398,0.000000000
stage1/1,0.420000,-0.004147688,1.568487257,1.573647958,0.000000000
stage1/1,0.440000,-0.004738539,1.568158323,1.574054182,0.000000000
stage1/1,0.460000,-0.005379972,1.567801229,1.574495182,0.000000000
stage1/1,0.480000,-0.006073543,1.567415110,1.574972027,0.000000000
stage1/1,0.500000,-0.006820747,1.566999132,1.575485747,0.000000000
stage1/1,0.520000,-0.007623022,1.566552495,1.576037330,0.000000000
stage1/1,0.540000,-0.008481747,1.566074432,1.576627723,0.000000000
stage1/1,0.560000,-0.009398241,1.565564208,1.577257834,0.000000000
stage1/1,0.580000,-0.010373768,1.565021121,1.577928531,0.000000000
stage1/1,0.600000,-0.011409531,1.564444498,1.578640642,0.000000000
stage1/1,0.620000,-0.012506682,1.563833701,1.579394958,0.000000000
stage1/1,0.640000,-0.013666312,1.563188120,1.580192231,0.000000000
stage1/1,0.660000,-0.014889461,1.562507178,1.581033174,0.000000000
stage1/1,0.680000,-0.016177111,1.561790327,1.581918463,0.000000000
stage1/1,0.700000,-0.017530192,1.561037050,1.582848737,0.000000000
stage1/1,0.720000,-0.018949580,1.560246859,1.583824599,0.000000000
stage1/1,0.740000,-0.020436098,1.559419296,1.584846615,0.000000000
stage1/1,0.760000,-0.021990517,1.558553931,1.585915314,0.000000000
stage1/1,0.780000,-0.023613557,1.557650365,1.587031191,0.000000000
stage1/1,0.800000,-0.025305884,1.556708225,1.588194705,0.000000000
stage1/1,0.820000,-0.027068117,1.555727168,1.589406281,0.000000000
stage1/1,0.840000,-0.028900823,1.554706878,1.590666308,0.000000000
stage1/1,0.860000,-0.030804520,1.553647066,1.591975144,0.000000000
stage1/1,0.880000,-0.032779679,1.552547470,1.593333111,0.000000000
stage1/1,0.900000,-0.034826719,1.551407858,1.594740498,0.000000000
stage1/1,0.920000,-0.036946015,1.550228019,1.596197563,0.000000000
stage1/1,0.940000,-0.039137893,1.549007773,1.597704529,0.000000000
stage1/1,0.960000,-0.041402634,1.547746964,1.599261591,0.000000000
stage1/1,0.980000,-0.043740472,1.546445460,1.600868908,0.000000000
stage1/1,1.000000,-0.046151596,1.545103157,1.602526612,0.000000000
stage1/1,1.020000,-0.048636152,1.543719974,1.604234801,0.000000000
stage1/1,1.040000,-0.051194238,1.542295855,1.605993545,0.000000000
stage1/1,1.060000,-0.053825914,1.540830769,1.607802882,0.000000000
stage1/1,1.080000,-0.056531191,1.539324707,1.609662823,0.000000000
stage1/1,1.100000,-0.059310044,1.537777685,1.611573348,0.000000000
stage1/1,1.120000,-0.062162401,1.536189742,1.613534409,0.000000000
stage1/1,1.140000,-0.065088151,1.534560940,1.615545929,0.000000000
stage1/1,1.160000,-0.068087144,1.532891364,1.617607806,0.000000000
stage1/1,1.180000,-0.071159187,1.531181119,1.619719906,0.000000000
stage1/1,1.200000,-0.074304050,1.529430335,1.621882072,0.000000000
stage1/1,1.220000,-0.077521463,1.527639160,1.624094118,0.000000000
stage1/1,1.240000,-0.080811118,1.525807768,1.626355832,0.000000000
stage1/1,1.260000,-0.084172671,1.523936350,1.628666976,0.000000000
stage1/1,1.280000,-0.087605738,1.522025119,1.631027289,0.000000000
stage1/1,1.300000,-0.091109901,1.520074307,1.633436482,0.000000000
stage1/1,1.320000,-0.094684705,1.518084169,1.635894242,0.000000000
stage1/1,1.340000,-0.098329660,1.516054977,1.638400233,0.000000000
stage1/1,1.360000,-0.102044242,1.513987023,1.640954093,0.000000000
stage1/1,1.380000,-0.105827892,1.511880618,1.643555440,0.000000000
stage1/1,1.400000,-0.109680018,1.509736091,1.646203865,0.000000000
stage1/1,1.420000,-0.113599995,1.507553791,1.648898939,0.000000000
stage1/1,1.440000,-0.117587165,1.505334084,1.651640211,0.000000000
stage1/1,1.460000,-0.121640840,1.503077352,1.654427205,0.000000000
stage1/1,1.480000,-0.125760299,1.500783998,1.657259428,0.000000000
stage1/1,1.500000,-0.129944792,1.498454439,1.660136363,0.000000000
stage1/1,1.520000,-0.134193537,1.496089109,1.663057474,0.000000000
stage1/1,1.540000,-0.138505725,1.493688460,1.666022202,0.000000000
stage1/1,1.560000,-0.142880517,1.491252959,1.669029972,0.000000000
stage1/1,1.580000,-0.147317046,1.488783088,1.672080188,0.000000000
stage1/1,1.600000,-0.151814417,1.486279346,1.675172234,0.000000000
stage1/1,1.620000,-0.156371708,1.483742245,1.678305477,0.000000000
stage1/1,1.640000,-0.160987971,1.481172313,1.681479264,0.000000000
stage1/1,1.660000,-0.165662233,1.478570093,1.684692927,0.000000000
stage1/1,1.680000,-0.170393494,1.475936141,1.687945778,0.000000000
stage1/1,1.700000,-0.175180730,1.473271027,1.691237113,0.000000000
stage1/1,1.720000,-0.180022893,1.470575334,1.694566211,0.000000000
stage1/1,1.740000,-0.184918912,1.467849660,1.697932337,0.000000000
stage1/1,1.760000,-0.189867692,1.465094612,1.701334737,0.000000000
stage1/1,1.780000,-0.194868116,1.462310813,1.704772644,0.000000000
stage1/1,1.800000,-0.199919046,1.459498897,1.708245275,0.000000000
stage1/1,1.820000,-0.205019323,1.456659510,1.711751832,0.000000000
stage1/1,1.840000,-0.210167766,1.453793307,1.715291505,0.000000000
stage1/1,1.860000,-0.215363175,1.450900959,1.718863468,0.000000000
stage1/1,1.880000,-0.220604330,1.447983142,1.722466883,0.000000000
stage1/1,1.900000,-0.225889993,1.445040547,1.726100898,0.000000000
stage1/1,1.920000,-0.231218908,1.442073874,1.729764650,0.000000000
stage1/1,1.940000,-0.236589800,1.439083831,1.733457262,0.000000000
stage1/1,1.960000,-0.242001378,1.436071138,1.737177847,0.000000000
stage1/1,1.980000,-0.247452334,1.433036523,1.740925505,0.000000000
stage1/1,2.000000,-0.252941346,1.429980721,1.744699326,0.000000000
stage1/1,2.020000,-0.258467073,1.426904480,1.748498391,0.000000000
stage1/1,2.040000,-0.264028163,1.423808552,1.752321769,0.000000000
stage1/1,2.060000,-0.269623248,1.420693698,1.756168519,0.000000000
stage1/1,2.080000,-0.275250947,1.417560688,1.760037691,0.000000000
stage1/1,2.100000,-0.280909866,1.414410297,1.763928328,0.000000000
stage1/1,2.120000,-0.286598598,1.411243309,1.767839462,0.000000000
stage1/1,2.140000,-0.292315726,1.408060513,1.771770119,0.000000000
stage1/1,2.160000,-0.298059819,1.404862704,1.775719316,0.000000000
stage1/1,2.180000,-0.303829439,1.401650685,1.779686062,0.000000000
stage1/1,2.200000,-0.309623135,1.398425262,1.783669362,0.000000000
stage1/1,2.220000,-0.315439448,1.395187247,1.787668211,0.000000000
stage1/1,2.240000,-0.321276911,1.391937459,1.791681601,0.000000000
stage1/1,2.260000,-0.327134046,1.388676719,1.795708516,0.000000000
stage1/1,2.280000,-0.333009370,1.385405853,1.799747937,0.000000000
stage1/1,2.300000,-0.338901392,1.382125691,1.803798837,0.000000000
stage1/1,2.320000,-0.344808614,1.378837066,1.807860189,0.000000000
stage1/1,2.340000,-0.350729533,1.375540816,1.811930957,0.000000000
stage1/1,2.360000,-0.356662642,1.372237781,1.816010106,0.000000000
stage1/1,2.380000,-0.362606425,1.368928803,1.820096594,0.000000000
stage1/1,2.400000,-0.368559366,1.365614726,1.824189378,0.000000000
stage1/1,2.420000,-0.374519944,1.362296398,1.828287413,0.000000000
stage1/1,2.440000,-0.380486636,1.358974666,1.832389650,0.000000000
stage1/1,2.460000,-0.386457914,1.355650381,1.836495041,0.000000000
stage1/1,2.480000,-0.392432251,1.352324393,1.840602536,0.000000000
stage1/1,2.500000,-0.398408118,1.348997553,1.844711082,0.000000000
stage1/1,2.520000,-0.404383984,1.345670714,1.848819628,0.000000000
stage1/1,2.540000,-0.410358321,1.342344726,1.852927122,0.000000000
stage1/1,2.560000,-0.416329600,1.339020440,1.857032513,0.000000000
stage1/1,2.580000,-0.422296291,1.335698709,1.861134751,0.000000000
stage1/1,2.600000,-0.428256869,1.332380381,1.865232786,0.000000000
stage1/1,2.620000,-0.434209810,1.329066304,1.869325570,0.000000000
stage1/1,2.640000,-0.440153594,1.325757325,1.873412058,0.000000000
stage1/1,2.660000,-0.446086702,1.322454290,1.877491206,0.000000000
stage1/1,2.680000,-0.452007621,1.319158040,1.881561975,0.000000000
stage1/1,2.700000,-0.457914844,1.315869416,1.885623326,0.000000000
stage1/1,2.720000,-0.463806865,1.312589254,1.889674227,0.000000000
stage1/1,2.740000,-0.469682189,1.309318388,1.893713647,0.000000000
stage1/1,2.760000,-0.475539325,1.306057647,1.897740563,0.000000000
stage1/1,2.780000,-0.481376787,1.302807859,1.901753952,0.000000000
stage1/1,2.800000,-0.487193100,1.299569845,1.905752802,0.000000000
stage1/1,2.820000,-0.492986796,1.296344422,1.909736101,0.000000000
stage1/1,2.840000,-0.498756416,1.293132403,1.913702848,0.000000000
stage1/1,2.860000,-0.504500510,1.289934594,1.917652044,0.000000000
stage1/1,2.880000,-0.510217637,1.286751798,1.921582701,0.000000000
stage1/1,2.900000,-0.515906369,1.283584809,1.925493835,0.000000000
stage1/1,2.920000,-0.521565288,1.280434419,1.929384472,0.000000000
stage1/1,2.940000,-0.527192987,1.277301408,1.933253645,0.000000000
stage1/1,2.960000,-0.532788072,1.274186555,1.937100395,0.000000000
stage1/1,2.980000,-0.538349162,1.271090627,1.940923772,0.000000000
stage1/1,3.000000,-0.543874889,1.268014385,1.944722837,0.000000000
stage1/1,3.020000,-0.549363901,1.264958584,1.948496659,0.000000000
stage1/1,3.040000,-0.554814857,1.261923968,1.952244317,0.000000000
stage1/1,3.060000,-0.560226436,1.258911275,1.955964901,0.000000000
stage1/1,3.080000,-0.565597328,1.255921233,1.959657513,0.000000000
stage1/1,3.100000,-0.570926242,1.252954559,1.963321265,0.000000000
stage1/1,3.120000,-0.576211905,1.250011964,1.966955280,0.000000000
stage1/1,3.140000,-0.581453061,1.247094148,1.970558695,0.000000000
stage1/1,3.160000,-0.586648469,1.244201799,1.974130658,0.000000000
stage1/1,3.180000,-0.591796912,1.241335597,1.977670331,0.000000000
stage1/1,3.200000,-0.596897189,1.238496209,1.981176889,0.000000000
stage1/1,3.220000,-0.601948119,1.235684293,1.984649520,0.000000000
stage1/1,3.240000,-0.606948543,1.232900494,1.988087426,0.000000000
stage1/1,3.260000,-0.611897323,1.230145447,1.991489827,0.000000000
stage1/1,3.280000,-0.616793342,1.227419772,1.994855952,0.000000000
stage1/1,3.300000,-0.621635505,1.224724079,1.998185051,0.000000000
stage1/1,3.320000,-0.626422741,1.222058965,2.001476386,0.000000000
stage1/1,3.340000,-0.631154002,1.219425013,2.004729237,0.000000000
stage1/1,3.360000,-0.635828264,1.216822793,2.007942899,0.000000000
stage1/1,3.380000,-0.640444527,1.214252862,2.011116687,0.000000000
stage1/1,3.400000,-0.645001819,1.211715761,2.014249929,0.000000000
stage1/1,3.420000,-0.649499189,1.209212018,2.017341975,0.000000000
stage1/1,3.440000,-0.653935718,1.206742147,2.020392191,0.000000000
stage1/1,3.460000,-0.658310510,1.204306646,2.023399961,0.000000000
stage1/1,3.480000,-0.662622698,1.201905997,2.026364690,0.000000000
stage1/1,3.500000,-0.666871444,1.199540668,2.029285800,0.000000000
stage1/1,3.520000,-0.671055936,1.197211108,2.032162735,0.000000000
stage1/1,3.540000,-0.675175395,1.194917754,2.034994958,0.000000000
stage1/1,3.560000,-0.679229070,1.192661023,2.037781953,0.000000000
stage1/1,3.580000,-0.683216240,1.190441315,2.040523224,0.000000000
stage1/1,3.600000,-0.687136217,1.188259015,2.043218298,0.000000000
stage1/1,3.620000,-0.690988343,1.186114489,2.045866724,0.000000000
stage1/1,3.640000,-0.694771993,1.184008084,2.048468070,0.000000000
stage1/1,3.660000,-0.698486575,1.181940129,2.051021931,0.000000000
stage1/1,3.680000,-0.702131530,1.179910937,2.053527922,0.000000000
stage1/1,3.700000,-0.705706334,1.177920799,2.055985682,0.000000000
stage1/1,3.720000,-0.709210497,1.175969988,2.058394874,0.000000000
stage1/1,3.740000,-0.712643564,1.174058757,2.060755187,0.000000000
stage1/1,3.760000,-0.716005117,1.172187338,2.063066332,0.000000000
stage1/1,3.780000,-0.719294772,1.170355946,2.065328046,0.000000000
stage1/1,3.800000,-0.722512185,1.168564772,2.067540092,0.000000000
stage1/1,3.820000,-0.725657048,1.166813987,2.069702257,0.000000000
stage1/1,3.840000,-0.728729092,1.165103743,2.071814358,0.000000000
stage1/1,3.860000,-0.731728084,1.163434166,2.073876234,0.000000000
stage1/1,3.880000,-0.734653835,1.161805364,2.075887755,0.000000000
stage1/1,3.900000,-0.737506191,1.160217422,2.077848816,0.000000000
stage1/1,3.920000,-0.740285044,1.158670400,2.079759341,0.000000000
stage1/1,3.940000,-0.742990322,1.157164338,2.081619282,0.000000000
stage1/1,3.960000,-0.745621997,1.155699251,2.083428619,0.000000000
stage1/1,3.980000,-0.748180084,1.154275133,2.085187362,0.000000000
stage1/1,4.000000,-0.750664639,1.152891950,2.086895551,0.000000000
stage1/1,4.020000,-0.753075763,1.151549647,2.088553255,0.000000000
stage1/1,4.040000,-0.755413601,1.150248143,2.090160573,0.000000000
stage1/1,4.060000,-0.757678342,1.148987333,2.091717634,0.000000000
stage1/1,4.080000,-0.759870221,1.147767087,2.093224601,0.000000000
stage1/1,4.100000,-0.761989516,1.146587249,2.094681666,0.000000000
stage1/1,4.120000,-0.764036557,1.145447636,2.096089053,0.000000000
stage1/1,4.140000,-0.766011715,1.144348041,2.097447020,0.000000000
stage1/1,4.160000,-0.767915412,1.143288229,2.098755855,0.000000000
stage1/1,4.180000,-0.769748118,1.142267938,2.100015883,0.000000000
stage1/1,4.200000,-0.771510351,1.141286881,2.101227459,0.000000000
stage1/1,4.220000,-0.773202678,1.140344742,2.102390973,0.000000000
stage1/1,4.240000,-0.774825718,1.139441175,2.103506850,0.000000000
stage1/1,4.260000,-0.776380137,1.138575811,2.104575549,0.000000000
stage1/1,4.280000,-0.777866655,1.137748247,2.105597564,0.000000000
stage1/1,4.300000,-0.779286043,1.136958056,2.106573426,0.000000000
stage1/1,4.320000,-0.780639125,1.136204779,2.107503701,0.000000000
stage1/1,4.340000,-0.781926775,1.135487928,2.108388990,0.000000000
stage1/1,4.360000,-0.783149923,1.134806986,2.109229932,0.000000000
stage1/1,4.380000,-0.784309553,1.134161406,2.110027205,0.000000000
stage1/1,4.400000,-0.785406704,1.133550608,2.110781521,0.000000000
stage1/1,4.420000,-0.786442468,1.132973986,2.111493633,0.000000000
stage1/1,4.440000,-0.787417994,1.132430898,2.112164329,0.000000000
stage1/1,4.460000,-0.788334488,1.131920674,2.112794440,0.000000000
stage1/1,4.480000,-0.789193213,1.131442611,2.113384833,0.000000000
stage1/1,4.500000,-0.789995488,1.130995975,2.113936416,0.000000000
stage1/1,4.520000,-0.790742693,1.130579997,2.114450136,0.000000000
stage1/1,4.540000,-0.791436263,1.130193877,2.114926982,0.000000000
stage1/1,4.560000,-0.792077696,1.129836784,2.115367982,0.000000000
stage1/1,4.580000,-0.792668547,1.129507849,2.115774206,0.000000000
stage1/1,4.600000,-0.793210434,1.129206174,2.116146765,0.000000000
stage1/1,4.620000,-0.793705034,1.128930824,2.116486814,0.000000000
stage1/1,4.640000,-0.794154087,1.128680831,2.116795548,0.000000000
stage1/1,4.660000,-0.794559394,1.128455191,2.117074207,0.000000000
stage1/1,4.680000,-0.794922821,1.128252867,2.117324071,0.000000000
stage1/1,4.700000,-0.795246296,1.128072785,2.117546467,0.000000000
stage1/1,4.720000,-0.795531810,1.127913835,2.117742765,0.000000000
stage1/1,4.740000,-0.795781420,1.127774874,2.117914378,0.000000000
stage1/1,4.760000,-0.795997249,1.127654719,2.118062765,0.000000000
stage1/1,4.780000,-0.796181485,1.127552153,2.118189431,0.000000000
stage1/1,4.800000,-0.796336381,1.127465921,2.118295926,0.000000000
stage1/1,4.820000,-0.796464259,1.127394729,2.118383845,0.000000000
stage1/1,4.840000,-0.796567507,1.127337250,2.118454830,0.000000000
stage1/1,4.860000,-0.796648582,1.127292114,2.118510571,0.000000000
stage1/1,4.880000,-0.796710011,1.127257916,2.118552805,0.000000000
stage1/1,4.900000,-0.796754387,1.127233211,2.118583315,0.000000000
stage1/1,4.920000,-0.796784376,1.127216516,2.118603933,0.000000000
stage1/1,4.940000,-0.796802713,1.127206308,2.118616540,0.000000000
stage1/1,4.960000,-0.796812204,1.127201024,2.118623065,0.000000000
stage1/1,4.980000,-0.796815728,1.127199062,2.118625488,0.000000000
stage1/1,5.000000,-0.796816235,1.127198780,2.118625837,0.000000000
stage1/2,0.000000,-0.796816235,1.127198780,2.118625837,0.000000000
stage1/2,0.020000,-0.796816235,1.127198631,2.118625790,0.000000000
stage1/2,0.040000,-0.796816232,1.127197598,2.118625464,0.000000000
stage1/2,0.060000,-0.796816223,1.127194815,2.118624588,0.000000000
stage1/2,0.080000,-0.796816206,1.127189438,2.118622894,0.000000000
stage1/2,0.100000,-0.796816179,1.127180644,2.118620123,0.000000000
stage1/2,0.120000,-0.796816138,1.127167632,2.118616024,0.000000000
stage1/2,0.140000,-0.796816082,1.127149620,2.118610350,0.000000000
stage1/2,0.160000,-0.796816009,1.127125847,2.118602861,0.000000000
stage1/2,0.180000,-0.796815914,1.127095572,2.118593323,0.000000000
stage1/2,0.200000,-0.796815798,1.127058075,2.118581510,0.000000000
stage1/2,0.220000,-0.796815657,1.127012656,2.118567202,0.000000000
stage1/2,0.240000,-0.796815489,1.126958634,2.118550183,0.000000000
stage1/2,0.260000,-0.796815292,1.126895348,2.118530246,0.000000000
stage1/2,0.280000,-0.796815065,1.126822157,2.118507189,0.000000000
stage1/2,0.300000,-0.796814804,1.126738437,2.118480814,0.000000000
stage1/2,0.320000,-0.796814510,1.126643587,2.118450934,0.000000000
stage1/2,0.340000,-0.796814178,1.126537022,2.118417362,0.000000000
stage1/2,0.360000,-0.796813809,1.126418177,2.118379922,0.000000000
stage1/2,0.380000,-0.796813400,1.126286504,2.118338441,0.000000000
stage1/2,0.400000,-0.796812949,1.126141476,2.118292753,0.000000000
stage1/2,0.420000,-0.796812455,1.125982582,2.118242696,0.000000000
stage1/2,0.440000,-0.796811917,1.125809331,2.118188117,0.000000000
stage1/2,0.460000,-0.796811332,1.125621248,2.118128865,0.000000000
stage1/2,0.480000,-0.796810700,1.125417878,2.118064797,0.000000000
stage1/2,0.500000,-0.796810019,1.125198780,2.117995774,0.000000000
stage1/2,0.520000,-0.796809288,1.124963535,2.117921664,0.000000000
stage1/2,0.540000,-0.796808506,1.124711737,2.117842340,0.000000000
stage1/2,0.560000,-0.796807670,1.124443000,2.117757679,0.000000000
stage1/2,0.580000,-0.796806781,1.124156953,2.117667566,0.000000000
stage1/2,0.600000,-0.796805837,1.123853243,2.117571887,0.000000000
stage1/2,0.620000,-0.796804838,1.123531534,2.117470539,0.000000000
stage1/2,0.640000,-0.796803781,1.123191504,2.117363419,0.000000000
stage1/2,0.660000,-0.796802666,1.122832848,2.117250431,0.000000000
stage1/2,0.680000,-0.796801493,1.122455280,2.117131485,0.000000000
stage1/2,0.700000,-0.796800260,1.122058525,2.117006495,0.000000000
stage1/2,0.720000,-0.796798966,1.121642328,2.116875380,0.000000000
stage1/2,0.740000,-0.796797611,1.121206447,2.116738063,0.000000000
stage1/2,0.760000,-0.796796195,1.120750656,2.116594475,0.000000000
stage1/2,0.780000,-0.796794716,1.120274743,2.116444547,0.000000000
stage1/2,0.800000,-0.796793173,1.119778514,2.116288220,0.000000000
stage1/2,0.820000,-0.796791568,1.119261787,2.116125434,0.000000000
stage1/2,0.840000,-0.796789897,1.118724395,2.115956139,0.000000000
stage1/2,0.860000,-0.796788162,1.118166188,2.115780286,0.000000000
stage1/2,0.880000,-0.796786362,1.117587026,2.115597832,0.000000000
stage1/2,0.900000,-0.796784497,1.116986787,2.115408738,0.000000000
stage1/2,0.920000,-0.796782566,1.116365361,2.115212969,0.000000000
stage1/2,0.940000,-0.796780568,1.115722652,2.115010495,0.000000000
stage1/2,0.960000,-0.796778504,1.115058578,2.114801291,0.000000000
stage1/2,0.980000,-0.796776374,1.114373070,2.114585335,0.000000000
stage1/2,1.000000,-0.796774176,1.113666073,2.114362608,0.000000000
stage1/2,1.020000,-0.796771912,1.112937544,2.114133099,0.000000000
stage1/2,1.040000,-0.796769581,1.112187455,2.113896797,0.000000000
stage1/2,1.060000,-0.796767183,1.111415787,2.113653697,0.000000000
stage1/2,1.080000,-0.796764717,1.110622538,2.113403799,0.000000000
stage1/2,1.100000,-0.796762185,1.109807714,2.113147104,0.000000000
stage1/2,1.120000,-0.796759586,1.108971338,2.112883619,0.000000000
stage1/2,1.140000,-0.796756919,1.108113441,2.112613354,0.000000000
stage1/2,1.160000,-0.796754186,1.107234067,2.112336324,0.000000000
stage1/2,1.180000,-0.796751387,1.106333274,2.112052546,0.000000000
stage1/2,1.200000,-0.796748521,1.105411128,2.111762041,0.000000000
stage1/2,1.220000,-0.796745589,1.104467709,2.111464834,0.000000000
stage1/2,1.240000,-0.796742591,1.103503106,2.111160954,0.000000000
stage1/2,1.260000,-0.796739527,1.102517422,2.110850432,0.000000000
stage1/2,1.280000,-0.796736399,1.101510768,2.110533305,0.000000000
stage1/2,1.300000,-0.796733205,1.100483267,2.110209610,0.000000000
stage1/2,1.320000,-0.796729947,1.099435052,2.109879389,0.000000000
stage1/2,1.340000,-0.796726626,1.098366268,2.109542688,0.000000000
stage1/2,1.360000,-0.796723240,1.097277067,2.109199556,0.000000000
stage1/2,1.380000,-0.796719792,1.096167614,2.108850043,0.000000000
stage1/2,1.400000,-0.796716282,1.095038082,2.108494205,0.000000000
stage1/2,1.420000,-0.796712710,1.093888655,2.108132100,0.000000000
stage1/2,1.440000,-0.796709076,1.092719526,2.107763787,0.000000000
stage1/2,1.460000,-0.796705382,1.091530895,2.107389331,0.000000000
stage1/2,1.480000,-0.796701628,1.090322975,2.107008798,0.000000000
stage1/2,1.500000,-0.796697814,1.089095986,2.106622258,0.000000000
stage1/2,1.520000,-0.796693942,1.087850157,2.106229782,0.000000000
stage1/2,1.540000,-0.796690013,1.086585724,2.105831446,0.000000000
stage1/2,1.560000,-0.796686026,1.085302935,2.105427327,0.000000000
stage1/2,1.580000,-0.796681983,1.084002043,2.105017505,0.000000000
stage1/2,1.600000,-0.796677884,1.082683310,2.104602063,0.000000000
stage1/2,1.620000,-0.796673731,1.081347008,2.104181086,0.000000000
stage1/2,1.640000,-0.796669524,1.079993414,2.103754661,0.000000000
stage1/2,1.660000,-0.796665264,1.078622813,2.103322879,0.000000000
stage1/2,1.680000,-0.796660953,1.077235499,2.102885831,0.000000000
stage1/2,1.700000,-0.796656590,1.075831771,2.102443613,0.000000000
stage1/2,1.720000,-0.796652177,1.074411938,2.101996321,0.000000000
stage1/2,1.740000,-0.796647715,1.072976313,2.101544054,0.000000000
stage1/2,1.760000,-0.796643205,1.071525217,2.101086913,0.000000000
stage1/2,1.780000,-0.796638648,1.070058978,2.100625001,0.000000000
stage1/2,1.800000,-0.796634045,1.068577930,2.100158425,0.000000000
stage1/2,1.820000,-0.796629398,1.067082411,2.099687289,0.000000000
stage1/2,1.840000,-0.796624706,1.065572770,2.099211705,0.000000000
stage1/2,1.860000,-0.796619971,1.064049357,2.098731782,0.000000000
stage1/2,1.880000,-0.796615195,1.062512530,2.098247633,0.000000000
stage1/2,1.900000,-0.796610378,1.060962652,2.097759373,0.000000000
stage1/2,1.920000,-0.796605521,1.059400092,2.097267117,0.000000000
stage1/2,1.940000,-0.796600627,1.057825224,2.096770984,0.000000000
stage1/2,1.960000,-0.796595695,1.056238425,2.096271092,0.000000000
stage1/2,1.980000,-0.796590728,1.054640079,2.095767563,0.000000000
stage1/2,2.000000,-0.796585725,1.053030575,2.095260519,0.000000000
stage1/2,2.020000,-0.796580690,1.051410305,2.094750083,0.000000000
stage1/2,2.040000,-0.796575622,1.049779666,2.094236380,0.000000000
stage1/2,2.060000,-0.796570523,1.048139059,2.093719537,0.000000000
stage1/2,2.080000,-0.796565394,1.046488888,2.093199682,0.000000000
stage1/2,2.100000,-0.796560237,1.044829564,2.092676942,0.000000000
stage1/2,2.120000,-0.796555053,1.043161497,2.092151449,0.000000000
stage1/2,2.140000,-0.796549843,1.041485104,2.091623332,0.000000000
stage1/2,2.160000,-0.796544608,1.039800804,2.091092725,0.000000000
stage1/2,2.180000,-0.796539350,1.038109019,2.090559759,0.000000000
stage1/2,2.200000,-0.796534070,1.036410174,2.090024570,0.000000000
stage1/2,2.220000,-0.796528770,1.034704698,2.089487291,0.000000000
stage1/2,2.240000,-0.796523450,1.032993020,2.088948058,0.000000000
stage1/2,2.260000,-0.796518112,1.031275574,2.088407009,0.000000000
stage1/2,2.280000,-0.796512758,1.029552794,2.087864279,0.000000000
stage1/2,2.300000,-0.796507388,1.027825118,2.087320007,0.000000000
stage1/2,2.320000,-0.796502005,1.026092985,2.086774330,0.000000000
stage1/2,2.340000,-0.796496609,1.024356835,2.086227389,0.000000000
stage1/2,2.360000,-0.796491202,1.022617112,2.085679321,0.000000000
stage1/2,2.380000,-0.796485786,1.020874258,2.085130267,0.000000000
stage1/2,2.400000,-0.796480361,1.019128720,2.084580368,0.000000000
stage1/2,2.420000,-0.796474929,1.017380941,2.084029762,0.000000000
stage1/2,2.440000,-0.796469491,1.015631371,2.083478593,0.000000000
stage1/2,2.460000,-0.796464049,1.013880455,2.082926999,0.000000000
stage1/2,2.480000,-0.796458605,1.012128642,2.082375123,0.000000000
stage1/2,2.500000,-0.796453159,1.010376381,2.081823106,0.000000000
stage1/2,2.520000,-0.796447713,1.008624120,2.081271088,0.000000000
stage1/2,2.540000,-0.796442269,1.006872307,2.080719212,0.000000000
stage1/2,2.560000,-0.796436827,1.005121391,2.080167619,0.000000000
stage1/2,2.580000,-0.796431389,1.003371821,2.079616449,0.000000000
stage1/2,2.600000,-0.796425957,1.001624042,2.079065844,0.000000000
stage1/2,2.620000,-0.796420532,0.999878503,2.078515944,0.000000000
stage1/2,2.640000,-0.796415116,0.998135650,2.077966890,0.000000000
stage1/2,2.660000,-0.796409709,0.996395926,2.077418823,0.000000000
stage1/2,2.680000,-0.796404313,0.994659777,2.076871881,0.000000000
stage1/2,2.700000,-0.796398929,0.992927644,2.076326204,0.000000000
stage1/2,2.720000,-0.796393560,0.991199968,2.075781932,0.000000000
stage1/2,2.740000,-0.796388206,0.989477188,2.075239202,0.000000000
stage1/2,2.760000,-0.796382868,0.987759742,2.074698153,0.000000000
stage1/2,2.780000,-0.796377548,0.986048064,2.074158920,0.000000000
stage1/2,2.800000,-0.796372248,0.984342587,2.073621642,0.000000000
stage1/2,2.820000,-0.796366968,0.982643743,2.073086452,0.000000000
stage1/2,2.840000,-0.796361710,0.980951958,2.072553487,0.000000000
stage1/2,2.860000,-0.796356475,0.979267658,2.072022879,0.000000000
stage1/2,2.880000,-0.796351265,0.977591265,2.071494763,0.000000000
stage1/2,2.900000,-0.796346081,0.975923198,2.070969269,0.000000000
stage1/2,2.920000,-0.796340924,0.974263874,2.070446530,0.000000000
stage1/2,2.940000,-0.796335795,0.972613703,2.069926674,0.000000000
stage1/2,2.960000,-0.796330696,0.970973096,2.069409831,0.000000000
stage1/2,2.980000,-0.796325628,0.969342457,2.068896128,0.000000000
stage1/2,3.000000,-0.796320593,0.967722187,2.068385692,0.000000000
stage1/2,3.020000,-0.796315590,0.966112683,2.067878648,0.000000000
stage1/2,3.040000,-0.796310623,0.964514337,2.067375119,0.000000000
stage1/2,3.060000,-0.796305691,0.962927538,2.066875227,0.000000000
stage1/2,3.080000,-0.796300797,0.961352670,2.066379094,0.000000000
stage1/2,3.100000,-0.796295940,0.959790110,2.065886839,0.000000000
stage1/2,3.120000,-0.796291123,0.958240232,2.065398578,0.000000000
stage1/2,3.140000,-0.796286347,0.956703405,2.064914429,0.000000000
stage1/2,3.160000,-0.796281612,0.955179992,2.064434506,0.000000000
stage1/2,3.180000,-0.796276920,0.953670350,2.063958922,0.000000000
stage1/2,3.200000,-0.796272272,0.952174832,2.063487787,0.000000000
stage1/2,3.220000,-0.796267669,0.950693784,2.063021210,0.000000000
stage1/2,3.240000,-0.796263112,0.949227545,2.062559298,0.000000000
stage1/2,3.260000,-0.796258603,0.947776449,2.062102157,0.000000000
stage1/2,3.280000,-0.796254141,0.946340824,2.061649890,0.000000000
stage1/2,3.300000,-0.796249728,0.944920991,2.061202598,0.000000000
stage1/2,3.320000,-0.796245365,0.943517263,2.060760380,0.000000000
stage1/2,3.340000,-0.796241054,0.942129949,2.060323332,0.000000000
stage1/2,3.360000,-0.796236794,0.940759348,2.059891550,0.000000000
stage1/2,3.380000,-0.796232587,0.939405754,2.059465125,0.000000000
stage1/2,3.400000,-0.796228434,0.938069451,2.059044148,0.000000000
stage1/2,3.420000,-0.796224335,0.936750719,2.058628706,0.000000000
stage1/2,3.440000,-0.796220292,0.935449827,2.058218884,0.000000000
stage1/2,3.460000,-0.796216305,0.934167038,2.057814765,0.000000000
stage1/2,3.480000,-0.796212376,0.932902605,2.057416429,0.000000000
stage1/2,3.500000,-0.796208504,0.931656776,2.057023953,0.000000000
stage1/2,3.520000,-0.796204690,0.930429787,2.056637413,0.000000000
stage1/2,3.540000,-0.796200936,0.929221867,2.056256880,0.000000000
stage1/2,3.560000,-0.796197242,0.928033236,2.055882424,0.000000000
stage1/2,3.580000,-0.796193608,0.926864106,2.055514112,0.000000000
stage1/2,3.600000,-0.796190036,0.925714679,2.055152006,0.000000000
stage1/2,3.620000,-0.796186525,0.924585148,2.054796168,0.000000000
stage1/2,3.640000,-0.796183077,0.923475695,2.054446655,0.000000000
stage1/2,3.660000,-0.796179692,0.922386494,2.054103523,0.000000000
stage1/2,3.680000,-0.796176371,0.921317710,2.053766822,0.000000000
stage1/2,3.700000,-0.796173113,0.920269495,2.053436602,0.000000000
stage1/2,3.720000,-0.796169919,0.919241994,2.053112906,0.000000000
stage1/2,3.740000,-0.796166791,0.918235340,2.052795779,0.000000000
stage1/2,3.760000,-0.796163727,0.917249656,2.052485257,0.000000000
stage1/2,3.780000,-0.796160729,0.916285053,2.052181377,0.000000000
stage1/2,3.800000,-0.796157797,0.915341634,2.051884170,0.000000000
stage1/2,3.820000,-0.796154931,0.914419488,2.051593665,0.000000000
stage1/2,3.840000,-0.796152132,0.913518694,2.051309887,0.000000000
stage1/2,3.860000,-0.796149399,0.912639321,2.051032857,0.000000000
stage1/2,3.880000,-0.796146732,0.911781424,2.050762592,0.000000000
stage1/2,3.900000,-0.796144133,0.910945047,2.050499107,0.000000000
stage1/2,3.920000,-0.796141601,0.910130224,2.050242412,0.000000000
stage1/2,3.940000,-0.796139135,0.909336975,2.049992514,0.000000000
stage1/2,3.960000,-0.796136737,0.908565307,2.049749414,0.000000000
stage1/2,3.980000,-0.796134406,0.907815217,2.049513112,0.000000000
stage1/2,4.000000,-0.796132141,0.907086689,2.049283603,0.000000000
stage1/2,4.020000,-0.796129944,0.906379692,2.049060877,0.000000000
stage1/2,4.040000,-0.796127814,0.905694184,2.048844920,0.000000000
stage1/2,4.060000,-0.796125750,0.905030110,2.048635716,0.000000000
stage1/2,4.080000,-0.796123752,0.904387401,2.048433242,0.000000000
stage1/2,4.100000,-0.796121821,0.903765975,2.048237474,0.000000000
stage1/2,4.120000,-0.796119955,0.903165736,2.048048379,0.000000000
stage1/2,4.140000,-0.796118155,0.902586574,2.047865925,0.000000000
stage1/2,4.160000,-0.796116421,0.902028366,2.047690072,0.000000000
stage1/2,4.180000,-0.796114750,0.901490975,2.047520777,0.000000000
stage1/2,4.200000,-0.796113144,0.900974248,2.047357992,0.000000000
stage1/2,4.220000,-0.796111602,0.900478019,2.047201664,0.000000000
stage1/2,4.240000,-0.796110123,0.900002106,2.047051736,0.000000000
stage1/2,4.260000,-0.796108706,0.899546315,2.046908148,0.000000000
stage1/2,4.280000,-0.796107352,0.899110434,2.046770832,0.000000000
stage1/2,4.300000,-0.796106058,0.898694237,2.046639716,0.000000000
stage1/2,4.320000,-0.796104825,0.898297482,2.046514726,0.000000000
stage1/2,4.340000,-0.796103652,0.897919914,2.046395780,0.000000000
stage1/2,4.360000,-0.796102537,0.897561258,2.046282793,0.000000000
stage1/2,4.380000,-0.796101480,0.897221228,2.046175672,0.000000000
stage1/2,4.400000,-0.796100480,0.896899518,2.046074324,0.000000000
stage1/2,4.420000,-0.796099536,0.896595809,2.045978646,0.000000000
stage1/2,4.440000,-0.796098647,0.896309762,2.045888532,0.000000000
stage1/2,4.460000,-0.796097812,0.896041025,2.045803871,0.000000000
stage1/2,4.480000,-0.796097030,0.895789227,2.045724547,0.000000000
stage1/2,4.500000,-0.796096299,0.895553982,2.045650437,0.000000000
stage1/2,4.520000,-0.796095618,0.895334884,2.045581415,0.000000000
stage1/2,4.540000,-0.796094986,0.895131513,2.045517346,0.000000000
stage1/2,4.560000,-0.796094401,0.894943431,2.045458094,0.000000000
stage1/2,4.580000,-0.796093863,0.894770179,2.045403515,0.000000000
stage1/2,4.600000,-0.796093369,0.894611286,2.045353458,0.000000000
stage1/2,4.620000,-0.796092918,0.894466258,2.045307770,0.000000000
stage1/2,4.640000,-0.796092509,0.894334585,2.045266289,0.000000000
stage1/2,4.660000,-0.796092139,0.894215740,2.045228849,0.000000000
stage1/2,4.680000,-0.796091808,0.894109175,2.045195278,0.000000000
stage1/2,4.700000,-0.796091513,0.894014324,2.045165397,0.000000000
stage1/2,4.720000,-0.796091253,0.893930605,2.045139023,0.000000000
stage1/2,4.740000,-0.796091026,0.893857414,2.045115965,0.000000000
stage1/2,4.760000,-0.796090829,0.893794128,2.045096028,0.000000000
stage1/2,4.780000,-0.796090661,0.893740106,2.045079009,0.000000000
stage1/2,4.800000,-0.796090520,0.893694686,2.045064701,0.000000000
stage1/2,4.820000,-0.796090403,0.893657190,2.045052888,0.000000000
stage1/2,4.840000,-0.796090309,0.893626915,2.045043351,0.000000000
stage1/2,4.860000,-0.796090235,0.893603142,2.045035861,0.000000000
stage1/2,4.880000,-0.796090179,0.893585130,2.045030187,0.000000000
stage1/2,4.900000,-0.796090139,0.893572117,2.045026088,0.000000000
stage1/2,4.920000,-0.796090112,0.893563324,2.045023317,0.000000000
stage1/2,4.940000,-0.796090095,0.893557947,2.045021624,0.000000000
stage1/2,4.960000,-0.796090086,0.893555164,2.045020747,0.000000000
stage1/2,4.980000,-0.796090083,0.893554131,2.045020421,0.000000000
stage1/2,5.000000,-0.796090083,0.893553982,2.045020375,0.000000000
stage1/3,0.000000,-0.796090083,0.893553982,2.045020375,0.712374979
stage1/3,0.020000,-0.796090083,0.893554262,2.045020416,0.712374979
stage1/3,0.040000,-0.796090083,0.893556203,2.045020707,0.712374979
stage1/3,0.060000,-0.796090083,0.893561434,2.045021489,0.712374979
stage1/3,0.080000,-0.796090082,0.893571538,2.045022999,0.712374979
stage1/3,0.100000,-0.796090082,0.893588064,2.045025470,0.712374979
stage1/3,0.120000,-0.796090082,0.893612517,2.045029126,0.712374979
stage1/3,0.140000,-0.796090081,0.893646367,2.045034187,0.712374979
stage1/3,0.160000,-0.796090080,0.893691044,2.045040866,0.712374979
stage1/3,0.180000,-0.796090079,0.893747939,2.045049372,0.712374979
stage1/3,0.200000,-0.796090078,0.893818406,2.045059907,0.712374979
stage1/3,0.220000,-0.796090076,0.893903762,2.045072669,0.712374979
stage1/3,0.240000,-0.796090074,0.894005285,2.045087847,0.712374979
stage1/3,0.260000,-0.796090072,0.894124218,2.045105628,0.712374979
stage1/3,0.280000,-0.796090070,0.894261766,2.045126192,0.712374979
stage1/3,0.300000,-0.796090067,0.894419099,2.045149715,0.712374979
stage1/3,0.320000,-0.796090063,0.894597350,2.045176364,0.712374979
stage1/3,0.340000,-0.796090060,0.894797617,2.045206305,0.712374979
stage1/3,0.360000,-0.796090056,0.895020962,2.045239697,0.712374979
stage1/3,0.380000,-0.796090051,0.895268413,2.045276692,0.712374979
stage1/3,0.400000,-0.796090046,0.895540963,2.045317440,0.712374979
stage1/3,0.420000,-0.796090041,0.895839570,2.045362083,0.712374979
stage1/3,0.440000,-0.796090035,0.896165160,2.045410761,0.712374979
stage1/3,0.460000,-0.796090028,0.896518622,2.045463606,0.712374979
stage1/3,0.480000,-0.796090021,0.896900815,2.045520746,0.712374979
stage1/3,0.500000,-0.796090013,0.897312563,2.045582304,0.712374979
stage1/3,0.520000,-0.796090005,0.897754657,2.045648400,0.712374979
stage1/3,0.540000,-0.796089997,0.898227859,2.045719146,0.712374979
stage1/3,0.560000,-0.796089987,0.898732894,2.045794652,0.712374979
stage1/3,0.580000,-0.796089977,0.899270459,2.045875021,0.712374979
stage1/3,0.600000,-0.796089967,0.899841218,2.045960353,0.712374979
stage1/3,0.620000,-0.796089956,0.900445804,2.046050742,0.712374979
stage1/3,0.640000,-0.796089944,0.901084819,2.046146279,0.712374979
stage1/3,0.660000,-0.796089931,0.901758837,2.046247048,0.712374979
stage1/3,0.680000,-0.796089918,0.902468398,2.046353132,0.712374979
stage1/3,0.700000,-0.796089905,0.903214015,2.046464606,0.712374979
stage1/3,0.720000,-0.796089890,0.903996170,2.046581543,0.712374979
stage1/3,0.740000,-0.796089875,0.904815318,2.046704010,0.712374979
stage1/3,0.760000,-0.796089859,0.905671882,2.046832071,0.712374979
stage1/3,0.780000,-0.796089843,0.906566260,2.046965786,0.712374979
stage1/3,0.800000,-0.796089826,0.907498819,2.047105209,0.712374979
stage1/3,0.820000,-0.796089808,0.908469899,2.047250391,0.712374979
stage1/3,0.840000,-0.796089789,0.909479814,2.047401380,0.712374979
stage1/3,0.860000,-0.796089770,0.910528849,2.047558216,0.712374979
stage1/3,0.880000,-0.796089750,0.911617262,2.047720941,0.712374979
stage1/3,0.900000,-0.796089729,0.912745286,2.047889587,0.712374979
stage1/3,0.920000,-0.796089707,0.913913126,2.048064186,0.712374979
stage1/3,0.940000,-0.796089685,0.915120963,2.048244764,0.712374979
stage1/3,0.960000,-0.796089662,0.916368951,2.048431346,0.712374979
stage1/3,0.980000,-0.796089638,0.917657220,2.048623950,0.712374979
stage1/3,1.000000,-0.796089614,0.918985872,2.048822591,0.712374979
stage1/3,1.020000,-0.796089589,0.920354990,2.049027282,0.712374979
stage1/3,1.040000,-0.796089563,0.921764626,2.049238031,0.712374979
stage1/3,1.060000,-0.796089536,0.923214814,2.049454842,0.712374979
stage1/3,1.080000,-0.796089509,0.924705560,2.049677718,0.712374979
stage1/3,1.100000,-0.796089480,0.926236850,2.049906655,0.712374979
stage1/3,1.120000,-0.796089451,0.927808645,2.050141647,0.712374979
stage1/3,1.140000,-0.796089422,0.929420883,2.050382686,0.712374979
stage1/3,1.160000,-0.796089391,0.931073481,2.050629759,0.712374979
stage1/3,1.180000,-0.796089360,0.932766334,2.050882851,0.712374979
stage1/3,1.200000,-0.796089328,0.934499314,2.051141941,0.712374979
stage1/3,1.220000,-0.796089295,0.936272274,2.051407009,0.712374979
stage1/3,1.240000,-0.796089262,0.938085042,2.051678029,0.712374979
stage1/3,1.260000,-0.796089228,0.939937429,2.051954971,0.712374979
stage1/3,1.280000,-0.796089193,0.941829225,2.052237806,0.712374979
stage1/3,1.300000,-0.796089157,0.943760198,2.052526498,0.712374979
stage1/3,1.320000,-0.796089121,0.945730098,2.052821009,0.712374979
stage1/3,1.340000,-0.796089084,0.947738655,2.053121300,0.712374979
stage1/3,1.360000,-0.796089046,0.949785579,2.053427327,0.712374979
stage1/3,1.380000,-0.796089008,0.951870564,2.053739045,0.712374979
stage1/3,1.400000,-0.796088969,0.953993283,2.054056404,0.712374979
stage1/3,1.420000,-0.796088929,0.956153390,2.054379352,0.712374979
stage1/3,1.440000,-0.796088889,0.958350525,2.054707837,0.712374979
stage1/3,1.460000,-0.796088847,0.960584307,2.055041800,0.712374979
stage1/3,1.480000,-0.796088806,0.962854340,2.055381184,0.712374979
stage1/3,1.500000,-0.796088763,0.965160209,2.055725925,0.712374979
stage1/3,1.520000,-0.796088720,0.967501485,2.056075959,0.712374979
stage1/3,1.540000,-0.796088676,0.969877721,2.056431220,0.712374979
stage1/3,1.560000,-0.796088632,0.972288456,2.056791639,0.712374979
stage1/3,1.580000,-0.796088587,0.974733210,2.057157144,0.712374979
stage1/3,1.600000,-0.796088541,0.977211491,2.057527662,0.712374979
stage1/3,1.620000,-0.796088495,0.979722792,2.057903116,0.712374979
stage1/3,1.640000,-0.796088448,0.982266589,2.058283429,0.712374979
stage1/3,1.660000,-0.796088400,0.984842346,2.058668519,0.712374979
stage1/3,1.680000,-0.796088352,0.987449513,2.059058306,0.712374979
stage1/3,1.700000,-0.796088304,0.990087525,2.059452704,0.712374979
stage1/3,1.720000,-0.796088254,0.992755805,2.059851628,0.712374979
stage1/3,1.740000,-0.796088205,0.995453761,2.060254988,0.712374979
stage1/3,1.760000,-0.796088154,0.998180792,2.060662695,0.712374979
stage1/3,1.780000,-0.796088104,1.000936282,2.061074657,0.712374979
stage1/3,1.800000,-0.796088052,1.003719603,2.061490780,0.712374979
stage1/3,1.820000,-0.796088001,1.006530116,2.061910968,0.712374979
stage1/3,1.840000,-0.796087948,1.009367171,2.062335124,0.712374979
stage1/3,1.860000,-0.796087896,1.012230107,2.062763150,0.712374979
stage1/3,1.880000,-0.796087842,1.015118252,2.063194944,0.712374979
stage1/3,1.900000,-0.796087789,1.018030923,2.063630406,0.712374979
stage1/3,1.920000,-0.796087734,1.020967427,2.064069430,0.712374979
stage1/3,1.940000,-0.796087680,1.023927064,2.064511913,0.712374979
stage1/3,1.960000,-0.796087625,1.026909120,2.064957748,0.712374979
stage1/3,1.980000,-0.796087570,1.029912876,2.065406827,0.712374979
stage1/3,2.000000,-0.796087514,1.032937602,2.065859042,0.712374979
stage1/3,2.020000,-0.796087458,1.035982560,2.066314281,0.712374979
stage1/3,2.040000,-0.796087401,1.039047005,2.066772433,0.712374979
stage1/3,2.060000,-0.796087344,1.042130183,2.067233386,0.712374979
stage1/3,2.080000,-0.796087287,1.045231333,2.067697026,0.712374979
stage1/3,2.100000,-0.796087230,1.048349687,2.068163238,0.712374979
stage1/3,2.120000,-0.796087172,1.051484470,2.068631907,0.712374979
stage1/3,2.140000,-0.796087114,1.054634899,2.069102914,0.712374979
stage1/3,2.160000,-0.796087056,1.057800189,2.069576144,0.712374979
stage1/3,2.180000,-0.796086997,1.060979544,2.070051476,0.712374979
stage1/3,2.200000,-0.796086938,1.064172167,2.070528792,0.712374979
stage1/3,2.220000,-0.796086879,1.067377253,2.071007971,0.712374979
stage1/3,2.240000,-0.796086820,1.070593994,2.071488892,0.712374979
stage1/3,2.260000,-0.796086760,1.073821575,2.071971435,0.712374979
stage1/3,2.280000,-0.796086701,1.077059179,2.072455476,0.712374979
stage1/3,2.300000,-0.796086641,1.080305984,2.072940892,0.712374979
stage1/3,2.320000,-0.796086581,1.083561166,2.073427561,0.712374979
stage1/3,2.340000,-0.796086521,1.086823895,2.073915358,0.712374979
stage1/3,2.360000,-0.796086461,1.090093341,2.074404159,0.712374979
stage1/3,2.380000,-0.796086400,1.093368670,2.074893840,0.712374979
stage1/3,2.400000,-0.796086340,1.096649045,2.075384275,0.712374979
stage1/3,2.420000,-0.796086279,1.099933629,2.075875340,0.712374979
stage1/3,2.440000,-0.796086219,1.103221581,2.076366908,0.712374979
stage1/3,2.460000,-0.796086158,1.106512060,2.076858854,0.712374979
stage1/3,2.480000,-0.796086097,1.109804226,2.077351052,0.712374979
stage1/3,2.500000,-0.796086037,1.113097234,2.077843376,0.712374979
stage1/3,2.520000,-0.796085976,1.116390242,2.078335700,0.712374979
stage1/3,2.540000,-0.796085915,1.119682408,2.078827898,0.712374979
stage1/3,2.560000,-0.796085855,1.122972887,2.079319844,0.712374979
stage1/3,2.580000,-0.796085794,1.126260839,2.079811412,0.712374979
stage1/3,2.600000,-0.796085733,1.129545423,2.080302476,0.712374979
stage1/3,2.620000,-0.796085673,1.132825798,2.080792912,0.712374979
stage1/3,2.640000,-0.796085613,1.136101127,2.081282592,0.712374979
stage1/3,2.660000,-0.796085552,1.139370573,2.081771394,0.712374979
stage1/3,2.680000,-0.796085492,1.142633302,2.082259191,0.712374979
stage1/3,2.700000,-0.796085432,1.145888484,2.082745860,0.712374979
stage1/3,2.720000,-0.796085372,1.149135289,2.083231276,0.712374979
stage1/3,2.740000,-0.796085313,1.152372893,2.083715317,0.712374979
stage1/3,2.760000,-0.796085253,1.155600474,2.084197859,0.712374979
stage1/3,2.780000,-0.796085194,1.158817215,2.084678780,0.712374979
stage1/3,2.800000,-0.796085135,1.162022301,2.085157960,0.712374979
stage1/3,2.820000,-0.796085076,1.165214924,2.085635275,0.712374979
stage1/3,2.840000,-0.796085017,1.168394279,2.086110608,0.712374979
stage1/3,2.860000,-0.796084959,1.171559569,2.086583837,0.712374979
stage1/3,2.880000,-0.796084901,1.174709998,2.087054845,0.712374979
stage1/3,2.900000,-0.796084843,1.177844781,2.087523513,0.712374979
stage1/3,2.920000,-0.796084786,1.180963135,2.087989725,0.712374979
stage1/3,2.940000,-0.796084729,1.184064285,2.088453365,0.712374979
stage1/3,2.960000,-0.796084672,1.187147463,2.088914318,0.712374979
stage1/3,2.980000,-0.796084615,1.190211908,2.089372471,0.712374979
stage1/3,3.000000,-0.796084559,1.193256866,2.089827710,0.712374979
stage1/3,3.020000,-0.796084503,1.196281592,2.090279924,0.712374979
stage1/3,3.040000,-0.796084448,1.199285348,2.090729003,0.712374979
stage1/3,3.060000,-0.796084393,1.202267404,2.091174838,0.712374979
stage1/3,3.080000,-0.796084339,1.205227041,2.091617321,0.712374979
stage1/3,3.100000,-0.796084284,1.208163545,2.092056346,0.712374979
stage1/3,3.120000,-0.796084231,1.211076216,2.092491807,0.712374979
stage1/3,3.140000,-0.796084178,1.213964361,2.092923602,0.712374979
stage1/3,3.160000,-0.796084125,1.216827297,2.093351627,0.712374979
stage1/3,3.180000,-0.796084073,1.219664352,2.093775784,0.712374979
stage1/3,3.200000,-0.796084021,1.222474865,2.094195972,0.712374979
stage1/3,3.220000,-0.796083969,1.225258186,2.094612095,0.712374979
stage1/3,3.240000,-0.796083919,1.228013676,2.095024056,0.712374979
stage1/3,3.260000,-0.796083868,1.230740707,2.095431763,0.712374979
stage1/3,3.280000,-0.796083819,1.233438663,2.095835124,0.712374979
stage1/3,3.300000,-0.796083769,1.236106943,2.096234047,0.712374979
stage1/3,3.320000,-0.796083721,1.238744955,2.096628445,0.712374979
stage1/3,3.340000,-0.796083673,1.241352122,2.097018232,0.712374979
stage1/3,3.360000,-0.796083625,1.243927879,2.097403323,0.712374979
stage1/3,3.380000,-0.796083578,1.246471676,2.097783636,0.712374979
stage1/3,3.400000,-0.796083532,1.248982977,2.098159090,0.712374979
stage1/3,3.420000,-0.796083487,1.251461258,2.098529607,0.712374979
stage1/3,3.440000,-0.796083441,1.253906012,2.098895112,0.712374979
stage1/3,3.460000,-0.796083397,1.256316747,2.099255531,0.712374979
stage1/3,3.480000,-0.796083353,1.258692983,2.099610792,0.712374979
stage1/3,3.500000,-0.796083310,1.261034259,2.099960827,0.712374979
stage1/3,3.520000,-0.796083268,1.263340128,2.100305568,0.712374979
stage1/3,3.540000,-0.796083226,1.265610161,2.100644951,0.712374979
stage1/3,3.560000,-0.796083185,1.267843943,2.100978914,0.712374979
stage1/3,3.580000,-0.796083144,1.270041078,2.101307399,0.712374979
stage1/3,3.600000,-0.796083104,1.272201185,2.101630348,0.712374979
stage1/3,3.620000,-0.796083065,1.274323904,2.101947707,0.712374979
stage1/3,3.640000,-0.796083027,1.276408889,2.102259424,0.712374979
stage1/3,3.660000,-0.796082989,1.278455813,2.102565451,0.712374979
stage1/3,3.680000,-0.796082952,1.280464370,2.102865742,0.712374979
stage1/3,3.700000,-0.796082916,1.282434270,2.103160254,0.712374979
stage1/3,3.720000,-0.796082880,1.284365243,2.103448946,0.712374979
stage1/3,3.740000,-0.796082845,1.286257039,2.103731780,0.712374979
stage1/3,3.760000,-0.796082811,1.288109426,2.104008723,0.712374979
stage1/3,3.780000,-0.796082778,1.289922194,2.104279742,0.712374979
stage1/3,3.800000,-0.796082745,1.291695154,2.104544810,0.712374979
stage1/3,3.820000,-0.796082713,1.293428134,2.104803901,0.712374979
stage1/3,3.840000,-0.796082682,1.295120987,2.105056992,0.712374979
stage1/3,3.860000,-0.796082651,1.296773585,2.105304065,0.712374979
stage1/3,3.880000,-0.796082622,1.298385823,2.105545104,0.712374979
stage1/3,3.900000,-0.796082593,1.299957618,2.105780097,0.712374979
stage1/3,3.920000,-0.796082565,1.301488908,2.106009034,0.712374979
stage1/3,3.940000,-0.796082537,1.302979654,2.106231909,0.712374979
stage1/3,3.960000,-0.796082510,1.304429842,2.106448721,0.712374979
stage1/3,3.980000,-0.796082484,1.305839478,2.106659469,0.712374979
stage1/3,4.000000,-0.796082459,1.307208596,2.106864160,0.712374979
stage1/3,4.020000,-0.796082435,1.308537248,2.107062802,0.712374979
stage1/3,4.040000,-0.796082411,1.309825517,2.107255406,0.712374979
stage1/3,4.060000,-0.796082388,1.311073505,2.107441987,0.712374979
stage1/3,4.080000,-0.796082366,1.312281342,2.107622566,0.712374979
stage1/3,4.100000,-0.796082344,1.313449182,2.107797165,0.712374979
stage1/3,4.120000,-0.796082323,1.314577206,2.107965811,0.712374979
stage1/3,4.140000,-0.796082303,1.315665619,2.108128535,0.712374979
stage1/3,4.160000,-0.796082284,1.316714654,2.108285372,0.712374979
stage1/3,4.180000,-0.796082265,1.317724569,2.108436360,0.712374979
stage1/3,4.200000,-0.796082247,1.318695649,2.108581542,0.712374979
stage1/3,4.220000,-0.796082230,1.319628208,2.108720965,0.712374979
stage1/3,4.240000,-0.796082214,1.320522586,2.108854680,0.712374979
stage1/3,4.260000,-0.796082198,1.321379150,2.108982741,0.712374979
stage1/3,4.280000,-0.796082183,1.322198298,2.109105209,0.712374979
stage1/3,4.300000,-0.796082168,1.322980453,2.109222146,0.712374979
stage1/3,4.320000,-0.796082155,1.323726070,2.109333620,0.712374979
stage1/3,4.340000,-0.796082142,1.324435631,2.109439703,0.712374979
stage1/3,4.360000,-0.796082129,1.325109649,2.109540473,0.712374979
stage1/3,4.380000,-0.796082117,1.325748664,2.109636009,0.712374979
stage1/3,4.400000,-0.796082106,1.326353250,2.109726398,0.712374979
stage1/3,4.420000,-0.796082096,1.326924009,2.109811730,0.712374979
stage1/3,4.440000,-0.796082086,1.327461574,2.109892099,0.712374979
stage1/3,4.460000,-0.796082077,1.327966609,2.109967605,0.712374979
stage1/3,4.480000,-0.796082068,1.328439811,2.110038351,0.712374979
stage1/3,4.500000,-0.796082060,1.328881905,2.110104447,0.712374979
stage1/3,4.520000,-0.796082052,1.329293653,2.110166006,0.712374979
stage1/3,4.540000,-0.796082045,1.329675846,2.110223146,0.712374979
stage1/3,4.560000,-0.796082039,1.330029308,2.110275991,0.712374979
stage1/3,4.580000,-0.796082033,1.330354898,2.110324668,0.712374979
stage1/3,4.600000,-0.796082027,1.330653505,2.110369312,0.712374979
stage1/3,4.620000,-0.796082022,1.330926055,2.110410059,0.712374979
stage1/3,4.640000,-0.796082017,1.331173506,2.110447055,0.712374979
stage1/3,4.660000,-0.796082013,1.331396851,2.110480446,0.712374979
stage1/3,4.680000,-0.796082010,1.331597118,2.110510387,0.712374979
stage1/3,4.700000,-0.796082006,1.331775369,2.110537037,0.712374979
stage1/3,4.720000,-0.796082003,1.331932702,2.110560559,0.712374979
stage1/3,4.740000,-0.796082001,1.332070250,2.110581123,0.712374979
stage1/3,4.760000,-0.796081999,1.332189183,2.110598904,0.712374979
stage1/3,4.780000,-0.796081997,1.332290706,2.110614083,0.712374979
stage1/3,4.800000,-0.796081995,1.332376062,2.110626844,0.712374979
stage1/3,4.820000,-0.796081994,1.332446529,2.110637379,0.712374979
stage1/3,4.840000,-0.796081993,1.332503424,2.110645885,0.712374979
stage1/3,4.860000,-0.796081992,1.332548101,2.110652565,0.712374979
stage1/3,4.880000,-0.796081991,1.332581951,2.110657626,0.712374979
stage1/3,4.900000,-0.796081991,1.332606404,2.110661282,0.712374979
stage1/3,4.920000,-0.796081991,1.332622930,2.110663752,0.712374979
stage1/3,4.940000,-0.796081991,1.332633034,2.110665263,0.712374979
stage1/3,4.960000,-0.796081990,1.332638265,2.110666045,0.712374979
stage1/3,4.980000,-0.796081990,1.332640207,2.110666335,0.712374979
stage1/3,5.000000,-0.796081990,1.332640486,2.110666377,0.712374979
stage1/4,0.000000,-0.796081990,1.332640486,2.110666377,0.712374979
stage1/4,0.020000,-0.796080875,1.332640620,2.110666636,0.712374979
stage1/4,0.040000,-0.796073124,1.332641549,2.110668434,0.712374979
stage1/4,0.060000,-0.796052248,1.332644053,2.110673278,0.712374979
stage1/4,0.080000,-0.796011915,1.332648890,2.110682636,0.712374979
stage1/4,0.100000,-0.795945953,1.332656801,2.110697940,0.712374979
stage1/4,0.120000,-0.795848346,1.332668507,2.110720587,0.712374979
stage1/4,0.140000,-0.795713232,1.332684711,2.110751935,0.712374979
stage1/4,0.160000,-0.795534904,1.332706097,2.110793311,0.712374979
stage1/4,0.180000,-0.795307806,1.332733333,2.110846001,0.712374979
stage1/4,0.200000,-0.795026535,1.332767066,2.110911261,0.712374979
stage1/4,0.220000,-0.794685836,1.332807926,2.110990310,0.712374979
stage1/4,0.240000,-0.794280604,1.332856525,2.111084331,0.712374979
stage1/4,0.260000,-0.793805881,1.332913458,2.111194475,0.712374979
stage1/4,0.280000,-0.793256854,1.332979302,2.111321859,0.712374979
stage1/4,0.300000,-0.792628856,1.333054618,2.111467566,0.712374979
stage1/4,0.320000,-0.791917363,1.333139946,2.111632645,0.712374979
stage1/4,0.340000,-0.791117994,1.333235814,2.111818113,0.712374979
stage1/4,0.360000,-0.790226507,1.333342730,2.112024954,0.712374979
stage1/4,0.380000,-0.789238800,1.333461184,2.112254120,0.712374979
stage1/4,0.400000,-0.788150911,1.333591654,2.112506529,0.712374979
stage1/4,0.420000,-0.786959013,1.333734598,2.112783071,0.712374979
stage1/4,0.440000,-0.785659416,1.333890457,2.113084601,0.712374979
stage1/4,0.460000,-0.784248563,1.334059660,2.113411944,0.712374979
stage1/4,0.480000,-0.782723032,1.334242616,2.113765894,0.712374979
stage1/4,0.500000,-0.781079531,1.334439719,2.114147216,0.712374979
stage1/4,0.520000,-0.779314900,1.334651350,2.114556642,0.712374979
stage1/4,0.540000,-0.777426106,1.334877872,2.114994876,0.712374979
stage1/4,0.560000,-0.775410246,1.335119632,2.115462592,0.712374979
stage1/4,0.580000,-0.773264544,1.335376965,2.115960433,0.712374979
stage1/4,0.600000,-0.770986348,1.335650187,2.116489015,0.712374979
stage1/4,0.620000,-0.768573129,1.335939603,2.117048925,0.712374979
stage1/4,0.640000,-0.766022484,1.336245500,2.117640721,0.712374979
stage1/4,0.660000,-0.763332128,1.336568152,2.118264931,0.712374979
stage1/4,0.680000,-0.760499899,1.336907819,2.118922059,0.712374979
stage1/4,0.700000,-0.757523752,1.337264746,2.119612579,0.712374979
stage1/4,0.720000,-0.754401761,1.337639164,2.120336937,0.712374979
stage1/4,0.740000,-0.751132114,1.338031290,2.121095553,0.712374979
stage1/4,0.760000,-0.747713118,1.338441328,2.121888822,0.712374979
stage1/4,0.780000,-0.744143189,1.338869467,2.122717109,0.712374979
stage1/4,0.800000,-0.740420859,1.339315883,2.123580756,0.712374979
stage1/4,0.820000,-0.736544769,1.339780740,2.124480078,0.712374979
stage1/4,0.840000,-0.732513671,1.340264186,2.125415365,0.712374979
stage1/4,0.860000,-0.728326426,1.340766359,2.126386881,0.712374979
stage1/4,0.880000,-0.723982000,1.341287383,2.127394866,0.712374979
stage1/4,0.900000,-0.719479467,1.341827369,2.128439534,0.712374979
stage1/4,0.920000,-0.714818005,1.342386414,2.129521077,0.712374979
stage1/4,0.940000,-0.709996896,1.342964606,2.130639660,0.712374979
stage1/4,0.960000,-0.705015524,1.343562018,2.131795428,0.712374979
stage1/4,0.980000,-0.699873371,1.344178713,2.132988499,0.712374979
stage1/4,1.000000,-0.694570023,1.344814739,2.134218971,0.712374979
stage1/4,1.020000,-0.689105161,1.345470136,2.135486917,0.712374979
stage1/4,1.040000,-0.683478564,1.346144930,2.136792388,0.712374979
stage1/4,1.060000,-0.677690108,1.346839135,2.138135414,0.712374979
stage1/4,1.080000,-0.671739759,1.347552756,2.139516001,0.712374979
stage1/4,1.100000,-0.665627581,1.348285784,2.140934136,0.712374979
stage1/4,1.120000,-0.659353728,1.349038203,2.142389782,0.712374979
stage1/4,1.140000,-0.652918443,1.349809982,2.143882884,0.712374979
stage1/4,1.160000,-0.646322059,1.350601081,2.145413363,0.712374979
stage1/4,1.180000,-0.639564998,1.351411450,2.146981122,0.712374979
stage1/4,1.200000,-0.632647768,1.352241029,2.148586043,0.712374979
stage1/4,1.220000,-0.625570961,1.353089745,2.150227989,0.712374979
stage1/4,1.240000,-0.618335254,1.353957517,2.151906803,0.712374979
stage1/4,1.260000,-0.610941408,1.354844256,2.153622307,0.712374979
stage1/4,1.280000,-0.603390263,1.355749859,2.155374308,0.712374979
stage1/4,1.300000,-0.595682740,1.356674216,2.157162592,0.712374979
stage1/4,1.320000,-0.587819840,1.357617208,2.158986925,0.712374979
stage1/4,1.340000,-0.579802640,1.358578705,2.160847059,0.712374979
stage1/4,1.360000,-0.571632293,1.359558568,2.162742726,0.712374979
stage1/4,1.380000,-0.563310030,1.360556651,2.164673640,0.712374979
stage1/4,1.400000,-0.554837151,1.361572797,2.166639500,0.712374979
stage1/4,1.420000,-0.546215032,1.362606841,2.168639986,0.712374979
stage1/4,1.440000,-0.537445119,1.363658610,2.170674763,0.712374979
stage1/4,1.460000,-0.528528927,1.364727922,2.172743479,0.712374979
stage1/4,1.480000,-0.519468040,1.365814588,2.174845767,0.712374979
stage1/4,1.500000,-0.510264110,1.366918408,2.176981243,0.712374979
stage1/4,1.520000,-0.500918854,1.368039178,2.179149510,0.712374979
stage1/4,1.540000,-0.491434053,1.369176683,2.181350154,0.712374979
stage1/4,1.560000,-0.481811553,1.370330702,2.183582746,0.712374979
stage1/4,1.580000,-0.472053261,1.371501006,2.185846845,0.712374979
stage1/4,1.600000,-0.462161144,1.372687360,2.188141993,0.712374979
stage1/4,1.620000,-0.452137231,1.373889521,2.190467720,0.712374979
stage1/4,1.640000,-0.441983606,1.375107237,2.192823543,0.712374979
stage1/4,1.660000,-0.431702412,1.376340253,2.195208964,0.712374979
stage1/4,1.680000,-0.421295847,1.377588305,2.197623474,0.712374979
stage1/4,1.700000,-0.410766162,1.378851122,2.200066549,0.712374979
stage1/4,1.720000,-0.400115664,1.380128428,2.202537655,0.712374979
stage1/4,1.740000,-0.389346708,1.381419941,2.205036246,0.712374979
stage1/4,1.760000,-0.378461703,1.382725371,2.207561762,0.712374979
stage1/4,1.780000,-0.367463104,1.384044425,2.210113634,0.712374979
stage1/4,1.800000,-0.356353415,1.385376801,2.212691281,0.712374979
stage1/4,1.820000,-0.345135187,1.386722195,2.215294111,0.712374979
stage1/4,1.840000,-0.333811017,1.388080294,2.217921521,0.712374979
stage1/4,1.860000,-0.322383543,1.389450782,2.220572899,0.712374979
stage1/4,1.880000,-0.310855448,1.390833338,2.223247624,0.712374979
stage1/4,1.900000,-0.299229456,1.392227634,2.225945062,0.712374979
stage1/4,1.920000,-0.287508332,1.393633340,2.228664573,0.712374979
stage1/4,1.940000,-0.275694877,1.395050119,2.231405506,0.712374979
stage1/4,1.960000,-0.263791931,1.396477630,2.234167203,0.712374979
stage1/4,1.980000,-0.251802371,1.397915529,2.236948995,0.712374979
stage1/4,2.000000,-0.239729109,1.399363466,2.239750208,0.712374979
stage1/4,2.020000,-0.227575088,1.400821089,2.242570159,0.712374979
stage1/4,2.040000,-0.215343286,1.402288040,2.245408156,0.712374979
stage1/4,2.060000,-0.203036710,1.403763958,2.248263502,0.712374979
stage1/4,2.080000,-0.190658400,1.405248479,2.251135491,0.712374979
stage1/4,2.100000,-0.178211421,1.406741236,2.254023414,0.712374979
stage1/4,2.120000,-0.165698865,1.408241857,2.256926550,0.712374979
stage1/4,2.140000,-0.153123854,1.409749969,2.259844178,0.712374979
stage1/4,2.160000,-0.140489529,1.411265194,2.262775568,0.712374979
stage1/4,2.180000,-0.127799059,1.412787152,2.265719984,0.712374979
stage1/4,2.200000,-0.115055632,1.414315462,2.268676687,0.712374979
stage1/4,2.220000,-0.102262458,1.415849738,2.271644933,0.712374979
stage1/4,2.240000,-0.089422766,1.417389592,2.274623971,0.712374979
stage1/4,2.260000,-0.076539803,1.418934636,2.277613049,0.712374979
stage1/4,2.280000,-0.063616833,1.420484478,2.280611410,0.712374979
stage1/4,2.300000,-0.050657136,1.422038725,2.283618292,0.712374979
stage1/4,2.320000,-0.037664004,1.423596981,2.286632931,0.712374979
stage1/4,2.340000,-0.024640745,1.425158851,2.289654560,0.712374979
stage1/4,2.360000,-0.011590677,1.426723936,2.292682410,0.712374979
stage1/4,2.380000,0.001482872,1.428291837,2.295715707,0.712374979
stage1/4,2.400000,0.014576563,1.429862153,2.298753678,0.712374979
stage1/4,2.420000,0.027687053,1.431434484,2.301795546,0.712374979
stage1/4,2.440000,0.040810988,1.433008428,2.304840534,0.712374979
stage1/4,2.460000,0.053945013,1.434583581,2.307887863,0.712374979
stage1/4,2.480000,0.067085765,1.436159542,2.310936753,0.712374979
stage1/4,2.500000,0.080229883,1.437735906,2.313986424,0.712374979
stage1/4,2.520000,0.093374000,1.439312270,2.317036094,0.712374979
stage1/4,2.540000,0.106514752,1.440888231,2.320084984,0.712374979
stage1/4,2.560000,0.119648777,1.442463384,2.323132313,0.712374979
stage1/4,2.580000,0.132772712,1.444037328,2.326177301,0.712374979
stage1/4,2.600000,0.145883202,1.445609659,2.329219170,0.712374979
stage1/4,2.620000,0.158976893,1.447179975,2.332257141,0.712374979
stage1/4,2.640000,0.172050442,1.448747876,2.335290438,0.712374979
stage1/4,2.660000,0.185100510,1.450312961,2.338318287,0.712374979
stage1/4,2.680000,0.198123769,1.451874831,2.341339917,0.712374979
stage1/4,2.700000,0.211116901,1.453433087,2.344354556,0.712374979
stage1/4,2.720000,0.224076598,1.454987334,2.347361438,0.712374979
stage1/4,2.740000,0.236999568,1.456537176,2.350359798,0.712374979
stage1/4,2.760000,0.249882531,1.458082220,2.353348876,0.712374979
stage1/4,2.780000,0.262722223,1.459622074,2.356327915,0.712374979
stage1/4,2.800000,0.275515397,1.461156350,2.359296160,0.712374979
stage1/4,2.820000,0.288258824,1.462684660,2.362252864,0.712374979
stage1/4,2.840000,0.300949294,1.464206618,2.365197280,0.712374979
stage1/4,2.860000,0.313583619,1.465721843,2.368128669,0.712374979
stage1/4,2.880000,0.326158630,1.467229955,2.371046297,0.712374979
stage1/4,2.900000,0.338671186,1.468730576,2.373949434,0.712374979
stage1/4,2.920000,0.351118165,1.470223333,2.376837356,0.712374979
stage1/4,2.940000,0.363496475,1.471707854,2.379709346,0.712374979
stage1/4,2.960000,0.375803051,1.473183773,2.382564692,0.712374979
stage1/4,2.980000,0.388034853,1.474650723,2.385402689,0.712374979
stage1/4,3.000000,0.400188874,1.476108346,2.388222639,0.712374979
stage1/4,3.020000,0.412262136,1.477556283,2.391023852,0.712374979
stage1/4,3.040000,0.424251696,1.478994182,2.393805645,0.712374979
stage1/4,3.060000,0.436154642,1.480421693,2.396567342,0.712374979
stage1/4,3.080000,0.447968097,1.481838472,2.399308275,0.712374979
stage1/4,3.100000,0.459689222,1.483244178,2.402027786,0.712374979
stage1/4,3.120000,0.471315213,1.484638474,2.404725224,0.712374979
stage1/4,3.140000,0.482843308,1.486021030,2.407399948,0.712374979
stage1/4,3.160000,0.494270782,1.487391518,2.410051327,0.712374979
stage1/4,3.180000,0.505594952,1.488749617,2.412678737,0.712374979
stage1/4,3.200000,0.516813180,1.490095011,2.415281567,0.712374979
stage1/4,3.220000,0.527922869,1.491427387,2.417859214,0.712374979
stage1/4,3.240000,0.538921468,1.492746441,2.420411086,0.712374979
stage1/4,3.260000,0.549806473,1.494051871,2.422936602,0.712374979
stage1/4,3.280000,0.560575429,1.495343384,2.425435192,0.712374979
stage1/4,3.300000,0.571225927,1.496620690,2.427906299,0.712374979
stage1/4,3.320000,0.581755612,1.497883507,2.430349374,0.712374979
stage1/4,3.340000,0.592162177,1.499131559,2.432763884,0.712374979
stage1/4,3.360000,0.602443371,1.500364575,2.435149305,0.712374979
stage1/4,3.380000,0.612596996,1.501582291,2.437505127,0.712374979
stage1/4,3.400000,0.622620909,1.502784452,2.439830855,0.712374979
stage1/4,3.420000,0.632513026,1.503970806,2.442126003,0.712374979
stage1/4,3.440000,0.642271318,1.505141110,2.444390101,0.712374979
stage1/4,3.460000,0.651893818,1.506295129,2.446622694,0.712374979
stage1/4,3.480000,0.661378619,1.507432634,2.448823337,0.712374979
stage1/4,3.500000,0.670723875,1.508553404,2.450991604,0.712374979
stage1/4,3.520000,0.679927805,1.509657224,2.453127081,0.712374979
stage1/4,3.540000,0.688988692,1.510743890,2.455229369,0.712374979
stage1/4,3.560000,0.697904884,1.511813202,2.457298085,0.712374979
stage1/4,3.580000,0.706674797,1.512864971,2.459332862,0.712374979
stage1/4,3.600000,0.715296916,1.513899015,2.461333348,0.712374979
stage1/4,3.620000,0.723769795,1.514915161,2.463299208,0.712374979
stage1/4,3.640000,0.732092059,1.515913244,2.465230122,0.712374979
stage1/4,3.660000,0.740262405,1.516893107,2.467125788,0.712374979
stage1/4,3.680000,0.748279605,1.517854604,2.468985922,0.712374979
stage1/4,3.700000,0.756142505,1.518797596,2.470810256,0.712374979
stage1/4,3.720000,0.763850028,1.519721953,2.472598539,0.712374979
stage1/4,3.740000,0.771401173,1.520627556,2.474350540,0.712374979
stage1/4,3.760000,0.778795019,1.521514295,2.476066045,0.712374979
stage1/4,3.780000,0.786030726,1.522382067,2.477744858,0.712374979
stage1/4,3.800000,0.793107533,1.523230783,2.479386804,0.712374979
stage1/4,3.820000,0.800024763,1.524060362,2.480991726,0.712374979
stage1/4,3.840000,0.806781824,1.524870731,2.482559485,0.712374979
stage1/4,3.860000,0.813378208,1.525661830,2.484089964,0.712374979
stage1/4,3.880000,0.819813493,1.526433609,2.485583065,0.712374979
stage1/4,3.900000,0.826087347,1.527186028,2.487038712,0.712374979
stage1/4,3.920000,0.832199524,1.527919056,2.488456846,0.712374979
stage1/4,3.940000,0.838149873,1.528632677,2.489837434,0.712374979
stage1/4,3.960000,0.843938330,1.529326882,2.491180459,0.712374979
stage1/4,3.980000,0.849564926,1.530001676,2.492485931,0.712374979
stage1/4,4.000000,0.855029788,1.530657073,2.493753876,0.712374979
stage1/4,4.020000,0.860333136,1.531293099,2.494984348,0.712374979
stage1/4,4.040000,0.865475289,1.531909794,2.496177420,0.712374979
stage1/4,4.060000,0.870456662,1.532507206,2.497333187,0.712374979
stage1/4,4.080000,0.875277771,1.533085398,2.498451771,0.712374979
stage1/4,4.100000,0.879939232,1.533644443,2.499533314,0.712374979
stage1/4,4.120000,0.884441765,1.534184429,2.500577982,0.712374979
stage1/4,4.140000,0.888786191,1.534705453,2.501585966,0.712374979
stage1/4,4.160000,0.892973436,1.535207626,2.502557482,0.712374979
stage1/4,4.180000,0.897004534,1.535691072,2.503492769,0.712374979
stage1/4,4.200000,0.900880624,1.536155929,2.504392091,0.712374979
stage1/4,4.220000,0.904602954,1.536602345,2.505255739,0.712374979
stage1/4,4.240000,0.908172883,1.537030484,2.506084026,0.712374979
stage1/4,4.260000,0.911591879,1.537440522,2.506877295,0.712374979
stage1/4,4.280000,0.914861526,1.537832648,2.507635911,0.712374979
stage1/4,4.300000,0.917983517,1.538207066,2.508360269,0.712374979
stage1/4,4.320000,0.920959664,1.538563993,2.509050788,0.712374979
stage1/4,4.340000,0.923791893,1.538903660,2.509707916,0.712374979
stage1/4,4.360000,0.926482249,1.539226312,2.510332127,0.712374979
stage1/4,4.380000,0.929032894,1.539532209,2.510923922,0.712374979
stage1/4,4.400000,0.931446113,1.539821625,2.511483832,0.712374979
stage1/4,4.420000,0.933724309,1.540094847,2.512012415,0.712374979
stage1/4,4.440000,0.935870011,1.540352180,2.512510256,0.712374979
stage1/4,4.460000,0.937885871,1.540593940,2.512977971,0.712374979
stage1/4,4.480000,0.939774665,1.540820462,2.513416205,0.712374979
stage1/4,4.500000,0.941539296,1.541032093,2.513825632,0.712374979
stage1/4,4.520000,0.943182797,1.541229196,2.514206953,0.712374979
stage1/4,4.540000,0.944708328,1.541412152,2.514560904,0.712374979
stage1/4,4.560000,0.946119181,1.541581355,2.514888247,0.712374979
stage1/4,4.580000,0.947418778,1.541737214,2.515189777,0.712374979
stage1/4,4.600000,0.948610676,1.541880158,2.515466318,0.712374979
stage1/4,4.620000,0.949698565,1.542010628,2.515718728,0.712374979
stage1/4,4.640000,0.950686272,1.542129082,2.515947894,0.712374979
stage1/4,4.660000,0.951577759,1.542235998,2.516154735,0.712374979
stage1/4,4.680000,0.952377128,1.542331866,2.516340203,0.712374979
stage1/4,4.700000,0.953088621,1.542417194,2.516505282,0.712374979
stage1/4,4.720000,0.953716619,1.542492510,2.516650988,0.712374979
stage1/4,4.740000,0.954265646,1.542558354,2.516778373,0.712374979
stage1/4,4.760000,0.954740369,1.542615287,2.516888517,0.712374979
stage1/4,4.780000,0.955145601,1.542663886,2.516982538,0.712374979
stage1/4,4.800000,0.955486300,1.542704746,2.517061586,0.712374979
stage1/4,4.820000,0.955767571,1.542738479,2.517126846,0.712374979
stage1/4,4.840000,0.955994669,1.542765715,2.517179537,0.712374979
stage1/4,4.860000,0.956172997,1.542787101,2.517220912,0.712374979
stage1/4,4.880000,0.956308111,1.542803305,2.517252261,0.712374979
stage1/4,4.900000,0.956405718,1.542815011,2.517274908,0.712374979
stage1/4,4.920000,0.956471680,1.542822922,2.517290212,0.712374979
stage1/4,4.940000,0.956512013,1.542827759,2.517299570,0.712374979
stage1/4,4.960000,0.956532889,1.542830263,2.517304414,0.712374979
stage1/4,4.980000,0.956540640,1.542831192,2.517306212,0.712374979
stage1/4,5.000000,0.956541755,1.542831326,2.517306471,0.712374979
stage1/5,0.000000,0.956541755,1.542831326,2.517306471,0.712374979
stage1/5,0.020000,0.956541755,1.542831281,2.517306465,0.712374979
stage1/5,0.040000,0.956541755,1.542830966,2.517306424,0.712374979
stage1/5,0.060000,0.956541755,1.542830115,2.517306312,0.712374979
stage1/5,0.080000,0.956541754,1.542828463,2.517306095,0.712374979
stage1/5,0.100000,0.956541752,1.542825752,2.517305740,0.712374979
stage1/5,0.120000,0.956541750,1.542821722,2.517305212,0.712374979
stage1/5,0.140000,0.956541746,1.542816122,2.517304478,0.712374979
stage1/5,0.160000,0.956541742,1.542808699,2.517303505,0.712374979
stage1/5,0.180000,0.956541736,1.542799207,2.517302261,0.712374979
stage1/5,0.200000,0.956541728,1.542787400,2.517300713,0.712374979
stage1/5,0.220000,0.956541720,1.542773038,2.517298831,0.712374979
stage1/5,0.240000,0.956541709,1.542755883,2.517296582,0.712374979
stage1/5,0.260000,0.956541697,1.542735699,2.517293937,0.712374979
stage1/5,0.280000,0.956541682,1.542712255,2.517290864,0.712374979
stage1/5,0.300000,0.956541666,1.542685322,2.517287334,0.712374979
stage1/5,0.320000,0.956541647,1.542654673,2.517283317,0.712374979
stage1/5,0.340000,0.956541626,1.542620087,2.517278784,0.712374979
stage1/5,0.360000,0.956541602,1.542581344,2.517273706,0.712374979
stage1/5,0.380000,0.956541575,1.542538227,2.517268054,0.712374979
stage1/5,0.400000,0.956541546,1.542490522,2.517261802,0.712374979
stage1/5,0.420000,0.956541514,1.542438020,2.517254920,0.712374979
stage1/5,0.440000,0.956541478,1.542380512,2.517247383,0.712374979
stage1/5,0.460000,0.956541440,1.542317793,2.517239162,0.712374979
stage1/5,0.480000,0.956541398,1.542249663,2.517230233,0.712374979
stage1/5,0.500000,0.956541352,1.542175923,2.517220567,0.712374979
stage1/5,0.520000,0.956541303,1.542096376,2.517210141,0.712374979
stage1/5,0.540000,0.956541251,1.542010831,2.517198929,0.712374979
stage1/5,0.560000,0.956541194,1.541919097,2.517186905,0.712374979
stage1/5,0.580000,0.956541134,1.541820987,2.517174046,0.712374979
stage1/5,0.600000,0.956541070,1.541716318,2.517160327,0.712374979
stage1/5,0.620000,0.956541001,1.541604908,2.517145725,0.712374979
stage1/5,0.640000,0.956540928,1.541486579,2.517130216,0.712374979
stage1/5,0.660000,0.956540851,1.541361155,2.517113776,0.712374979
stage1/5,0.680000,0.956540769,1.541228464,2.517096385,0.712374979
stage1/5,0.700000,0.956540683,1.541088337,2.517078018,0.712374979
stage1/5,0.720000,0.956540592,1.540940605,2.517058655,0.712374979
stage1/5,0.740000,0.956540497,1.540785106,2.517038274,0.712374979
stage1/5,0.760000,0.956540396,1.540621677,2.517016853,0.712374979
stage1/5,0.780000,0.956540291,1.540450161,2.516994373,0.712374979
stage1/5,0.800000,0.956540180,1.540270401,2.516970812,0.712374979
stage1/5,0.820000,0.956540064,1.540082244,2.516946150,0.712374979
stage1/5,0.840000,0.956539943,1.539885540,2.516920368,0.712374979
stage1/5,0.860000,0.956539817,1.539680141,2.516893447,0.712374979
stage1/5,0.880000,0.956539685,1.539465903,2.516865367,0.712374979
stage1/5,0.900000,0.956539548,1.539242684,2.516836110,0.712374979
stage1/5,0.920000,0.956539405,1.539010343,2.516805657,0.712374979
stage1/5,0.940000,0.956539256,1.538768744,2.516773991,0.712374979
stage1/5,0.960000,0.956539102,1.538517753,2.516741093,0.712374979
stage1/5,0.980000,0.956538942,1.538257238,2.516706948,0.712374979
stage1/5,1.000000,0.956538776,1.537987070,2.516671537,0.712374979
stage1/5,1.020000,0.956538603,1.537707124,2.516634845,0.712374979
stage1/5,1.040000,0.956538425,1.537417275,2.516596854,0.712374979
stage1/5,1.060000,0.956538241,1.537117403,2.516557550,0.712374979
stage1/5,1.080000,0.956538050,1.536807388,2.516516917,0.712374979
stage1/5,1.100000,0.956537853,1.536487116,2.516474939,0.712374979
stage1/5,1.120000,0.956537649,1.536156473,2.516431602,0.712374979
stage1/5,1.140000,0.956537440,1.535815347,2.516386891,0.712374979
stage1/5,1.160000,0.956537223,1.535463631,2.516340792,0.712374979
stage1/5,1.180000,0.956537000,1.535101219,2.516293290,0.712374979
stage1/5,1.200000,0.956536771,1.534728007,2.516244374,0.712374979
stage1/5,1.220000,0.956536535,1.534343895,2.516194028,0.712374979
stage1/5,1.240000,0.956536291,1.533948785,2.516142242,0.712374979
stage1/5,1.260000,0.956536042,1.533542580,2.516089001,0.712374979
stage1/5,1.280000,0.956535785,1.533125188,2.516034293,0.712374979
stage1/5,1.300000,0.956535521,1.532696517,2.515978108,0.712374979
stage1/5,1.320000,0.956535250,1.532256479,2.515920432,0.712374979
stage1/5,1.340000,0.956534973,1.531804988,2.515861255,0.712374979
stage1/5,1.360000,0.956534688,1.531341959,2.515800567,0.712374979
stage1/5,1.380000,0.956534396,1.530867313,2.515738355,0.712374979
stage1/5,1.400000,0.956534097,1.530380969,2.515674610,0.712374979
stage1/5,1.420000,0.956533790,1.529882851,2.515609322,0.712374979
stage1/5,1.440000,0.956533477,1.529372886,2.515542481,0.712374979
stage1/5,1.460000,0.956533156,1.528851000,2.515474078,0.712374979
stage1/5,1.480000,0.956532827,1.528317125,2.515404104,0.712374979
stage1/5,1.500000,0.956532491,1.527771194,2.515332549,0.712374979
stage1/5,1.520000,0.956532148,1.527213140,2.515259405,0.712374979
stage1/5,1.540000,0.956531797,1.526642902,2.515184664,0.712374979
stage1/5,1.560000,0.956531439,1.526060419,2.515108318,0.712374979
stage1/5,1.580000,0.956531073,1.525465633,2.515030360,0.712374979
stage1/5,1.600000,0.956530700,1.524858488,2.514950782,0.712374979
stage1/5,1.620000,0.956530319,1.524238931,2.514869577,0.712374979
stage1/5,1.640000,0.956529930,1.523606909,2.514786738,0.712374979
stage1/5,1.660000,0.956529533,1.522962373,2.514702260,0.712374979
stage1/5,1.680000,0.956529129,1.522305277,2.514616134,0.712374979
stage1/5,1.700000,0.956528717,1.521635576,2.514528357,0.712374979
stage1/5,1.720000,0.956528297,1.520953227,2.514438922,0.712374979
stage1/5,1.740000,0.956527870,1.520258188,2.514347824,0.712374979
stage1/5,1.760000,0.956527434,1.519550422,2.514255057,0.712374979
stage1/5,1.780000,0.956526991,1.518829893,2.514160618,0.712374979
stage1/5,1.800000,0.956526540,1.518096566,2.514064501,0.712374979
stage1/5,1.820000,0.956526081,1.517350409,2.513966703,0.712374979
stage1/5,1.840000,0.956525614,1.516591392,2.513867219,0.712374979
stage1/5,1.860000,0.956525139,1.515819487,2.513766046,0.712374979
stage1/5,1.880000,0.956524657,1.515034668,2.513663180,0.712374979
stage1/5,1.900000,0.956524166,1.514236912,2.513558619,0.712374979
stage1/5,1.920000,0.956523667,1.513426195,2.513452359,0.712374979
stage1/5,1.940000,0.956523161,1.512602500,2.513344398,0.712374979
stage1/5,1.960000,0.956522646,1.511765808,2.513234733,0.712374979
stage1/5,1.980000,0.956522123,1.510916102,2.513123362,0.712374979
stage1/5,2.000000,0.956521592,1.510053370,2.513010285,0.712374979
stage1/5,2.020000,0.956521054,1.509177599,2.512895498,0.712374979
stage1/5,2.040000,0.956520507,1.508288780,2.512779001,0.712374979
stage1/5,2.060000,0.956519952,1.507386904,2.512660793,0.712374979
stage1/5,2.080000,0.956519389,1.506471966,2.512540872,0.712374979
stage1/5,2.100000,0.956518819,1.505543961,2.512419239,0.712374979
stage1/5,2.120000,0.956518240,1.504602888,2.512295893,0.712374979
stage1/5,2.140000,0.956517653,1.503648746,2.512170835,0.712374979
stage1/5,2.160000,0.956517058,1.502681536,2.512044063,0.712374979
stage1/5,2.180000,0.956516455,1.501701262,2.511915579,0.712374979
stage1/5,2.200000,0.956515844,1.500707929,2.511785384,0.712374979
stage1/5,2.220000,0.956515225,1.499701545,2.511653477,0.712374979
stage1/5,2.240000,0.956514598,1.498682118,2.511519862,0.712374979
stage1/5,2.260000,0.956513962,1.497649659,2.511384538,0.712374979
stage1/5,2.280000,0.956513319,1.496604180,2.511247508,0.712374979
stage1/5,2.300000,0.956512668,1.495545697,2.511108773,0.712374979
stage1/5,2.320000,0.956512009,1.494474225,2.510968336,0.712374979
stage1/5,2.340000,0.956511342,1.493389782,2.510826199,0.712374979
stage1/5,2.360000,0.956510667,1.492292387,2.510682364,0.712374979
stage1/5,2.380000,0.956509984,1.491182063,2.510536834,0.712374979
stage1/5,2.400000,0.956509293,1.490058831,2.510389613,0.712374979
stage1/5,2.420000,0.956508594,1.488922717,2.510240703,0.712374979
stage1/5,2.440000,0.956507887,1.487773748,2.510090109,0.712374979
stage1/5,2.460000,0.956507173,1.486611951,2.509937833,0.712374979
stage1/5,2.480000,0.956506450,1.485437357,2.509783879,0.712374979
stage1/5,2.500000,0.956505720,1.484249996,2.509628253,0.712374979
stage1/5,2.520000,0.956504982,1.483049903,2.509470957,0.712374979
stage1/5,2.540000,0.956504236,1.481837111,2.509311997,0.712374979
stage1/5,2.560000,0.956503482,1.480611657,2.509151378,0.712374979
stage1/5,2.580000,0.956502720,1.479373579,2.508989104,0.712374979
stage1/5,2.600000,0.956501951,1.478122918,2.508825180,0.712374979
stage1/5,2.620000,0.956501174,1.476859712,2.508659613,0.712374979
stage1/5,2.640000,0.956500389,1.475584007,2.508492407,0.712374979
stage1/5,2.660000,0.956499597,1.474295845,2.508323568,0.712374979
stage1/5,2.680000,0.956498797,1.472995273,2.508153103,0.712374979
stage1/5,2.700000,0.956497989,1.471682339,2.507981018,0.712374979
stage1/5,2.720000,0.956497174,1.470357089,2.507807318,0.712374979
stage1/5,2.740000,0.956496351,1.469019577,2.507632011,0.712374979
stage1/5,2.760000,0.956495521,1.467669852,2.507455104,0.712374979
stage1/5,2.780000,0.956494683,1.466307968,2.507276602,0.712374979
stage1/5,2.800000,0.956493838,1.464933981,2.507096515,0.712374979
stage1/5,2.820000,0.956492985,1.463547945,2.506914848,0.712374979
stage1/5,2.840000,0.956492125,1.462149920,2.506731610,0.712374979
stage1/5,2.860000,0.956491258,1.460739964,2.506546808,0.712374979
stage1/5,2.880000,0.956490383,1.459318138,2.506360450,0.712374979
stage1/5,2.900000,0.956489501,1.457884502,2.506172544,0.712374979
stage1/5,2.920000,0.956488612,1.456439122,2.505983099,0.712374979
stage1/5,2.940000,0.956487716,1.454982061,2.505792123,0.712374979
stage1/5,2.960000,0.956486813,1.453513385,2.505599624,0.712374979
stage1/5,2.980000,0.956485902,1.452033161,2.505405612,0.712374979
stage1/5,3.000000,0.956484984,1.450541459,2.505210096,0.712374979
stage1/5,3.020000,0.956484060,1.449038348,2.505013084,0.712374979
stage1/5,3.040000,0.956483128,1.447523899,2.504814586,0.712374979
stage1/5,3.060000,0.956482190,1.445998186,2.504614612,0.712374979
stage1/5,3.080000,0.956481244,1.444461281,2.504413171,0.712374979
stage1/5,3.100000,0.956480292,1.442913261,2.504210273,0.712374979
stage1/5,3.120000,0.956479333,1.441354201,2.504005928,0.712374979
stage1/5,3.140000,0.956478367,1.439784178,2.503800146,0.712374979
stage1/5,3.160000,0.956477395,1.438203273,2.503592938,0.712374979
stage1/5,3.180000,0.956476416,1.436611564,2.503384313,0.712374979
stage1/5,3.200000,0.956475430,1.435009134,2.503174284,0.712374979
stage1/5,3.220000,0.956474438,1.433396063,2.502962860,0.712374979
stage1/5,3.240000,0.956473439,1.431772437,2.502750052,0.712374979
stage1/5,3.260000,0.956472434,1.430138340,2.502535872,0.712374979
stage1/5,3.280000,0.956471422,1.428493858,2.502320331,0.712374979
stage1/5,3.300000,0.956470404,1.426839077,2.502103440,0.712374979
stage1/5,3.320000,0.956469380,1.425174086,2.501885210,0.712374979
stage1/5,3.340000,0.956468350,1.423498975,2.501665655,0.712374979
stage1/5,3.360000,0.956467313,1.421813833,2.501444784,0.712374979
stage1/5,3.380000,0.956466270,1.420118752,2.501222611,0.712374979
stage1/5,3.400000,0.956465222,1.418413824,2.500999147,0.712374979
stage1/5,3.420000,0.956464167,1.416699144,2.500774405,0.712374979
stage1/5,3.440000,0.956463106,1.414974806,2.500548397,0.712374979
stage1/5,3.460000,0.956462039,1.413240904,2.500321136,0.712374979
stage1/5,3.480000,0.956460967,1.411497537,2.500092634,0.712374979
stage1/5,3.500000,0.956459889,1.409744802,2.499862904,0.712374979
stage1/5,3.520000,0.956458805,1.407982797,2.499631959,0.712374979
stage1/5,3.540000,0.956457715,1.406211621,2.499399812,0.712374979
stage1/5,3.560000,0.956456620,1.404431377,2.499166476,0.712374979
stage1/5,3.580000,0.956455520,1.402642164,2.498931966,0.712374979
stage1/5,3.600000,0.956454414,1.400844087,2.498696293,0.712374979
stage1/5,3.620000,0.956453302,1.399037247,2.498459471,0.712374979
stage1/5,3.640000,0.956452185,1.397221749,2.498221515,0.712374979
stage1/5,3.660000,0.956451063,1.395397700,2.497982438,0.712374979
stage1/5,3.680000,0.956449936,1.393565203,2.497742254,0.712374979
stage1/5,3.700000,0.956448804,1.391724368,2.497500977,0.712374979
stage1/5,3.720000,0.956447666,1.389875301,2.497258621,0.712374979
stage1/5,3.740000,0.956446524,1.388018112,2.497015200,0.712374979
stage1/5,3.760000,0.956445377,1.386152909,2.496770729,0.712374979
stage1/5,3.780000,0.956444224,1.384279803,2.496525222,0.712374979
stage1/5,3.800000,0.956443067,1.382398906,2.496278694,0.712374979
stage1/5,3.820000,0.956441906,1.380510328,2.496031160,0.712374979
stage1/5,3.840000,0.956440739,1.378614184,2.495782633,0.712374979
stage1/5,3.860000,0.956439568,1.376710586,2.495533130,0.712374979
stage1/5,3.880000,0.956438393,1.374799650,2.495282665,0.712374979
stage1/5,3.900000,0.956437213,1.372881488,2.495031252,0.712374979
stage1/5,3.920000,0.956436029,1.370956219,2.494778909,0.712374979
stage1/5,3.940000,0.956434840,1.369023957,2.494525648,0.712374979
stage1/5,3.960000,0.956433647,1.367084820,2.494271487,0.712374979
stage1/5,3.980000,0.956432450,1.365138927,2.494016440,0.712374979
stage1/5,4.000000,0.956431249,1.363186394,2.493760523,0.712374979
stage1/5,4.020000,0.956430044,1.361227343,2.493503751,0.712374979
stage1/5,4.040000,0.956428835,1.359261892,2.493246141,0.712374979
stage1/5,4.060000,0.956427622,1.357290162,2.492987707,0.712374979
stage1/5,4.080000,0.956426405,1.355312274,2.492728467,0.712374979
stage1/5,4.100000,0.956425185,1.353328350,2.492468435,0.712374979
stage1/5,4.120000,0.956423961,1.351338512,2.492207628,0.712374979
stage1/5,4.140000,0.956422733,1.349342884,2.491946062,0.712374979
stage1/5,4.160000,0.956421502,1.347341587,2.491683754,0.712374979
stage1/5,4.180000,0.956420268,1.345334748,2.491420718,0.712374979
stage1/5,4.200000,0.956419030,1.343322489,2.491156973,0.712374979
stage1/5,4.220000,0.956417789,1.341304937,2.490892534,0.712374979
stage1/5,4.240000,0.956416545,1.339282217,2.490627417,0.712374979
stage1/5,4.260000,0.956415297,1.337254455,2.490361640,0.712374979
stage1/5,4.280000,0.956414047,1.335221778,2.490095218,0.712374979
stage1/5,4.300000,0.956412794,1.333184312,2.489828169,0.712374979
stage1/5,4.320000,0.956411537,1.331142186,2.489560508,0.712374979
stage1/5,4.340000,0.956410278,1.329095528,2.489292254,0.712374979
stage1/5,4.360000,0.956409017,1.327044466,2.489023423,0.712374979
stage1/5,4.380000,0.956407752,1.324989129,2.488754031,0.712374979
stage1/5,4.400000,0.956406486,1.322929646,2.488484096,0.712374979
stage1/5,4.420000,0.956405216,1.320866147,2.488213634,0.712374979
stage1/5,4.440000,0.956403944,1.318798762,2.487942664,0.712374979
stage1/5,4.460000,0.956402670,1.316727623,2.487671201,0.712374979
stage1/5,4.480000,0.956401394,1.314652858,2.487399263,0.712374979
stage1/5,4.500000,0.956400116,1.312574601,2.487126867,0.712374979
stage1/5,4.520000,0.956398835,1.310492982,2.486854030,0.712374979
stage1/5,4.540000,0.956397553,1.308408134,2.486580770,0.712374979
stage1/5,4.560000,0.956396268,1.306320188,2.486307105,0.712374979
stage1/5,4.580000,0.956394982,1.304229278,2.486033050,0.712374979
stage1/5,4.600000,0.956393694,1.302135535,2.485758625,0.712374979
stage1/5,4.620000,0.956392405,1.300039093,2.485483846,0.712374979
stage1/5,4.640000,0.956391114,1.297940086,2.485208730,0.712374979
stage1/5,4.660000,0.956389821,1.295838646,2.484933296,0.712374979
stage1/5,4.680000,0.956388527,1.293734908,2.484657560,0.712374979
stage1/5,4.700000,0.956387231,1.291629007,2.484381541,0.712374979
stage1/5,4.720000,0.956385935,1.289521075,2.484105255,0.712374979
stage1/5,4.740000,0.956384637,1.287411247,2.483828722,0.712374979
stage1/5,4.760000,0.956383338,1.285299659,2.483551957,0.712374979
stage1/5,4.780000,0.956382038,1.283186445,2.483274980,0.712374979
stage1/5,4.800000,0.956380737,1.281071739,2.482997806,0.712374979
stage1/5,4.820000,0.956379435,1.278955678,2.482720456,0.712374979
stage1/5,4.840000,0.956378133,1.276838395,2.482442945,0.712374979
stage1/5,4.860000,0.956376830,1.274720028,2.482165292,0.712374979
stage1/5,4.880000,0.956375526,1.272600710,2.481887514,0.712374979
stage1/5,4.900000,0.956374222,1.270480578,2.481609630,0.712374979
stage1/5,4.920000,0.956372918,1.268359767,2.481331656,0.712374979
stage1/5,4.940000,0.956371613,1.266238413,2.481053612,0.712374979
stage1/5,4.960000,0.956370307,1.264116651,2.480775514,0.712374979
stage1/5,4.980000,0.956369002,1.261994618,2.480497380,0.712374979
stage1/5,5.000000,0.956367697,1.259872449,2.480219229,0.712374979
stage1/5,5.020000,0.956366391,1.257750280,2.479941077,0.712374979
stage1/5,5.040000,0.956365086,1.255628247,2.479662944,0.712374979
stage1/5,5.060000,0.956363781,1.253506486,2.479384846,0.712374979
stage1/5,5.080000,0.956362476,1.251385132,2.479106801,0.712374979
stage1/5,5.100000,0.956361171,1.249264321,2.478828828,0.712374979
stage1/5,5.120000,0.956359867,1.247144189,2.478550944,0.712374979
stage1/5,5.140000,0.956358563,1.245024871,2.478273166,0.712374979
stage1/5,5.160000,0.956357260,1.242906503,2.477995513,0.712374979
stage1/5,5.180000,0.956355958,1.240789221,2.477718002,0.712374979
stage1/5,5.200000,0.956354656,1.238673159,2.477440651,0.712374979
stage1/5,5.220000,0.956353355,1.236558454,2.477163478,0.712374979
stage1/5,5.240000,0.956352055,1.234445240,2.476886500,0.712374979
stage1/5,5.260000,0.956350756,1.232333651,2.476609736,0.712374979
stage1/5,5.280000,0.956349459,1.230223824,2.476333202,0.712374979
stage1/5,5.300000,0.956348162,1.228115892,2.476056917,0.712374979
stage1/5,5.320000,0.956346867,1.226009990,2.475780898,0.712374979
stage1/5,5.340000,0.956345572,1.223906252,2.475505162,0.712374979
stage1/5,5.360000,0.956344280,1.221804813,2.475229728,0.712374979
stage1/5,5.380000,0.956342989,1.219705805,2.474954612,0.712374979
stage1/5,5.400000,0.956341699,1.217609364,2.474679833,0.712374979
stage1/5,5.420000,0.956340411,1.215515621,2.474405407,0.712374979
stage1/5,5.440000,0.956339125,1.213424710,2.474131353,0.712374979
stage1/5,5.460000,0.956337841,1.211336765,2.473857687,0.712374979
stage1/5,5.480000,0.956336558,1.209251916,2.473584427,0.712374979
stage1/5,5.500000,0.956335278,1.207170297,2.473311591,0.712374979
stage1/5,5.520000,0.956333999,1.205092040,2.473039195,0.712374979
stage1/5,5.540000,0.956332723,1.203017276,2.472767257,0.712374979
stage1/5,5.560000,0.956331449,1.200946136,2.472495794,0.712374979
stage1/5,5.580000,0.956330177,1.198878752,2.472224823,0.712374979
stage1/5,5.600000,0.956328908,1.196815253,2.471954362,0.712374979
stage1/5,5.620000,0.956327641,1.194755770,2.471684427,0.712374979
stage1/5,5.640000,0.956326377,1.192700433,2.471415035,0.712374979
stage1/5,5.660000,0.956325115,1.190649370,2.471146203,0.712374979
stage1/5,5.680000,0.956323856,1.188602712,2.470877949,0.712374979
stage1/5,5.700000,0.956322600,1.186560586,2.470610289,0.712374979
stage1/5,5.720000,0.956321346,1.184523121,2.470343240,0.712374979
stage1/5,5.740000,0.956320096,1.182490444,2.470076818,0.712374979
stage1/5,5.760000,0.956318849,1.180462682,2.469811041,0.712374979
stage1/5,5.780000,0.956317604,1.178439961,2.469545924,0.712374979
stage1/5,5.800000,0.956316363,1.176422409,2.469281485,0.712374979
stage1/5,5.820000,0.956315126,1.174410151,2.469017739,0.712374979
stage1/5,5.840000,0.956313891,1.172403311,2.468754704,0.712374979
stage1/5,5.860000,0.956312660,1.170402015,2.468492395,0.712374979
stage1/5,5.880000,0.956311432,1.168406386,2.468230830,0.712374979
stage1/5,5.900000,0.956310208,1.166416548,2.467970023,0.712374979
stage1/5,5.920000,0.956308988,1.164432624,2.467709991,0.712374979
stage1/5,5.940000,0.956307771,1.162454737,2.467450751,0.712374979
stage1/5,5.960000,0.956306558,1.160483007,2.467192317,0.712374979
stage1/5,5.980000,0.956305349,1.158517556,2.466934707,0.712374979
stage1/5,6.000000,0.956304144,1.156558504,2.466677935,0.712374979
stage1/5,6.020000,0.956302943,1.154605972,2.466422018,0.712374979
stage1/5,6.040000,0.956301746,1.152660078,2.466166971,0.712374979
stage1/5,6.060000,0.956300553,1.150720942,2.465912809,0.712374979
stage1/5,6.080000,0.956299365,1.148788680,2.465659549,0.712374979
stage1/5,6.100000,0.956298180,1.146863410,2.465407205,0.712374979
stage1/5,6.120000,0.956297001,1.144945249,2.465155793,0.712374979
stage1/5,6.140000,0.956295825,1.143034312,2.464905328,0.712374979
stage1/5,6.160000,0.956294654,1.141130714,2.464655824,0.712374979
stage1/5,6.180000,0.956293488,1.139234570,2.464407298,0.712374979
stage1/5,6.200000,0.956292326,1.137345993,2.464159763,0.712374979
stage1/5,6.220000,0.956291169,1.135465096,2.463913235,0.712374979
stage1/5,6.240000,0.956290017,1.133591990,2.463667729,0.712374979
stage1/5,6.260000,0.956288869,1.131726787,2.463423258,0.712374979
stage1/5,6.280000,0.956287727,1.129869597,2.463179837,0.712374979
stage1/5,6.300000,0.956286590,1.128020531,2.462937481,0.712374979
stage1/5,6.320000,0.956285457,1.126179695,2.462696204,0.712374979
stage1/5,6.340000,0.956284330,1.124347199,2.462456020,0.712374979
stage1/5,6.360000,0.956283208,1.122523149,2.462216943,0.712374979
stage1/5,6.380000,0.956282091,1.120707652,2.461978986,0.712374979
stage1/5,6.400000,0.956280980,1.118900812,2.461742165,0.712374979
stage1/5,6.420000,0.956279874,1.117102734,2.461506492,0.712374979
stage1/5,6.440000,0.956278773,1.115313522,2.461271981,0.712374979
stage1/5,6.460000,0.956277678,1.113533277,2.461038646,0.712374979
stage1/5,6.480000,0.956276588,1.111762102,2.460806499,0.712374979
stage1/5,6.500000,0.956275504,1.110000097,2.460575554,0.712374979
stage1/5,6.520000,0.956274426,1.108247361,2.460345824,0.712374979
stage1/5,6.540000,0.956273354,1.106503994,2.460117322,0.712374979
stage1/5,6.560000,0.956272287,1.104770093,2.459890061,0.712374979
stage1/5,6.580000,0.956271227,1.103045754,2.459664053,0.712374979
stage1/5,6.600000,0.956270172,1.101331074,2.459439311,0.712374979
stage1/5,6.620000,0.956269123,1.099626147,2.459215847,0.712374979
stage1/5,6.640000,0.956268080,1.097931066,2.458993674,0.712374979
stage1/5,6.660000,0.956267044,1.096245924,2.458772803,0.712374979
stage1/5,6.680000,0.956266013,1.094570812,2.458553247,0.712374979
stage1/5,6.700000,0.956264989,1.092905822,2.458335018,0.712374979
stage1/5,6.720000,0.956263971,1.091251041,2.458118127,0.712374979
stage1/5,6.740000,0.956262960,1.089606558,2.457902586,0.712374979
stage1/5,6.760000,0.956261954,1.087972461,2.457688406,0.712374979
stage1/5,6.780000,0.956260956,1.086348835,2.457475598,0.712374979
stage1/5,6.800000,0.956259963,1.084735765,2.457264174,0.712374979
stage1/5,6.820000,0.956258978,1.083133334,2.457054144,0.712374979
stage1/5,6.840000,0.956257999,1.081541626,2.456845520,0.712374979
stage1/5,6.860000,0.956257026,1.079960720,2.456638312,0.712374979
stage1/5,6.880000,0.956256060,1.078390698,2.456432530,0.712374979
stage1/5,6.900000,0.956255101,1.076831638,2.456228185,0.712374979
stage1/5,6.920000,0.956254149,1.075283617,2.456025287,0.712374979
stage1/5,6.940000,0.956253204,1.073746713,2.455823846,0.712374979
stage1/5,6.960000,0.956252265,1.072220999,2.455623871,0.712374979
stage1/5,6.980000,0.956251334,1.070706551,2.455425374,0.712374979
stage1/5,7.000000,0.956250409,1.069203440,2.455228362,0.712374979
stage1/5,7.020000,0.956249491,1.067711737,2.455032845,0.712374979
stage1/5,7.040000,0.956248581,1.066231514,2.454838833,0.712374979
stage1/5,7.060000,0.956247677,1.064762838,2.454646335,0.712374979
stage1/5,7.080000,0.956246781,1.063305777,2.454455359,0.712374979
stage1/5,7.100000,0.956245892,1.061860396,2.454265914,0.712374979
stage1/5,7.120000,0.956245010,1.060426761,2.454078008,0.712374979
stage1/5,7.140000,0.956244135,1.059004934,2.453891650,0.712374979
stage1/5,7.160000,0.956243268,1.057594978,2.453706848,0.712374979
stage1/5,7.180000,0.956242408,1.056196953,2.453523610,0.712374979
stage1/5,7.200000,0.956241555,1.054810918,2.453341943,0.712374979
stage1/5,7.220000,0.956240710,1.053436931,2.453161855,0.712374979
stage1/5,7.240000,0.956239873,1.052075047,2.452983354,0.712374979
stage1/5,7.260000,0.956239042,1.050725322,2.452806447,0.712374979
stage1/5,7.280000,0.956238220,1.049387809,2.452631140,0.712374979
stage1/5,7.300000,0.956237404,1.048062560,2.452457440,0.712374979
stage1/5,7.320000,0.956236597,1.046749625,2.452285354,0.712374979
stage1/5,7.340000,0.956235797,1.045449053,2.452114889,0.712374979
stage1/5,7.360000,0.956235004,1.044160892,2.451946051,0.712374979
stage1/5,7.380000,0.956234220,1.042885186,2.451778845,0.712374979
stage1/5,7.400000,0.956233442,1.041621981,2.451613277,0.712374979
stage1/5,7.420000,0.956232673,1.040371319,2.451449354,0.712374979
stage1/5,7.440000,0.956231912,1.039133242,2.451287080,0.712374979
stage1/5,7.460000,0.956231158,1.037907788,2.451126460,0.712374979
stage1/5,7.480000,0.956230412,1.036694996,2.450967501,0.712374979
stage1/5,7.500000,0.956229673,1.035494902,2.450810205,0.712374979
stage1/5,7.520000,0.956228943,1.034307542,2.450654578,0.712374979
stage1/5,7.540000,0.956228221,1.033132947,2.450500625,0.712374979
stage1/5,7.560000,0.956227506,1.031971151,2.450348349,0.712374979
stage1/5,7.580000,0.956226799,1.030822181,2.450197754,0.712374979
stage1/5,7.600000,0.956226100,1.029686068,2.450048845,0.712374979
stage1/5,7.620000,0.956225409,1.028562836,2.449901623,0.712374979
stage1/5,7.640000,0.956224726,1.027452511,2.449756094,0.712374979
stage1/5,7.660000,0.956224051,1.026355117,2.449612259,0.712374979
stage1/5,7.680000,0.956223384,1.025270674,2.449470122,0.712374979
stage1/5,7.700000,0.956222725,1.024199201,2.449329685,0.712374979
stage1/5,7.720000,0.956222074,1.023140718,2.449190950,0.712374979
stage1/5,7.740000,0.956221431,1.022095240,2.449053920,0.712374979
stage1/5,7.760000,0.956220796,1.021062781,2.448918596,0.712374979
stage1/5,7.780000,0.956220169,1.020043354,2.448784980,0.712374979
stage1/5,7.800000,0.956219550,1.019036970,2.448653074,0.712374979
stage1/5,7.820000,0.956218939,1.018043637,2.448522879,0.712374979
stage1/5,7.840000,0.956218336,1.017063363,2.448394395,0.712374979
stage1/5,7.860000,0.956217741,1.016096153,2.448267623,0.712374979
stage1/5,7.880000,0.956217154,1.015142011,2.448142564,0.712374979
stage1/5,7.900000,0.956216575,1.014200937,2.448019218,0.712374979
stage1/5,7.920000,0.956216004,1.013272932,2.447897585,0.712374979
stage1/5,7.940000,0.956215441,1.012357994,2.447777665,0.712374979
stage1/5,7.960000,0.956214886,1.011456119,2.447659457,0.712374979
stage1/5,7.980000,0.956214340,1.010567299,2.447542960,0.712374979
stage1/5,8.000000,0.956213801,1.009691529,2.447428173,0.712374979
stage1/5,8.020000,0.956213270,1.008828797,2.447315095,0.712374979
stage1/5,8.040000,0.956212747,1.007979091,2.447203725,0.712374979
stage1/5,8.060000,0.956212233,1.007142399,2.447094060,0.712374979
stage1/5,8.080000,0.956211726,1.006318703,2.446986099,0.712374979
stage1/5,8.100000,0.956211227,1.005507987,2.446879839,0.712374979
stage1/5,8.120000,0.956210737,1.004710230,2.446775277,0.712374979
stage1/5,8.140000,0.956210254,1.003925412,2.446672412,0.712374979
stage1/5,8.160000,0.956209779,1.003153507,2.446571239,0.712374979
stage1/5,8.180000,0.956209312,1.002394490,2.446471755,0.712374979
stage1/5,8.200000,0.956208853,1.001648333,2.446373956,0.712374979
stage1/5,8.220000,0.956208402,1.000915005,2.446277840,0.712374979
stage1/5,8.240000,0.956207959,1.000194476,2.446183400,0.712374979
stage1/5,8.260000,0.956207523,0.999486710,2.446090634,0.712374979
stage1/5,8.280000,0.956207096,0.998791672,2.445999536,0.712374979
stage1/5,8.300000,0.956206676,0.998109323,2.445910101,0.712374979
stage1/5,8.320000,0.956206264,0.997439621,2.445822323,0.712374979
stage1/5,8.340000,0.956205860,0.996782525,2.445736198,0.712374979
stage1/5,8.360000,0.956205464,0.996137990,2.445651719,0.712374979
stage1/5,8.380000,0.956205075,0.995505968,2.445568881,0.712374979
stage1/5,8.400000,0.956204694,0.994886410,2.445487676,0.712374979
stage1/5,8.420000,0.956204320,0.994279265,2.445408097,0.712374979
stage1/5,8.440000,0.956203954,0.993684479,2.445330139,0.712374979
stage1/5,8.460000,0.956203596,0.993101996,2.445253794,0.712374979
stage1/5,8.480000,0.956203245,0.992531758,2.445179053,0.712374979
stage1/5,8.500000,0.956202902,0.991973705,2.445105909,0.712374979
stage1/5,8.520000,0.956202566,0.991427773,2.445034354,0.712374979
stage1/5,8.540000,0.956202238,0.990893898,2.444964379,0.712374979
stage1/5,8.560000,0.956201917,0.990372013,2.444895976,0.712374979
stage1/5,8.580000,0.956201603,0.989862047,2.444829135,0.712374979
stage1/5,8.600000,0.956201297,0.989363930,2.444763847,0.712374979
stage1/5,8.620000,0.956200997,0.988877586,2.444700103,0.712374979
stage1/5,8.640000,0.956200705,0.988402939,2.444637891,0.712374979
stage1/5,8.660000,0.956200421,0.987939911,2.444577202,0.712374979
stage1/5,8.680000,0.956200143,0.987488420,2.444518026,0.712374979
stage1/5,8.700000,0.956199872,0.987048382,2.444460350,0.712374979
stage1/5,8.720000,0.956199608,0.986619711,2.444404164,0.712374979
stage1/5,8.740000,0.956199352,0.986202318,2.444349457,0.712374979
stage1/5,8.760000,0.956199102,0.985796114,2.444296216,0.712374979
stage1/5,8.780000,0.956198859,0.985401004,2.444244429,0.712374979
stage1/5,8.800000,0.956198623,0.985016892,2.444194084,0.712374979
stage1/5,8.820000,0.956198393,0.984643680,2.444145167,0.712374979
stage1/5,8.840000,0.956198170,0.984281268,2.444097666,0.712374979
stage1/5,8.860000,0.956197954,0.983929552,2.444051567,0.712374979
stage1/5,8.880000,0.956197744,0.983588426,2.444006856,0.712374979
stage1/5,8.900000,0.956197540,0.983257782,2.443963519,0.712374979
stage1/5,8.920000,0.956197343,0.982937510,2.443921541,0.712374979
stage1/5,8.940000,0.956197153,0.982627496,2.443880907,0.712374979
stage1/5,8.960000,0.956196968,0.982327623,2.443841603,0.712374979
stage1/5,8.980000,0.956196790,0.982037775,2.443803613,0.712374979
stage1/5,9.000000,0.956196618,0.981757828,2.443766921,0.712374979
stage1/5,9.020000,0.956196452,0.981487661,2.443731510,0.712374979
stage1/5,9.040000,0.956196291,0.981227146,2.443697364,0.712374979
stage1/5,9.060000,0.956196137,0.980976155,2.443664467,0.712374979
stage1/5,9.080000,0.956195988,0.980734556,2.443632801,0.712374979
stage1/5,9.100000,0.956195845,0.980502215,2.443602348,0.712374979
stage1/5,9.120000,0.956195708,0.980278995,2.443573091,0.712374979
stage1/5,9.140000,0.956195576,0.980064757,2.443545011,0.712374979
stage1/5,9.160000,0.956195450,0.979859359,2.443518089,0.712374979
stage1/5,9.180000,0.956195329,0.979662655,2.443492307,0.712374979
stage1/5,9.200000,0.956195213,0.979474498,2.443467646,0.712374979
stage1/5,9.220000,0.956195103,0.979294738,2.443444085,0.712374979
stage1/5,9.240000,0.956194997,0.979123221,2.443421604,0.712374979
stage1/5,9.260000,0.956194897,0.978959793,2.443400184,0.712374979
stage1/5,9.280000,0.956194801,0.978804293,2.443379803,0.712374979
stage1/5,9.300000,0.956194710,0.978656562,2.443360439,0.712374979
stage1/5,9.320000,0.956194624,0.978516434,2.443342073,0.712374979
stage1/5,9.340000,0.956194542,0.978383744,2.443324681,0.712374979
stage1/5,9.360000,0.956194465,0.978258320,2.443308242,0.712374979
stage1/5,9.380000,0.956194392,0.978139991,2.443292733,0.712374979
stage1/5,9.400000,0.956194324,0.978028581,2.443278130,0.712374979
stage1/5,9.420000,0.956194259,0.977923911,2.443264411,0.712374979
stage1/5,9.440000,0.956194199,0.977825802,2.443251552,0.712374979
stage1/5,9.460000,0.956194143,0.977734068,2.443239529,0.712374979
stage1/5,9.480000,0.956194090,0.977648522,2.443228316,0.712374979
stage1/5,9.500000,0.956194041,0.977568976,2.443217890,0.712374979
stage1/5,9.520000,0.956193996,0.977495235,2.443208225,0.712374979
stage1/5,9.540000,0.956193954,0.977427105,2.443199295,0.712374979
stage1/5,9.560000,0.956193915,0.977364387,2.443191075,0.712374979
stage1/5,9.580000,0.956193880,0.977306879,2.443183537,0.712374979
stage1/5,9.600000,0.956193848,0.977254376,2.443176656,0.712374979
stage1/5,9.620000,0.956193818,0.977206672,2.443170403,0.712374979
stage1/5,9.640000,0.956193792,0.977163554,2.443164752,0.712374979
stage1/5,9.660000,0.956193768,0.977124811,2.443159674,0.712374979
stage1/5,9.680000,0.956193747,0.977090225,2.443155141,0.712374979
stage1/5,9.700000,0.956193728,0.977059577,2.443151124,0.712374979
stage1/5,9.720000,0.956193711,0.977032643,2.443147594,0.712374979
stage1/5,9.740000,0.956193697,0.977009199,2.443144521,0.712374979
stage1/5,9.760000,0.956193684,0.976989016,2.443141875,0.712374979
stage1/5,9.780000,0.956193674,0.976971860,2.443139627,0.712374979
stage1/5,9.800000,0.956193665,0.976957498,2.443137744,0.712374979
stage1/5,9.820000,0.956193658,0.976945692,2.443136197,0.712374979
stage1/5,9.840000,0.956193652,0.976936200,2.443134953,0.712374979
stage1/5,9.860000,0.956193647,0.976928777,2.443133980,0.712374979
stage1/5,9.880000,0.956193644,0.976923176,2.443133246,0.712374979
stage1/5,9.900000,0.956193641,0.976919147,2.443132718,0.712374979
stage1/5,9.920000,0.956193640,0.976916435,2.443132362,0.712374979
stage1/5,9.940000,0.956193639,0.976914784,2.443132146,0.712374979
stage1/5,9.960000,0.956193638,0.976913932,2.443132034,0.712374979
stage1/5,9.980000,0.956193638,0.976913618,2.443131993,0.712374979
stage1/5,10.000000,0.956193638,0.976913572,2.443131987,0.712374979
stage1/6,0.000000,0.956193638,0.976913572,2.443131987,0.712374979
stage1/6,0.020000,0.956193638,0.976913573,2.443132134,0.712374979
stage1/6,0.040000,0.956193635,0.976913578,2.443133157,0.712374979
stage1/6,0.060000,0.956193629,0.976913591,2.443135913,0.712374979
stage1/6,0.080000,0.956193618,0.976913616,2.443141238,0.712374979
stage1/6,0.100000,0.956193599,0.976913657,2.443149946,0.712374979
stage1/6,0.120000,0.956193571,0.976913718,2.443162831,0.712374979
stage1/6,0.140000,0.956193532,0.976913802,2.443180668,0.712374979
stage1/6,0.160000,0.956193480,0.976913913,2.443204209,0.712374979
stage1/6,0.180000,0.956193415,0.976914054,2.443234189,0.712374979
stage1/6,0.200000,0.956193334,0.976914229,2.443271320,0.712374979
stage1/6,0.220000,0.956193235,0.976914441,2.443316296,0.712374979
stage1/6,0.240000,0.956193118,0.976914693,2.443369792,0.712374979
stage1/6,0.260000,0.956192982,0.976914988,2.443432461,0.712374979
stage1/6,0.280000,0.956192823,0.976915330,2.443504939,0.712374979
stage1/6,0.300000,0.956192642,0.976915720,2.443587843,0.712374979
stage1/6,0.320000,0.956192437,0.976916163,2.443681768,0.712374979
stage1/6,0.340000,0.956192206,0.976916660,2.443787295,0.712374979
stage1/6,0.360000,0.956191949,0.976917214,2.443904982,0.712374979
stage1/6,0.380000,0.956191665,0.976917829,2.444035372,0.712374979
stage1/6,0.400000,0.956191351,0.976918505,2.444178986,0.712374979
stage1/6,0.420000,0.956191007,0.976919247,2.444336331,0.712374979
stage1/6,0.440000,0.956190632,0.976920055,2.444507894,0.712374979
stage1/6,0.460000,0.956190226,0.976920933,2.444694144,0.712374979
stage1/6,0.480000,0.956189786,0.976921881,2.444895532,0.712374979
stage1/6,0.500000,0.956189312,0.976922904,2.445112495,0.712374979
stage1/6,0.520000,0.956188803,0.976924001,2.445345447,0.712374979
stage1/6,0.540000,0.956188258,0.976925176,2.445594791,0.712374979
stage1/6,0.560000,0.956187677,0.976926430,2.445860909,0.712374979
stage1/6,0.580000,0.956187058,0.976927764,2.446144168,0.712374979
stage1/6,0.600000,0.956186401,0.976929181,2.446444918,0.712374979
stage1/6,0.620000,0.956185705,0.976930682,2.446763492,0.712374979
stage1/6,0.640000,0.956184970,0.976932269,2.447100208,0.712374979
stage1/6,0.660000,0.956184194,0.976933942,2.447455368,0.712374979
stage1/6,0.680000,0.956183378,0.976935704,2.447829257,0.712374979
stage1/6,0.700000,0.956182519,0.976937555,2.448222145,0.712374979
stage1/6,0.720000,0.956181619,0.976939497,2.448634286,0.712374979
stage1/6,0.740000,0.956180676,0.976941530,2.449065919,0.712374979
stage1/6,0.760000,0.956179690,0.976943657,2.449517268,0.712374979
stage1/6,0.780000,0.956178661,0.976945877,2.449988542,0.712374979
stage1/6,0.800000,0.956177588,0.976948192,2.450479935,0.712374979
stage1/6,0.820000,0.956176470,0.976950603,2.450991626,0.712374979
stage1/6,0.840000,0.956175307,0.976953110,2.451523780,0.712374979
stage1/6,0.860000,0.956174100,0.976955715,2.452076548,0.712374979
stage1/6,0.880000,0.956172847,0.976958417,2.452650065,0.712374979
stage1/6,0.900000,0.956171549,0.976961217,2.453244454,0.712374979
stage1/6,0.920000,0.956170205,0.976964117,2.453859824,0.712374979
stage1/6,0.940000,0.956168815,0.976967115,2.454496269,0.712374979
stage1/6,0.960000,0.956167378,0.976970214,2.455153871,0.712374979
stage1/6,0.980000,0.956165895,0.976973412,2.455832698,0.712374979
stage1/6,1.000000,0.956164366,0.976976710,2.456532805,0.712374979
stage1/6,1.020000,0.956162790,0.976980109,2.457254233,0.712374979
stage1/6,1.040000,0.956161168,0.976983609,2.457997012,0.712374979
stage1/6,1.060000,0.956159499,0.976987209,2.458761159,0.712374979
stage1/6,1.080000,0.956157783,0.976990910,2.459546678,0.712374979
stage1/6,1.100000,0.956156020,0.976994712,2.460353560,0.712374979
stage1/6,1.120000,0.956154211,0.976998614,2.461181785,0.712374979
stage1/6,1.140000,0.956152356,0.977002617,2.462031321,0.712374979
stage1/6,1.160000,0.956150453,0.977006720,2.462902124,0.712374979
stage1/6,1.180000,0.956148505,0.977010922,2.463794139,0.712374979
stage1/6,1.200000,0.956146510,0.977015225,2.464707297,0.712374979
stage1/6,1.220000,0.956144470,0.977019626,2.465641522,0.712374979
stage1/6,1.240000,0.956142383,0.977024127,2.466596724,0.712374979
stage1/6,1.260000,0.956140251,0.977028725,2.467572802,0.712374979
stage1/6,1.280000,0.956138074,0.977033422,2.468569645,0.712374979
stage1/6,1.300000,0.956135851,0.977038216,2.469587132,0.712374979
stage1/6,1.320000,0.956133584,0.977043107,2.470625131,0.712374979
stage1/6,1.340000,0.956131272,0.977048093,2.471683499,0.712374979
stage1/6,1.360000,0.956128916,0.977053175,2.472762084,0.712374979
stage1/6,1.380000,0.956126516,0.977058351,2.473860724,0.712374979
stage1/6,1.400000,0.956124073,0.977063621,2.474979248,0.712374979
stage1/6,1.420000,0.956121587,0.977068984,2.476117473,0.712374979
stage1/6,1.440000,0.956119058,0.977074438,2.477275208,0.712374979
stage1/6,1.460000,0.956116487,0.977079984,2.478452254,0.712374979
stage1/6,1.480000,0.956113874,0.977085620,2.479648402,0.712374979
stage1/6,1.500000,0.956111220,0.977091344,2.480863433,0.712374979
stage1/6,1.520000,0.956108525,0.977097157,2.482097121,0.712374979
stage1/6,1.540000,0.956105790,0.977103056,2.483349230,0.712374979
stage1/6,1.560000,0.956103016,0.977109041,2.484619517,0.712374979
stage1/6,1.580000,0.956100202,0.977115111,2.485907731,0.712374979
stage1/6,1.600000,0.956097349,0.977121263,2.487213611,0.712374979
stage1/6,1.620000,0.956094459,0.977127498,2.488536890,0.712374979
stage1/6,1.640000,0.956091531,0.977133813,2.489877292,0.712374979
stage1/6,1.660000,0.956088566,0.977140208,2.491234535,0.712374979
stage1/6,1.680000,0.956085565,0.977146681,2.492608329,0.712374979
stage1/6,1.700000,0.956082529,0.977153230,2.493998375,0.712374979
stage1/6,1.720000,0.956079458,0.977159854,2.495404371,0.712374979
stage1/6,1.740000,0.956076353,0.977166552,2.496826004,0.712374979
stage1/6,1.760000,0.956073214,0.977173322,2.498262958,0.712374979
stage1/6,1.780000,0.956070042,0.977180163,2.499714907,0.712374979
stage1/6,1.800000,0.956066839,0.977187073,2.501181522,0.712374979
stage1/6,1.820000,0.956063604,0.977194051,2.502662464,0.712374979
stage1/6,1.840000,0.956060339,0.977201094,2.504157393,0.712374979
stage1/6,1.860000,0.956057043,0.977208202,2.505665959,0.712374979
stage1/6,1.880000,0.956053719,0.977215372,2.507187808,0.712374979
stage1/6,1.900000,0.956050367,0.977222603,2.508722581,0.712374979
stage1/6,1.920000,0.956046987,0.977229893,2.510269912,0.712374979
stage1/6,1.940000,0.956043580,0.977237241,2.511829432,0.712374979
stage1/6,1.960000,0.956040148,0.977244644,2.513400766,0.712374979
stage1/6,1.980000,0.956036691,0.977252101,2.514983534,0.712374979
stage1/6,2.000000,0.956033209,0.977259611,2.516577352,0.712374979
stage1/6,2.020000,0.956029705,0.977267170,2.518181831,0.712374979
stage1/6,2.040000,0.956026177,0.977274778,2.519796578,0.712374979
stage1/6,2.060000,0.956022629,0.977282433,2.521421196,0.712374979
stage1/6,2.080000,0.956019059,0.977290132,2.523055284,0.712374979
stage1/6,2.100000,0.956015470,0.977297873,2.524698437,0.712374979
stage1/6,2.120000,0.956011862,0.977305656,2.526350247,0.712374979
stage1/6,2.140000,0.956008236,0.977313477,2.528010302,0.712374979
stage1/6,2.160000,0.956004593,0.977321335,2.529678187,0.712374979
stage1/6,2.180000,0.956000933,0.977329229,2.531353484,0.712374979
stage1/6,2.200000,0.955997259,0.977337155,2.533035772,0.712374979
stage1/6,2.220000,0.955993570,0.977345112,2.534724627,0.712374979
stage1/6,2.240000,0.955989867,0.977353098,2.536419622,0.712374979
stage1/6,2.260000,0.955986152,0.977361111,2.538120331,0.712374979
stage1/6,2.280000,0.955982426,0.977369148,2.539826320,0.712374979
stage1/6,2.300000,0.955978689,0.977377209,2.541537158,0.712374979
stage1/6,2.320000,0.955974942,0.977385290,2.543252410,0.712374979
stage1/6,2.340000,0.955971187,0.977393391,2.544971639,0.712374979
stage1/6,2.360000,0.955967424,0.977401507,2.546694407,0.712374979
stage1/6,2.380000,0.955963654,0.977409639,2.548420275,0.712374979
stage1/6,2.400000,0.955959878,0.977417783,2.550148802,0.712374979
stage1/6,2.420000,0.955956098,0.977425937,2.551879547,0.712374979
stage1/6,2.440000,0.955952313,0.977434100,2.553612066,0.712374979
stage1/6,2.460000,0.955948526,0.977442269,2.555345918,0.712374979
stage1/6,2.480000,0.955944737,0.977450442,2.557080657,0.712374979
stage1/6,2.500000,0.955940947,0.977458618,2.558815841,0.712374979
stage1/6,2.520000,0.955937156,0.977466793,2.560551025,0.712374979
stage1/6,2.540000,0.955933367,0.977474966,2.562285764,0.712374979
stage1/6,2.560000,0.955929580,0.977483135,2.564019616,0.712374979
stage1/6,2.580000,0.955925796,0.977491298,2.565752135,0.712374979
stage1/6,2.600000,0.955922015,0.977499452,2.567482880,0.712374979
stage1/6,2.620000,0.955918239,0.977507596,2.569211407,0.712374979
stage1/6,2.640000,0.955914470,0.977515728,2.570937275,0.712374979
stage1/6,2.660000,0.955910706,0.977523845,2.572660043,0.712374979
stage1/6,2.680000,0.955906951,0.977531945,2.574379272,0.712374979
stage1/6,2.700000,0.955903204,0.977540026,2.576094524,0.712374979
stage1/6,2.720000,0.955899467,0.977548087,2.577805362,0.712374979
stage1/6,2.740000,0.955895741,0.977556125,2.579511351,0.712374979
stage1/6,2.760000,0.955892026,0.977564138,2.581212060,0.712374979
stage1/6,2.780000,0.955888324,0.977572124,2.582907056,0.712374979
stage1/6,2.800000,0.955884635,0.977580081,2.584595911,0.712374979
stage1/6,2.820000,0.955880960,0.977588007,2.586278198,0.712374979
stage1/6,2.840000,0.955877301,0.977595900,2.587953495,0.712374979
stage1/6,2.860000,0.955873657,0.977603758,2.589621380,0.712374979
stage1/6,2.880000,0.955870031,0.977611579,2.591281435,0.712374979
stage1/6,2.900000,0.955866423,0.977619362,2.592933245,0.712374979
stage1/6,2.920000,0.955862834,0.977627104,2.594576398,0.712374979
stage1/6,2.940000,0.955859265,0.977634803,2.596210486,0.712374979
stage1/6,2.960000,0.955855716,0.977642457,2.597835104,0.712374979
stage1/6,2.980000,0.955852189,0.977650065,2.599449851,0.712374979
stage1/6,3.000000,0.955848684,0.977657625,2.601054330,0.712374979
stage1/6,3.020000,0.955845203,0.977665134,2.602648148,0.712374979
stage1/6,3.040000,0.955841745,0.977672591,2.604230916,0.712374979
stage1/6,3.060000,0.955838313,0.977679994,2.605802250,0.712374979
stage1/6,3.080000,0.955834907,0.977687342,2.607361770,0.712374979
stage1/6,3.100000,0.955831527,0.977694632,2.608909101,0.712374979
stage1/6,3.120000,0.955828174,0.977701863,2.610443874,0.712374979
stage1/6,3.140000,0.955824850,0.977709034,2.611965723,0.712374979
stage1/6,3.160000,0.955821555,0.977716141,2.613474289,0.712374979
stage1/6,3.180000,0.955818289,0.977723185,2.614969218,0.712374979
stage1/6,3.200000,0.955815055,0.977730162,2.616450161,0.712374979
stage1/6,3.220000,0.955811851,0.977737072,2.617916775,0.712374979
stage1/6,3.240000,0.955808679,0.977743913,2.619368724,0.712374979
stage1/6,3.260000,0.955805541,0.977750683,2.620805678,0.712374979
stage1/6,3.280000,0.955802435,0.977757381,2.622227311,0.712374979
stage1/6,3.300000,0.955799364,0.977764006,2.623633307,0.712374979
stage1/6,3.320000,0.955796328,0.977770555,2.625023354,0.712374979
stage1/6,3.340000,0.955793327,0.977777027,2.626397147,0.712374979
stage1/6,3.360000,0.955790362,0.977783422,2.627754390,0.712374979
stage1/6,3.380000,0.955787435,0.977789737,2.629094792,0.712374979
stage1/6,3.400000,0.955784544,0.977795972,2.630418071,0.712374979
stage1/6,3.420000,0.955781692,0.977802125,2.631723951,0.712374979
stage1/6,3.440000,0.955778878,0.977808194,2.633012165,0.712374979
stage1/6,3.460000,0.955776103,0.977814179,2.634282452,0.712374979
stage1/6,3.480000,0.955773368,0.977820078,2.635534562,0.712374979
stage1/6,3.500000,0.955770673,0.977825891,2.636768249,0.712374979
stage1/6,3.520000,0.955768019,0.977831616,2.637983280,0.712374979
stage1/6,3.540000,0.955765406,0.977837251,2.639179428,0.712374979
stage1/6,3.560000,0.955762835,0.977842797,2.640356474,0.712374979
stage1/6,3.580000,0.955760307,0.977848252,2.641514210,0.712374979
stage1/6,3.600000,0.955757820,0.977853614,2.642652434,0.712374979
stage1/6,3.620000,0.955755377,0.977858884,2.643770958,0.712374979
stage1/6,3.640000,0.955752977,0.977864060,2.644869598,0.712374979
stage1/6,3.660000,0.955750621,0.977869142,2.645948183,0.712374979
stage1/6,3.680000,0.955748309,0.977874129,2.647006552,0.712374979
stage1/6,3.700000,0.955746042,0.977879019,2.648044550,0.712374979
stage1/6,3.720000,0.955743820,0.977883813,2.649062037,0.712374979
stage1/6,3.740000,0.955741642,0.977888510,2.650058880,0.712374979
stage1/6,3.760000,0.955739510,0.977893109,2.651034958,0.712374979
stage1/6,3.780000,0.955737424,0.977897609,2.651990160,0.712374979
stage1/6,3.800000,0.955735383,0.977902011,2.652924385,0.712374979
stage1/6,3.820000,0.955733388,0.977906313,2.653837543,0.712374979
stage1/6,3.840000,0.955731440,0.977910516,2.654729558,0.712374979
stage1/6,3.860000,0.955729538,0.977914619,2.655600361,0.712374979
stage1/6,3.880000,0.955727682,0.977918621,2.656449897,0.712374979
stage1/6,3.900000,0.955725873,0.977922523,2.657278122,0.712374979
stage1/6,3.920000,0.955724111,0.977926325,2.658085004,0.712374979
stage1/6,3.940000,0.955722395,0.977930026,2.658870523,0.712374979
stage1/6,3.960000,0.955720726,0.977933626,2.659634670,0.712374979
stage1/6,3.980000,0.955719103,0.977937126,2.660377449,0.712374979
stage1/6,4.000000,0.955717527,0.977940525,2.661098878,0.712374979
stage1/6,4.020000,0.955715998,0.977943823,2.661798984,0.712374979
stage1/6,4.040000,0.955714515,0.977947022,2.662477811,0.712374979
stage1/6,4.060000,0.955713079,0.977950120,2.663135413,0.712374979
stage1/6,4.080000,0.955711689,0.977953119,2.663771858,0.712374979
stage1/6,4.100000,0.955710344,0.977956018,2.664387228,0.712374979
stage1/6,4.120000,0.955709046,0.977958818,2.664981617,0.712374979
stage1/6,4.140000,0.955707793,0.977961521,2.665555134,0.712374979
stage1/6,4.160000,0.955706586,0.977964125,2.666107902,0.712374979
stage1/6,4.180000,0.955705424,0.977966632,2.666640056,0.712374979
stage1/6,4.200000,0.955704306,0.977969043,2.667151747,0.712374979
stage1/6,4.220000,0.955703232,0.977971358,2.667643140,0.712374979
stage1/6,4.240000,0.955702203,0.977973579,2.668114414,0.712374979
stage1/6,4.260000,0.955701217,0.977975705,2.668565763,0.712374979
stage1/6,4.280000,0.955700274,0.977977739,2.668997397,0.712374979
stage1/6,4.300000,0.955699374,0.977979681,2.669409538,0.712374979
stage1/6,4.320000,0.955698516,0.977981532,2.669802425,0.712374979
stage1/6,4.340000,0.955697699,0.977983293,2.670176314,0.712374979
stage1/6,4.360000,0.955696923,0.977984967,2.670531474,0.712374979
stage1/6,4.380000,0.955696188,0.977986553,2.670868190,0.712374979
stage1/6,4.400000,0.955695492,0.977988054,2.671186764,0.712374979
stage1/6,4.420000,0.955694835,0.977989471,2.671487514,0.712374979
stage1/6,4.440000,0.955694216,0.977990806,2.671770773,0.712374979
stage1/6,4.460000,0.955693635,0.977992059,2.672036891,0.712374979
stage1/6,4.480000,0.955693090,0.977993234,2.672286235,0.712374979
stage1/6,4.500000,0.955692582,0.977994332,2.672519188,0.712374979
stage1/6,4.520000,0.955692108,0.977995354,2.672736150,0.712374979
stage1/6,4.540000,0.955691668,0.977996303,2.672937539,0.712374979
stage1/6,4.560000,0.955691261,0.977997180,2.673123788,0.712374979
stage1/6,4.580000,0.955690886,0.977997989,2.673295351,0.712374979
stage1/6,4.600000,0.955690543,0.977998730,2.673452696,0.712374979
stage1/6,4.620000,0.955690229,0.977999407,2.673596311,0.712374979
stage1/6,4.640000,0.955689944,0.978000021,2.673726700,0.712374979
stage1/6,4.660000,0.955689687,0.978000575,2.673844387,0.712374979
stage1/6,4.680000,0.955689456,0.978001073,2.673949914,0.712374979
stage1/6,4.700000,0.955689251,0.978001515,2.674043839,0.712374979
stage1/6,4.720000,0.955689070,0.978001906,2.674126743,0.712374979
stage1/6,4.740000,0.955688912,0.978002247,2.674199221,0.712374979
stage1/6,4.760000,0.955688775,0.978002542,2.674261890,0.712374979
stage1/6,4.780000,0.955688658,0.978002794,2.674315386,0.712374979
stage1/6,4.800000,0.955688560,0.978003006,2.674360362,0.712374979
stage1/6,4.820000,0.955688479,0.978003181,2.674397493,0.712374979
stage1/6,4.840000,0.955688413,0.978003323,2.674427473,0.712374979
stage1/6,4.860000,0.955688362,0.978003434,2.674451015,0.712374979
stage1/6,4.880000,0.955688323,0.978003518,2.674468851,0.712374979
stage1/6,4.900000,0.955688295,0.978003578,2.674481737,0.712374979
stage1/6,4.920000,0.955688276,0.978003619,2.674490444,0.712374979
stage1/6,4.940000,0.955688264,0.978003644,2.674495769,0.712374979
stage1/6,4.960000,0.955688258,0.978003657,2.674498525,0.712374979
stage1/6,4.980000,0.955688256,0.978003662,2.674499548,0.712374979
stage1/6,5.000000,0.955688256,0.978003663,2.674499695,0.712374979
stage1/7,0.000000,0.955688256,0.978003663,2.674499695,0.000000000
stage1/7,0.020000,0.955688255,0.978004111,2.674499759,0.000000000
stage1/7,0.040000,0.955688255,0.978007224,2.674500203,0.000000000
stage1/7,0.060000,0.955688254,0.978015610,2.674501398,0.000000000
stage1/7,0.080000,0.955688253,0.978031812,2.674503708,0.000000000
stage1/7,0.100000,0.955688251,0.978058308,2.674507485,0.000000000
stage1/7,0.120000,0.955688247,0.978097517,2.674513073,0.000000000
stage1/7,0.140000,0.955688243,0.978151791,2.674520810,0.000000000
stage1/7,0.160000,0.955688237,0.978223424,2.674531021,0.000000000
stage1/7,0.180000,0.955688229,0.978314648,2.674544024,0.000000000
stage1/7,0.200000,0.955688219,0.978427634,2.674560129,0.000000000
stage1/7,0.220000,0.955688207,0.978564490,2.674579637,0.000000000
stage1/7,0.240000,0.955688193,0.978727270,2.674602840,0.000000000
stage1/7,0.260000,0.955688177,0.978917964,2.674630022,0.000000000
stage1/7,0.280000,0.955688158,0.979138505,2.674661459,0.000000000
stage1/7,0.300000,0.955688137,0.979390768,2.674697417,0.000000000
stage1/7,0.320000,0.955688112,0.979676571,2.674738156,0.000000000
stage1/7,0.340000,0.955688085,0.979997673,2.674783927,0.000000000
stage1/7,0.360000,0.955688054,0.980355779,2.674834972,0.000000000
stage1/7,0.380000,0.955688020,0.980752535,2.674891527,0.000000000
stage1/7,0.400000,0.955687982,0.981189535,2.674953818,0.000000000
stage1/7,0.420000,0.955687941,0.981668314,2.675022065,0.000000000
stage1/7,0.440000,0.955687897,0.982190355,2.675096478,0.000000000
stage1/7,0.460000,0.955687848,0.982757087,2.675177261,0.000000000
stage1/7,0.480000,0.955687795,0.983369884,2.675264611,0.000000000
stage1/7,0.500000,0.955687739,0.984030070,2.675358716,0.000000000
stage1/7,0.520000,0.955687678,0.984738913,2.675459756,0.000000000
stage1/7,0.540000,0.955687613,0.985497631,2.675567906,0.000000000
stage1/7,0.560000,0.955687544,0.986307391,2.675683332,0.000000000
stage1/7,0.580000,0.955687470,0.987169308,2.675806192,0.000000000
stage1/7,0.600000,0.955687391,0.988084447,2.675936638,0.000000000
stage1/7,0.620000,0.955687308,0.989053824,2.676074816,0.000000000
stage1/7,0.640000,0.955687220,0.990078404,2.676220862,0.000000000
stage1/7,0.660000,0.955687128,0.991159106,2.676374908,0.000000000
stage1/7,0.680000,0.955687030,0.992296797,2.676537078,0.000000000
stage1/7,0.700000,0.955686927,0.993492299,2.676707488,0.000000000
stage1/7,0.720000,0.955686820,0.994746386,2.676886249,0.000000000
stage1/7,0.740000,0.955686707,0.996059785,2.677073465,0.000000000
stage1/7,0.760000,0.955686590,0.997433178,2.677269232,0.000000000
stage1/7,0.780000,0.955686467,0.998867199,2.677473641,0.000000000
stage1/7,0.800000,0.955686338,1.000362439,2.677686777,0.000000000
stage1/7,0.820000,0.955686205,1.001919443,2.677908717,0.000000000
stage1/7,0.840000,0.955686066,1.003538713,2.678139532,0.000000000
stage1/7,0.860000,0.955685922,1.005220707,2.678379288,0.000000000
stage1/7,0.880000,0.955685772,1.006965839,2.678628044,0.000000000
stage1/7,0.900000,0.955685617,1.008774482,2.678885853,0.000000000
stage1/7,0.920000,0.955685457,1.010646966,2.679152762,0.000000000
stage1/7,0.940000,0.955685291,1.012583580,2.679428812,0.000000000
stage1/7,0.960000,0.955685119,1.014584570,2.679714039,0.000000000
stage1/7,0.980000,0.955684942,1.016650145,2.680008472,0.000000000
stage1/7,1.000000,0.955684759,1.018780472,2.680312134,0.000000000
stage1/7,1.020000,0.955684571,1.020975677,2.680625045,0.000000000
stage1/7,1.040000,0.955684377,1.023235850,2.680947216,0.000000000
stage1/7,1.060000,0.955684178,1.025561042,2.681278656,0.000000000
stage1/7,1.080000,0.955683973,1.027951265,2.681619365,0.000000000
stage1/7,1.100000,0.955683762,1.030406494,2.681969340,0.000000000
stage1/7,1.120000,0.955683546,1.032926667,2.682328572,0.000000000
stage1/7,1.140000,0.955683325,1.035511686,2.682697048,0.000000000
stage1/7,1.160000,0.955683097,1.038161418,2.683074748,0.000000000
stage1/7,1.180000,0.955682865,1.040875693,2.683461648,0.000000000
stage1/7,1.200000,0.955682626,1.043654307,2.683857720,0.000000000
stage1/7,1.220000,0.955682383,1.046497022,2.684262928,0.000000000
stage1/7,1.240000,0.955682133,1.049403566,2.684677235,0.000000000
stage1/7,1.260000,0.955681879,1.052373634,2.685100597,0.000000000
stage1/7,1.280000,0.955681619,1.055406888,2.685532965,0.000000000
stage1/7,1.300000,0.955681353,1.058502959,2.685974288,0.000000000
stage1/7,1.320000,0.955681082,1.061661443,2.686424507,0.000000000
stage1/7,1.340000,0.955680806,1.064881909,2.686883561,0.000000000
stage1/7,1.360000,0.955680525,1.068163893,2.687351384,0.000000000
stage1/7,1.380000,0.955680238,1.071506901,2.687827906,0.000000000
stage1/7,1.400000,0.955679946,1.074910411,2.688313051,0.000000000
stage1/7,1.420000,0.955679649,1.078373870,2.688806742,0.000000000
stage1/7,1.440000,0.955679347,1.081896696,2.689308896,0.000000000
stage1/7,1.460000,0.955679040,1.085478283,2.689819425,0.000000000
stage1/7,1.480000,0.955678728,1.089117992,2.690338239,0.000000000
stage1/7,1.500000,0.955678411,1.092815161,2.690865244,0.000000000
stage1/7,1.520000,0.955678089,1.096569100,2.691400341,0.000000000
stage1/7,1.540000,0.955677763,1.100379093,2.691943428,0.000000000
stage1/7,1.560000,0.955677431,1.104244399,2.692494399,0.000000000
stage1/7,1.580000,0.955677095,1.108164252,2.693053146,0.000000000
stage1/7,1.600000,0.955676754,1.112137862,2.693619555,0.000000000
stage1/7,1.620000,0.955676409,1.116164414,2.694193511,0.000000000
stage1/7,1.640000,0.955676059,1.120243070,2.694774894,0.000000000
stage1/7,1.660000,0.955675705,1.124372970,2.695363581,0.000000000
stage1/7,1.680000,0.955675347,1.128553231,2.695959447,0.000000000
stage1/7,1.700000,0.955674984,1.132782948,2.696562363,0.000000000
stage1/7,1.720000,0.955674617,1.137061196,2.697172196,0.000000000
stage1/7,1.740000,0.955674247,1.141387027,2.697788812,0.000000000
stage1/7,1.760000,0.955673872,1.145759475,2.698412073,0.000000000
stage1/7,1.780000,0.955673493,1.150177553,2.699041838,0.000000000
stage1/7,1.800000,0.955673110,1.154640255,2.699677964,0.000000000
stage1/7,1.820000,0.955672724,1.159146557,2.700320305,0.000000000
stage1/7,1.840000,0.955672334,1.163695415,2.700968711,0.000000000
stage1/7,1.860000,0.955671940,1.168285769,2.701623033,0.000000000
stage1/7,1.880000,0.955671543,1.172916542,2.702283117,0.000000000
stage1/7,1.900000,0.955671143,1.177586640,2.702948805,0.000000000
stage1/7,1.920000,0.955670739,1.182294953,2.703619941,0.000000000
stage1/7,1.940000,0.955670332,1.187040354,2.704296364,0.000000000
stage1/7,1.960000,0.955669922,1.191821703,2.704977910,0.000000000
stage1/7,1.980000,0.955669509,1.196637844,2.705664417,0.000000000
stage1/7,2.000000,0.955669093,1.201487609,2.706355715,0.000000000
stage1/7,2.020000,0.955668675,1.206369813,2.707051638,0.000000000
stage1/7,2.040000,0.955668253,1.211283262,2.707752015,0.000000000
stage1/7,2.060000,0.955667830,1.216226747,2.708456673,0.000000000
stage1/7,2.080000,0.955667403,1.221199047,2.709165438,0.000000000
stage1/7,2.100000,0.955666974,1.226198931,2.709878136,0.000000000
stage1/7,2.120000,0.955666543,1.231225157,2.710594588,0.000000000
stage1/7,2.140000,0.955666110,1.236276471,2.711314616,0.000000000
stage1/7,2.160000,0.955665675,1.241351611,2.712038041,0.000000000
stage1/7,2.180000,0.955665238,1.246449305,2.712764680,0.000000000
stage1/7,2.200000,0.955664799,1.251568270,2.713494351,0.000000000
stage1/7,2.220000,0.955664359,1.256707219,2.714226871,0.000000000
stage1/7,2.240000,0.955663916,1.261864854,2.714962055,0.000000000
stage1/7,2.260000,0.955663473,1.267039871,2.715699716,0.000000000
stage1/7,2.280000,0.955663028,1.272230958,2.716439668,0.000000000
stage1/7,2.300000,0.955662581,1.277436798,2.717181723,0.000000000
stage1/7,2.320000,0.955662134,1.282656069,2.717925692,0.000000000
stage1/7,2.340000,0.955661685,1.287887442,2.718671387,0.000000000
stage1/7,2.360000,0.955661236,1.293129584,2.719418616,0.000000000
stage1/7,2.380000,0.955660785,1.298381157,2.720167190,0.000000000
stage1/7,2.400000,0.955660334,1.303640823,2.720916917,0.000000000
stage1/7,2.420000,0.955659883,1.308907235,2.721667606,0.000000000
stage1/7,2.440000,0.955659431,1.314179049,2.722419065,0.000000000
stage1/7,2.460000,0.955658978,1.319454916,2.723171102,0.000000000
stage1/7,2.480000,0.955658526,1.324733485,2.723923524,0.000000000
stage1/7,2.500000,0.955658073,1.330013406,2.724676138,0.000000000
stage1/7,2.520000,0.955657620,1.335293327,2.725428753,0.000000000
stage1/7,2.540000,0.955657168,1.340571896,2.726181175,0.000000000
stage1/7,2.560000,0.955656715,1.345847763,2.726933211,0.000000000
stage1/7,2.580000,0.955656263,1.351119577,2.727684670,0.000000000
stage1/7,2.600000,0.955655812,1.356385990,2.728435359,0.000000000
stage1/7,2.620000,0.955655361,1.361645655,2.729185087,0.000000000
stage1/7,2.640000,0.955654911,1.366897229,2.729933660,0.000000000
stage1/7,2.660000,0.955654461,1.372139371,2.730680890,0.000000000
stage1/7,2.680000,0.955654013,1.377370743,2.731426584,0.000000000
stage1/7,2.700000,0.955653565,1.382590014,2.732170553,0.000000000
stage1/7,2.720000,0.955653119,1.387795854,2.732912608,0.000000000
stage1/7,2.740000,0.955652674,1.392986942,2.733652560,0.000000000
stage1/7,2.760000,0.955652230,1.398161958,2.734390221,0.000000000
stage1/7,2.780000,0.955651788,1.403319593,2.735125405,0.000000000
stage1/7,2.800000,0.955651347,1.408458542,2.735857925,0.000000000
stage1/7,2.820000,0.955650908,1.413577508,2.736587597,0.000000000
stage1/7,2.840000,0.955650471,1.418675201,2.737314236,0.000000000
stage1/7,2.860000,0.955650036,1.423750341,2.738037660,0.000000000
stage1/7,2.880000,0.955649603,1.428801655,2.738757689,0.000000000
stage1/7,2.900000,0.955649172,1.433827881,2.739474141,0.000000000
stage1/7,2.920000,0.955648743,1.438827765,2.740186838,0.000000000
stage1/7,2.940000,0.955648317,1.443800066,2.740895604,0.000000000
stage1/7,2.960000,0.955647893,1.448743550,2.741600262,0.000000000
stage1/7,2.980000,0.955647471,1.453656999,2.742300638,0.000000000
stage1/7,3.000000,0.955647053,1.458539204,2.742996561,0.000000000
stage1/7,3.020000,0.955646637,1.463388968,2.743687860,0.000000000
stage1/7,3.040000,0.955646224,1.468205109,2.744374366,0.000000000
stage1/7,3.060000,0.955645814,1.472986458,2.745055913,0.000000000
stage1/7,3.080000,0.955645407,1.477731859,2.745732335,0.000000000
stage1/7,3.100000,0.955645004,1.482440172,2.746403471,0.000000000
stage1/7,3.120000,0.955644603,1.487110270,2.747069160,0.000000000
stage1/7,3.140000,0.955644206,1.491741043,2.747729243,0.000000000
stage1/7,3.160000,0.955643812,1.496331398,2.748383565,0.000000000
stage1/7,3.180000,0.955643422,1.500880256,2.749031972,0.000000000
stage1/7,3.200000,0.955643036,1.505386557,2.749674313,0.000000000
stage1/7,3.220000,0.955642653,1.509849259,2.750310438,0.000000000
stage1/7,3.240000,0.955642275,1.514267337,2.750940203,0.000000000
stage1/7,3.260000,0.955641900,1.518639785,2.751563464,0.000000000
stage1/7,3.280000,0.955641529,1.522965616,2.752180080,0.000000000
stage1/7,3.300000,0.955641162,1.527243864,2.752789914,0.000000000
stage1/7,3.320000,0.955640799,1.531473581,2.753392829,0.000000000
stage1/7,3.340000,0.955640441,1.535653842,2.753988695,0.000000000
stage1/7,3.360000,0.955640087,1.539783742,2.754577383,0.000000000
stage1/7,3.380000,0.955639737,1.543862398,2.755158765,0.000000000
stage1/7,3.400000,0.955639392,1.547888950,2.755732721,0.000000000
stage1/7,3.420000,0.955639051,1.551862560,2.756299131,0.000000000
stage1/7,3.440000,0.955638715,1.555782413,2.756857877,0.000000000
stage1/7,3.460000,0.955638383,1.559647719,2.757408849,0.000000000
stage1/7,3.480000,0.955638057,1.563457713,2.757951936,0.000000000
stage1/7,3.500000,0.955637735,1.567211652,2.758487033,0.000000000
stage1/7,3.520000,0.955637418,1.570908821,2.759014037,0.000000000
stage1/7,3.540000,0.955637106,1.574548530,2.759532852,0.000000000
stage1/7,3.560000,0.955636799,1.578130116,2.760043381,0.000000000
stage1/7,3.580000,0.955636497,1.581652943,2.760545534,0.000000000
stage1/7,3.600000,0.955636200,1.585116401,2.761039225,0.000000000
stage1/7,3.620000,0.955635908,1.588519911,2.761524371,0.000000000
stage1/7,3.640000,0.955635621,1.591862919,2.762000893,0.000000000
stage1/7,3.660000,0.955635340,1.595144903,2.762468716,0.000000000
stage1/7,3.680000,0.955635064,1.598365369,2.762927770,0.000000000
stage1/7,3.700000,0.955634793,1.601523854,2.763377989,0.000000000
stage1/7,3.720000,0.955634527,1.604619924,2.763819311,0.000000000
stage1/7,3.740000,0.955634267,1.607653178,2.764251680,0.000000000
stage1/7,3.760000,0.955634013,1.610623246,2.764675041,0.000000000
stage1/7,3.780000,0.955633763,1.613529790,2.765089348,0.000000000
stage1/7,3.800000,0.955633520,1.616372505,2.765494557,0.000000000
stage1/7,3.820000,0.955633281,1.619151120,2.765890628,0.000000000
stage1/7,3.840000,0.955633049,1.621865394,2.766277528,0.000000000
stage1/7,3.860000,0.955632822,1.624515126,2.766655228,0.000000000
stage1/7,3.880000,0.955632600,1.627100145,2.767023704,0.000000000
stage1/7,3.900000,0.955632384,1.629620318,2.767382937,0.000000000
stage1/7,3.920000,0.955632173,1.632075547,2.767732912,0.000000000
stage1/7,3.940000,0.955631968,1.634465770,2.768073621,0.000000000
stage1/7,3.960000,0.955631769,1.636790962,2.768405060,0.000000000
stage1/7,3.980000,0.955631575,1.639051135,2.768727231,0.000000000
stage1/7,4.000000,0.955631387,1.641246341,2.769040142,0.000000000
stage1/7,4.020000,0.955631204,1.643376667,2.769343805,0.000000000
stage1/7,4.040000,0.955631027,1.645442242,2.769638237,0.000000000
stage1/7,4.060000,0.955630856,1.647443232,2.769923464,0.000000000
stage1/7,4.080000,0.955630690,1.649379846,2.770199514,0.000000000
stage1/7,4.100000,0.955630529,1.651252330,2.770466423,0.000000000
stage1/7,4.120000,0.955630374,1.653060973,2.770724232,0.000000000
stage1/7,4.140000,0.955630224,1.654806105,2.770972988,0.000000000
stage1/7,4.160000,0.955630080,1.656488099,2.771212745,0.000000000
stage1/7,4.180000,0.955629941,1.658107369,2.771443560,0.000000000
stage1/7,4.200000,0.955629808,1.659664374,2.771665499,0.000000000
stage1/7,4.220000,0.955629680,1.661159614,2.771878635,0.000000000
stage1/7,4.240000,0.955629557,1.662593635,2.772083044,0.000000000
stage1/7,4.260000,0.955629439,1.663967027,2.772278812,0.000000000
stage1/7,4.280000,0.955629326,1.665280426,2.772466027,0.000000000
stage1/7,4.300000,0.955629219,1.666534513,2.772644788,0.000000000
stage1/7,4.320000,0.955629116,1.667730016,2.772815198,0.000000000
stage1/7,4.340000,0.955629019,1.668867707,2.772977368,0.000000000
stage1/7,4.360000,0.955628926,1.669948408,2.773131414,0.000000000
stage1/7,4.380000,0.955628838,1.670972988,2.773277461,0.000000000
stage1/7,4.400000,0.955628755,1.671942365,2.773415638,0.000000000
stage1/7,4.420000,0.955628677,1.672857505,2.773546085,0.000000000
stage1/7,4.440000,0.955628603,1.673719422,2.773668945,0.000000000
stage1/7,4.460000,0.955628533,1.674529181,2.773784370,0.000000000
stage1/7,4.480000,0.955628468,1.675287900,2.773892520,0.000000000
stage1/7,4.500000,0.955628407,1.675996743,2.773993561,0.000000000
stage1/7,4.520000,0.955628351,1.676656928,2.774087665,0.000000000
stage1/7,4.540000,0.955628298,1.677269726,2.774175015,0.000000000
stage1/7,4.560000,0.955628250,1.677836458,2.774255799,0.000000000
stage1/7,4.580000,0.955628205,1.678358499,2.774330212,0.000000000
stage1/7,4.600000,0.955628164,1.678837278,2.774398458,0.000000000
stage1/7,4.620000,0.955628126,1.679274277,2.774460749,0.000000000
stage1/7,4.640000,0.955628092,1.679671033,2.774517304,0.000000000
stage1/7,4.660000,0.955628062,1.680029139,2.774568349,0.000000000
stage1/7,4.680000,0.955628034,1.680350241,2.774614120,0.000000000
stage1/7,4.700000,0.955628010,1.680636044,2.774654859,0.000000000
stage1/7,4.720000,0.955627988,1.680888307,2.774690818,0.000000000
stage1/7,4.740000,0.955627969,1.681108848,2.774722254,0.000000000
stage1/7,4.760000,0.955627953,1.681299542,2.774749436,0.000000000
stage1/7,4.780000,0.955627939,1.681462322,2.774772639,0.000000000
stage1/7,4.800000,0.955627927,1.681599179,2.774792147,0.000000000
stage1/7,4.820000,0.955627917,1.681712164,2.774808253,0.000000000
stage1/7,4.840000,0.955627909,1.681803388,2.774821256,0.000000000
stage1/7,4.860000,0.955627903,1.681875021,2.774831467,0.000000000
stage1/7,4.880000,0.955627899,1.681929296,2.774839203,0.000000000
stage1/7,4.900000,0.955627895,1.681968504,2.774844792,0.000000000
stage1/7,4.920000,0.955627893,1.681995000,2.774848569,0.000000000
stage1/7,4.940000,0.955627892,1.682011202,2.774850878,0.000000000
stage1/7,4.960000,0.955627891,1.682019588,2.774852074,0.000000000
stage1/7,4.980000,0.955627891,1.682022702,2.774852517,0.000000000
stage1/7,5.000000,0.955627891,1.682023149,2.774852581,0.000000000
stage2/1,0.000000,0.955627891,1.682023149,2.774852581,0.000000000
stage2/1,0.020000,0.955627168,1.682023052,2.774852400,0.000000000
stage2/1,0.040000,0.955622146,1.682022372,2.774851142,0.000000000
stage2/1,0.060000,0.955608620,1.682020543,2.774847751,0.000000000
stage2/1,0.080000,0.955582488,1.682017008,2.774841202,0.000000000
stage2/1,0.100000,0.955539750,1.682011226,2.774830491,0.000000000
stage2/1,0.120000,0.955476509,1.682002671,2.774814641,0.000000000
stage2/1,0.140000,0.955388967,1.681990829,2.774792700,0.000000000
stage2/1,0.160000,0.955273426,1.681975199,2.774763742,0.000000000
stage2/1,0.180000,0.955126286,1.681955295,2.774726864,0.000000000
stage2/1,0.200000,0.954944047,1.681930643,2.774681189,0.000000000
stage2/1,0.220000,0.954723303,1.681900782,2.774625864,0.000000000
stage2/1,0.240000,0.954460747,1.681865264,2.774560060,0.000000000
stage2/1,0.260000,0.954153168,1.681823657,2.774482971,0.000000000
stage2/1,0.280000,0.953797446,1.681775537,2.774393817,0.000000000
stage2/1,0.300000,0.953390557,1.681720495,2.774291838,0.000000000
stage2/1,0.320000,0.952929571,1.681658135,2.774176301,0.000000000
stage2/1,0.340000,0.952411648,1.681588073,2.774046494,0.000000000
stage2/1,0.360000,0.951834041,1.681509938,2.773901729,0.000000000
stage2/1,0.380000,0.951194093,1.681423369,2.773741338,0.000000000
stage2/1,0.400000,0.950489234,1.681328019,2.773564679,0.000000000
stage2/1,0.420000,0.949716987,1.681223554,2.773371131,0.000000000
stage2/1,0.440000,0.948874960,1.681109649,2.773160094,0.000000000
stage2/1,0.460000,0.947960849,1.680985993,2.772930990,0.000000000
stage2/1,0.480000,0.946972436,1.680852286,2.772683264,0.000000000
stage2/1,0.500000,0.945907589,1.680708239,2.772416381,0.000000000
stage2/1,0.520000,0.944764260,1.680553575,2.772129829,0.000000000
stage2/1,0.540000,0.943540484,1.680388030,2.771823114,0.000000000
stage2/1,0.560000,0.942234381,1.680211347,2.771495765,0.000000000
stage2/1,0.580000,0.940844151,1.680023284,2.771147331,0.000000000
stage2/1,0.600000,0.939368076,1.679823608,2.770777383,0.000000000
stage2/1,0.620000,0.937804518,1.679612099,2.770385508,0.000000000
stage2/1,0.640000,0.936151919,1.679388544,2.769971317,0.000000000
stage2/1,0.660000,0.934408801,1.679152744,2.769534439,0.000000000
stage2/1,0.680000,0.932573760,1.678904510,2.769074523,0.000000000
stage2/1,0.700000,0.930645473,1.678643661,2.768591236,0.000000000
stage2/1,0.720000,0.928622692,1.678370030,2.768084266,0.000000000
stage2/1,0.740000,0.926504243,1.678083458,2.767553319,0.000000000
stage2/1,0.760000,0.924289027,1.677783795,2.766998119,0.000000000
stage2/1,0.780000,0.921976021,1.677470904,2.766418411,0.000000000
stage2/1,0.800000,0.919564272,1.677144656,2.765813954,0.000000000
stage2/1,0.820000,0.917052899,1.676804930,2.765184528,0.000000000
stage2/1,0.840000,0.914441095,1.676451620,2.764529931,0.000000000
stage2/1,0.860000,0.911728121,1.676084623,2.763849978,0.000000000
stage2/1,0.880000,0.908913307,1.675703850,2.763144501,0.000000000
stage2/1,0.900000,0.905996054,1.675309219,2.762413350,0.000000000
stage2/1,0.920000,0.902975828,1.674900659,2.761656391,0.000000000
stage2/1,0.940000,0.899852165,1.674478107,2.760873507,0.000000000
stage2/1,0.960000,0.896624664,1.674041508,2.760064598,0.000000000
stage2/1,0.980000,0.893292992,1.673590817,2.759229581,0.000000000
stage2/1,1.000000,0.889856879,1.673125998,2.758368388,0.000000000
stage2/1,1.020000,0.886316120,1.672647023,2.757480967,0.000000000
stage2/1,1.040000,0.882670570,1.672153872,2.756567282,0.000000000
stage2/1,1.060000,0.878920148,1.671646535,2.755627314,0.000000000
stage2/1,1.080000,0.875064835,1.671125009,2.754661056,0.000000000
stage2/1,1.100000,0.871104670,1.670589299,2.753668520,0.000000000
stage2/1,1.120000,0.867039754,1.670039419,2.752649729,0.000000000
stage2/1,1.140000,0.862870243,1.669475390,2.751604725,0.000000000
stage2/1,1.160000,0.858596355,1.668897241,2.750533560,0.000000000
stage2/1,1.180000,0.854218361,1.668305010,2.749436303,0.000000000
stage2/1,1.200000,0.849736592,1.667698740,2.748313037,0.000000000
stage2/1,1.220000,0.845151430,1.667078484,2.747163857,0.000000000
stage2/1,1.240000,0.840463316,1.666444300,2.745988875,0.000000000
stage2/1,1.260000,0.835672740,1.665796257,2.744788212,0.000000000
stage2/1,1.280000,0.830780249,1.665134427,2.743562007,0.000000000
stage2/1,1.300000,0.825786438,1.664458891,2.742310408,0.000000000
stage2/1,1.320000,0.820691956,1.663769736,2.741033577,0.000000000
stage2/1,1.340000,0.815497500,1.663067058,2.739731690,0.000000000
stage2/1,1.360000,0.810203820,1.662350957,2.738404935,0.000000000
stage2/1,1.380000,0.804811710,1.661621541,2.737053510,0.000000000
stage2/1,1.400000,0.799322014,1.660878925,2.735677627,0.000000000
stage2/1,1.420000,0.793735624,1.660123228,2.734277510,0.000000000
stage2/1,1.440000,0.788053475,1.659354577,2.732853392,0.000000000
stage2/1,1.460000,0.782276551,1.658573105,2.731405521,0.000000000
stage2/1,1.480000,0.776405877,1.657778952,2.729934154,0.000000000
stage2/1,1.500000,0.770442523,1.656972261,2.728439558,0.000000000
stage2/1,1.520000,0.764387602,1.656153184,2.726922012,0.000000000
stage2/1,1.540000,0.758242268,1.655321876,2.725381807,0.000000000
stage2/1,1.560000,0.752007717,1.654478499,2.723819241,0.000000000
stage2/1,1.580000,0.745685184,1.653623221,2.722234624,0.000000000
stage2/1,1.600000,0.739275944,1.652756213,2.720628276,0.000000000
stage2/1,1.620000,0.732781312,1.651877654,2.719000526,0.000000000
stage2/1,1.640000,0.726202638,1.650987726,2.717351712,0.000000000
stage2/1,1.660000,0.719541309,1.650086617,2.715682183,0.000000000
stage2/1,1.680000,0.712798751,1.649174520,2.713992295,0.000000000
stage2/1,1.700000,0.705976423,1.648251631,2.712282414,0.000000000
stage2/1,1.720000,0.699075817,1.647318154,2.710552915,0.000000000
stage2/1,1.740000,0.692098462,1.646374295,2.708804180,0.000000000
stage2/1,1.760000,0.685045916,1.645420264,2.707036599,0.000000000
stage2/1,1.780000,0.677919771,1.644456277,2.705250573,0.000000000
stage2/1,1.800000,0.670721649,1.643482554,2.703446507,0.000000000
stage2/1,1.820000,0.663453204,1.642499317,2.701624816,0.000000000
stage2/1,1.840000,0.656116117,1.641506795,2.699785922,0.000000000
stage2/1,1.860000,0.648712098,1.640505219,2.697930252,0.000000000
stage2/1,1.880000,0.641242886,1.639494824,2.696058243,0.000000000
stage2/1,1.900000,0.633710245,1.638475849,2.694170336,0.000000000
stage2/1,1.920000,0.626115965,1.637448535,2.692266981,0.000000000
stage2/1,1.940000,0.618461864,1.636413129,2.690348633,0.000000000
stage2/1,1.960000,0.610749780,1.635369880,2.688415753,0.000000000
stage2/1,1.980000,0.602981578,1.634319039,2.686468808,0.000000000
stage2/1,2.000000,0.595159144,1.633260861,2.684508271,0.000000000
stage2/1,2.020000,0.587284385,1.632195606,2.682534619,0.000000000
stage2/1,2.040000,0.579359231,1.631123534,2.680548337,0.000000000
stage2/1,2.060000,0.571385631,1.630044907,2.678549913,0.000000000
stage2/1,2.080000,0.563365552,1.628959994,2.676539840,0.000000000
stage2/1,2.100000,0.555300981,1.627869062,2.674518616,0.000000000
stage2/1,2.120000,0.547193923,1.626772382,2.672486744,0.000000000
stage2/1,2.140000,0.539046399,1.625670229,2.670444729,0.000000000
stage2/1,2.160000,0.530860445,1.624562877,2.668393083,0.000000000
stage2/1,2.180000,0.522638113,1.623450603,2.666332319,0.000000000
stage2/1,2.200000,0.514381470,1.622333689,2.664262956,0.000000000
stage2/1,2.220000,0.506092595,1.621212414,2.662185515,0.000000000
stage2/1,2.240000,0.497773581,1.620087062,2.660100519,0.000000000
stage2/1,2.260000,0.489426531,1.618957918,2.658008497,0.000000000
stage2/1,2.280000,0.481053559,1.617825267,2.655909979,0.000000000
stage2/1,2.300000,0.472656791,1.616689397,2.653805496,0.000000000
stage2/1,2.320000,0.464238361,1.615550597,2.651695585,0.000000000
stage2/1,2.340000,0.455800411,1.614409156,2.649580781,0.000000000
stage2/1,2.360000,0.447345091,1.613265365,2.647461623,0.000000000
stage2/1,2.380000,0.438874558,1.612119517,2.645338652,0.000000000
stage2/1,2.400000,0.430390973,1.610971903,2.643212411,0.000000000
stage2/1,2.420000,0.421896505,1.609822816,2.641083442,0.000000000
stage2/1,2.440000,0.413393326,1.608672552,2.638952289,0.000000000
stage2/1,2.460000,0.404883609,1.607521403,2.636819498,0.000000000
stage2/1,2.480000,0.396369533,1.606369664,2.634685615,0.000000000
stage2/1,2.500000,0.387853277,1.605217630,2.632551185,0.000000000
stage2/1,2.520000,0.379337022,1.604065597,2.630416755,0.000000000
stage2/1,2.540000,0.370822946,1.602913858,2.628282872,0.000000000
stage2/1,2.560000,0.362313229,1.601762709,2.626150081,0.000000000
stage2/1,2.580000,0.353810049,1.600612444,2.624018928,0.000000000
stage2/1,2.600000,0.345315582,1.599463358,2.621889959,0.000000000
stage2/1,2.620000,0.336831997,1.598315744,2.619763717,0.000000000
stage2/1,2.640000,0.328361464,1.597169895,2.617640747,0.000000000
stage2/1,2.660000,0.319906144,1.596026105,2.615521589,0.000000000
stage2/1,2.680000,0.311468194,1.594884664,2.613406785,0.000000000
stage2/1,2.700000,0.303049763,1.593745864,2.611296874,0.000000000
stage2/1,2.720000,0.294652996,1.592609994,2.609192391,0.000000000
stage2/1,2.740000,0.286280024,1.591477343,2.607093872,0.000000000
stage2/1,2.760000,0.277932974,1.590348198,2.605001851,0.000000000
stage2/1,2.780000,0.269613959,1.589222847,2.602916855,0.000000000
stage2/1,2.800000,0.261325085,1.588101572,2.600839414,0.000000000
stage2/1,2.820000,0.253068442,1.586984657,2.598770051,0.000000000
stage2/1,2.840000,0.244846110,1.585872384,2.596709287,0.000000000
stage2/1,2.860000,0.236660156,1.584765032,2.594657641,0.000000000
stage2/1,2.880000,0.228512632,1.583662878,2.592615626,0.000000000
stage2/1,2.900000,0.220405574,1.582566199,2.590583754,0.000000000
stage2/1,2.920000,0.212341003,1.581475267,2.588562530,0.000000000
stage2/1,2.940000,0.204320924,1.580390353,2.586552457,0.000000000
stage2/1,2.960000,0.196347323,1.579311727,2.584554033,0.000000000
stage2/1,2.980000,0.188422169,1.578239655,2.582567751,0.000000000
stage2/1,3.000000,0.180547411,1.577174399,2.580594099,0.000000000
stage2/1,3.020000,0.172724976,1.576116222,2.578633562,0.000000000
stage2/1,3.040000,0.164956774,1.575065381,2.576686617,0.000000000
stage2/1,3.060000,0.157244691,1.574022132,2.574753737,0.000000000
stage2/1,3.080000,0.149590589,1.572986726,2.572835389,0.000000000
stage2/1,3.100000,0.141996310,1.571959412,2.570932034,0.000000000
stage2/1,3.120000,0.134463669,1.570940437,2.569044127,0.000000000
stage2/1,3.140000,0.126994457,1.569930041,2.567172118,0.000000000
stage2/1,3.160000,0.119590438,1.568928465,2.565316448,0.000000000
stage2/1,3.180000,0.112253351,1.567935943,2.563477554,0.000000000
stage2/1,3.200000,0.104984905,1.566952707,2.561655863,0.000000000
stage2/1,3.220000,0.097786784,1.565978983,2.559851797,0.000000000
stage2/1,3.240000,0.090660639,1.565014997,2.558065771,0.000000000
stage2/1,3.260000,0.083608093,1.564060966,2.556298190,0.000000000
stage2/1,3.280000,0.076630737,1.563117106,2.554549455,0.000000000
stage2/1,3.300000,0.069730132,1.562183629,2.552819956,0.000000000
stage2/1,3.320000,0.062907803,1.561260741,2.551110075,0.000000000
stage2/1,3.340000,0.056165245,1.560348644,2.549420187,0.000000000
stage2/1,3.360000,0.049503917,1.559447535,2.547750658,0.000000000
stage2/1,3.380000,0.042925243,1.558557607,2.546101844,0.000000000
stage2/1,3.400000,0.036430610,1.557679048,2.544474094,0.000000000
stage2/1,3.420000,0.030021371,1.556812040,2.542867746,0.000000000
stage2/1,3.440000,0.023698838,1.555956762,2.541283129,0.000000000
stage2/1,3.460000,0.017464287,1.555113385,2.539720563,0.000000000
stage2/1,3.480000,0.011318953,1.554282077,2.538180357,0.000000000
stage2/1,3.500000,0.005264032,1.553462999,2.536662812,0.000000000
stage2/1,3.520000,-0.000699322,1.552656309,2.535168216,0.000000000
stage2/1,3.540000,-0.006569996,1.551862155,2.533696849,0.000000000
stage2/1,3.560000,-0.012346921,1.551080684,2.532248978,0.000000000
stage2/1,3.580000,-0.018029069,1.550312033,2.530824860,0.000000000
stage2/1,3.600000,-0.023615459,1.549556336,2.529424743,0.000000000
stage2/1,3.620000,-0.029105155,1.548813719,2.528048860,0.000000000
stage2/1,3.640000,-0.034497265,1.548084303,2.526697435,0.000000000
stage2/1,3.660000,-0.039790946,1.547368202,2.525370679,0.000000000
stage2/1,3.680000,-0.044985401,1.546665524,2.524068793,0.000000000
stage2/1,3.700000,-0.050079883,1.545976370,2.522791962,0.000000000
stage2/1,3.720000,-0.055073694,1.545300834,2.521540363,0.000000000
stage2/1,3.740000,-0.059966185,1.544639004,2.520314158,0.000000000
stage2/1,3.760000,-0.064756761,1.543990960,2.519113495,0.000000000
stage2/1,3.780000,-0.069444876,1.543356777,2.517938513,0.000000000
stage2/1,3.800000,-0.074030037,1.542736521,2.516789333,0.000000000
stage2/1,3.820000,-0.078511806,1.542130251,2.515666067,0.000000000
stage2/1,3.840000,-0.082889800,1.541538020,2.514568810,0.000000000
stage2/1,3.860000,-0.087163688,1.540959871,2.513497645,0.000000000
stage2/1,3.880000,-0.091333199,1.540395842,2.512452641,0.000000000
stage2/1,3.900000,-0.095398116,1.539845961,2.511433850,0.000000000
stage2/1,3.920000,-0.099358280,1.539310251,2.510441314,0.000000000
stage2/1,3.940000,-0.103213593,1.538788725,2.509475056,0.000000000
stage2/1,3.960000,-0.106964015,1.538281388,2.508535088,0.000000000
stage2/1,3.980000,-0.110609565,1.537788238,2.507621403,0.000000000
stage2/1,4.000000,-0.114150325,1.537309263,2.506733982,0.000000000
stage2/1,4.020000,-0.117586438,1.536844444,2.505872789,0.000000000
stage2/1,4.040000,-0.120918109,1.536393753,2.505037772,0.000000000
stage2/1,4.060000,-0.124145610,1.535957154,2.504228863,0.000000000
stage2/1,4.080000,-0.127269273,1.535534601,2.503445979,0.000000000
stage2/1,4.100000,-0.130289499,1.535126041,2.502689020,0.000000000
stage2/1,4.120000,-0.133206752,1.534731411,2.501957868,0.000000000
stage2/1,4.140000,-0.136021566,1.534350638,2.501252391,0.000000000
stage2/1,4.160000,-0.138734540,1.533983641,2.500572439,0.000000000
stage2/1,4.180000,-0.141346345,1.533630330,2.499917842,0.000000000
stage2/1,4.200000,-0.143857717,1.533290605,2.499288416,0.000000000
stage2/1,4.220000,-0.146269466,1.532964357,2.498683959,0.000000000
stage2/1,4.240000,-0.148582473,1.532651465,2.498104250,0.000000000
stage2/1,4.260000,-0.150797688,1.532351803,2.497549051,0.000000000
stage2/1,4.280000,-0.152916137,1.532065230,2.497018104,0.000000000
stage2/1,4.300000,-0.154938919,1.531791599,2.496511134,0.000000000
stage2/1,4.320000,-0.156867205,1.531530751,2.496027847,0.000000000
stage2/1,4.340000,-0.158702246,1.531282517,2.495567931,0.000000000
stage2/1,4.360000,-0.160445365,1.531046717,2.495131053,0.000000000
stage2/1,4.380000,-0.162097963,1.530823162,2.494716862,0.000000000
stage2/1,4.400000,-0.163661521,1.530611652,2.494324987,0.000000000
stage2/1,4.420000,-0.165137596,1.530411977,2.493955039,0.000000000
stage2/1,4.440000,-0.166527826,1.530223914,2.493606605,0.000000000
stage2/1,4.460000,-0.167833930,1.530047231,2.493279256,0.000000000
stage2/1,4.480000,-0.169057705,1.529881685,2.492972541,0.000000000
stage2/1,4.500000,-0.170201035,1.529727022,2.492685989,0.000000000
stage2/1,4.520000,-0.171265882,1.529582975,2.492419106,0.000000000
stage2/1,4.540000,-0.172254294,1.529449268,2.492171380,0.000000000
stage2/1,4.560000,-0.173168405,1.529325612,2.491942276,0.000000000
stage2/1,4.580000,-0.174010432,1.529211707,2.491731239,0.000000000
stage2/1,4.600000,-0.174782680,1.529107241,2.491537691,0.000000000
stage2/1,4.620000,-0.175487538,1.529011892,2.491361032,0.000000000
stage2/1,4.640000,-0.176127487,1.528925323,2.491200641,0.000000000
stage2/1,4.660000,-0.176705094,1.528847187,2.491055876,0.000000000
stage2/1,4.680000,-0.177223016,1.528777126,2.490926069,0.000000000
stage2/1,4.700000,-0.177684002,1.528714766,2.490810532,0.000000000
stage2/1,4.720000,-0.178090891,1.528659724,2.490708553,0.000000000
stage2/1,4.740000,-0.178446613,1.528611604,2.490619399,0.000000000
stage2/1,4.760000,-0.178754193,1.528569996,2.490542310,0.000000000
stage2/1,4.780000,-0.179016748,1.528534479,2.490476506,0.000000000
stage2/1,4.800000,-0.179237492,1.528504618,2.490421181,0.000000000
stage2/1,4.820000,-0.179419731,1.528479966,2.490375506,0.000000000
stage2/1,4.840000,-0.179566871,1.528460061,2.490338628,0.000000000
stage2/1,4.860000,-0.179682412,1.528444432,2.490309670,0.000000000
stage2/1,4.880000,-0.179769955,1.528432589,2.490287729,0.000000000
stage2/1,4.900000,-0.179833195,1.528424034,2.490271879,0.000000000
stage2/1,4.920000,-0.179875933,1.528418253,2.490261168,0.000000000
stage2/1,4.940000,-0.179902065,1.528414718,2.490254619,0.000000000
stage2/1,4.960000,-0.179915591,1.528412888,2.490251228,0.000000000
stage2/1,4.980000,-0.179920614,1.528412209,2.490249970,0.000000000
stage2/1,5.000000,-0.179921336,1.528412111,2.490249789,0.000000000
stage2/2,0.000000,-0.179921336,1.528412111,2.490249789,0.000000000
stage2/2,0.020000,-0.179921331,1.528411885,2.490249776,0.000000000
stage2/2,0.040000,-0.179921296,1.528410315,2.490249691,0.000000000
stage2/2,0.060000,-0.179921201,1.528406085,2.490249461,0.000000000
stage2/2,0.080000,-0.179921018,1.528397912,2.490249016,0.000000000
stage2/2,0.100000,-0.179920718,1.528384547,2.490248289,0.000000000
stage2/2,0.120000,-0.179920275,1.528364769,2.490247213,0.000000000
stage2/2,0.140000,-0.179919662,1.528337392,2.490245724,0.000000000
stage2/2,0.160000,-0.179918852,1.528301259,2.490243758,0.000000000
stage2/2,0.180000,-0.179917821,1.528255243,2.490241255,0.000000000
stage2/2,0.200000,-0.179916544,1.528198251,2.490238154,0.000000000
stage2/2,0.220000,-0.179914998,1.528129217,2.490234399,0.000000000
stage2/2,0.240000,-0.179913158,1.528047108,2.490229932,0.000000000
stage2/2,0.260000,-0.179911003,1.527950917,2.490224699,0.000000000
stage2/2,0.280000,-0.179908510,1.527839672,2.490218647,0.000000000
stage2/2,0.300000,-0.179905659,1.527712424,2.490211724,0.000000000
stage2/2,0.320000,-0.179902429,1.527568259,2.490203881,0.000000000
stage2/2,0.340000,-0.179898800,1.527406288,2.490195069,0.000000000
stage2/2,0.360000,-0.179894753,1.527225651,2.490185242,0.000000000
stage2/2,0.380000,-0.179890269,1.527025519,2.490174355,0.000000000
stage2/2,0.400000,-0.179885330,1.526805086,2.490162363,0.000000000
stage2/2,0.420000,-0.179879919,1.526563580,2.490149224,0.000000000
stage2/2,0.440000,-0.179874019,1.526300250,2.490134898,0.000000000
stage2/2,0.460000,-0.179867614,1.526014378,2.490119346,0.000000000
stage2/2,0.480000,-0.179860688,1.525705269,2.490102530,0.000000000
stage2/2,0.500000,-0.179853227,1.525372257,2.490084413,0.000000000
stage2/2,0.520000,-0.179845216,1.525014701,2.490064961,0.000000000
stage2/2,0.540000,-0.179836641,1.524631987,2.490044141,0.000000000
stage2/2,0.560000,-0.179827489,1.524223526,2.490021919,0.000000000
stage2/2,0.580000,-0.179817748,1.523788756,2.489998267,0.000000000
stage2/2,0.600000,-0.179807405,1.523327139,2.489973154,0.000000000
stage2/2,0.620000,-0.179796449,1.522838164,2.489946552,0.000000000
stage2/2,0.640000,-0.179784870,1.522321342,2.489918436,0.000000000
stage2/2,0.660000,-0.179772656,1.521776212,2.489888779,0.000000000
stage2/2,0.680000,-0.179759798,1.521202336,2.489857559,0.000000000
stage2/2,0.700000,-0.179746287,1.520599298,2.489824752,0.000000000
stage2/2,0.720000,-0.179732113,1.519966708,2.489790338,0.000000000
stage2/2,0.740000,-0.179717269,1.519304200,2.489754296,0.000000000
stage2/2,0.760000,-0.179701748,1.518611431,2.489716607,0.000000000
stage2/2,0.780000,-0.179685541,1.517888078,2.489677255,0.000000000
stage2/2,0.800000,-0.179668642,1.517133846,2.489636223,0.000000000
stage2/2,0.820000,-0.179651045,1.516348458,2.489593496,0.000000000
stage2/2,0.840000,-0.179632744,1.515531662,2.489549060,0.000000000
stage2/2,0.860000,-0.179613735,1.514683227,2.489502903,0.000000000
stage2/2,0.880000,-0.179594012,1.513802943,2.489455014,0.000000000
stage2/2,0.900000,-0.179573571,1.512890623,2.489405381,0.000000000
stage2/2,0.920000,-0.179552408,1.511946101,2.489353997,0.000000000
stage2/2,0.940000,-0.179530521,1.510969230,2.489300853,0.000000000
stage2/2,0.960000,-0.179507906,1.509959885,2.489245942,0.000000000
stage2/2,0.980000,-0.179484562,1.508917963,2.489189259,0.000000000
stage2/2,1.000000,-0.179460485,1.507843379,2.489130799,0.000000000
stage2/2,1.020000,-0.179435675,1.506736069,2.489070558,0.000000000
stage2/2,1.040000,-0.179410131,1.505595987,2.489008535,0.000000000
stage2/2,1.060000,-0.179383853,1.504423108,2.488944727,0.000000000
stage2/2,1.080000,-0.179356839,1.503217426,2.488879135,0.000000000
stage2/2,1.100000,-0.179329090,1.501978954,2.488811759,0.000000000
stage2/2,1.120000,-0.179300608,1.500707723,2.488742601,0.000000000
stage2/2,1.140000,-0.179271393,1.499403781,2.488671663,0.000000000
stage2/2,1.160000,-0.179241446,1.498067197,2.488598950,0.000000000
stage2/2,1.180000,-0.179210770,1.496698057,2.488524465,0.000000000
stage2/2,1.200000,-0.179179366,1.495296462,2.488448215,0.000000000
stage2/2,1.220000,-0.179147239,1.493862533,2.488370206,0.000000000
stage2/2,1.240000,-0.179114389,1.492396407,2.488290445,0.000000000
stage2/2,1.260000,-0.179080822,1.490898238,2.488208941,0.000000000
stage2/2,1.280000,-0.179046541,1.489368197,2.488125703,0.000000000
stage2/2,1.300000,-0.179011550,1.487806470,2.488040741,0.000000000
stage2/2,1.320000,-0.178975854,1.486213260,2.487954066,0.000000000
stage2/2,1.340000,-0.178939457,1.484588786,2.487865691,0.000000000
stage2/2,1.360000,-0.178902364,1.482933280,2.487775627,0.000000000
stage2/2,1.380000,-0.178864582,1.481246992,2.487683889,0.000000000
stage2/2,1.400000,-0.178826117,1.479530185,2.487590490,0.000000000
stage2/2,1.420000,-0.178786973,1.477783140,2.487495447,0.000000000
stage2/2,1.440000,-0.178747159,1.476006147,2.487398774,0.000000000
stage2/2,1.460000,-0.178706681,1.474199515,2.487300489,0.000000000
stage2/2,1.480000,-0.178665546,1.472363565,2.487200608,0.000000000
stage2/2,1.500000,-0.178623761,1.470498630,2.487099151,0.000000000
stage2/2,1.520000,-0.178581335,1.468605060,2.486996136,0.000000000
stage2/2,1.540000,-0.178538275,1.466683214,2.486891583,0.000000000
stage2/2,1.560000,-0.178494590,1.464733467,2.486785512,0.000000000
stage2/2,1.580000,-0.178450289,1.462756206,2.486677944,0.000000000
stage2/2,1.600000,-0.178405380,1.460751829,2.486568901,0.000000000
stage2/2,1.620000,-0.178359873,1.458720746,2.486458405,0.000000000
stage2/2,1.640000,-0.178313777,1.456663381,2.486346479,0.000000000
stage2/2,1.660000,-0.178267101,1.454580167,2.486233147,0.000000000
stage2/2,1.680000,-0.178219857,1.452471550,2.486118433,0.000000000
stage2/2,1.700000,-0.178172054,1.450337986,2.486002362,0.000000000
stage2/2,1.720000,-0.178123702,1.448179943,2.485884959,0.000000000
stage2/2,1.740000,-0.178074812,1.445997897,2.485766250,0.000000000
stage2/2,1.760000,-0.178025396,1.443792337,2.485646263,0.000000000
stage2/2,1.780000,-0.177975463,1.441563760,2.485525022,0.000000000
stage2/2,1.800000,-0.177925027,1.439312673,2.485402558,0.000000000
stage2/2,1.820000,-0.177874098,1.437039594,2.485278897,0.000000000
stage2/2,1.840000,-0.177822687,1.434745049,2.485154068,0.000000000
stage2/2,1.860000,-0.177770808,1.432429572,2.485028100,0.000000000
stage2/2,1.880000,-0.177718472,1.430093706,2.484901023,0.000000000
stage2/2,1.900000,-0.177665692,1.427738005,2.484772867,0.000000000
stage2/2,1.920000,-0.177612479,1.425363027,2.484643662,0.000000000
stage2/2,1.940000,-0.177558848,1.422969340,2.484513440,0.000000000
stage2/2,1.960000,-0.177504810,1.420557521,2.484382231,0.000000000
stage2/2,1.980000,-0.177450379,1.418128152,2.484250067,0.000000000
stage2/2,2.000000,-0.177395568,1.415681823,2.484116981,0.000000000
stage2/2,2.020000,-0.177340391,1.413219130,2.483983004,0.000000000
stage2/2,2.040000,-0.177284860,1.410740677,2.483848170,0.000000000
stage2/2,2.060000,-0.177228990,1.408247073,2.483712512,0.000000000
stage2/2,2.080000,-0.177172794,1.405738934,2.483576063,0.000000000
stage2/2,2.100000,-0.177116286,1.403216880,2.483438857,0.000000000
stage2/2,2.120000,-0.177059481,1.400681540,2.483300928,0.000000000
stage2/2,2.140000,-0.177002392,1.398133544,2.483162311,0.000000000
stage2/2,2.160000,-0.176945034,1.395573531,2.483023040,0.000000000
stage2/2,2.180000,-0.176887421,1.393002140,2.482883150,0.000000000
stage2/2,2.200000,-0.176829567,1.390420020,2.482742676,0.000000000
stage2/2,2.220000,-0.176771488,1.387827819,2.482601654,0.000000000
stage2/2,2.240000,-0.176713197,1.385226193,2.482460119,0.000000000
stage2/2,2.260000,-0.176654711,1.382615799,2.482318107,0.000000000
stage2/2,2.280000,-0.176596042,1.379997299,2.482175654,0.000000000
stage2/2,2.300000,-0.176537207,1.377371357,2.482032796,0.000000000
stage2/2,2.320000,-0.176478220,1.374738641,2.481889570,0.000000000
stage2/2,2.340000,-0.176419096,1.372099819,2.481746011,0.000000000
stage2/2,2.360000,-0.176359850,1.369455566,2.481602157,0.000000000
stage2/2,2.380000,-0.176300498,1.366806555,2.481458045,0.000000000
stage2/2,2.400000,-0.176241054,1.364153463,2.481313710,0.000000000
stage2/2,2.420000,-0.176181535,1.361496967,2.481169190,0.000000000
stage2/2,2.440000,-0.176121954,1.358837746,2.481024522,0.000000000
stage2/2,2.460000,-0.176062327,1.356176481,2.480879742,0.000000000
stage2/2,2.480000,-0.176002670,1.353513853,2.480734889,0.000000000
stage2/2,2.500000,-0.175942997,1.350850543,2.480589998,0.000000000
stage2/2,2.520000,-0.175883325,1.348187233,2.480445107,0.000000000
stage2/2,2.540000,-0.175823667,1.345524605,2.480300254,0.000000000
stage2/2,2.560000,-0.175764041,1.342863340,2.480155474,0.000000000
stage2/2,2.580000,-0.175704460,1.340204120,2.480010806,0.000000000
stage2/2,2.600000,-0.175644940,1.337547624,2.479866286,0.000000000
stage2/2,2.620000,-0.175585496,1.334894531,2.479721951,0.000000000
stage2/2,2.640000,-0.175526144,1.332245520,2.479577838,0.000000000
stage2/2,2.660000,-0.175466898,1.329601267,2.479433984,0.000000000
stage2/2,2.680000,-0.175407775,1.326962446,2.479290426,0.000000000
stage2/2,2.700000,-0.175348788,1.324329729,2.479147200,0.000000000
stage2/2,2.720000,-0.175289952,1.321703787,2.479004342,0.000000000
stage2/2,2.740000,-0.175231284,1.319085287,2.478861889,0.000000000
stage2/2,2.760000,-0.175172797,1.316474893,2.478719877,0.000000000
stage2/2,2.780000,-0.175114506,1.313873267,2.478578342,0.000000000
stage2/2,2.800000,-0.175056427,1.311281066,2.478437320,0.000000000
stage2/2,2.820000,-0.174998573,1.308698946,2.478296846,0.000000000
stage2/2,2.840000,-0.174940960,1.306127556,2.478156956,0.000000000
stage2/2,2.860000,-0.174883602,1.303567542,2.478017685,0.000000000
stage2/2,2.880000,-0.174826513,1.301019546,2.477879068,0.000000000
stage2/2,2.900000,-0.174769708,1.298484206,2.477741139,0.000000000
stage2/2,2.920000,-0.174713200,1.295962153,2.477603933,0.000000000
stage2/2,2.940000,-0.174657005,1.293454013,2.477467484,0.000000000
stage2/2,2.960000,-0.174601134,1.290960410,2.477331826,0.000000000
stage2/2,2.980000,-0.174545604,1.288481956,2.477196992,0.000000000
stage2/2,3.000000,-0.174490426,1.286019263,2.477063015,0.000000000
stage2/2,3.020000,-0.174435615,1.283572934,2.476929929,0.000000000
stage2/2,3.040000,-0.174381184,1.281143565,2.476797765,0.000000000
stage2/2,3.060000,-0.174327146,1.278731746,2.476666556,0.000000000
stage2/2,3.080000,-0.174273515,1.276338060,2.476536333,0.000000000
stage2/2,3.100000,-0.174220302,1.273963082,2.476407129,0.000000000
stage2/2,3.120000,-0.174167522,1.271607380,2.476278973,0.000000000
stage2/2,3.140000,-0.174115186,1.269271515,2.476151896,0.000000000
stage2/2,3.160000,-0.174063307,1.266956038,2.476025928,0.000000000
stage2/2,3.180000,-0.174011897,1.264661492,2.475901099,0.000000000
stage2/2,3.200000,-0.173960967,1.262388413,2.475777438,0.000000000
stage2/2,3.220000,-0.173910531,1.260137327,2.475654973,0.000000000
stage2/2,3.240000,-0.173860599,1.257908750,2.475533733,0.000000000
stage2/2,3.260000,-0.173811182,1.255703189,2.475413745,0.000000000
stage2/2,3.280000,-0.173762292,1.253521144,2.475295036,0.000000000
stage2/2,3.300000,-0.173713941,1.251363100,2.475177634,0.000000000
stage2/2,3.320000,-0.173666137,1.249229536,2.475061562,0.000000000
stage2/2,3.340000,-0.173618893,1.247120919,2.474946848,0.000000000
stage2/2,3.360000,-0.173572218,1.245037706,2.474833516,0.000000000
stage2/2,3.380000,-0.173526122,1.242980340,2.474721591,0.000000000
stage2/2,3.400000,-0.173480614,1.240949258,2.474611095,0.000000000
stage2/2,3.420000,-0.173435705,1.238944880,2.474502051,0.000000000
stage2/2,3.440000,-0.173391404,1.236967619,2.474394484,0.000000000
stage2/2,3.460000,-0.173347719,1.235017872,2.474288412,0.000000000
stage2/2,3.480000,-0.173304659,1.233096027,2.474183859,0.000000000
stage2/2,3.500000,-0.173262233,1.231202456,2.474080844,0.000000000
stage2/2,3.520000,-0.173220449,1.229337522,2.473979387,0.000000000
stage2/2,3.540000,-0.173179313,1.227501571,2.473879507,0.000000000
stage2/2,3.560000,-0.173138835,1.225694939,2.473781222,0.000000000
stage2/2,3.580000,-0.173099021,1.223917947,2.473684549,0.000000000
stage2/2,3.600000,-0.173059878,1.222170901,2.473589505,0.000000000
stage2/2,3.620000,-0.173021412,1.220454095,2.473496107,0.000000000
stage2/2,3.640000,-0.172983630,1.218767807,2.473404369,0.000000000
stage2/2,3.660000,-0.172946538,1.217112301,2.473314305,0.000000000
stage2/2,3.680000,-0.172910141,1.215487826,2.473225929,0.000000000
stage2/2,3.700000,-0.172874444,1.213894616,2.473139255,0.000000000
stage2/2,3.720000,-0.172839453,1.212332889,2.473054293,0.000000000
stage2/2,3.740000,-0.172805172,1.210802848,2.472971055,0.000000000
stage2/2,3.760000,-0.172771605,1.209304679,2.472889551,0.000000000
stage2/2,3.780000,-0.172738756,1.207838554,2.472809790,0.000000000
stage2/2,3.800000,-0.172706628,1.206404625,2.472731781,0.000000000
stage2/2,3.820000,-0.172675225,1.205003030,2.472655530,0.000000000
stage2/2,3.840000,-0.172644548,1.203633889,2.472581046,0.000000000
stage2/2,3.860000,-0.172614602,1.202297305,2.472508332,0.000000000
stage2/2,3.880000,-0.172585386,1.200993364,2.472437395,0.000000000
stage2/2,3.900000,-0.172556904,1.199722132,2.472368236,0.000000000
stage2/2,3.920000,-0.172529155,1.198483660,2.472300860,0.000000000
stage2/2,3.940000,-0.172502142,1.197277978,2.472235268,0.000000000
stage2/2,3.960000,-0.172475863,1.196105100,2.472171461,0.000000000
stage2/2,3.980000,-0.172450319,1.194965018,2.472109438,0.000000000
stage2/2,4.000000,-0.172425509,1.193857707,2.472049197,0.000000000
stage2/2,4.020000,-0.172401433,1.192783123,2.471990737,0.000000000
stage2/2,4.040000,-0.172378088,1.191741201,2.471934054,0.000000000
stage2/2,4.060000,-0.172355473,1.190731857,2.471879143,0.000000000
stage2/2,4.080000,-0.172333586,1.189754986,2.471825999,0.000000000
stage2/2,4.100000,-0.172312423,1.188810463,2.471774615,0.000000000
stage2/2,4.120000,-0.172291983,1.187898143,2.471724982,0.000000000
stage2/2,4.140000,-0.172272259,1.187017859,2.471677092,0.000000000
stage2/2,4.160000,-0.172253250,1.186169424,2.471630935,0.000000000
stage2/2,4.180000,-0.172234949,1.185352628,2.471586500,0.000000000
stage2/2,4.200000,-0.172217352,1.184567240,2.471543773,0.000000000
stage2/2,4.220000,-0.172200453,1.183813008,2.471502741,0.000000000
stage2/2,4.240000,-0.172184246,1.183089656,2.471463388,0.000000000
stage2/2,4.260000,-0.172168725,1.182396886,2.471425700,0.000000000
stage2/2,4.280000,-0.172153881,1.181734378,2.471389658,0.000000000
stage2/2,4.300000,-0.172139708,1.181101789,2.471355243,0.000000000
stage2/2,4.320000,-0.172126196,1.180498751,2.471322437,0.000000000
stage2/2,4.340000,-0.172113338,1.179924874,2.471291216,0.000000000
stage2/2,4.360000,-0.172101124,1.179379744,2.471261560,0.000000000
stage2/2,4.380000,-0.172089545,1.178862923,2.471233444,0.000000000
stage2/2,4.400000,-0.172078589,1.178373947,2.471206842,0.000000000
stage2/2,4.420000,-0.172068246,1.177912331,2.471181729,0.000000000
stage2/2,4.440000,-0.172058505,1.177477561,2.471158076,0.000000000
stage2/2,4.460000,-0.172049353,1.177069100,2.471135855,0.000000000
stage2/2,4.480000,-0.172040779,1.176686385,2.471115035,0.000000000
stage2/2,4.500000,-0.172032767,1.176328829,2.471095583,0.000000000
stage2/2,4.520000,-0.172025306,1.175995817,2.471077466,0.000000000
stage2/2,4.540000,-0.172018380,1.175686708,2.471060650,0.000000000
stage2/2,4.560000,-0.172011975,1.175400836,2.471045097,0.000000000
stage2/2,4.580000,-0.172006075,1.175137507,2.471030772,0.000000000
stage2/2,4.600000,-0.172000664,1.174896000,2.471017633,0.000000000
stage2/2,4.620000,-0.171995725,1.174675568,2.471005641,0.000000000
stage2/2,4.640000,-0.171991241,1.174475435,2.470994753,0.000000000
stage2/2,4.660000,-0.171987194,1.174294799,2.470984926,0.000000000
stage2/2,4.680000,-0.171983565,1.174132827,2.470976115,0.000000000
stage2/2,4.700000,-0.171980335,1.173988662,2.470968272,0.000000000
stage2/2,4.720000,-0.171977484,1.173861415,2.470961349,0.000000000
stage2/2,4.740000,-0.171974992,1.173750169,2.470955297,0.000000000
stage2/2,4.760000,-0.171972836,1.173653979,2.470950064,0.000000000
stage2/2,4.780000,-0.171970997,1.173571869,2.470945597,0.000000000
stage2/2,4.800000,-0.171969450,1.173502835,2.470941841,0.000000000
stage2/2,4.820000,-0.171968173,1.173445843,2.470938741,0.000000000
stage2/2,4.840000,-0.171967142,1.173399828,2.470936238,0.000000000
stage2/2,4.860000,-0.171966332,1.173363694,2.470934272,0.000000000
stage2/2,4.880000,-0.171965719,1.173336317,2.470932782,0.000000000
stage2/2,4.900000,-0.171965276,1.173316539,2.470931707,0.000000000
stage2/2,4.920000,-0.171964976,1.173303174,2.470930979,0.000000000
stage2/2,4.940000,-0.171964793,1.173295002,2.470930535,0.000000000
stage2/2,4.960000,-0.171964699,1.173290772,2.470930305,0.000000000
stage2/2,4.980000,-0.171964663,1.173289201,2.470930219,0.000000000
stage2/2,5.000000,-0.171964658,1.173288975,2.470930207,0.000000000
stage2/3,0.000000,-0.171964658,1.173288975,2.470930207,0.712374979
stage2/3,0.020000,-0.171964658,1.173289199,2.470930215,0.712374979
stage2/3,0.040000,-0.171964658,1.173290752,2.470930268,0.712374979
stage2/3,0.060000,-0.171964658,1.173294935,2.470930413,0.712374979
stage2/3,0.080000,-0.171964658,1.173303018,2.470930692,0.712374979
stage2/3,0.100000,-0.171964657,1.173316236,2.470931149,0.712374979
stage2/3,0.120000,-0.171964656,1.173335795,2.470931825,0.712374979
stage2/3,0.140000,-0.171964655,1.173362871,2.470932761,0.712374979
stage2/3,0.160000,-0.171964654,1.173398607,2.470933997,0.712374979
stage2/3,0.180000,-0.171964652,1.173444115,2.470935570,0.712374979
stage2/3,0.200000,-0.171964649,1.173500479,2.470937518,0.712374979
stage2/3,0.220000,-0.171964647,1.173568753,2.470939878,0.712374979
stage2/3,0.240000,-0.171964643,1.173649958,2.470942685,0.712374979
stage2/3,0.260000,-0.171964639,1.173745088,2.470945974,0.712374979
stage2/3,0.280000,-0.171964635,1.173855109,2.470949777,0.712374979
stage2/3,0.300000,-0.171964629,1.173980954,2.470954127,0.712374979
stage2/3,0.320000,-0.171964623,1.174123531,2.470959056,0.712374979
stage2/3,0.340000,-0.171964617,1.174283718,2.470964593,0.712374979
stage2/3,0.360000,-0.171964609,1.174462365,2.470970769,0.712374979
stage2/3,0.380000,-0.171964601,1.174660293,2.470977611,0.712374979
stage2/3,0.400000,-0.171964592,1.174878297,2.470985147,0.712374979
stage2/3,0.420000,-0.171964582,1.175117143,2.470993403,0.712374979
stage2/3,0.440000,-0.171964571,1.175377571,2.471002406,0.712374979
stage2/3,0.460000,-0.171964559,1.175660294,2.471012179,0.712374979
stage2/3,0.480000,-0.171964546,1.175965998,2.471022746,0.712374979
stage2/3,0.500000,-0.171964532,1.176295342,2.471034131,0.712374979
stage2/3,0.520000,-0.171964518,1.176648959,2.471046355,0.712374979
stage2/3,0.540000,-0.171964502,1.177027457,2.471059439,0.712374979
stage2/3,0.560000,-0.171964485,1.177431419,2.471073403,0.712374979
stage2/3,0.580000,-0.171964467,1.177861399,2.471088267,0.712374979
stage2/3,0.600000,-0.171964448,1.178317931,2.471104048,0.712374979
stage2/3,0.620000,-0.171964427,1.178801519,2.471120765,0.712374979
stage2/3,0.640000,-0.171964406,1.179312647,2.471138433,0.712374979
stage2/3,0.660000,-0.171964383,1.179851772,2.471157070,0.712374979
stage2/3,0.680000,-0.171964360,1.180419327,2.471176689,0.712374979
stage2/3,0.700000,-0.171964335,1.181015722,2.471197305,0.712374979
stage2/3,0.720000,-0.171964308,1.181641342,2.471218932,0.712374979
stage2/3,0.740000,-0.171964281,1.182296552,2.471241581,0.712374979
stage2/3,0.760000,-0.171964252,1.182981690,2.471265265,0.712374979
stage2/3,0.780000,-0.171964222,1.183697074,2.471289994,0.712374979
stage2/3,0.800000,-0.171964191,1.184442997,2.471315779,0.712374979
stage2/3,0.820000,-0.171964159,1.185219733,2.471342630,0.712374979
stage2/3,0.840000,-0.171964125,1.186027531,2.471370553,0.712374979
stage2/3,0.860000,-0.171964090,1.186866620,2.471399559,0.712374979
stage2/3,0.880000,-0.171964053,1.187737206,2.471429654,0.712374979
stage2/3,0.900000,-0.171964015,1.188639476,2.471460843,0.712374979
stage2/3,0.920000,-0.171963976,1.189573594,2.471493134,0.712374979
stage2/3,0.940000,-0.171963936,1.190539703,2.471526530,0.712374979
stage2/3,0.960000,-0.171963894,1.191537929,2.471561037,0.712374979
stage2/3,0.980000,-0.171963851,1.192568373,2.471596657,0.712374979
stage2/3,1.000000,-0.171963806,1.193631119,2.471633394,0.712374979
stage2/3,1.020000,-0.171963760,1.194726231,2.471671250,0.712374979
stage2/3,1.040000,-0.171963713,1.195853754,2.471710226,0.712374979
stage2/3,1.060000,-0.171963665,1.197013712,2.471750324,0.712374979
stage2/3,1.080000,-0.171963615,1.198206112,2.471791543,0.712374979
stage2/3,1.100000,-0.171963563,1.199430941,2.471833883,0.712374979
stage2/3,1.120000,-0.171963511,1.200688168,2.471877343,0.712374979
stage2/3,1.140000,-0.171963457,1.201977745,2.471921921,0.712374979
stage2/3,1.160000,-0.171963401,1.203299605,2.471967615,0.712374979
stage2/3,1.180000,-0.171963345,1.204653663,2.472014422,0.712374979
stage2/3,1.200000,-0.171963287,1.206039818,2.472062338,0.712374979
stage2/3,1.220000,-0.171963227,1.207457950,2.472111360,0.712374979
stage2/3,1.240000,-0.171963167,1.208907925,2.472161483,0.712374979
stage2/3,1.260000,-0.171963104,1.210389590,2.472212701,0.712374979
stage2/3,1.280000,-0.171963041,1.211902776,2.472265009,0.712374979
stage2/3,1.300000,-0.171962976,1.213447298,2.472318400,0.712374979
stage2/3,1.320000,-0.171962910,1.215022957,2.472372868,0.712374979
stage2/3,1.340000,-0.171962843,1.216629537,2.472428404,0.712374979
stage2/3,1.360000,-0.171962775,1.218266805,2.472485001,0.712374979
stage2/3,1.380000,-0.171962705,1.219934517,2.472542650,0.712374979
stage2/3,1.400000,-0.171962634,1.221632410,2.472601343,0.712374979
stage2/3,1.420000,-0.171962561,1.223360211,2.472661070,0.712374979
stage2/3,1.440000,-0.171962488,1.225117627,2.472721820,0.712374979
stage2/3,1.460000,-0.171962413,1.226904357,2.472783584,0.712374979
stage2/3,1.480000,-0.171962337,1.228720083,2.472846350,0.712374979
stage2/3,1.500000,-0.171962260,1.230564473,2.472910107,0.712374979
stage2/3,1.520000,-0.171962181,1.232437183,2.472974843,0.712374979
stage2/3,1.540000,-0.171962102,1.234337858,2.473040545,0.712374979
stage2/3,1.560000,-0.171962021,1.236266126,2.473107202,0.712374979
stage2/3,1.580000,-0.171961939,1.238221605,2.473174799,0.712374979
stage2/3,1.600000,-0.171961856,1.240203902,2.473243323,0.712374979
stage2/3,1.620000,-0.171961772,1.242212610,2.473312760,0.712374979
stage2/3,1.640000,-0.171961687,1.244247311,2.473383095,0.712374979
stage2/3,1.660000,-0.171961600,1.246307576,2.473454315,0.712374979
stage2/3,1.680000,-0.171961513,1.248392964,2.473526402,0.712374979
stage2/3,1.700000,-0.171961425,1.250503024,2.473599343,0.712374979
stage2/3,1.720000,-0.171961335,1.252637294,2.473673120,0.712374979
stage2/3,1.740000,-0.171961245,1.254795302,2.473747718,0.712374979
stage2/3,1.760000,-0.171961153,1.256976566,2.473823120,0.712374979
stage2/3,1.780000,-0.171961061,1.259180593,2.473899309,0.712374979
stage2/3,1.800000,-0.171960968,1.261406881,2.473976268,0.712374979
stage2/3,1.820000,-0.171960874,1.263654919,2.474053978,0.712374979
stage2/3,1.840000,-0.171960779,1.265924188,2.474132422,0.712374979
stage2/3,1.860000,-0.171960683,1.268214157,2.474211582,0.712374979
stage2/3,1.880000,-0.171960586,1.270524290,2.474291438,0.712374979
stage2/3,1.900000,-0.171960488,1.272854041,2.474371973,0.712374979
stage2/3,1.920000,-0.171960390,1.275202856,2.474453167,0.712374979
stage2/3,1.940000,-0.171960291,1.277570173,2.474535000,0.712374979
stage2/3,1.960000,-0.171960191,1.279955423,2.474617454,0.712374979
stage2/3,1.980000,-0.171960090,1.282358030,2.474700507,0.712374979
stage2/3,2.000000,-0.171959989,1.284777410,2.474784140,0.712374979
stage2/3,2.020000,-0.171959887,1.287212974,2.474868333,0.712374979
stage2/3,2.040000,-0.171959784,1.289664124,2.474953064,0.712374979
stage2/3,2.060000,-0.171959681,1.292130258,2.475038314,0.712374979
stage2/3,2.080000,-0.171959577,1.294610767,2.475124060,0.712374979
stage2/3,2.100000,-0.171959473,1.297105037,2.475210282,0.712374979
stage2/3,2.120000,-0.171959368,1.299612448,2.475296958,0.712374979
stage2/3,2.140000,-0.171959262,1.302132374,2.475384067,0.712374979
stage2/3,2.160000,-0.171959156,1.304664186,2.475471587,0.712374979
stage2/3,2.180000,-0.171959050,1.307207250,2.475559495,0.712374979
stage2/3,2.200000,-0.171958943,1.309760925,2.475647771,0.712374979
stage2/3,2.220000,-0.171958835,1.312324570,2.475736391,0.712374979
stage2/3,2.240000,-0.171958728,1.314897536,2.475825333,0.712374979
stage2/3,2.260000,-0.171958620,1.317479173,2.475914575,0.712374979
stage2/3,2.280000,-0.171958511,1.320068828,2.476004094,0.712374979
stage2/3,2.300000,-0.171958402,1.322665842,2.476093868,0.712374979
stage2/3,2.320000,-0.171958293,1.325269556,2.476183873,0.712374979
stage2/3,2.340000,-0.171958184,1.327879308,2.476274087,0.712374979
stage2/3,2.360000,-0.171958074,1.330494432,2.476364487,0.712374979
stage2/3,2.380000,-0.171957965,1.333114261,2.476455049,0.712374979
stage2/3,2.400000,-0.171957855,1.335738126,2.476545751,0.712374979
stage2/3,2.420000,-0.171957745,1.338365358,2.476636569,0.712374979
stage2/3,2.440000,-0.171957635,1.340995284,2.476727480,0.712374979
stage2/3,2.460000,-0.171957524,1.343627232,2.476818461,0.712374979
stage2/3,2.480000,-0.171957414,1.346260528,2.476909489,0.712374979
stage2/3,2.500000,-0.171957304,1.348894499,2.477000540,0.712374979
stage2/3,2.520000,-0.171957194,1.351528469,2.477091591,0.712374979
stage2/3,2.540000,-0.171957083,1.354161766,2.477182619,0.712374979
stage2/3,2.560000,-0.171956973,1.356793714,2.477273601,0.712374979
stage2/3,2.580000,-0.171956863,1.359423640,2.477364512,0.712374979
stage2/3,2.600000,-0.171956753,1.362050871,2.477455330,0.712374979
stage2/3,2.620000,-0.171956643,1.364674737,2.477546032,0.712374979
stage2/3,2.640000,-0.171956533,1.367294566,2.477636594,0.712374979
stage2/3,2.660000,-0.171956424,1.369909690,2.477726994,0.712374979
stage2/3,2.680000,-0.171956314,1.372519442,2.477817208,0.712374979
stage2/3,2.700000,-0.171956205,1.375123156,2.477907213,0.712374979
stage2/3,2.720000,-0.171956097,1.377720170,2.477996986,0.712374979
stage2/3,2.740000,-0.171955988,1.380309824,2.478086506,0.712374979
stage2/3,2.760000,-0.171955880,1.382891462,2.478175748,0.712374979
stage2/3,2.780000,-0.171955772,1.385464428,2.478264690,0.712374979
stage2/3,2.800000,-0.171955665,1.388028072,2.478353310,0.712374979
stage2/3,2.820000,-0.171955558,1.390581748,2.478441586,0.712374979
stage2/3,2.840000,-0.171955451,1.393124811,2.478529494,0.712374979
stage2/3,2.860000,-0.171955345,1.395656624,2.478617014,0.712374979
stage2/3,2.880000,-0.171955240,1.398176550,2.478704123,0.712374979
stage2/3,2.900000,-0.171955135,1.400683961,2.478790799,0.712374979
stage2/3,2.920000,-0.171955030,1.403178231,2.478877021,0.712374979
stage2/3,2.940000,-0.171954927,1.405658740,2.478962767,0.712374979
stage2/3,2.960000,-0.171954823,1.408124874,2.479048017,0.712374979
stage2/3,2.980000,-0.171954721,1.410576024,2.479132748,0.712374979
stage2/3,3.000000,-0.171954619,1.413011588,2.479216941,0.712374979
stage2/3,3.020000,-0.171954517,1.415430968,2.479300574,0.712374979
stage2/3,3.040000,-0.171954417,1.417833575,2.479383627,0.712374979
stage2/3,3.060000,-0.171954317,1.420218825,2.479466080,0.712374979
stage2/3,3.080000,-0.171954218,1.422586142,2.479547914,0.712374979
stage2/3,3.100000,-0.171954119,1.424934957,2.479629108,0.712374979
stage2/3,3.120000,-0.171954022,1.427264708,2.479709642,0.712374979
stage2/3,3.140000,-0.171953925,1.429574841,2.479789499,0.712374979
stage2/3,3.160000,-0.171953829,1.431864810,2.479868659,0.712374979
stage2/3,3.180000,-0.171953734,1.434134079,2.479947103,0.712374979
stage2/3,3.200000,-0.171953640,1.436382117,2.480024813,0.712374979
stage2/3,3.220000,-0.171953547,1.438608405,2.480101772,0.712374979
stage2/3,3.240000,-0.171953454,1.440812432,2.480177960,0.712374979
stage2/3,3.260000,-0.171953363,1.442993696,2.480253362,0.712374979
stage2/3,3.280000,-0.171953273,1.445151704,2.480327960,0.712374979
stage2/3,3.300000,-0.171953183,1.447285974,2.480401738,0.712374979
stage2/3,3.320000,-0.171953095,1.449396034,2.480474678,0.712374979
stage2/3,3.340000,-0.171953007,1.451481422,2.480546766,0.712374979
stage2/3,3.360000,-0.171952921,1.453541687,2.480617985,0.712374979
stage2/3,3.380000,-0.171952836,1.455576388,2.480688321,0.712374979
stage2/3,3.400000,-0.171952752,1.457585096,2.480757758,0.712374979
stage2/3,3.420000,-0.171952669,1.459567393,2.480826282,0.712374979
stage2/3,3.440000,-0.171952587,1.461522872,2.480893879,0.712374979
stage2/3,3.460000,-0.171952506,1.463451140,2.480960535,0.712374979
stage2/3,3.480000,-0.171952427,1.465351814,2.481026238,0.712374979
stage2/3,3.500000,-0.171952348,1.467224525,2.481090974,0.712374979
stage2/3,3.520000,-0.171952271,1.469068915,2.481154731,0.712374979
stage2/3,3.540000,-0.171952195,1.470884641,2.481217497,0.712374979
stage2/3,3.560000,-0.171952120,1.472671371,2.481279260,0.712374979
stage2/3,3.580000,-0.171952046,1.474428787,2.481340011,0.712374979
stage2/3,3.600000,-0.171951974,1.476156587,2.481399737,0.712374979
stage2/3,3.620000,-0.171951903,1.477854481,2.481458430,0.712374979
stage2/3,3.640000,-0.171951833,1.479522193,2.481516080,0.712374979
stage2/3,3.660000,-0.171951765,1.481159461,2.481572677,0.712374979
stage2/3,3.680000,-0.171951697,1.482766041,2.481628213,0.712374979
stage2/3,3.700000,-0.171951631,1.484341700,2.481682680,0.712374979
stage2/3,3.720000,-0.171951567,1.485886222,2.481736072,0.712374979
stage2/3,3.740000,-0.171951503,1.487399408,2.481788379,0.712374979
stage2/3,3.760000,-0.171951441,1.488881073,2.481839598,0.712374979
stage2/3,3.780000,-0.171951380,1.490331048,2.481889720,0.712374979
stage2/3,3.800000,-0.171951321,1.491749180,2.481938742,0.712374979
stage2/3,3.820000,-0.171951263,1.493135335,2.481986659,0.712374979
stage2/3,3.840000,-0.171951206,1.494489393,2.482033466,0.712374979
stage2/3,3.860000,-0.171951151,1.495811253,2.482079160,0.712374979
stage2/3,3.880000,-0.171951097,1.497100830,2.482123738,0.712374979
stage2/3,3.900000,-0.171951044,1.498358057,2.482167198,0.712374979
stage2/3,3.920000,-0.171950993,1.499582886,2.482209538,0.712374979
stage2/3,3.940000,-0.171950943,1.500775286,2.482250757,0.712374979
stage2/3,3.960000,-0.171950894,1.501935244,2.482290854,0.712374979
stage2/3,3.980000,-0.171950847,1.503062767,2.482329831,0.712374979
stage2/3,4.000000,-0.171950801,1.504157879,2.482367686,0.712374979
stage2/3,4.020000,-0.171950757,1.505220625,2.482404423,0.712374979
stage2/3,4.040000,-0.171950714,1.506251069,2.482440044,0.712374979
stage2/3,4.060000,-0.171950672,1.507249294,2.482474550,0.712374979
stage2/3,4.080000,-0.171950631,1.508215404,2.482507947,0.712374979
stage2/3,4.100000,-0.171950592,1.509149522,2.482540238,0.712374979
stage2/3,4.120000,-0.171950555,1.510051791,2.482571427,0.712374979
stage2/3,4.140000,-0.171950518,1.510922378,2.482601522,0.712374979
stage2/3,4.160000,-0.171950483,1.511761467,2.482630527,0.712374979
stage2/3,4.180000,-0.171950449,1.512569265,2.482658451,0.712374979
stage2/3,4.200000,-0.171950417,1.513346000,2.482685301,0.712374979
stage2/3,4.220000,-0.171950385,1.514091924,2.482711087,0.712374979
stage2/3,4.240000,-0.171950355,1.514807308,2.482735816,0.712374979
stage2/3,4.260000,-0.171950327,1.515492446,2.482759500,0.712374979
stage2/3,4.280000,-0.171950299,1.516147655,2.482782149,0.712374979
stage2/3,4.300000,-0.171950273,1.516773276,2.482803776,0.712374979
stage2/3,4.320000,-0.171950248,1.517369671,2.482824392,0.712374979
stage2/3,4.340000,-0.171950224,1.517937226,2.482844011,0.712374979
stage2/3,4.360000,-0.171950202,1.518476351,2.482862647,0.712374979
stage2/3,4.380000,-0.171950180,1.518987478,2.482880316,0.712374979
stage2/3,4.400000,-0.171950160,1.519471067,2.482897033,0.712374979
stage2/3,4.420000,-0.171950141,1.519927599,2.482912814,0.712374979
stage2/3,4.440000,-0.171950123,1.520357579,2.482927678,0.712374979
stage2/3,4.460000,-0.171950106,1.520761540,2.482941642,0.712374979
stage2/3,4.480000,-0.171950090,1.521140039,2.482954726,0.712374979
stage2/3,4.500000,-0.171950075,1.521493656,2.482966950,0.712374979
stage2/3,4.520000,-0.171950062,1.521823000,2.482978334,0.712374979
stage2/3,4.540000,-0.171950049,1.522128704,2.482988902,0.712374979
stage2/3,4.560000,-0.171950037,1.522411427,2.482998675,0.712374979
stage2/3,4.580000,-0.171950026,1.522671855,2.483007678,0.712374979
stage2/3,4.600000,-0.171950016,1.522910701,2.483015934,0.712374979
stage2/3,4.620000,-0.171950007,1.523128705,2.483023470,0.712374979
stage2/3,4.640000,-0.171949999,1.523326633,2.483030312,0.712374979
stage2/3,4.660000,-0.171949991,1.523505280,2.483036487,0.712374979
stage2/3,4.680000,-0.171949984,1.523665467,2.483042025,0.712374979
stage2/3,4.700000,-0.171949978,1.523808044,2.483046953,0.712374979
stage2/3,4.720000,-0.171949973,1.523933889,2.483051304,0.712374979
stage2/3,4.740000,-0.171949969,1.524043910,2.483055107,0.712374979
stage2/3,4.760000,-0.171949965,1.524139040,2.483058395,0.712374979
stage2/3,4.780000,-0.171949961,1.524220245,2.483061202,0.712374979
stage2/3,4.800000,-0.171949958,1.524288518,2.483063562,0.712374979
stage2/3,4.820000,-0.171949956,1.524344883,2.483065511,0.712374979
stage2/3,4.840000,-0.171949954,1.524390391,2.483067084,0.712374979
stage2/3,4.860000,-0.171949953,1.524426127,2.483068319,0.712374979
stage2/3,4.880000,-0.171949951,1.524453202,2.483069255,0.712374979
stage2/3,4.900000,-0.171949951,1.524472762,2.483069931,0.712374979
stage2/3,4.920000,-0.171949950,1.524485980,2.483070388,0.712374979
stage2/3,4.940000,-0.171949950,1.524494063,2.483070668,0.712374979
stage2/3,4.960000,-0.171949949,1.524498246,2.483070812,0.712374979
stage2/3,4.980000,-0.171949949,1.524499799,2.483070866,0.712374979
stage2/3,5.000000,-0.171949949,1.524500023,2.483070874,0.712374979
stage2/4,0.000000,-0.171949949,1.524500023,2.483070874,0.712374979
stage2/4,0.020000,-0.171949695,1.524499994,2.483070820,0.712374979
stage2/4,0.040000,-0.171947927,1.524499798,2.483070443,0.712374979
stage2/4,0.060000,-0.171943164,1.524499269,2.483069428,0.712374979
stage2/4,0.080000,-0.171933962,1.524498247,2.483067467,0.712374979
stage2/4,0.100000,-0.171918914,1.524496575,2.483064259,0.712374979
stage2/4,0.120000,-0.171896645,1.524494102,2.483059514,0.712374979
stage2/4,0.140000,-0.171865820,1.524490678,2.483052944,0.712374979
stage2/4,0.160000,-0.171825136,1.524486159,2.483044273,0.712374979
stage2/4,0.180000,-0.171773325,1.524480404,2.483033232,0.712374979
stage2/4,0.200000,-0.171709155,1.524473277,2.483019556,0.712374979
stage2/4,0.220000,-0.171631427,1.524464643,2.483002990,0.712374979
stage2/4,0.240000,-0.171538976,1.524454374,2.482983287,0.712374979
stage2/4,0.260000,-0.171430672,1.524442345,2.482960205,0.712374979
stage2/4,0.280000,-0.171305415,1.524428432,2.482933511,0.712374979
stage2/4,0.300000,-0.171162142,1.524412518,2.482902976,0.712374979
stage2/4,0.320000,-0.170999820,1.524394488,2.482868382,0.712374979
stage2/4,0.340000,-0.170817450,1.524374232,2.482829516,0.712374979
stage2/4,0.360000,-0.170614063,1.524351641,2.482786170,0.712374979
stage2/4,0.380000,-0.170388725,1.524326612,2.482738146,0.712374979
stage2/4,0.400000,-0.170140531,1.524299044,2.482685251,0.712374979
stage2/4,0.420000,-0.169868608,1.524268840,2.482627299,0.712374979
stage2/4,0.440000,-0.169572115,1.524235907,2.482564110,0.712374979
stage2/4,0.460000,-0.169250239,1.524200155,2.482495512,0.712374979
stage2/4,0.480000,-0.168902200,1.524161497,2.482421338,0.712374979
stage2/4,0.500000,-0.168527247,1.524119850,2.482341428,0.712374979
stage2/4,0.520000,-0.168124659,1.524075133,2.482255628,0.712374979
stage2/4,0.540000,-0.167693745,1.524027270,2.482163792,0.712374979
stage2/4,0.560000,-0.167233841,1.523976186,2.482065777,0.712374979
stage2/4,0.580000,-0.166744315,1.523921813,2.481961449,0.712374979
stage2/4,0.600000,-0.166224561,1.523864082,2.481850680,0.712374979
stage2/4,0.620000,-0.165674002,1.523802929,2.481733345,0.712374979
stage2/4,0.640000,-0.165092091,1.523738294,2.481609328,0.712374979
stage2/4,0.660000,-0.164478306,1.523670118,2.481478518,0.712374979
stage2/4,0.680000,-0.163832153,1.523598348,2.481340810,0.712374979
stage2/4,0.700000,-0.163153167,1.523522930,2.481196105,0.712374979
stage2/4,0.720000,-0.162440907,1.523443817,2.481044308,0.712374979
stage2/4,0.740000,-0.161694961,1.523360962,2.480885332,0.712374979
stage2/4,0.760000,-0.160914942,1.523274322,2.480719094,0.712374979
stage2/4,0.780000,-0.160100489,1.523183857,2.480545518,0.712374979
stage2/4,0.800000,-0.159251266,1.523089531,2.480364532,0.712374979
stage2/4,0.820000,-0.158366964,1.522991308,2.480176070,0.712374979
stage2/4,0.840000,-0.157447299,1.522889157,2.479980070,0.712374979
stage2/4,0.860000,-0.156492009,1.522783050,2.479776479,0.712374979
stage2/4,0.880000,-0.155500860,1.522672959,2.479565246,0.712374979
stage2/4,0.900000,-0.154473640,1.522558862,2.479346325,0.712374979
stage2/4,0.920000,-0.153410161,1.522440737,2.479119676,0.712374979
stage2/4,0.940000,-0.152310260,1.522318567,2.478885265,0.712374979
stage2/4,0.960000,-0.151173796,1.522192335,2.478643062,0.712374979
stage2/4,0.980000,-0.150000651,1.522062030,2.478393042,0.712374979
stage2/4,1.000000,-0.148790731,1.521927639,2.478135184,0.712374979
stage2/4,1.020000,-0.147543962,1.521789156,2.477869473,0.712374979
stage2/4,1.040000,-0.146260295,1.521646574,2.477595898,0.712374979
stage2/4,1.060000,-0.144939700,1.521499890,2.477314453,0.712374979
stage2/4,1.080000,-0.143582172,1.521349104,2.477025136,0.712374979
stage2/4,1.100000,-0.142187723,1.521194217,2.476727951,0.712374979
stage2/4,1.120000,-0.140756388,1.521035234,2.476422906,0.712374979
stage2/4,1.140000,-0.139288225,1.520872159,2.476110011,0.712374979
stage2/4,1.160000,-0.137783308,1.520705002,2.475789283,0.712374979
stage2/4,1.180000,-0.136241733,1.520533773,2.475460743,0.712374979
stage2/4,1.200000,-0.134663617,1.520358486,2.475124415,0.712374979
stage2/4,1.220000,-0.133049095,1.520179155,2.474780328,0.712374979
stage2/4,1.240000,-0.131398321,1.519995797,2.474428515,0.712374979
stage2/4,1.260000,-0.129711469,1.519808432,2.474069014,0.712374979
stage2/4,1.280000,-0.127988730,1.519617081,2.473701864,0.712374979
stage2/4,1.300000,-0.126230315,1.519421767,2.473327110,0.712374979
stage2/4,1.320000,-0.124436451,1.519222515,2.472944802,0.712374979
stage2/4,1.340000,-0.122607385,1.519019354,2.472554992,0.712374979
stage2/4,1.360000,-0.120743380,1.518812312,2.472157735,0.712374979
stage2/4,1.380000,-0.118844716,1.518601420,2.471753092,0.712374979
stage2/4,1.400000,-0.116911690,1.518386711,2.471341126,0.712374979
stage2/4,1.420000,-0.114944616,1.518168220,2.470921904,0.712374979
stage2/4,1.440000,-0.112943824,1.517945985,2.470495495,0.712374979
stage2/4,1.460000,-0.110909659,1.517720042,2.470061974,0.712374979
stage2/4,1.480000,-0.108842484,1.517490433,2.469621418,0.712374979
stage2/4,1.500000,-0.106742674,1.517257199,2.469173907,0.712374979
stage2/4,1.520000,-0.104610621,1.517020384,2.468719524,0.712374979
stage2/4,1.540000,-0.102446733,1.516780032,2.468258356,0.712374979
stage2/4,1.560000,-0.100251429,1.516536192,2.467790493,0.712374979
stage2/4,1.580000,-0.098025146,1.516288910,2.467316028,0.712374979
stage2/4,1.600000,-0.095768331,1.516038237,2.466835056,0.712374979
stage2/4,1.620000,-0.093481448,1.515784224,2.466347676,0.712374979
stage2/4,1.640000,-0.091164972,1.515526924,2.465853989,0.712374979
stage2/4,1.660000,-0.088819393,1.515266391,2.465354099,0.712374979
stage2/4,1.680000,-0.086445210,1.515002682,2.464848114,0.712374979
stage2/4,1.700000,-0.084042939,1.514735852,2.464336142,0.712374979
stage2/4,1.720000,-0.081613105,1.514465961,2.463818296,0.712374979
stage2/4,1.740000,-0.079156246,1.514193068,2.463294690,0.712374979
stage2/4,1.760000,-0.076672911,1.513917235,2.462765442,0.712374979
stage2/4,1.780000,-0.074163660,1.513638522,2.462230671,0.712374979
stage2/4,1.800000,-0.071629066,1.513356995,2.461690498,0.712374979
stage2/4,1.820000,-0.069069708,1.513072718,2.461145049,0.712374979
stage2/4,1.840000,-0.066486181,1.512785755,2.460594447,0.712374979
stage2/4,1.860000,-0.063879086,1.512496175,2.460038824,0.712374979
stage2/4,1.880000,-0.061249035,1.512204045,2.459478307,0.712374979
stage2/4,1.900000,-0.058596649,1.511909434,2.458913031,0.712374979
stage2/4,1.920000,-0.055922559,1.511612413,2.458343130,0.712374979
stage2/4,1.940000,-0.053227405,1.511313052,2.457768739,0.712374979
stage2/4,1.960000,-0.050511835,1.511011423,2.457189997,0.712374979
stage2/4,1.980000,-0.047776504,1.510707599,2.456607043,0.712374979
stage2/4,2.000000,-0.045022076,1.510401654,2.456020020,0.712374979
stage2/4,2.020000,-0.042249225,1.510093663,2.455429070,0.712374979
stage2/4,2.040000,-0.039458628,1.509783701,2.454834338,0.712374979
stage2/4,2.060000,-0.036650972,1.509471843,2.454235971,0.712374979
stage2/4,2.080000,-0.033826950,1.509158169,2.453634116,0.712374979
stage2/4,2.100000,-0.030987262,1.508842753,2.453028922,0.712374979
stage2/4,2.120000,-0.028132613,1.508525677,2.452420540,0.712374979
stage2/4,2.140000,-0.025263716,1.508207017,2.451809120,0.712374979
stage2/4,2.160000,-0.022381286,1.507886854,2.451194817,0.712374979
stage2/4,2.180000,-0.019486048,1.507565269,2.450577784,0.712374979
stage2/4,2.200000,-0.016578727,1.507242342,2.449958177,0.712374979
stage2/4,2.220000,-0.013660058,1.506918154,2.449336150,0.712374979
stage2/4,2.240000,-0.010730775,1.506592787,2.448711862,0.712374979
stage2/4,2.260000,-0.007791620,1.506266324,2.448085469,0.712374979
stage2/4,2.280000,-0.004843339,1.505938847,2.447457132,0.712374979
stage2/4,2.300000,-0.001886678,1.505610439,2.446827009,0.712374979
stage2/4,2.320000,0.001077611,1.505281184,2.446195260,0.712374979
stage2/4,2.340000,0.004048773,1.504951166,2.445562046,0.712374979
stage2/4,2.360000,0.007026051,1.504620468,2.444927529,0.712374979
stage2/4,2.380000,0.010008687,1.504289175,2.444291870,0.712374979
stage2/4,2.400000,0.012995918,1.503957372,2.443655232,0.712374979
stage2/4,2.420000,0.015986981,1.503625143,2.443017777,0.712374979
stage2/4,2.440000,0.018981111,1.503292573,2.442379668,0.712374979
stage2/4,2.460000,0.021977544,1.502959748,2.441741069,0.712374979
stage2/4,2.480000,0.024975511,1.502626752,2.441102142,0.712374979
stage2/4,2.500000,0.027974246,1.502293671,2.440463052,0.712374979
stage2/4,2.520000,0.030972981,1.501960590,2.439823962,0.712374979
stage2/4,2.540000,0.033970948,1.501627594,2.439185036,0.712374979
stage2/4,2.560000,0.036967381,1.501294769,2.438546436,0.712374979
stage2/4,2.580000,0.039961511,1.500962200,2.437908327,0.712374979
stage2/4,2.600000,0.042952574,1.500629971,2.437270872,0.712374979
stage2/4,2.620000,0.045939805,1.500298167,2.436634234,0.712374979
stage2/4,2.640000,0.048922440,1.499966875,2.435998575,0.712374979
stage2/4,2.660000,0.051899719,1.499636177,2.435364058,0.712374979
stage2/4,2.680000,0.054870881,1.499306158,2.434730844,0.712374979
stage2/4,2.700000,0.057835169,1.498976903,2.434099095,0.712374979
stage2/4,2.720000,0.060791830,1.498648496,2.433468972,0.712374979
stage2/4,2.740000,0.063740112,1.498321019,2.432840635,0.712374979
stage2/4,2.760000,0.066679267,1.497994555,2.432214242,0.712374979
stage2/4,2.780000,0.069608549,1.497669189,2.431589954,0.712374979
stage2/4,2.800000,0.072527219,1.497345001,2.430967927,0.712374979
stage2/4,2.820000,0.075434539,1.497022073,2.430348320,0.712374979
stage2/4,2.840000,0.078329778,1.496700488,2.429731287,0.712374979
stage2/4,2.860000,0.081212208,1.496380326,2.429116984,0.712374979
stage2/4,2.880000,0.084081105,1.496061666,2.428505565,0.712374979
stage2/4,2.900000,0.086935754,1.495744589,2.427897182,0.712374979
stage2/4,2.920000,0.089775442,1.495429174,2.427291988,0.712374979
stage2/4,2.940000,0.092599464,1.495115499,2.426690133,0.712374979
stage2/4,2.960000,0.095407120,1.494803642,2.426091766,0.712374979
stage2/4,2.980000,0.098197716,1.494493680,2.425497034,0.712374979
stage2/4,3.000000,0.100970568,1.494185688,2.424906084,0.712374979
stage2/4,3.020000,0.103724995,1.493879743,2.424319061,0.712374979
stage2/4,3.040000,0.106460326,1.493575920,2.423736108,0.712374979
stage2/4,3.060000,0.109175897,1.493274291,2.423157365,0.712374979
stage2/4,3.080000,0.111871051,1.492974930,2.422582974,0.712374979
stage2/4,3.100000,0.114545141,1.492677908,2.422013073,0.712374979
stage2/4,3.120000,0.117197526,1.492383297,2.421447797,0.712374979
stage2/4,3.140000,0.119827577,1.492091167,2.420887281,0.712374979
stage2/4,3.160000,0.122434673,1.491801587,2.420331657,0.712374979
stage2/4,3.180000,0.125018200,1.491514625,2.419781056,0.712374979
stage2/4,3.200000,0.127577557,1.491230347,2.419235606,0.712374979
stage2/4,3.220000,0.130112152,1.490948820,2.418695433,0.712374979
stage2/4,3.240000,0.132621403,1.490670108,2.418160662,0.712374979
stage2/4,3.260000,0.135104738,1.490394274,2.417631414,0.712374979
stage2/4,3.280000,0.137561597,1.490121382,2.417107808,0.712374979
stage2/4,3.300000,0.139991431,1.489851491,2.416589962,0.712374979
stage2/4,3.320000,0.142393702,1.489584661,2.416077991,0.712374979
stage2/4,3.340000,0.144767884,1.489320951,2.415572005,0.712374979
stage2/4,3.360000,0.147113464,1.489060419,2.415072115,0.712374979
stage2/4,3.380000,0.149429940,1.488803119,2.414578428,0.712374979
stage2/4,3.400000,0.151716823,1.488549106,2.414091048,0.712374979
stage2/4,3.420000,0.153973638,1.488298433,2.413610076,0.712374979
stage2/4,3.440000,0.156199921,1.488051151,2.413135611,0.712374979
stage2/4,3.460000,0.158395225,1.487807310,2.412667748,0.712374979
stage2/4,3.480000,0.160559113,1.487566959,2.412206580,0.712374979
stage2/4,3.500000,0.162691166,1.487330143,2.411752197,0.712374979
stage2/4,3.520000,0.164790976,1.487096909,2.411304686,0.712374979
stage2/4,3.540000,0.166858151,1.486867300,2.410864130,0.712374979
stage2/4,3.560000,0.168892316,1.486641358,2.410430609,0.712374979
stage2/4,3.580000,0.170893108,1.486419122,2.410004201,0.712374979
stage2/4,3.600000,0.172860182,1.486200632,2.409584978,0.712374979
stage2/4,3.620000,0.174793207,1.485985923,2.409173012,0.712374979
stage2/4,3.640000,0.176691871,1.485775031,2.408768369,0.712374979
stage2/4,3.660000,0.178555877,1.485567989,2.408371112,0.712374979
stage2/4,3.680000,0.180384943,1.485364827,2.407981302,0.712374979
stage2/4,3.700000,0.182178806,1.485165576,2.407598994,0.712374979
stage2/4,3.720000,0.183937222,1.484970262,2.407224240,0.712374979
stage2/4,3.740000,0.185659961,1.484778911,2.406857090,0.712374979
stage2/4,3.760000,0.187346813,1.484591546,2.406497589,0.712374979
stage2/4,3.780000,0.188997587,1.484408188,2.406145776,0.712374979
stage2/4,3.800000,0.190612109,1.484228857,2.405801689,0.712374979
stage2/4,3.820000,0.192190225,1.484053569,2.405465361,0.712374979
stage2/4,3.840000,0.193731800,1.483882341,2.405136821,0.712374979
stage2/4,3.860000,0.195236717,1.483715184,2.404816093,0.712374979
stage2/4,3.880000,0.196704880,1.483552109,2.404503199,0.712374979
stage2/4,3.900000,0.198136214,1.483393125,2.404198153,0.712374979
stage2/4,3.920000,0.199530663,1.483238238,2.403900968,0.712374979
stage2/4,3.940000,0.200888192,1.483087452,2.403611652,0.712374979
stage2/4,3.960000,0.202208787,1.482940769,2.403330207,0.712374979
stage2/4,3.980000,0.203492454,1.482798187,2.403056632,0.712374979
stage2/4,4.000000,0.204739222,1.482659704,2.402790920,0.712374979
stage2/4,4.020000,0.205949143,1.482525313,2.402533062,0.712374979
stage2/4,4.040000,0.207122288,1.482395007,2.402283042,0.712374979
stage2/4,4.060000,0.208258752,1.482268776,2.402040839,0.712374979
stage2/4,4.080000,0.209358653,1.482146606,2.401806428,0.712374979
stage2/4,4.100000,0.210422131,1.482028481,2.401579780,0.712374979
stage2/4,4.120000,0.211449351,1.481914384,2.401360858,0.712374979
stage2/4,4.140000,0.212440501,1.481804293,2.401149625,0.712374979
stage2/4,4.160000,0.213395790,1.481698185,2.400946034,0.712374979
stage2/4,4.180000,0.214315456,1.481596034,2.400750035,0.712374979
stage2/4,4.200000,0.215199758,1.481497812,2.400561572,0.712374979
stage2/4,4.220000,0.216048981,1.481403485,2.400380586,0.712374979
stage2/4,4.240000,0.216863434,1.481313021,2.400207010,0.712374979
stage2/4,4.260000,0.217643453,1.481226381,2.400040772,0.712374979
stage2/4,4.280000,0.218389399,1.481143526,2.399881796,0.712374979
stage2/4,4.300000,0.219101659,1.481064412,2.399730000,0.712374979
stage2/4,4.320000,0.219780645,1.480988995,2.399585294,0.712374979
stage2/4,4.340000,0.220426798,1.480917224,2.399447586,0.712374979
stage2/4,4.360000,0.221040583,1.480849049,2.399316776,0.712374979
stage2/4,4.380000,0.221622494,1.480784414,2.399192759,0.712374979
stage2/4,4.400000,0.222173052,1.480723261,2.399075425,0.712374979
stage2/4,4.420000,0.222692806,1.480665530,2.398964655,0.712374979
stage2/4,4.440000,0.223182333,1.480611156,2.398860327,0.712374979
stage2/4,4.460000,0.223642237,1.480560073,2.398762312,0.712374979
stage2/4,4.480000,0.224073151,1.480512210,2.398670476,0.712374979
stage2/4,4.500000,0.224475739,1.480467493,2.398584676,0.712374979
stage2/4,4.520000,0.224850692,1.480425845,2.398504766,0.712374979
stage2/4,4.540000,0.225198731,1.480387187,2.398430592,0.712374979
stage2/4,4.560000,0.225520606,1.480351435,2.398361994,0.712374979
stage2/4,4.580000,0.225817100,1.480318502,2.398298806,0.712374979
stage2/4,4.600000,0.226089023,1.480288299,2.398240853,0.712374979
stage2/4,4.620000,0.226337217,1.480260731,2.398187958,0.712374979
stage2/4,4.640000,0.226562555,1.480235702,2.398139934,0.712374979
stage2/4,4.660000,0.226765941,1.480213111,2.398096589,0.712374979
stage2/4,4.680000,0.226948312,1.480192854,2.398057722,0.712374979
stage2/4,4.700000,0.227110634,1.480174825,2.398023128,0.712374979
stage2/4,4.720000,0.227253907,1.480158911,2.397992593,0.712374979
stage2/4,4.740000,0.227379163,1.480144998,2.397965899,0.712374979
stage2/4,4.760000,0.227487468,1.480132968,2.397942817,0.712374979
stage2/4,4.780000,0.227579919,1.480122699,2.397923114,0.712374979
stage2/4,4.800000,0.227657647,1.480114066,2.397906548,0.712374979
stage2/4,4.820000,0.227721817,1.480106938,2.397892873,0.712374979
stage2/4,4.840000,0.227773627,1.480101183,2.397881831,0.712374979
stage2/4,4.860000,0.227814312,1.480096664,2.397873160,0.712374979
stage2/4,4.880000,0.227845137,1.480093241,2.397866591,0.712374979
stage2/4,4.900000,0.227867405,1.480090767,2.397861845,0.712374979
stage2/4,4.920000,0.227882454,1.480089096,2.397858638,0.712374979
stage2/4,4.940000,0.227891656,1.480088074,2.397856676,0.712374979
stage2/4,4.960000,0.227896418,1.480087545,2.397855661,0.712374979
stage2/4,4.980000,0.227898187,1.480087348,2.397855285,0.712374979
stage2/4,5.000000,0.227898441,1.480087320,2.397855230,0.712374979
stage2/5,0.000000,0.227898441,1.480087320,2.397855230,0.712374979
stage2/5,0.020000,0.227898441,1.480087278,2.397855224,0.712374979
stage2/5,0.040000,0.227898439,1.480086989,2.397855179,0.712374979
stage2/5,0.060000,0.227898435,1.480086205,2.397855059,0.712374979
stage2/5,0.080000,0.227898426,1.480084686,2.397854825,0.712374979
stage2/5,0.100000,0.227898412,1.480082190,2.397854441,0.712374979
stage2/5,0.120000,0.227898391,1.480078483,2.397853870,0.712374979
stage2/5,0.140000,0.227898361,1.480073329,2.397853077,0.712374979
stage2/5,0.160000,0.227898322,1.480066499,2.397852025,0.712374979
stage2/5,0.180000,0.227898272,1.480057765,2.397850681,0.712374979
stage2/5,0.200000,0.227898210,1.480046901,2.397849009,0.712374979
stage2/5,0.220000,0.227898135,1.480033686,2.397846974,0.712374979
stage2/5,0.240000,0.227898044,1.480017900,2.397844545,0.712374979
stage2/5,0.260000,0.227897938,1.479999328,2.397841686,0.712374979
stage2/5,0.280000,0.227897815,1.479977756,2.397838365,0.712374979
stage2/5,0.300000,0.227897673,1.479952973,2.397834550,0.712374979
stage2/5,0.320000,0.227897512,1.479924771,2.397830209,0.712374979
stage2/5,0.340000,0.227897330,1.479892947,2.397825311,0.712374979
stage2/5,0.360000,0.227897126,1.479857297,2.397819823,0.712374979
stage2/5,0.380000,0.227896899,1.479817622,2.397813716,0.712374979
stage2/5,0.400000,0.227896648,1.479773726,2.397806959,0.712374979
stage2/5,0.420000,0.227896372,1.479725415,2.397799522,0.712374979
stage2/5,0.440000,0.227896070,1.479672499,2.397791377,0.712374979
stage2/5,0.460000,0.227895740,1.479614788,2.397782494,0.712374979
stage2/5,0.480000,0.227895381,1.479552097,2.397772844,0.712374979
stage2/5,0.500000,0.227894993,1.479484244,2.397762399,0.712374979
stage2/5,0.520000,0.227894575,1.479411049,2.397751132,0.712374979
stage2/5,0.540000,0.227894125,1.479332334,2.397739015,0.712374979
stage2/5,0.560000,0.227893642,1.479247924,2.397726022,0.712374979
stage2/5,0.580000,0.227893126,1.479157647,2.397712126,0.712374979
stage2/5,0.600000,0.227892575,1.479061335,2.397697301,0.712374979
stage2/5,0.620000,0.227891989,1.478958820,2.397681521,0.712374979
stage2/5,0.640000,0.227891367,1.478849938,2.397664760,0.712374979
stage2/5,0.660000,0.227890707,1.478734529,2.397646995,0.712374979
stage2/5,0.680000,0.227890009,1.478612432,2.397628201,0.712374979
stage2/5,0.700000,0.227889272,1.478483492,2.397608354,0.712374979
stage2/5,0.720000,0.227888494,1.478347556,2.397587429,0.712374979
stage2/5,0.740000,0.227887676,1.478204472,2.397565404,0.712374979
stage2/5,0.760000,0.227886816,1.478054091,2.397542256,0.712374979
stage2/5,0.780000,0.227885914,1.477896269,2.397517962,0.712374979
stage2/5,0.800000,0.227884968,1.477730861,2.397492501,0.712374979
stage2/5,0.820000,0.227883979,1.477557727,2.397465851,0.712374979
stage2/5,0.840000,0.227882944,1.477376728,2.397437990,0.712374979
stage2/5,0.860000,0.227881863,1.477187728,2.397408897,0.712374979
stage2/5,0.880000,0.227880736,1.476990595,2.397378552,0.712374979
stage2/5,0.900000,0.227879562,1.476785198,2.397346935,0.712374979
stage2/5,0.920000,0.227878339,1.476571407,2.397314027,0.712374979
stage2/5,0.940000,0.227877068,1.476349097,2.397279807,0.712374979
stage2/5,0.960000,0.227875748,1.476118146,2.397244256,0.712374979
stage2/5,0.980000,0.227874377,1.475878431,2.397207357,0.712374979
stage2/5,1.000000,0.227872956,1.475629834,2.397169090,0.712374979
stage2/5,1.020000,0.227871483,1.475372238,2.397129439,0.712374979
stage2/5,1.040000,0.227869958,1.475105531,2.397088385,0.712374979
stage2/5,1.060000,0.227868381,1.474829601,2.397045911,0.712374979
stage2/5,1.080000,0.227866750,1.474544339,2.397002001,0.712374979
stage2/5,1.100000,0.227865065,1.474249637,2.396956637,0.712374979
stage2/5,1.120000,0.227863326,1.473945392,2.396909805,0.712374979
stage2/5,1.140000,0.227861531,1.473631503,2.396861488,0.712374979
stage2/5,1.160000,0.227859681,1.473307868,2.396811671,0.712374979
stage2/5,1.180000,0.227857774,1.472974391,2.396760339,0.712374979
stage2/5,1.200000,0.227855811,1.472630977,2.396707477,0.712374979
stage2/5,1.220000,0.227853790,1.472277533,2.396653072,0.712374979
stage2/5,1.240000,0.227851711,1.471913968,2.396597108,0.712374979
stage2/5,1.260000,0.227849574,1.471540195,2.396539573,0.712374979
stage2/5,1.280000,0.227847378,1.471156128,2.396480454,0.712374979
stage2/5,1.300000,0.227845123,1.470761683,2.396419737,0.712374979
stage2/5,1.320000,0.227842808,1.470356778,2.396357410,0.712374979
stage2/5,1.340000,0.227840433,1.469941334,2.396293461,0.712374979
stage2/5,1.360000,0.227837997,1.469515274,2.396227878,0.712374979
stage2/5,1.380000,0.227835500,1.469078524,2.396160649,0.712374979
stage2/5,1.400000,0.227832941,1.468631010,2.396091763,0.712374979
stage2/5,1.420000,0.227830321,1.468172663,2.396021210,0.712374979
stage2/5,1.440000,0.227827638,1.467703413,2.395948978,0.712374979
stage2/5,1.460000,0.227824892,1.467223196,2.395875059,0.712374979
stage2/5,1.480000,0.227822084,1.466731946,2.395799441,0.712374979
stage2/5,1.500000,0.227819211,1.466229602,2.395722115,0.712374979
stage2/5,1.520000,0.227816276,1.465716103,2.395643072,0.712374979
stage2/5,1.540000,0.227813276,1.465191394,2.395562304,0.712374979
stage2/5,1.560000,0.227810211,1.464655417,2.395479801,0.712374979
stage2/5,1.580000,0.227807082,1.464108119,2.395395556,0.712374979
stage2/5,1.600000,0.227803888,1.463549449,2.395309560,0.712374979
stage2/5,1.620000,0.227800629,1.462979357,2.395221806,0.712374979
stage2/5,1.640000,0.227797304,1.462397797,2.395132286,0.712374979
stage2/5,1.660000,0.227793913,1.461804722,2.395040994,0.712374979
stage2/5,1.680000,0.227790456,1.461200089,2.394947923,0.712374979
stage2/5,1.700000,0.227786933,1.460583857,2.394853067,0.712374979
stage2/5,1.720000,0.227783343,1.459955987,2.394756419,0.712374979
stage2/5,1.740000,0.227779686,1.459316441,2.394657974,0.712374979
stage2/5,1.760000,0.227775963,1.458665184,2.394557726,0.712374979
stage2/5,1.780000,0.227772172,1.458002182,2.394455670,0.712374979
stage2/5,1.800000,0.227768314,1.457327405,2.394351802,0.712374979
stage2/5,1.820000,0.227764389,1.456640821,2.394246116,0.712374979
stage2/5,1.840000,0.227760396,1.455942405,2.394138609,0.712374979
stage2/5,1.860000,0.227756335,1.455232130,2.394029277,0.712374979
stage2/5,1.880000,0.227752206,1.454509971,2.393918115,0.712374979
stage2/5,1.900000,0.227748009,1.453775908,2.393805121,0.712374979
stage2/5,1.920000,0.227743744,1.453029921,2.393690291,0.712374979
stage2/5,1.940000,0.227739411,1.452271990,2.393573623,0.712374979
stage2/5,1.960000,0.227735009,1.451502099,2.393455114,0.712374979
stage2/5,1.980000,0.227730539,1.450720235,2.393334762,0.712374979
stage2/5,2.000000,0.227726000,1.449926384,2.393212564,0.712374979
stage2/5,2.020000,0.227721393,1.449120536,2.393088520,0.712374979
stage2/5,2.040000,0.227716717,1.448302681,2.392962628,0.712374979
stage2/5,2.060000,0.227711972,1.447472812,2.392834886,0.712374979
stage2/5,2.080000,0.227707159,1.446630923,2.392705295,0.712374979
stage2/5,2.100000,0.227702276,1.445777011,2.392573852,0.712374979
stage2/5,2.120000,0.227697326,1.444911074,2.392440559,0.712374979
stage2/5,2.140000,0.227692306,1.444033111,2.392305414,0.712374979
stage2/5,2.160000,0.227687218,1.443143124,2.392168419,0.712374979
stage2/5,2.180000,0.227682060,1.442241116,2.392029573,0.712374979
stage2/5,2.200000,0.227676835,1.441327092,2.391888877,0.712374979
stage2/5,2.220000,0.227671540,1.440401058,2.391746333,0.712374979
stage2/5,2.240000,0.227666177,1.439463023,2.391601942,0.712374979
stage2/5,2.260000,0.227660745,1.438512996,2.391455704,0.712374979
stage2/5,2.280000,0.227655245,1.437550990,2.391307623,0.712374979
stage2/5,2.300000,0.227649677,1.436577017,2.391157699,0.712374979
stage2/5,2.320000,0.227644040,1.435591092,2.391005936,0.712374979
stage2/5,2.340000,0.227638335,1.434593232,2.390852336,0.712374979
stage2/5,2.360000,0.227632561,1.433583454,2.390696901,0.712374979
stage2/5,2.380000,0.227626720,1.432561779,2.390539635,0.712374979
stage2/5,2.400000,0.227620811,1.431528227,2.390380540,0.712374979
stage2/5,2.420000,0.227614834,1.430482822,2.390219621,0.712374979
stage2/5,2.440000,0.227608789,1.429425587,2.390056881,0.712374979
stage2/5,2.460000,0.227602677,1.428356549,2.389892325,0.712374979
stage2/5,2.480000,0.227596498,1.427275735,2.389725955,0.712374979
stage2/5,2.500000,0.227590251,1.426183175,2.389557777,0.712374979
stage2/5,2.520000,0.227583938,1.425078898,2.389387796,0.712374979
stage2/5,2.540000,0.227577557,1.423962936,2.389216017,0.712374979
stage2/5,2.560000,0.227571110,1.422835324,2.389042444,0.712374979
stage2/5,2.580000,0.227564597,1.421696095,2.388867082,0.712374979
stage2/5,2.600000,0.227558017,1.420545287,2.388689939,0.712374979
stage2/5,2.620000,0.227551372,1.419382938,2.388511019,0.712374979
stage2/5,2.640000,0.227544660,1.418209086,2.388330328,0.712374979
stage2/5,2.660000,0.227537884,1.417023772,2.388147873,0.712374979
stage2/5,2.680000,0.227531041,1.415827039,2.387963660,0.712374979
stage2/5,2.700000,0.227524134,1.414618930,2.387777696,0.712374979
stage2/5,2.720000,0.227517162,1.413399490,2.387589988,0.712374979
stage2/5,2.740000,0.227510126,1.412168765,2.387400543,0.712374979
stage2/5,2.760000,0.227503025,1.410926803,2.387209368,0.712374979
stage2/5,2.780000,0.227495860,1.409673654,2.387016471,0.712374979
stage2/5,2.800000,0.227488632,1.408409367,2.386821859,0.712374979
stage2/5,2.820000,0.227481340,1.407133994,2.386625541,0.712374979
stage2/5,2.840000,0.227473985,1.405847588,2.386427525,0.712374979
stage2/5,2.860000,0.227466568,1.404550204,2.386227819,0.712374979
stage2/5,2.880000,0.227459087,1.403241898,2.386026432,0.712374979
stage2/5,2.900000,0.227451545,1.401922725,2.385823372,0.712374979
stage2/5,2.920000,0.227443941,1.400592745,2.385618648,0.712374979
stage2/5,2.940000,0.227436276,1.399252017,2.385412270,0.712374979
stage2/5,2.960000,0.227428549,1.397900601,2.385204247,0.712374979
stage2/5,2.980000,0.227420762,1.396538560,2.384994589,0.712374979
stage2/5,3.000000,0.227412914,1.395165957,2.384783304,0.712374979
stage2/5,3.020000,0.227405007,1.393782855,2.384570404,0.712374979
stage2/5,3.040000,0.227397039,1.392389322,2.384355897,0.712374979
stage2/5,3.060000,0.227389013,1.390985422,2.384139795,0.712374979
stage2/5,3.080000,0.227380927,1.389571226,2.383922108,0.712374979
stage2/5,3.100000,0.227372783,1.388146800,2.383702847,0.712374979
stage2/5,3.120000,0.227364581,1.386712217,2.383482022,0.712374979
stage2/5,3.140000,0.227356321,1.385267547,2.383259644,0.712374979
stage2/5,3.160000,0.227348005,1.383812862,2.383035725,0.712374979
stage2/5,3.180000,0.227339631,1.382348237,2.382810275,0.712374979
stage2/5,3.200000,0.227331200,1.380873746,2.382583307,0.712374979
stage2/5,3.220000,0.227322714,1.379389464,2.382354832,0.712374979
stage2/5,3.240000,0.227314173,1.377895470,2.382124862,0.712374979
stage2/5,3.260000,0.227305576,1.376391841,2.381893409,0.712374979
stage2/5,3.280000,0.227296924,1.374878655,2.381660484,0.712374979
stage2/5,3.300000,0.227288219,1.373355994,2.381426101,0.712374979
stage2/5,3.320000,0.227279459,1.371823937,2.381190272,0.712374979
stage2/5,3.340000,0.227270647,1.370282568,2.380953010,0.712374979
stage2/5,3.360000,0.227261781,1.368731969,2.380714326,0.712374979
stage2/5,3.380000,0.227252864,1.367172225,2.380474235,0.712374979
stage2/5,3.400000,0.227243894,1.365603421,2.380232750,0.712374979
stage2/5,3.420000,0.227234874,1.364025642,2.379989883,0.712374979
stage2/5,3.440000,0.227225802,1.362438976,2.379745647,0.712374979
stage2/5,3.460000,0.227216680,1.360843511,2.379500058,0.712374979
stage2/5,3.480000,0.227207509,1.359239336,2.379253128,0.712374979
stage2/5,3.500000,0.227198288,1.357626540,2.379004870,0.712374979
stage2/5,3.520000,0.227189018,1.356005215,2.378755300,0.712374979
stage2/5,3.540000,0.227179700,1.354375452,2.378504431,0.712374979
stage2/5,3.560000,0.227170334,1.352737344,2.378252277,0.712374979
stage2/5,3.580000,0.227160921,1.351090984,2.377998854,0.712374979
stage2/5,3.600000,0.227151462,1.349436466,2.377744174,0.712374979
stage2/5,3.620000,0.227141956,1.347773886,2.377488253,0.712374979
stage2/5,3.640000,0.227132405,1.346103339,2.377231107,0.712374979
stage2/5,3.660000,0.227122809,1.344424923,2.376972748,0.712374979
stage2/5,3.680000,0.227113169,1.342738735,2.376713194,0.712374979
stage2/5,3.700000,0.227103484,1.341044874,2.376452458,0.712374979
stage2/5,3.720000,0.227093756,1.339343438,2.376190557,0.712374979
stage2/5,3.740000,0.227083986,1.337634528,2.375927504,0.712374979
stage2/5,3.760000,0.227074173,1.335918245,2.375663317,0.712374979
stage2/5,3.780000,0.227064319,1.334194689,2.375398011,0.712374979
stage2/5,3.800000,0.227054424,1.332463964,2.375131601,0.712374979
stage2/5,3.820000,0.227044488,1.330726173,2.374864103,0.712374979
stage2/5,3.840000,0.227034513,1.328981418,2.374595533,0.712374979
stage2/5,3.860000,0.227024498,1.327229806,2.374325908,0.712374979
stage2/5,3.880000,0.227014445,1.325471440,2.374055243,0.712374979
stage2/5,3.900000,0.227004354,1.323706426,2.373783555,0.712374979
stage2/5,3.920000,0.226994225,1.321934872,2.373510860,0.712374979
stage2/5,3.940000,0.226984060,1.320156883,2.373237175,0.712374979
stage2/5,3.960000,0.226973858,1.318372569,2.372962515,0.712374979
stage2/5,3.980000,0.226963621,1.316582037,2.372686899,0.712374979
stage2/5,4.000000,0.226953349,1.314785397,2.372410343,0.712374979
stage2/5,4.020000,0.226943043,1.312982758,2.372132863,0.712374979
stage2/5,4.040000,0.226932703,1.311174230,2.371854477,0.712374979
stage2/5,4.060000,0.226922330,1.309359925,2.371575201,0.712374979
stage2/5,4.080000,0.226911924,1.307539953,2.371295053,0.712374979
stage2/5,4.100000,0.226901487,1.305714428,2.371014051,0.712374979
stage2/5,4.120000,0.226891019,1.303883460,2.370732210,0.712374979
stage2/5,4.140000,0.226880520,1.302047164,2.370449550,0.712374979
stage2/5,4.160000,0.226869991,1.300205653,2.370166086,0.712374979
stage2/5,4.180000,0.226859433,1.298359041,2.369881838,0.712374979
stage2/5,4.200000,0.226848847,1.296507443,2.369596822,0.712374979
stage2/5,4.220000,0.226838233,1.294650974,2.369311056,0.712374979
stage2/5,4.240000,0.226827592,1.292789750,2.369024558,0.712374979
stage2/5,4.260000,0.226816924,1.290923886,2.368737346,0.712374979
stage2/5,4.280000,0.226806230,1.289053500,2.368449438,0.712374979
stage2/5,4.300000,0.226795511,1.287178707,2.368160851,0.712374979
stage2/5,4.320000,0.226784768,1.285299627,2.367871605,0.712374979
stage2/5,4.340000,0.226774001,1.283416375,2.367581716,0.712374979
stage2/5,4.360000,0.226763210,1.281529072,2.367291204,0.712374979
stage2/5,4.380000,0.226752397,1.279637834,2.367000086,0.712374979
stage2/5,4.400000,0.226741563,1.277742782,2.366708382,0.712374979
stage2/5,4.420000,0.226730707,1.275844035,2.366416108,0.712374979
stage2/5,4.440000,0.226719831,1.273941712,2.366123284,0.712374979
stage2/5,4.460000,0.226708934,1.272035934,2.365829928,0.712374979
stage2/5,4.480000,0.226698019,1.270126821,2.365536058,0.712374979
stage2/5,4.500000,0.226687086,1.268214494,2.365241694,0.712374979
stage2/5,4.520000,0.226676135,1.266299073,2.364946854,0.712374979
stage2/5,4.540000,0.226665167,1.264380681,2.364651556,0.712374979
stage2/5,4.560000,0.226654182,1.262459439,2.364355820,0.712374979
stage2/5,4.580000,0.226643182,1.260535468,2.364059664,0.712374979
stage2/5,4.600000,0.226632167,1.258608892,2.363763106,0.712374979
stage2/5,4.620000,0.226621138,1.256679832,2.363466166,0.712374979
stage2/5,4.640000,0.226610095,1.254748411,2.363168863,0.712374979
stage2/5,4.660000,0.226599040,1.252814752,2.362871216,0.712374979
stage2/5,4.680000,0.226587972,1.250878979,2.362573242,0.712374979
stage2/5,4.700000,0.226576893,1.248941214,2.362274963,0.712374979
stage2/5,4.720000,0.226565804,1.247001581,2.361976395,0.712374979
stage2/5,4.740000,0.226554704,1.245060204,2.361677560,0.712374979
stage2/5,4.760000,0.226543595,1.243117207,2.361378475,0.712374979
stage2/5,4.780000,0.226532478,1.241172713,2.361079159,0.712374979
stage2/5,4.800000,0.226521353,1.239226848,2.360779632,0.712374979
stage2/5,4.820000,0.226510220,1.237279735,2.360479914,0.712374979
stage2/5,4.840000,0.226499082,1.235331498,2.360180022,0.712374979
stage2/5,4.860000,0.226487937,1.233382263,2.359879977,0.712374979
stage2/5,4.880000,0.226476788,1.231432153,2.359579797,0.712374979
stage2/5,4.900000,0.226465634,1.229481294,2.359279502,0.712374979
stage2/5,4.920000,0.226454476,1.227529811,2.358979110,0.712374979
stage2/5,4.940000,0.226443316,1.225577827,2.358678642,0.712374979
stage2/5,4.960000,0.226432154,1.223625469,2.358378116,0.712374979
stage2/5,4.980000,0.226420990,1.221672861,2.358077551,0.712374979
stage2/5,5.000000,0.226409826,1.219720128,2.357776968,0.712374979
stage2/5,5.020000,0.226398661,1.217767395,2.357476384,0.712374979
stage2/5,5.040000,0.226387497,1.215814787,2.357175819,0.712374979
stage2/5,5.060000,0.226376335,1.213862428,2.356875293,0.712374979
stage2/5,5.080000,0.226365175,1.211910445,2.356574825,0.712374979
stage2/5,5.100000,0.226354017,1.209958961,2.356274433,0.712374979
stage2/5,5.120000,0.226342864,1.208008103,2.355974138,0.712374979
stage2/5,5.140000,0.226331714,1.206057993,2.355673958,0.712374979
stage2/5,5.160000,0.226320570,1.204108758,2.355373913,0.712374979
stage2/5,5.180000,0.226309431,1.202160521,2.355074021,0.712374979
stage2/5,5.200000,0.226298299,1.200213408,2.354774303,0.712374979
stage2/5,5.220000,0.226287173,1.198267542,2.354474776,0.712374979
stage2/5,5.240000,0.226276056,1.196323049,2.354175460,0.712374979
stage2/5,5.260000,0.226264947,1.194380052,2.353876375,0.712374979
stage2/5,5.280000,0.226253847,1.192438675,2.353577540,0.712374979
stage2/5,5.300000,0.226242758,1.190499042,2.353278972,0.712374979
stage2/5,5.320000,0.226231679,1.188561277,2.352980693,0.712374979
stage2/5,5.340000,0.226220611,1.186625504,2.352682720,0.712374979
stage2/5,5.360000,0.226209556,1.184691845,2.352385072,0.712374979
stage2/5,5.380000,0.226198513,1.182760424,2.352087769,0.712374979
stage2/5,5.400000,0.226187484,1.180831364,2.351790829,0.712374979
stage2/5,5.420000,0.226176469,1.178904788,2.351494271,0.712374979
stage2/5,5.440000,0.226165469,1.176980817,2.351198115,0.712374979
stage2/5,5.460000,0.226154485,1.175059575,2.350902379,0.712374979
stage2/5,5.480000,0.226143517,1.173141182,2.350607081,0.712374979
stage2/5,5.500000,0.226132565,1.171225762,2.350312241,0.712374979
stage2/5,5.520000,0.226121632,1.169313435,2.350017877,0.712374979
stage2/5,5.540000,0.226110717,1.167404321,2.349724007,0.712374979
stage2/5,5.560000,0.226099821,1.165498543,2.349430651,0.712374979
stage2/5,5.580000,0.226088945,1.163596220,2.349137827,0.712374979
stage2/5,5.600000,0.226078089,1.161697473,2.348845553,0.712374979
stage2/5,5.620000,0.226067254,1.159802421,2.348553849,0.712374979
stage2/5,5.640000,0.226056441,1.157911184,2.348262731,0.712374979
stage2/5,5.660000,0.226045651,1.156023880,2.347972219,0.712374979
stage2/5,5.680000,0.226034883,1.154140629,2.347682330,0.712374979
stage2/5,5.700000,0.226024140,1.152261548,2.347393084,0.712374979
stage2/5,5.720000,0.226013421,1.150386756,2.347104497,0.712374979
stage2/5,5.740000,0.226002727,1.148516369,2.346816589,0.712374979
stage2/5,5.760000,0.225992060,1.146650506,2.346529377,0.712374979
stage2/5,5.780000,0.225981418,1.144789281,2.346242879,0.712374979
stage2/5,5.800000,0.225970804,1.142932812,2.345957113,0.712374979
stage2/5,5.820000,0.225960218,1.141081214,2.345672097,0.712374979
stage2/5,5.840000,0.225949660,1.139234602,2.345387849,0.712374979
stage2/5,5.860000,0.225939132,1.137393091,2.345104385,0.712374979
stage2/5,5.880000,0.225928633,1.135556795,2.344821725,0.712374979
stage2/5,5.900000,0.225918164,1.133725828,2.344539884,0.712374979
stage2/5,5.920000,0.225907727,1.131900302,2.344258882,0.712374979
stage2/5,5.940000,0.225897322,1.130080331,2.343978734,0.712374979
stage2/5,5.960000,0.225886949,1.128266025,2.343699458,0.712374979
stage2/5,5.980000,0.225876609,1.126457498,2.343421072,0.712374979
stage2/5,6.000000,0.225866302,1.124654859,2.343143592,0.712374979
stage2/5,6.020000,0.225856030,1.122858218,2.342867036,0.712374979
stage2/5,6.040000,0.225845793,1.121067687,2.342591420,0.712374979
stage2/5,6.060000,0.225835592,1.119283372,2.342316760,0.712374979
stage2/5,6.080000,0.225825426,1.117505384,2.342043075,0.712374979
stage2/5,6.100000,0.225815298,1.115733830,2.341770380,0.712374979
stage2/5,6.120000,0.225805206,1.113968816,2.341498692,0.712374979
stage2/5,6.140000,0.225795153,1.112210450,2.341228027,0.712374979
stage2/5,6.160000,0.225785138,1.110458837,2.340958402,0.712374979
stage2/5,6.180000,0.225775163,1.108714083,2.340689832,0.712374979
stage2/5,6.200000,0.225765227,1.106976291,2.340422334,0.712374979
stage2/5,6.220000,0.225755332,1.105245566,2.340155924,0.712374979
stage2/5,6.240000,0.225745478,1.103522011,2.339890618,0.712374979
stage2/5,6.260000,0.225735665,1.101805728,2.339626431,0.712374979
stage2/5,6.280000,0.225725895,1.100096818,2.339363378,0.712374979
stage2/5,6.300000,0.225716167,1.098395382,2.339101477,0.712374979
stage2/5,6.320000,0.225706483,1.096701520,2.338840741,0.712374979
stage2/5,6.340000,0.225696842,1.095015332,2.338581187,0.712374979
stage2/5,6.360000,0.225687246,1.093336916,2.338322828,0.712374979
stage2/5,6.380000,0.225677695,1.091666370,2.338065682,0.712374979
stage2/5,6.400000,0.225668189,1.090003790,2.337809761,0.712374979
stage2/5,6.420000,0.225658730,1.088349272,2.337555081,0.712374979
stage2/5,6.440000,0.225649317,1.086702912,2.337301658,0.712374979
stage2/5,6.460000,0.225639951,1.085064804,2.337049504,0.712374979
stage2/5,6.480000,0.225630633,1.083435041,2.336798635,0.712374979
stage2/5,6.500000,0.225621364,1.081813715,2.336549065,0.712374979
stage2/5,6.520000,0.225612143,1.080200920,2.336300807,0.712374979
stage2/5,6.540000,0.225602971,1.078596745,2.336053877,0.712374979
stage2/5,6.560000,0.225593849,1.077001280,2.335808288,0.712374979
stage2/5,6.580000,0.225584778,1.075414614,2.335564052,0.712374979
stage2/5,6.600000,0.225575757,1.073836835,2.335321185,0.712374979
stage2/5,6.620000,0.225566787,1.072268031,2.335079700,0.712374979
stage2/5,6.640000,0.225557870,1.070708286,2.334839609,0.712374979
stage2/5,6.660000,0.225549004,1.069157688,2.334600925,0.712374979
stage2/5,6.680000,0.225540192,1.067616318,2.334363663,0.712374979
stage2/5,6.700000,0.225531433,1.066084262,2.334127834,0.712374979
stage2/5,6.720000,0.225522727,1.064561600,2.333893451,0.712374979
stage2/5,6.740000,0.225514076,1.063048415,2.333660526,0.712374979
stage2/5,6.760000,0.225505479,1.061544786,2.333429073,0.712374979
stage2/5,6.780000,0.225496937,1.060050791,2.333199103,0.712374979
stage2/5,6.800000,0.225488451,1.058566510,2.332970628,0.712374979
stage2/5,6.820000,0.225480021,1.057092019,2.332743660,0.712374979
stage2/5,6.840000,0.225471647,1.055627394,2.332518210,0.712374979
stage2/5,6.860000,0.225463330,1.054172709,2.332294291,0.712374979
stage2/5,6.880000,0.225455070,1.052728039,2.332071913,0.712374979
stage2/5,6.900000,0.225446868,1.051293455,2.331851088,0.712374979
stage2/5,6.920000,0.225438724,1.049869030,2.331631827,0.712374979
stage2/5,6.940000,0.225430639,1.048454833,2.331414140,0.712374979
stage2/5,6.960000,0.225422612,1.047050934,2.331198038,0.712374979
stage2/5,6.980000,0.225414645,1.045657400,2.330983531,0.712374979
stage2/5,7.000000,0.225406737,1.044274299,2.330770631,0.712374979
stage2/5,7.020000,0.225398889,1.042901696,2.330559346,0.712374979
stage2/5,7.040000,0.225391102,1.041539655,2.330349688,0.712374979
stage2/5,7.060000,0.225383375,1.040188239,2.330141665,0.712374979
stage2/5,7.080000,0.225375710,1.038847511,2.329935287,0.712374979
stage2/5,7.100000,0.225368106,1.037517531,2.329730563,0.712374979
stage2/5,7.120000,0.225360564,1.036198358,2.329527503,0.712374979
stage2/5,7.140000,0.225353084,1.034890051,2.329326116,0.712374979
stage2/5,7.160000,0.225345666,1.033592667,2.329126410,0.712374979
stage2/5,7.180000,0.225338311,1.032306262,2.328928394,0.712374979
stage2/5,7.200000,0.225331019,1.031030889,2.328732076,0.712374979
stage2/5,7.220000,0.225323791,1.029766602,2.328537464,0.712374979
stage2/5,7.240000,0.225316626,1.028513452,2.328344567,0.712374979
stage2/5,7.260000,0.225309526,1.027271491,2.328153392,0.712374979
stage2/5,7.280000,0.225302489,1.026040766,2.327963947,0.712374979
stage2/5,7.300000,0.225295517,1.024821326,2.327776239,0.712374979
stage2/5,7.320000,0.225288610,1.023613217,2.327590275,0.712374979
stage2/5,7.340000,0.225281768,1.022416484,2.327406062,0.712374979
stage2/5,7.360000,0.225274991,1.021231170,2.327223607,0.712374979
stage2/5,7.380000,0.225268280,1.020057318,2.327042916,0.712374979
stage2/5,7.400000,0.225261634,1.018894968,2.326863996,0.712374979
stage2/5,7.420000,0.225255054,1.017744160,2.326686853,0.712374979
stage2/5,7.440000,0.225248541,1.016604932,2.326511491,0.712374979
stage2/5,7.460000,0.225242094,1.015477320,2.326337918,0.712374979
stage2/5,7.480000,0.225235714,1.014361358,2.326166139,0.712374979
stage2/5,7.500000,0.225229400,1.013257081,2.325996158,0.712374979
stage2/5,7.520000,0.225223153,1.012164520,2.325827980,0.712374979
stage2/5,7.540000,0.225216974,1.011083707,2.325661610,0.712374979
stage2/5,7.560000,0.225210862,1.010014669,2.325497054,0.712374979
stage2/5,7.580000,0.225204817,1.008957434,2.325334314,0.712374979
stage2/5,7.600000,0.225198840,1.007912029,2.325173395,0.712374979
stage2/5,7.620000,0.225192931,1.006878477,2.325014300,0.712374979
stage2/5,7.640000,0.225187090,1.005856802,2.324857034,0.712374979
stage2/5,7.660000,0.225181317,1.004847024,2.324701599,0.712374979
stage2/5,7.680000,0.225175611,1.003849164,2.324547999,0.712374979
stage2/5,7.700000,0.225169975,1.002863239,2.324396236,0.712374979
stage2/5,7.720000,0.225164406,1.001889266,2.324246312,0.712374979
stage2/5,7.740000,0.225158906,1.000927259,2.324098231,0.712374979
stage2/5,7.760000,0.225153474,0.999977233,2.323951993,0.712374979
stage2/5,7.780000,0.225148111,0.999039198,2.323807602,0.712374979
stage2/5,7.800000,0.225142817,0.998113164,2.323665058,0.712374979
stage2/5,7.820000,0.225137591,0.997199140,2.323524362,0.712374979
stage2/5,7.840000,0.225132434,0.996297132,2.323385516,0.712374979
stage2/5,7.860000,0.225127345,0.995407145,2.323248521,0.712374979
stage2/5,7.880000,0.225122326,0.994529182,2.323113376,0.712374979
stage2/5,7.900000,0.225117375,0.993663245,2.322980083,0.712374979
stage2/5,7.920000,0.225112493,0.992809333,2.322848640,0.712374979
stage2/5,7.940000,0.225107679,0.991967444,2.322719049,0.712374979
stage2/5,7.960000,0.225102935,0.991137575,2.322591307,0.712374979
stage2/5,7.980000,0.225098259,0.990319720,2.322465415,0.712374979
stage2/5,8.000000,0.225093651,0.989513871,2.322341371,0.712374979
stage2/5,8.020000,0.225089113,0.988720020,2.322219173,0.712374979
stage2/5,8.040000,0.225084642,0.987938156,2.322098821,0.712374979
stage2/5,8.060000,0.225080241,0.987168266,2.321980312,0.712374979
stage2/5,8.080000,0.225075907,0.986410335,2.321863644,0.712374979
stage2/5,8.100000,0.225071642,0.985664347,2.321748814,0.712374979
stage2/5,8.120000,0.225067445,0.984930284,2.321635820,0.712374979
stage2/5,8.140000,0.225063316,0.984208126,2.321524658,0.712374979
stage2/5,8.160000,0.225059256,0.983497851,2.321415326,0.712374979
stage2/5,8.180000,0.225055262,0.982799434,2.321307819,0.712374979
stage2/5,8.200000,0.225051337,0.982112851,2.321202133,0.712374979
stage2/5,8.220000,0.225047479,0.981438073,2.321098265,0.712374979
stage2/5,8.240000,0.225043688,0.980775072,2.320996209,0.712374979
stage2/5,8.260000,0.225039965,0.980123815,2.320895961,0.712374979
stage2/5,8.280000,0.225036308,0.979484269,2.320797516,0.712374979
stage2/5,8.300000,0.225032719,0.978856399,2.320700868,0.712374979
stage2/5,8.320000,0.225029195,0.978240167,2.320606012,0.712374979
stage2/5,8.340000,0.225025738,0.977635534,2.320512941,0.712374979
stage2/5,8.360000,0.225022348,0.977042459,2.320421649,0.712374979
stage2/5,8.380000,0.225019023,0.976460898,2.320332129,0.712374979
stage2/5,8.400000,0.225015763,0.975890807,2.320244375,0.712374979
stage2/5,8.420000,0.225012569,0.975332137,2.320158379,0.712374979
stage2/5,8.440000,0.225009440,0.974784839,2.320074134,0.712374979
stage2/5,8.460000,0.225006376,0.974248862,2.319991631,0.712374979
stage2/5,8.480000,0.225003376,0.973724152,2.319910863,0.712374979
stage2/5,8.500000,0.225000440,0.973210654,2.319831820,0.712374979
stage2/5,8.520000,0.224997568,0.972708310,2.319754494,0.712374979
stage2/5,8.540000,0.224994759,0.972217060,2.319678876,0.712374979
stage2/5,8.560000,0.224992013,0.971736842,2.319604957,0.712374979
stage2/5,8.580000,0.224989331,0.971267593,2.319532725,0.712374979
stage2/5,8.600000,0.224986710,0.970809246,2.319462172,0.712374979
stage2/5,8.620000,0.224984151,0.970361732,2.319393286,0.712374979
stage2/5,8.640000,0.224981654,0.969924982,2.319326057,0.712374979
stage2/5,8.660000,0.224979218,0.969498922,2.319260474,0.712374979
stage2/5,8.680000,0.224976843,0.969083478,2.319196525,0.712374979
stage2/5,8.700000,0.224974528,0.968678573,2.319134198,0.712374979
stage2/5,8.720000,0.224972273,0.968284128,2.319073481,0.712374979
stage2/5,8.740000,0.224970077,0.967900060,2.319014362,0.712374979
stage2/5,8.760000,0.224967940,0.967526287,2.318956827,0.712374979
stage2/5,8.780000,0.224965862,0.967162723,2.318900863,0.712374979
stage2/5,8.800000,0.224963841,0.966809279,2.318846458,0.712374979
stage2/5,8.820000,0.224961877,0.966465865,2.318793596,0.712374979
stage2/5,8.840000,0.224959971,0.966132388,2.318742264,0.712374979
stage2/5,8.860000,0.224958120,0.965808753,2.318692447,0.712374979
stage2/5,8.880000,0.224956326,0.965494863,2.318644130,0.712374979
stage2/5,8.900000,0.224954586,0.965190618,2.318597298,0.712374979
stage2/5,8.920000,0.224952901,0.964895917,2.318551935,0.712374979
stage2/5,8.940000,0.224951270,0.964610654,2.318508024,0.712374979
stage2/5,8.960000,0.224949693,0.964334724,2.318465550,0.712374979
stage2/5,8.980000,0.224948168,0.964068017,2.318424496,0.712374979
stage2/5,9.000000,0.224946695,0.963810422,2.318384845,0.712374979
stage2/5,9.020000,0.224945274,0.963561825,2.318346578,0.712374979
stage2/5,9.040000,0.224943903,0.963322110,2.318309679,0.712374979
stage2/5,9.060000,0.224942583,0.963091158,2.318274128,0.712374979
stage2/5,9.080000,0.224941312,0.962868849,2.318239908,0.712374979
stage2/5,9.100000,0.224940090,0.962655058,2.318207000,0.712374979
stage2/5,9.120000,0.224938915,0.962449660,2.318175383,0.712374979
stage2/5,9.140000,0.224937788,0.962252527,2.318145038,0.712374979
stage2/5,9.160000,0.224936708,0.962063528,2.318115945,0.712374979
stage2/5,9.180000,0.224935673,0.961882529,2.318088084,0.712374979
stage2/5,9.200000,0.224934683,0.961709395,2.318061434,0.712374979
stage2/5,9.220000,0.224933737,0.961543987,2.318035973,0.712374979
stage2/5,9.240000,0.224932835,0.961386164,2.318011679,0.712374979
stage2/5,9.260000,0.224931975,0.961235784,2.317988531,0.712374979
stage2/5,9.280000,0.224931157,0.961092700,2.317966506,0.712374979
stage2/5,9.300000,0.224930380,0.960956763,2.317945581,0.712374979
stage2/5,9.320000,0.224929643,0.960827824,2.317925734,0.712374979
stage2/5,9.340000,0.224928945,0.960705727,2.317906940,0.712374979
stage2/5,9.360000,0.224928285,0.960590317,2.317889175,0.712374979
stage2/5,9.380000,0.224927662,0.960481436,2.317872414,0.712374979
stage2/5,9.400000,0.224927076,0.960378921,2.317856634,0.712374979
stage2/5,9.420000,0.224926525,0.960282608,2.317841809,0.712374979
stage2/5,9.440000,0.224926009,0.960192332,2.317827913,0.712374979
stage2/5,9.460000,0.224925527,0.960107922,2.317814920,0.712374979
stage2/5,9.480000,0.224925077,0.960029207,2.317802803,0.712374979
stage2/5,9.500000,0.224924658,0.959956011,2.317791536,0.712374979
stage2/5,9.520000,0.224924270,0.959888158,2.317781091,0.712374979
stage2/5,9.540000,0.224923912,0.959825468,2.317771441,0.712374979
stage2/5,9.560000,0.224923582,0.959767757,2.317762558,0.712374979
stage2/5,9.580000,0.224923279,0.959714840,2.317754413,0.712374979
stage2/5,9.600000,0.224923003,0.959666530,2.317746976,0.712374979
stage2/5,9.620000,0.224922752,0.959622634,2.317740219,0.712374979
stage2/5,9.640000,0.224922525,0.959582959,2.317734112,0.712374979
stage2/5,9.660000,0.224922321,0.959547309,2.317728624,0.712374979
stage2/5,9.680000,0.224922139,0.959515484,2.317723726,0.712374979
stage2/5,9.700000,0.224921978,0.959487283,2.317719385,0.712374979
stage2/5,9.720000,0.224921837,0.959462500,2.317715570,0.712374979
stage2/5,9.740000,0.224921713,0.959440928,2.317712249,0.712374979
stage2/5,9.760000,0.224921607,0.959422355,2.317709390,0.712374979
stage2/5,9.780000,0.224921517,0.959406570,2.317706961,0.712374979
stage2/5,9.800000,0.224921441,0.959393355,2.317704926,0.712374979
stage2/5,9.820000,0.224921379,0.959382491,2.317703254,0.712374979
stage2/5,9.840000,0.224921329,0.959373756,2.317701910,0.712374979
stage2/5,9.860000,0.224921290,0.959366926,2.317700858,0.712374979
stage2/5,9.880000,0.224921261,0.959361773,2.317700065,0.712374979
stage2/5,9.900000,0.224921239,0.959358065,2.317699494,0.712374979
stage2/5,9.920000,0.224921225,0.959355570,2.317699110,0.712374979
stage2/5,9.940000,0.224921216,0.959354050,2.317698876,0.712374979
stage2/5,9.960000,0.224921212,0.959353267,2.317698756,0.712374979
stage2/5,9.980000,0.224921210,0.959352977,2.317698711,0.712374979
stage2/5,10.000000,0.224921210,0.959352936,2.317698705,0.712374979
stage2/6,0.000000,0.224921210,0.959352936,2.317698705,0.000000000
stage2/6,0.020000,0.224921210,0.959353266,2.317698753,0.000000000
stage2/6,0.040000,0.224921210,0.959355560,2.317699090,0.000000000
stage2/6,0.060000,0.224921210,0.959361738,2.317699997,0.000000000
stage2/6,0.080000,0.224921211,0.959373675,2.317701750,0.000000000
stage2/6,0.100000,0.224921211,0.959393196,2.317704616,0.000000000
stage2/6,0.120000,0.224921212,0.959422083,2.317708858,0.000000000
stage2/6,0.140000,0.224921213,0.959462071,2.317714729,0.000000000
stage2/6,0.160000,0.224921215,0.959514847,2.317722478,0.000000000
stage2/6,0.180000,0.224921217,0.959582057,2.317732346,0.000000000
stage2/6,0.200000,0.224921219,0.959665300,2.317744569,0.000000000
stage2/6,0.220000,0.224921222,0.959766131,2.317759374,0.000000000
stage2/6,0.240000,0.224921225,0.959886060,2.317776983,0.000000000
stage2/6,0.260000,0.224921229,0.960026555,2.317797612,0.000000000
stage2/6,0.280000,0.224921234,0.960189041,2.317821470,0.000000000
stage2/6,0.300000,0.224921239,0.960374898,2.317848759,0.000000000
stage2/6,0.320000,0.224921245,0.960585466,2.317879676,0.000000000
stage2/6,0.340000,0.224921251,0.960822041,2.317914413,0.000000000
stage2/6,0.360000,0.224921259,0.961085879,2.317953152,0.000000000
stage2/6,0.380000,0.224921267,0.961378193,2.317996072,0.000000000
stage2/6,0.400000,0.224921276,0.961700156,2.318043346,0.000000000
stage2/6,0.420000,0.224921286,0.962052901,2.318095139,0.000000000
stage2/6,0.440000,0.224921297,0.962437519,2.318151612,0.000000000
stage2/6,0.460000,0.224921308,0.962855064,2.318212920,0.000000000
stage2/6,0.480000,0.224921321,0.963306549,2.318279211,0.000000000
stage2/6,0.500000,0.224921335,0.963792946,2.318350629,0.000000000
stage2/6,0.520000,0.224921349,0.964315193,2.318427310,0.000000000
stage2/6,0.540000,0.224921365,0.964874186,2.318509387,0.000000000
stage2/6,0.560000,0.224921382,0.965470784,2.318596985,0.000000000
stage2/6,0.580000,0.224921400,0.966105809,2.318690225,0.000000000
stage2/6,0.600000,0.224921419,0.966780046,2.318789223,0.000000000
stage2/6,0.620000,0.224921439,0.967494243,2.318894088,0.000000000
stage2/6,0.640000,0.224921460,0.968249112,2.319004925,0.000000000
stage2/6,0.660000,0.224921482,0.969045329,2.319121833,0.000000000
stage2/6,0.680000,0.224921506,0.969883533,2.319244907,0.000000000
stage2/6,0.700000,0.224921530,0.970764331,2.319374233,0.000000000
stage2/6,0.720000,0.224921556,0.971688291,2.319509898,0.000000000
stage2/6,0.740000,0.224921583,0.972655950,2.319651979,0.000000000
stage2/6,0.760000,0.224921612,0.973667809,2.319800550,0.000000000
stage2/6,0.780000,0.224921642,0.974724337,2.319955679,0.000000000
stage2/6,0.800000,0.224921672,0.975825969,2.320117431,0.000000000
stage2/6,0.820000,0.224921705,0.976973106,2.320285865,0.000000000
stage2/6,0.840000,0.224921738,0.978166119,2.320461034,0.000000000
stage2/6,0.860000,0.224921773,0.979405343,2.320642989,0.000000000
stage2/6,0.880000,0.224921809,0.980691085,2.320831773,0.000000000
stage2/6,0.900000,0.224921846,0.982023620,2.321027429,0.000000000
stage2/6,0.920000,0.224921885,0.983403190,2.321229990,0.000000000
stage2/6,0.940000,0.224921925,0.984830007,2.321439489,0.000000000
stage2/6,0.960000,0.224921967,0.986304255,2.321655952,0.000000000
stage2/6,0.980000,0.224922009,0.987826087,2.321879402,0.000000000
stage2/6,1.000000,0.224922053,0.989395624,2.322109856,0.000000000
stage2/6,1.020000,0.224922099,0.991012962,2.322347329,0.000000000
stage2/6,1.040000,0.224922145,0.992678165,2.322591830,0.000000000
stage2/6,1.060000,0.224922193,0.994391272,2.322843364,0.000000000
stage2/6,1.080000,0.224922243,0.996152291,2.323101934,0.000000000
stage2/6,1.100000,0.224922294,0.997961203,2.323367535,0.000000000
stage2/6,1.120000,0.224922346,0.999817964,2.323640162,0.000000000
stage2/6,1.140000,0.224922399,1.001722500,2.323919805,0.000000000
stage2/6,1.160000,0.224922454,1.003674714,2.324206447,0.000000000
stage2/6,1.180000,0.224922510,1.005674481,2.324500072,0.000000000
stage2/6,1.200000,0.224922568,1.007721651,2.324800657,0.000000000
stage2/6,1.220000,0.224922626,1.009816047,2.325108176,0.000000000
stage2/6,1.240000,0.224922686,1.011957470,2.325422600,0.000000000
stage2/6,1.260000,0.224922748,1.014145695,2.325743895,0.000000000
stage2/6,1.280000,0.224922811,1.016380473,2.326072027,0.000000000
stage2/6,1.300000,0.224922875,1.018661531,2.326406953,0.000000000
stage2/6,1.320000,0.224922940,1.020988574,2.326748632,0.000000000
stage2/6,1.340000,0.224923007,1.023361282,2.327097015,0.000000000
stage2/6,1.360000,0.224923074,1.025779314,2.327452053,0.000000000
stage2/6,1.380000,0.224923144,1.028242306,2.327813693,0.000000000
stage2/6,1.400000,0.224923214,1.030749873,2.328181878,0.000000000
stage2/6,1.420000,0.224923286,1.033301607,2.328556548,0.000000000
stage2/6,1.440000,0.224923358,1.035897082,2.328937640,0.000000000
stage2/6,1.460000,0.224923432,1.038535849,2.329325088,0.000000000
stage2/6,1.480000,0.224923508,1.041217438,2.329718825,0.000000000
stage2/6,1.500000,0.224923584,1.043941361,2.330118777,0.000000000
stage2/6,1.520000,0.224923662,1.046707110,2.330524870,0.000000000
stage2/6,1.540000,0.224923741,1.049514158,2.330937027,0.000000000
stage2/6,1.560000,0.224923820,1.052361958,2.331355168,0.000000000
stage2/6,1.580000,0.224923902,1.055249946,2.331779210,0.000000000
stage2/6,1.600000,0.224923984,1.058177539,2.332209067,0.000000000
stage2/6,1.620000,0.224924067,1.061144138,2.332644651,0.000000000
stage2/6,1.640000,0.224924151,1.064149126,2.333085872,0.000000000
stage2/6,1.660000,0.224924237,1.067191867,2.333532636,0.000000000
stage2/6,1.680000,0.224924323,1.070271713,2.333984848,0.000000000
stage2/6,1.700000,0.224924411,1.073387996,2.334442410,0.000000000
stage2/6,1.720000,0.224924499,1.076540034,2.334905222,0.000000000
stage2/6,1.740000,0.224924589,1.079727130,2.335373182,0.000000000
stage2/6,1.760000,0.224924679,1.082948571,2.335846184,0.000000000
stage2/6,1.780000,0.224924770,1.086203631,2.336324123,0.000000000
stage2/6,1.800000,0.224924863,1.089491568,2.336806889,0.000000000
stage2/6,1.820000,0.224924956,1.092811627,2.337294371,0.000000000
stage2/6,1.840000,0.224925050,1.096163040,2.337786457,0.000000000
stage2/6,1.860000,0.224925145,1.099545025,2.338283032,0.000000000
stage2/6,1.880000,0.224925240,1.102956790,2.338783980,0.000000000
stage2/6,1.900000,0.224925337,1.106397528,2.339289181,0.000000000
stage2/6,1.920000,0.224925434,1.109866420,2.339798517,0.000000000
stage2/6,1.940000,0.224925533,1.113362638,2.340311865,0.000000000
stage2/6,1.960000,0.224925631,1.116885341,2.340829101,0.000000000
stage2/6,1.980000,0.224925731,1.120433677,2.341350101,0.000000000
stage2/6,2.000000,0.224925831,1.124006786,2.341874739,0.000000000
stage2/6,2.020000,0.224925932,1.127603795,2.342402886,0.000000000
stage2/6,2.040000,0.224926034,1.131223823,2.342934413,0.000000000
stage2/6,2.060000,0.224926136,1.134865981,2.343469189,0.000000000
stage2/6,2.080000,0.224926239,1.138529369,2.344007082,0.000000000
stage2/6,2.100000,0.224926342,1.142213080,2.344547959,0.000000000
stage2/6,2.120000,0.224926446,1.145916198,2.345091686,0.000000000
stage2/6,2.140000,0.224926551,1.149637800,2.345638127,0.000000000
stage2/6,2.160000,0.224926656,1.153376956,2.346187145,0.000000000
stage2/6,2.180000,0.224926761,1.157132728,2.346738603,0.000000000
stage2/6,2.200000,0.224926867,1.160904173,2.347292362,0.000000000
stage2/6,2.220000,0.224926973,1.164690341,2.347848283,0.000000000
stage2/6,2.240000,0.224927080,1.168490276,2.348406225,0.000000000
stage2/6,2.260000,0.224927187,1.172303017,2.348966048,0.000000000
stage2/6,2.280000,0.224927294,1.176127598,2.349527609,0.000000000
stage2/6,2.300000,0.224927402,1.179963049,2.350090766,0.000000000
stage2/6,2.320000,0.224927510,1.183808394,2.350655376,0.000000000
stage2/6,2.340000,0.224927618,1.187662656,2.351221296,0.000000000
stage2/6,2.360000,0.224927726,1.191524852,2.351788380,0.000000000
stage2/6,2.380000,0.224927835,1.195393998,2.352356484,0.000000000
stage2/6,2.400000,0.224927944,1.199269104,2.352925464,0.000000000
stage2/6,2.420000,0.224928052,1.203149182,2.353495174,0.000000000
stage2/6,2.440000,0.224928161,1.207033240,2.354065468,0.000000000
stage2/6,2.460000,0.224928271,1.210920283,2.354636200,0.000000000
stage2/6,2.480000,0.224928380,1.214809317,2.355207225,0.000000000
stage2/6,2.500000,0.224928489,1.218699347,2.355778396,0.000000000
stage2/6,2.520000,0.224928598,1.222589378,2.356349567,0.000000000
stage2/6,2.540000,0.224928707,1.226478412,2.356920592,0.000000000
stage2/6,2.560000,0.224928816,1.230365455,2.357491324,0.000000000
stage2/6,2.580000,0.224928925,1.234249513,2.358061618,0.000000000
stage2/6,2.600000,0.224929034,1.238129591,2.358631328,0.000000000
stage2/6,2.620000,0.224929143,1.242004697,2.359200308,0.000000000
stage2/6,2.640000,0.224929252,1.245873843,2.359768412,0.000000000
stage2/6,2.660000,0.224929360,1.249736039,2.360335496,0.000000000
stage2/6,2.680000,0.224929468,1.253590301,2.360901415,0.000000000
stage2/6,2.700000,0.224929576,1.257435646,2.361466025,0.000000000
stage2/6,2.720000,0.224929684,1.261271097,2.362029183,0.000000000
stage2/6,2.740000,0.224929791,1.265095678,2.362590744,0.000000000
stage2/6,2.760000,0.224929898,1.268908419,2.363150566,0.000000000
stage2/6,2.780000,0.224930005,1.272708354,2.363708509,0.000000000
stage2/6,2.800000,0.224930111,1.276494522,2.364264430,0.000000000
stage2/6,2.820000,0.224930217,1.280265967,2.364818189,0.000000000
stage2/6,2.840000,0.224930322,1.284021739,2.365369647,0.000000000
stage2/6,2.860000,0.224930427,1.287760895,2.365918665,0.000000000
stage2/6,2.880000,0.224930532,1.291482497,2.366465106,0.000000000
stage2/6,2.900000,0.224930636,1.295185615,2.367008833,0.000000000
stage2/6,2.920000,0.224930739,1.298869326,2.367549710,0.000000000
stage2/6,2.940000,0.224930842,1.302532714,2.368087603,0.000000000
stage2/6,2.960000,0.224930944,1.306174872,2.368622379,0.000000000
stage2/6,2.980000,0.224931046,1.309794900,2.369153906,0.000000000
stage2/6,3.000000,0.224931147,1.313391909,2.369682053,0.000000000
stage2/6,3.020000,0.224931247,1.316965018,2.370206690,0.000000000
stage2/6,3.040000,0.224931346,1.320513354,2.370727691,0.000000000
stage2/6,3.060000,0.224931445,1.324036057,2.371244927,0.000000000
stage2/6,3.080000,0.224931543,1.327532275,2.371758275,0.000000000
stage2/6,3.100000,0.224931641,1.331001167,2.372267610,0.000000000
stage2/6,3.120000,0.224931737,1.334441905,2.372772812,0.000000000
stage2/6,3.140000,0.224931833,1.337853669,2.373273760,0.000000000
stage2/6,3.160000,0.224931928,1.341235655,2.373770335,0.000000000
stage2/6,3.180000,0.224932022,1.344587068,2.374262421,0.000000000
stage2/6,3.200000,0.224932115,1.347907127,2.374749903,0.000000000
stage2/6,3.220000,0.224932207,1.351195064,2.375232669,0.000000000
stage2/6,3.240000,0.224932299,1.354450123,2.375710608,0.000000000
stage2/6,3.260000,0.224932389,1.357671565,2.376183610,0.000000000
stage2/6,3.280000,0.224932479,1.360858660,2.376651570,0.000000000
stage2/6,3.300000,0.224932567,1.364010699,2.377114382,0.000000000
stage2/6,3.320000,0.224932655,1.367126982,2.377571944,0.000000000
stage2/6,3.340000,0.224932741,1.370206828,2.378024156,0.000000000
stage2/6,3.360000,0.224932826,1.373249569,2.378470920,0.000000000
stage2/6,3.380000,0.224932911,1.376254557,2.378912141,0.000000000
stage2/6,3.400000,0.224932994,1.379221156,2.379347725,0.000000000
stage2/6,3.420000,0.224933076,1.382148749,2.379777582,0.000000000
stage2/6,3.440000,0.224933157,1.385036737,2.380201624,0.000000000
stage2/6,3.460000,0.224933237,1.387884537,2.380619764,0.000000000
stage2/6,3.480000,0.224933316,1.390691584,2.381031922,0.000000000
stage2/6,3.500000,0.224933394,1.393457333,2.381438015,0.000000000
stage2/6,3.520000,0.224933470,1.396181257,2.381837967,0.000000000
stage2/6,3.540000,0.224933545,1.398862846,2.382231704,0.000000000
stage2/6,3.560000,0.224933619,1.401501612,2.382619152,0.000000000
stage2/6,3.580000,0.224933692,1.404097087,2.383000244,0.000000000
stage2/6,3.600000,0.224933764,1.406648822,2.383374914,0.000000000
stage2/6,3.620000,0.224933834,1.409156389,2.383743099,0.000000000
stage2/6,3.640000,0.224933903,1.411619381,2.384104739,0.000000000
stage2/6,3.660000,0.224933971,1.414037413,2.384459777,0.000000000
stage2/6,3.680000,0.224934038,1.416410121,2.384808160,0.000000000
stage2/6,3.700000,0.224934103,1.418737164,2.385149839,0.000000000
stage2/6,3.720000,0.224934167,1.421018222,2.385484765,0.000000000
stage2/6,3.740000,0.224934230,1.423253000,2.385812896,0.000000000
stage2/6,3.760000,0.224934291,1.425441225,2.386134192,0.000000000
stage2/6,3.780000,0.224934351,1.427582648,2.386448616,0.000000000
stage2/6,3.800000,0.224934410,1.429677044,2.386756135,0.000000000
stage2/6,3.820000,0.224934468,1.431724214,2.387056720,0.000000000
stage2/6,3.840000,0.224934524,1.433723981,2.387350345,0.000000000
stage2/6,3.860000,0.224934579,1.435676195,2.387636987,0.000000000
stage2/6,3.880000,0.224934632,1.437580731,2.387916629,0.000000000
stage2/6,3.900000,0.224934684,1.439437492,2.388189257,0.000000000
stage2/6,3.920000,0.224934735,1.441246404,2.388454858,0.000000000
stage2/6,3.940000,0.224934784,1.443007423,2.388713428,0.000000000
stage2/6,3.960000,0.224934832,1.444720529,2.388964962,0.000000000
stage2/6,3.980000,0.224934879,1.446385733,2.389209463,0.000000000
stage2/6,4.000000,0.224934924,1.448003071,2.389446936,0.000000000
stage2/6,4.020000,0.224934969,1.449572608,2.389677390,0.000000000
stage2/6,4.040000,0.224935011,1.451094439,2.389900840,0.000000000
stage2/6,4.060000,0.224935053,1.452568688,2.390117303,0.000000000
stage2/6,4.080000,0.224935093,1.453995505,2.390326802,0.000000000
stage2/6,4.100000,0.224935131,1.455375075,2.390529363,0.000000000
stage2/6,4.120000,0.224935169,1.456707609,2.390725018,0.000000000
stage2/6,4.140000,0.224935205,1.457993352,2.390913803,0.000000000
stage2/6,4.160000,0.224935240,1.459232576,2.391095758,0.000000000
stage2/6,4.180000,0.224935273,1.460425588,2.391270927,0.000000000
stage2/6,4.200000,0.224935305,1.461572726,2.391439361,0.000000000
stage2/6,4.220000,0.224935336,1.462674357,2.391601113,0.000000000
stage2/6,4.240000,0.224935366,1.463730886,2.391756242,0.000000000
stage2/6,4.260000,0.224935394,1.464742745,2.391904813,0.000000000
stage2/6,4.280000,0.224935421,1.465710404,2.392046894,0.000000000
stage2/6,4.300000,0.224935447,1.466634364,2.392182558,0.000000000
stage2/6,4.320000,0.224935472,1.467515161,2.392311885,0.000000000
stage2/6,4.340000,0.224935496,1.468353366,2.392434958,0.000000000
stage2/6,4.360000,0.224935518,1.469149582,2.392551866,0.000000000
stage2/6,4.380000,0.224935539,1.469904452,2.392662703,0.000000000
stage2/6,4.400000,0.224935559,1.470618649,2.392767569,0.000000000
stage2/6,4.420000,0.224935578,1.471292886,2.392866567,0.000000000
stage2/6,4.440000,0.224935596,1.471927911,2.392959807,0.000000000
stage2/6,4.460000,0.224935613,1.472524509,2.393047405,0.000000000
stage2/6,4.480000,0.224935628,1.473083502,2.393129482,0.000000000
stage2/6,4.500000,0.224935643,1.473605749,2.393206163,0.000000000
stage2/6,4.520000,0.224935657,1.474092146,2.393277580,0.000000000
stage2/6,4.540000,0.224935669,1.474543631,2.393343872,0.000000000
stage2/6,4.560000,0.224935681,1.474961175,2.393405179,0.000000000
stage2/6,4.580000,0.224935692,1.475345794,2.393461653,0.000000000
stage2/6,4.600000,0.224935702,1.475698539,2.393513446,0.000000000
stage2/6,4.620000,0.224935711,1.476020502,2.393560720,0.000000000
stage2/6,4.640000,0.224935719,1.476312816,2.393603640,0.000000000
stage2/6,4.660000,0.224935726,1.476576654,2.393642379,0.000000000
stage2/6,4.680000,0.224935733,1.476813229,2.393677115,0.000000000
stage2/6,4.700000,0.224935739,1.477023796,2.393708033,0.000000000
stage2/6,4.720000,0.224935744,1.477209654,2.393735322,0.000000000
stage2/6,4.740000,0.224935749,1.477372139,2.393759180,0.000000000
stage2/6,4.760000,0.224935753,1.477512635,2.393779809,0.000000000
stage2/6,4.780000,0.224935756,1.477632564,2.393797418,0.000000000
stage2/6,4.800000,0.224935759,1.477733395,2.393812223,0.000000000
stage2/6,4.820000,0.224935761,1.477816638,2.393824445,0.000000000
stage2/6,4.840000,0.224935763,1.477883848,2.393834314,0.000000000
stage2/6,4.860000,0.224935765,1.477936624,2.393842063,0.000000000
stage2/6,4.880000,0.224935766,1.477976612,2.393847934,0.000000000
stage2/6,4.900000,0.224935767,1.478005499,2.393852176,0.000000000
stage2/6,4.920000,0.224935767,1.478025020,2.393855042,0.000000000
stage2/6,4.940000,0.224935767,1.478036957,2.393856795,0.000000000
stage2/6,4.960000,0.224935768,1.478043135,2.393857702,0.000000000
stage2/6,4.980000,0.224935768,1.478045429,2.393858039,0.000000000
stage2/6,5.000000,0.224935768,1.478045759,2.393858087,0.000000000
stage3/1,0.000000,0.224935768,1.478045759,2.393858087,0.000000000
stage3/1,0.020000,0.224935516,1.478045790,2.393858146,0.000000000
stage3/1,0.040000,0.224933764,1.478046004,2.393858556,0.000000000
stage3/1,0.060000,0.224929045,1.478046579,2.393859658,0.000000000
stage3/1,0.080000,0.224919930,1.478047691,2.393861789,0.000000000
stage3/1,0.100000,0.224905021,1.478049509,2.393865273,0.000000000
stage3/1,0.120000,0.224882961,1.478052200,2.393870429,0.000000000
stage3/1,0.140000,0.224852423,1.478055925,2.393877566,0.000000000
stage3/1,0.160000,0.224812118,1.478060840,2.393886986,0.000000000
stage3/1,0.180000,0.224760791,1.478067101,2.393898983,0.000000000
stage3/1,0.200000,0.224697219,1.478074855,2.393913841,0.000000000
stage3/1,0.220000,0.224620216,1.478084247,2.393931838,0.000000000
stage3/1,0.240000,0.224528628,1.478095417,2.393953244,0.000000000
stage3/1,0.260000,0.224421333,1.478108504,2.393978320,0.000000000
stage3/1,0.280000,0.224297245,1.478123639,2.394007322,0.000000000
stage3/1,0.300000,0.224155309,1.478140951,2.394040496,0.000000000
stage3/1,0.320000,0.223994501,1.478160564,2.394078080,0.000000000
stage3/1,0.340000,0.223813832,1.478182600,2.394120306,0.000000000
stage3/1,0.360000,0.223612342,1.478207176,2.394167397,0.000000000
stage3/1,0.380000,0.223389106,1.478234403,2.394219572,0.000000000
stage3/1,0.400000,0.223143227,1.478264393,2.394277039,0.000000000
stage3/1,0.420000,0.222873841,1.478297250,2.394340000,0.000000000
stage3/1,0.440000,0.222580113,1.478333075,2.394408650,0.000000000
stage3/1,0.460000,0.222261239,1.478371968,2.394483177,0.000000000
stage3/1,0.480000,0.221916447,1.478414022,2.394563761,0.000000000
stage3/1,0.500000,0.221544992,1.478459328,2.394650578,0.000000000
stage3/1,0.520000,0.221146159,1.478507973,2.394743793,0.000000000
stage3/1,0.540000,0.220719264,1.478560041,2.394843566,0.000000000
stage3/1,0.560000,0.220263650,1.478615611,2.394950052,0.000000000
stage3/1,0.580000,0.219778690,1.478674761,2.395063397,0.000000000
stage3/1,0.600000,0.219263784,1.478737564,2.395183740,0.000000000
stage3/1,0.620000,0.218718361,1.478804088,2.395311216,0.000000000
stage3/1,0.640000,0.218141878,1.478874401,2.395445952,0.000000000
stage3/1,0.660000,0.217533818,1.478948566,2.395588067,0.000000000
stage3/1,0.680000,0.216893693,1.479026641,2.395737677,0.000000000
stage3/1,0.700000,0.216221040,1.479108684,2.395894889,0.000000000
stage3/1,0.720000,0.215515424,1.479194747,2.396059805,0.000000000
stage3/1,0.740000,0.214776436,1.479284880,2.396232521,0.000000000
stage3/1,0.760000,0.214003692,1.479379131,2.396413126,0.000000000
stage3/1,0.780000,0.213196836,1.479477542,2.396601704,0.000000000
stage3/1,0.800000,0.212355535,1.479580155,2.396798333,0.000000000
stage3/1,0.820000,0.211479482,1.479687006,2.397003084,0.000000000
stage3/1,0.840000,0.210568394,1.479798130,2.397216022,0.000000000
stage3/1,0.860000,0.209622015,1.479913558,2.397437210,0.000000000
stage3/1,0.880000,0.208640111,1.480033320,2.397666700,0.000000000
stage3/1,0.900000,0.207622473,1.480157440,2.397904542,0.000000000
stage3/1,0.920000,0.206568914,1.480285941,2.398150779,0.000000000
stage3/1,0.940000,0.205479273,1.480418844,2.398405449,0.000000000
stage3/1,0.960000,0.204353409,1.480556164,2.398668586,0.000000000
stage3/1,0.980000,0.203191208,1.480697916,2.398940215,0.000000000
stage3/1,1.000000,0.201992573,1.480844112,2.399220359,0.000000000
stage3/1,1.020000,0.200757434,1.480994761,2.399509035,0.000000000
stage3/1,1.040000,0.199485741,1.481149867,2.399806255,0.000000000
stage3/1,1.060000,0.198177464,1.481309436,2.400112024,0.000000000
stage3/1,1.080000,0.196832598,1.481473468,2.400426346,0.000000000
stage3/1,1.100000,0.195451156,1.481641961,2.400749216,0.000000000
stage3/1,1.120000,0.194033173,1.481814910,2.401080626,0.000000000
stage3/1,1.140000,0.192578704,1.481992310,2.401420564,0.000000000
stage3/1,1.160000,0.191087825,1.482174151,2.401769011,0.000000000
stage3/1,1.180000,0.189560630,1.482360421,2.402125946,0.000000000
stage3/1,1.200000,0.187997234,1.482551106,2.402491343,0.000000000
stage3/1,1.220000,0.186397772,1.482746191,2.402865168,0.000000000
stage3/1,1.240000,0.184762396,1.482945655,2.403247387,0.000000000
stage3/1,1.260000,0.183091278,1.483149480,2.403637960,0.000000000
stage3/1,1.280000,0.181384609,1.483357640,2.404036842,0.000000000
stage3/1,1.300000,0.179642596,1.483570111,2.404443984,0.000000000
stage3/1,1.320000,0.177865465,1.483786866,2.404859335,0.000000000
stage3/1,1.340000,0.176053460,1.484007874,2.405282835,0.000000000
stage3/1,1.360000,0.174206842,1.484233103,2.405714426,0.000000000
stage3/1,1.380000,0.172325888,1.484462521,2.406154042,0.000000000
stage3/1,1.400000,0.170410893,1.484696091,2.406601613,0.000000000
stage3/1,1.420000,0.168462167,1.484933774,2.407057069,0.000000000
stage3/1,1.440000,0.166480038,1.485175532,2.407520331,0.000000000
stage3/1,1.460000,0.164464848,1.485421322,2.407991320,0.000000000
stage3/1,1.480000,0.162416955,1.485671101,2.408469953,0.000000000
stage3/1,1.500000,0.160336731,1.485924824,2.408956141,0.000000000
stage3/1,1.520000,0.158224566,1.486182442,2.409449795,0.000000000
stage3/1,1.540000,0.156080862,1.486443907,2.409950821,0.000000000
stage3/1,1.560000,0.153906036,1.486709168,2.410459120,0.000000000
stage3/1,1.580000,0.151700519,1.486978172,2.410974593,0.000000000
stage3/1,1.600000,0.149464755,1.487250865,2.411497134,0.000000000
stage3/1,1.620000,0.147199203,1.487527192,2.412026638,0.000000000
stage3/1,1.640000,0.144904335,1.487807094,2.412562993,0.000000000
stage3/1,1.660000,0.142580634,1.488090513,2.413106087,0.000000000
stage3/1,1.680000,0.140228598,1.488377388,2.413655804,0.000000000
stage3/1,1.700000,0.137848735,1.488667657,2.414212025,0.000000000
stage3/1,1.720000,0.135441566,1.488961256,2.414774627,0.000000000
stage3/1,1.740000,0.133007624,1.489258121,2.415343487,0.000000000
stage3/1,1.760000,0.130547453,1.489558185,2.415918476,0.000000000
stage3/1,1.780000,0.128061608,1.489861380,2.416499467,0.000000000
stage3/1,1.800000,0.125550655,1.490167638,2.417086326,0.000000000
stage3/1,1.820000,0.123015171,1.490476888,2.417678918,0.000000000
stage3/1,1.840000,0.120455742,1.490789058,2.418277106,0.000000000
stage3/1,1.860000,0.117872965,1.491104077,2.418880751,0.000000000
stage3/1,1.880000,0.115267447,1.491421868,2.419489712,0.000000000
stage3/1,1.900000,0.112639802,1.491742359,2.420103844,0.000000000
stage3/1,1.920000,0.109990656,1.492065472,2.420723001,0.000000000
stage3/1,1.940000,0.107320641,1.492391130,2.421347035,0.000000000
stage3/1,1.960000,0.104630401,1.492719256,2.421975797,0.000000000
stage3/1,1.980000,0.101920585,1.493049769,2.422609134,0.000000000
stage3/1,2.000000,0.099191850,1.493382589,2.423246892,0.000000000
stage3/1,2.020000,0.096444863,1.493717636,2.423888917,0.000000000
stage3/1,2.040000,0.093680296,1.494054826,2.424535050,0.000000000
stage3/1,2.060000,0.090898829,1.494394079,2.425185133,0.000000000
stage3/1,2.080000,0.088101150,1.494735308,2.425839005,0.000000000
stage3/1,2.100000,0.085287950,1.495078431,2.426496505,0.000000000
stage3/1,2.120000,0.082459928,1.495423361,2.427157468,0.000000000
stage3/1,2.140000,0.079617791,1.495770013,2.427821731,0.000000000
stage3/1,2.160000,0.076762248,1.496118300,2.428489127,0.000000000
stage3/1,2.180000,0.073894016,1.496468135,2.429159489,0.000000000
stage3/1,2.200000,0.071013814,1.496819429,2.429832648,0.000000000
stage3/1,2.220000,0.068122369,1.497172095,2.430508435,0.000000000
stage3/1,2.240000,0.065220410,1.497526044,2.431186680,0.000000000
stage3/1,2.260000,0.062308672,1.497881185,2.431867210,0.000000000
stage3/1,2.280000,0.059387891,1.498237429,2.432549853,0.000000000
stage3/1,2.300000,0.056458809,1.498594685,2.433234437,0.000000000
stage3/1,2.320000,0.053522170,1.498952863,2.433920787,0.000000000
stage3/1,2.340000,0.050578723,1.499311872,2.434608728,0.000000000
stage3/1,2.360000,0.047629216,1.499671620,2.435298085,0.000000000
stage3/1,2.380000,0.044674402,1.500032015,2.435988683,0.000000000
stage3/1,2.400000,0.041715035,1.500392965,2.436680344,0.000000000
stage3/1,2.420000,0.038751872,1.500754378,2.437372893,0.000000000
stage3/1,2.440000,0.035785670,1.501116162,2.438066152,0.000000000
stage3/1,2.460000,0.032817188,1.501478224,2.438759945,0.000000000
stage3/1,2.480000,0.029847185,1.501840472,2.439454092,0.000000000
stage3/1,2.500000,0.026876422,1.502202812,2.440148418,0.000000000
stage3/1,2.520000,0.023905658,1.502565153,2.440842743,0.000000000
stage3/1,2.540000,0.020935655,1.502927400,2.441536890,0.000000000
stage3/1,2.560000,0.017967173,1.503289462,2.442230683,0.000000000
stage3/1,2.580000,0.015000971,1.503651246,2.442923942,0.000000000
stage3/1,2.600000,0.012037808,1.504012660,2.443616491,0.000000000
stage3/1,2.620000,0.009078441,1.504373610,2.444308153,0.000000000
stage3/1,2.640000,0.006123627,1.504734005,2.444998750,0.000000000
stage3/1,2.660000,0.003174120,1.505093753,2.445688107,0.000000000
stage3/1,2.680000,0.000230673,1.505452761,2.446376049,0.000000000
stage3/1,2.700000,-0.002705966,1.505810940,2.447062398,0.000000000
stage3/1,2.720000,-0.005635048,1.506168196,2.447746982,0.000000000
stage3/1,2.740000,-0.008555829,1.506524440,2.448429625,0.000000000
stage3/1,2.760000,-0.011467567,1.506879581,2.449110155,0.000000000
stage3/1,2.780000,-0.014369526,1.507233530,2.449788400,0.000000000
stage3/1,2.800000,-0.017260971,1.507586196,2.450464187,0.000000000
stage3/1,2.820000,-0.020141173,1.507937490,2.451137346,0.000000000
stage3/1,2.840000,-0.023009405,1.508287325,2.451807708,0.000000000
stage3/1,2.860000,-0.025864948,1.508635612,2.452475104,0.000000000
stage3/1,2.880000,-0.028707085,1.508982264,2.453139367,0.000000000
stage3/1,2.900000,-0.031535106,1.509327194,2.453800330,0.000000000
stage3/1,2.920000,-0.034348307,1.509670317,2.454457830,0.000000000
stage3/1,2.940000,-0.037145986,1.510011546,2.455111702,0.000000000
stage3/1,2.960000,-0.039927453,1.510350798,2.455761785,0.000000000
stage3/1,2.980000,-0.042692020,1.510687989,2.456407919,0.000000000
stage3/1,3.000000,-0.045439007,1.511023036,2.457049943,0.000000000
stage3/1,3.020000,-0.048167742,1.511355856,2.457687701,0.000000000
stage3/1,3.040000,-0.050877558,1.511686369,2.458321038,0.000000000
stage3/1,3.060000,-0.053567798,1.512014494,2.458949800,0.000000000
stage3/1,3.080000,-0.056237813,1.512340153,2.459573834,0.000000000
stage3/1,3.100000,-0.058886959,1.512663266,2.460192992,0.000000000
stage3/1,3.120000,-0.061514604,1.512983756,2.460807123,0.000000000
stage3/1,3.140000,-0.064120122,1.513301548,2.461416084,0.000000000
stage3/1,3.160000,-0.066702899,1.513616566,2.462019729,0.000000000
stage3/1,3.180000,-0.069262328,1.513928737,2.462617918,0.000000000
stage3/1,3.200000,-0.071797812,1.514237987,2.463210510,0.000000000
stage3/1,3.220000,-0.074308765,1.514544244,2.463797368,0.000000000
stage3/1,3.240000,-0.076794610,1.514847440,2.464378359,0.000000000
stage3/1,3.260000,-0.079254781,1.515147504,2.464953349,0.000000000
stage3/1,3.280000,-0.081688723,1.515444369,2.465522208,0.000000000
stage3/1,3.300000,-0.084095892,1.515737968,2.466084811,0.000000000
stage3/1,3.320000,-0.086475755,1.516028237,2.466641031,0.000000000
stage3/1,3.340000,-0.088827791,1.516315112,2.467190748,0.000000000
stage3/1,3.360000,-0.091151492,1.516598531,2.467733842,0.000000000
stage3/1,3.380000,-0.093446360,1.516878433,2.468270197,0.000000000
stage3/1,3.400000,-0.095711912,1.517154760,2.468799701,0.000000000
stage3/1,3.420000,-0.097947675,1.517427453,2.469322242,0.000000000
stage3/1,3.440000,-0.100153193,1.517696457,2.469837715,0.000000000
stage3/1,3.460000,-0.102328019,1.517961718,2.470346014,0.000000000
stage3/1,3.480000,-0.104471723,1.518223183,2.470847040,0.000000000
stage3/1,3.500000,-0.106583888,1.518480801,2.471340694,0.000000000
stage3/1,3.520000,-0.108664112,1.518734523,2.471826882,0.000000000
stage3/1,3.540000,-0.110712005,1.518984302,2.472305515,0.000000000
stage3/1,3.560000,-0.112727195,1.519230093,2.472776504,0.000000000
stage3/1,3.580000,-0.114709324,1.519471851,2.473239767,0.000000000
stage3/1,3.600000,-0.116658050,1.519709534,2.473695222,0.000000000
stage3/1,3.620000,-0.118573045,1.519943104,2.474142793,0.000000000
stage3/1,3.640000,-0.120453999,1.520172521,2.474582409,0.000000000
stage3/1,3.660000,-0.122300617,1.520397751,2.475014000,0.000000000
stage3/1,3.680000,-0.124112622,1.520618759,2.475437500,0.000000000
stage3/1,3.700000,-0.125889752,1.520835514,2.475852851,0.000000000
stage3/1,3.720000,-0.127631766,1.521047985,2.476259993,0.000000000
stage3/1,3.740000,-0.129338435,1.521256145,2.476658875,0.000000000
stage3/1,3.760000,-0.131009553,1.521459969,2.477049448,0.000000000
stage3/1,3.780000,-0.132644929,1.521659434,2.477431667,0.000000000
stage3/1,3.800000,-0.134244391,1.521854518,2.477805493,0.000000000
stage3/1,3.820000,-0.135807787,1.522045204,2.478170889,0.000000000
stage3/1,3.840000,-0.137334982,1.522231474,2.478527824,0.000000000
stage3/1,3.860000,-0.138825861,1.522413315,2.478876271,0.000000000
stage3/1,3.880000,-0.140280330,1.522590714,2.479216209,0.000000000
stage3/1,3.900000,-0.141698313,1.522763664,2.479547619,0.000000000
stage3/1,3.920000,-0.143079755,1.522932157,2.479870489,0.000000000
stage3/1,3.940000,-0.144424621,1.523096189,2.480184811,0.000000000
stage3/1,3.960000,-0.145732897,1.523255757,2.480490580,0.000000000
stage3/1,3.980000,-0.147004591,1.523410864,2.480787800,0.000000000
stage3/1,4.000000,-0.148239730,1.523561513,2.481076476,0.000000000
stage3/1,4.020000,-0.149438364,1.523707709,2.481356620,0.000000000
stage3/1,4.040000,-0.150600566,1.523849461,2.481628250,0.000000000
stage3/1,4.060000,-0.151726430,1.523986781,2.481891386,0.000000000
stage3/1,4.080000,-0.152816071,1.524119683,2.482146056,0.000000000
stage3/1,4.100000,-0.153869630,1.524248185,2.482392293,0.000000000
stage3/1,4.120000,-0.154887268,1.524372305,2.482630135,0.000000000
stage3/1,4.140000,-0.155869172,1.524492066,2.482859625,0.000000000
stage3/1,4.160000,-0.156815551,1.524607495,2.483080813,0.000000000
stage3/1,4.180000,-0.157726639,1.524718619,2.483293752,0.000000000
stage3/1,4.200000,-0.158602692,1.524825470,2.483498502,0.000000000
stage3/1,4.220000,-0.159443993,1.524928083,2.483695131,0.000000000
stage3/1,4.240000,-0.160250849,1.525026494,2.483883709,0.000000000
stage3/1,4.260000,-0.161023593,1.525120745,2.484064314,0.000000000
stage3/1,4.280000,-0.161762581,1.525210878,2.484237030,0.000000000
stage3/1,4.300000,-0.162468197,1.525296941,2.484401946,0.000000000
stage3/1,4.320000,-0.163140850,1.525378984,2.484559158,0.000000000
stage3/1,4.340000,-0.163780975,1.525457059,2.484708768,0.000000000
stage3/1,4.360000,-0.164389035,1.525531223,2.484850883,0.000000000
stage3/1,4.380000,-0.164965518,1.525601536,2.484985619,0.000000000
stage3/1,4.400000,-0.165510941,1.525668061,2.485113095,0.000000000
stage3/1,4.420000,-0.166025847,1.525730863,2.485233438,0.000000000
stage3/1,4.440000,-0.166510807,1.525790013,2.485346783,0.000000000
stage3/1,4.460000,-0.166966421,1.525845584,2.485453269,0.000000000
stage3/1,4.480000,-0.167393316,1.525897652,2.485553042,0.000000000
stage3/1,4.500000,-0.167792149,1.525946297,2.485646257,0.000000000
stage3/1,4.520000,-0.168163604,1.525991603,2.485733074,0.000000000
stage3/1,4.540000,-0.168508396,1.526033657,2.485813659,0.000000000
stage3/1,4.560000,-0.168827270,1.526072549,2.485888185,0.000000000
stage3/1,4.580000,-0.169120998,1.526108375,2.485956835,0.000000000
stage3/1,4.600000,-0.169390384,1.526141232,2.486019796,0.000000000
stage3/1,4.620000,-0.169636263,1.526171221,2.486077263,0.000000000
stage3/1,4.640000,-0.169859499,1.526198449,2.486129438,0.000000000
stage3/1,4.660000,-0.170060989,1.526223025,2.486176530,0.000000000
stage3/1,4.680000,-0.170241658,1.526245061,2.486218755,0.000000000
stage3/1,4.700000,-0.170402466,1.526264674,2.486256339,0.000000000
stage3/1,4.720000,-0.170544402,1.526281986,2.486289513,0.000000000
stage3/1,4.740000,-0.170668490,1.526297121,2.486318515,0.000000000
stage3/1,4.760000,-0.170775785,1.526310207,2.486343591,0.000000000
stage3/1,4.780000,-0.170867373,1.526321378,2.486364997,0.000000000
stage3/1,4.800000,-0.170944376,1.526330770,2.486382994,0.000000000
stage3/1,4.820000,-0.171007948,1.526338524,2.486397852,0.000000000
stage3/1,4.840000,-0.171059275,1.526344784,2.486409849,0.000000000
stage3/1,4.860000,-0.171099580,1.526349700,2.486419269,0.000000000
stage3/1,4.880000,-0.171130118,1.526353425,2.486426406,0.000000000
stage3/1,4.900000,-0.171152178,1.526356116,2.486431562,0.000000000
stage3/1,4.920000,-0.171167086,1.526357934,2.486435046,0.000000000
stage3/1,4.940000,-0.171176202,1.526359046,2.486437177,0.000000000
stage3/1,4.960000,-0.171180921,1.526359621,2.486438280,0.000000000
stage3/1,4.980000,-0.171182673,1.526359835,2.486438689,0.000000000
stage3/1,5.000000,-0.171182925,1.526359866,2.486438748,0.000000000
stage3/2,0.000000,-0.171182925,1.526359866,2.486438748,0.000000000
stage3/2,0.020000,-0.171182925,1.526359496,2.486438693,0.000000000
stage3/2,0.040000,-0.171182929,1.526356923,2.486438309,0.000000000
stage3/2,0.060000,-0.171182938,1.526349994,2.486437277,0.000000000
stage3/2,0.080000,-0.171182956,1.526336608,2.486435282,0.000000000
stage3/2,0.100000,-0.171182986,1.526314715,2.486432020,0.000000000
stage3/2,0.120000,-0.171183030,1.526282319,2.486427193,0.000000000
stage3/2,0.140000,-0.171183091,1.526237475,2.486420511,0.000000000
stage3/2,0.160000,-0.171183171,1.526178287,2.486411691,0.000000000
stage3/2,0.180000,-0.171183273,1.526102913,2.486400460,0.000000000
stage3/2,0.200000,-0.171183400,1.526009559,2.486386550,0.000000000
stage3/2,0.220000,-0.171183553,1.525896481,2.486369700,0.000000000
stage3/2,0.240000,-0.171183736,1.525761984,2.486349659,0.000000000
stage3/2,0.260000,-0.171183950,1.525604423,2.486326182,0.000000000
stage3/2,0.280000,-0.171184197,1.525422201,2.486299029,0.000000000
stage3/2,0.300000,-0.171184480,1.525213768,2.486267971,0.000000000
stage3/2,0.320000,-0.171184800,1.524977623,2.486232784,0.000000000
stage3/2,0.340000,-0.171185160,1.524712311,2.486193251,0.000000000
stage3/2,0.360000,-0.171185561,1.524416426,2.486149162,0.000000000
stage3/2,0.380000,-0.171186006,1.524088605,2.486100314,0.000000000
stage3/2,0.400000,-0.171186496,1.523727534,2.486046512,0.000000000
stage3/2,0.420000,-0.171187033,1.523331942,2.485987566,0.000000000
stage3/2,0.440000,-0.171187618,1.522900605,2.485923294,0.000000000
stage3/2,0.460000,-0.171188253,1.522432341,2.485853519,0.000000000
stage3/2,0.480000,-0.171188940,1.521926016,2.485778073,0.000000000
stage3/2,0.500000,-0.171189680,1.521380537,2.485696793,0.000000000
stage3/2,0.520000,-0.171190475,1.520794854,2.485609522,0.000000000
stage3/2,0.540000,-0.171191325,1.520167962,2.485516111,0.000000000
stage3/2,0.560000,-0.171192233,1.519498897,2.485416415,0.000000000
stage3/2,0.580000,-0.171193199,1.518786736,2.485310298,0.000000000
stage3/2,0.600000,-0.171194225,1.518030601,2.485197629,0.000000000
stage3/2,0.620000,-0.171195312,1.517229652,2.485078282,0.000000000
stage3/2,0.640000,-0.171196461,1.516383091,2.484952138,0.000000000
stage3/2,0.660000,-0.171197672,1.515490159,2.484819085,0.000000000
stage3/2,0.680000,-0.171198947,1.514550140,2.484679015,0.000000000
stage3/2,0.700000,-0.171200288,1.513562354,2.484531828,0.000000000
stage3/2,0.720000,-0.171201694,1.512526163,2.484377428,0.000000000
stage3/2,0.740000,-0.171203166,1.511440965,2.484215726,0.000000000
stage3/2,0.760000,-0.171204705,1.510306197,2.484046638,0.000000000
stage3/2,0.780000,-0.171206313,1.509121335,2.483870085,0.000000000
stage3/2,0.800000,-0.171207989,1.507885890,2.483685995,0.000000000
stage3/2,0.820000,-0.171209735,1.506599413,2.483494301,0.000000000
stage3/2,0.840000,-0.171211550,1.505261488,2.483294941,0.000000000
stage3/2,0.860000,-0.171213435,1.503871738,2.483087858,0.000000000
stage3/2,0.880000,-0.171215392,1.502429819,2.482873002,0.000000000
stage3/2,0.900000,-0.171217419,1.500935425,2.482650327,0.000000000
stage3/2,0.920000,-0.171219518,1.499388282,2.482419791,0.000000000
stage3/2,0.940000,-0.171221689,1.497788152,2.482181361,0.000000000
stage3/2,0.960000,-0.171223933,1.496134830,2.481935004,0.000000000
stage3/2,0.980000,-0.171226248,1.494428145,2.481680696,0.000000000
stage3/2,1.000000,-0.171228636,1.492667960,2.481418416,0.000000000
stage3/2,1.020000,-0.171231097,1.490854168,2.481148148,0.000000000
stage3/2,1.040000,-0.171233631,1.488986696,2.480869881,0.000000000
stage3/2,1.060000,-0.171236237,1.487065502,2.480583610,0.000000000
stage3/2,1.080000,-0.171238917,1.485090576,2.480289332,0.000000000
stage3/2,1.100000,-0.171241669,1.483061940,2.479987051,0.000000000
stage3/2,1.120000,-0.171244494,1.480979642,2.479676774,0.000000000
stage3/2,1.140000,-0.171247392,1.478843766,2.479358513,0.000000000
stage3/2,1.160000,-0.171250363,1.476654421,2.479032285,0.000000000
stage3/2,1.180000,-0.171253405,1.474411747,2.478698111,0.000000000
stage3/2,1.200000,-0.171256520,1.472115912,2.478356016,0.000000000
stage3/2,1.220000,-0.171259707,1.469767114,2.478006028,0.000000000
stage3/2,1.240000,-0.171262965,1.467365577,2.477648182,0.000000000
stage3/2,1.260000,-0.171266295,1.464911553,2.477282515,0.000000000
stage3/2,1.280000,-0.171269695,1.462405322,2.476909069,0.000000000
stage3/2,1.300000,-0.171273166,1.459847189,2.476527889,0.000000000
stage3/2,1.320000,-0.171276707,1.457237486,2.476139025,0.000000000
stage3/2,1.340000,-0.171280317,1.454576570,2.475742530,0.000000000
stage3/2,1.360000,-0.171283996,1.451864826,2.475338461,0.000000000
stage3/2,1.380000,-0.171287744,1.449102660,2.474926878,0.000000000
stage3/2,1.400000,-0.171291559,1.446290504,2.474507847,0.000000000
stage3/2,1.420000,-0.171295442,1.443428816,2.474081435,0.000000000
stage3/2,1.440000,-0.171299391,1.440518074,2.473647714,0.000000000
stage3/2,1.460000,-0.171303406,1.437558783,2.473206759,0.000000000
stage3/2,1.480000,-0.171307486,1.434551467,2.472758648,0.000000000
stage3/2,1.500000,-0.171311631,1.431496675,2.472303462,0.000000000
stage3/2,1.520000,-0.171315839,1.428394977,2.471841287,0.000000000
stage3/2,1.540000,-0.171320110,1.425246963,2.471372211,0.000000000
stage3/2,1.560000,-0.171324443,1.422053248,2.470896325,0.000000000
stage3/2,1.580000,-0.171328837,1.418814463,2.470413723,0.000000000
stage3/2,1.600000,-0.171333292,1.415531261,2.469924503,0.000000000
stage3/2,1.620000,-0.171337806,1.412204316,2.469428764,0.000000000
stage3/2,1.640000,-0.171342378,1.408834319,2.468926611,0.000000000
stage3/2,1.660000,-0.171347008,1.405421983,2.468418149,0.000000000
stage3/2,1.680000,-0.171351694,1.401968035,2.467903486,0.000000000
stage3/2,1.700000,-0.171356435,1.398473224,2.467382735,0.000000000
stage3/2,1.720000,-0.171361231,1.394938315,2.466856008,0.000000000
stage3/2,1.740000,-0.171366081,1.391364089,2.466323423,0.000000000
stage3/2,1.760000,-0.171370982,1.387751347,2.465785099,0.000000000
stage3/2,1.780000,-0.171375935,1.384100903,2.465241157,0.000000000
stage3/2,1.800000,-0.171380938,1.380413588,2.464691721,0.000000000
stage3/2,1.820000,-0.171385990,1.376690249,2.464136917,0.000000000
stage3/2,1.840000,-0.171391089,1.372931747,2.463576874,0.000000000
stage3/2,1.860000,-0.171396235,1.369138959,2.463011722,0.000000000
stage3/2,1.880000,-0.171401426,1.365312775,2.462441594,0.000000000
stage3/2,1.900000,-0.171406661,1.361454099,2.461866623,0.000000000
stage3/2,1.920000,-0.171411939,1.357563848,2.461286949,0.000000000
stage3/2,1.940000,-0.171417259,1.353642953,2.460702707,0.000000000
stage3/2,1.960000,-0.171422619,1.349692355,2.460114041,0.000000000
stage3/2,1.980000,-0.171428018,1.345713010,2.459521090,0.000000000
stage3/2,2.000000,-0.171433455,1.341705884,2.458924000,0.000000000
stage3/2,2.020000,-0.171438928,1.337671955,2.458322916,0.000000000
stage3/2,2.040000,-0.171444436,1.333612210,2.457717985,0.000000000
stage3/2,2.060000,-0.171449978,1.329527647,2.457109357,0.000000000
stage3/2,2.080000,-0.171455552,1.325419276,2.456497180,0.000000000
stage3/2,2.100000,-0.171461157,1.321288113,2.455881608,0.000000000
stage3/2,2.120000,-0.171466791,1.317135186,2.455262792,0.000000000
stage3/2,2.140000,-0.171472454,1.312961529,2.454640888,0.000000000
stage3/2,2.160000,-0.171478143,1.308768186,2.454016050,0.000000000
stage3/2,2.180000,-0.171483858,1.304556209,2.453388436,0.000000000
stage3/2,2.200000,-0.171489596,1.300326655,2.452758202,0.000000000
stage3/2,2.220000,-0.171495357,1.296080590,2.452125509,0.000000000
stage3/2,2.240000,-0.171501139,1.291819085,2.451490514,0.000000000
stage3/2,2.260000,-0.171506940,1.287543219,2.450853380,0.000000000
stage3/2,2.280000,-0.171512760,1.283254075,2.450214267,0.000000000
stage3/2,2.300000,-0.171518595,1.278952740,2.449573338,0.000000000
stage3/2,2.320000,-0.171524446,1.274640309,2.448930755,0.000000000
stage3/2,2.340000,-0.171530311,1.270317879,2.448286683,0.000000000
stage3/2,2.360000,-0.171536187,1.265986551,2.447641284,0.000000000
stage3/2,2.380000,-0.171542075,1.261647429,2.446994724,0.000000000
stage3/2,2.400000,-0.171547971,1.257301622,2.446347168,0.000000000
stage3/2,2.420000,-0.171553874,1.252950239,2.445698782,0.000000000
stage3/2,2.440000,-0.171559784,1.248594394,2.445049730,0.000000000
stage3/2,2.460000,-0.171565699,1.244235201,2.444400179,0.000000000
stage3/2,2.480000,-0.171571616,1.239873774,2.443750296,0.000000000
stage3/2,2.500000,-0.171577535,1.235511231,2.443100246,0.000000000
stage3/2,2.520000,-0.171583454,1.231148687,2.442450196,0.000000000
stage3/2,2.540000,-0.171589371,1.226787261,2.441800313,0.000000000
stage3/2,2.560000,-0.171595286,1.222428067,2.441150762,0.000000000
stage3/2,2.580000,-0.171601195,1.218072222,2.440501711,0.000000000
stage3/2,2.600000,-0.171607099,1.213720840,2.439853324,0.000000000
stage3/2,2.620000,-0.171612995,1.209375033,2.439205768,0.000000000
stage3/2,2.640000,-0.171618882,1.205035911,2.438559208,0.000000000
stage3/2,2.660000,-0.171624759,1.200704583,2.437913810,0.000000000
stage3/2,2.680000,-0.171630624,1.196382152,2.437269737,0.000000000
stage3/2,2.700000,-0.171636474,1.192069721,2.436627154,0.000000000
stage3/2,2.720000,-0.171642310,1.187768387,2.435986225,0.000000000
stage3/2,2.740000,-0.171648130,1.183479243,2.435347112,0.000000000
stage3/2,2.760000,-0.171653931,1.179203377,2.434709978,0.000000000
stage3/2,2.780000,-0.171659713,1.174941872,2.434074984,0.000000000
stage3/2,2.800000,-0.171665474,1.170695807,2.433442290,0.000000000
stage3/2,2.820000,-0.171671212,1.166466253,2.432812057,0.000000000
stage3/2,2.840000,-0.171676927,1.162254276,2.432184442,0.000000000
stage3/2,2.860000,-0.171682616,1.158060933,2.431559605,0.000000000
stage3/2,2.880000,-0.171688279,1.153887276,2.430937700,0.000000000
stage3/2,2.900000,-0.171693913,1.149734349,2.430318885,0.000000000
stage3/2,2.920000,-0.171699518,1.145603186,2.429703312,0.000000000
stage3/2,2.940000,-0.171705092,1.141494815,2.429091136,0.000000000
stage3/2,2.960000,-0.171710634,1.137410252,2.428482507,0.000000000
stage3/2,2.980000,-0.171716142,1.133350507,2.427877577,0.000000000
stage3/2,3.000000,-0.171721615,1.129316577,2.427276493,0.000000000
stage3/2,3.020000,-0.171727052,1.125309451,2.426679402,0.000000000
stage3/2,3.040000,-0.171732451,1.121330107,2.426086452,0.000000000
stage3/2,3.060000,-0.171737811,1.117379509,2.425497785,0.000000000
stage3/2,3.080000,-0.171743130,1.113458614,2.424913544,0.000000000
stage3/2,3.100000,-0.171748409,1.109568363,2.424333869,0.000000000
stage3/2,3.120000,-0.171753644,1.105709686,2.423758899,0.000000000
stage3/2,3.140000,-0.171758835,1.101883502,2.423188771,0.000000000
stage3/2,3.160000,-0.171763981,1.098090714,2.422623618,0.000000000
stage3/2,3.180000,-0.171769080,1.094332213,2.422063575,0.000000000
stage3/2,3.200000,-0.171774132,1.090608874,2.421508771,0.000000000
stage3/2,3.220000,-0.171779135,1.086921559,2.420959335,0.000000000
stage3/2,3.240000,-0.171784087,1.083271115,2.420415393,0.000000000
stage3/2,3.260000,-0.171788989,1.079658372,2.419877069,0.000000000
stage3/2,3.280000,-0.171793838,1.076084147,2.419344484,0.000000000
stage3/2,3.300000,-0.171798634,1.072549238,2.418817758,0.000000000
stage3/2,3.320000,-0.171803376,1.069054427,2.418297006,0.000000000
stage3/2,3.340000,-0.171808062,1.065600479,2.417782344,0.000000000
stage3/2,3.360000,-0.171812692,1.062188142,2.417273881,0.000000000
stage3/2,3.380000,-0.171817264,1.058818146,2.416771728,0.000000000
stage3/2,3.400000,-0.171821778,1.055491201,2.416275990,0.000000000
stage3/2,3.420000,-0.171826233,1.052207999,2.415786770,0.000000000
stage3/2,3.440000,-0.171830627,1.048969214,2.415304168,0.000000000
stage3/2,3.460000,-0.171834960,1.045775498,2.414828281,0.000000000
stage3/2,3.480000,-0.171839231,1.042627485,2.414359205,0.000000000
stage3/2,3.500000,-0.171843439,1.039525787,2.413897030,0.000000000
stage3/2,3.520000,-0.171847584,1.036470995,2.413441845,0.000000000
stage3/2,3.540000,-0.171851664,1.033463679,2.412993733,0.000000000
stage3/2,3.560000,-0.171855679,1.030504387,2.412552778,0.000000000
stage3/2,3.580000,-0.171859628,1.027593646,2.412119057,0.000000000
stage3/2,3.600000,-0.171863511,1.024731958,2.411692645,0.000000000
stage3/2,3.620000,-0.171867326,1.021919802,2.411273614,0.000000000
stage3/2,3.640000,-0.171871074,1.019157636,2.410862032,0.000000000
stage3/2,3.660000,-0.171874753,1.016445891,2.410457963,0.000000000
stage3/2,3.680000,-0.171878363,1.013784976,2.410061468,0.000000000
stage3/2,3.700000,-0.171881904,1.011175273,2.409672603,0.000000000
stage3/2,3.720000,-0.171885375,1.008617140,2.409291423,0.000000000
stage3/2,3.740000,-0.171888775,1.006110908,2.408917977,0.000000000
stage3/2,3.760000,-0.171892104,1.003656885,2.408552310,0.000000000
stage3/2,3.780000,-0.171895363,1.001255348,2.408194464,0.000000000
stage3/2,3.800000,-0.171898550,0.998906550,2.407844477,0.000000000
stage3/2,3.820000,-0.171901664,0.996610715,2.407502381,0.000000000
stage3/2,3.840000,-0.171904707,0.994368041,2.407168207,0.000000000
stage3/2,3.860000,-0.171907678,0.992178696,2.406841979,0.000000000
stage3/2,3.880000,-0.171910575,0.990042819,2.406523719,0.000000000
stage3/2,3.900000,-0.171913401,0.987960522,2.406213442,0.000000000
stage3/2,3.920000,-0.171916153,0.985931885,2.405911160,0.000000000
stage3/2,3.940000,-0.171918832,0.983956960,2.405616882,0.000000000
stage3/2,3.960000,-0.171921439,0.982035766,2.405330611,0.000000000
stage3/2,3.980000,-0.171923973,0.980168294,2.405052344,0.000000000
stage3/2,4.000000,-0.171926434,0.978354502,2.404782077,0.000000000
stage3/2,4.020000,-0.171928822,0.976594316,2.404519797,0.000000000
stage3/2,4.040000,-0.171931137,0.974887632,2.404265488,0.000000000
stage3/2,4.060000,-0.171933380,0.973234310,2.404019132,0.000000000
stage3/2,4.080000,-0.171935551,0.971634180,2.403780701,0.000000000
stage3/2,4.100000,-0.171937651,0.970087037,2.403550166,0.000000000
stage3/2,4.120000,-0.171939678,0.968592643,2.403327491,0.000000000
stage3/2,4.140000,-0.171941634,0.967150724,2.403112635,0.000000000
stage3/2,4.160000,-0.171943520,0.965760974,2.402905552,0.000000000
stage3/2,4.180000,-0.171945335,0.964423049,2.402706192,0.000000000
stage3/2,4.200000,-0.171947081,0.963136572,2.402514497,0.000000000
stage3/2,4.220000,-0.171948757,0.961901127,2.402330408,0.000000000
stage3/2,4.240000,-0.171950364,0.960716265,2.402153855,0.000000000
stage3/2,4.260000,-0.171951904,0.959581497,2.401984766,0.000000000
stage3/2,4.280000,-0.171953376,0.958496299,2.401823064,0.000000000
stage3/2,4.300000,-0.171954782,0.957460107,2.401668664,0.000000000
stage3/2,4.320000,-0.171956122,0.956472322,2.401521477,0.000000000
stage3/2,4.340000,-0.171957398,0.955532302,2.401381408,0.000000000
stage3/2,4.360000,-0.171958609,0.954639371,2.401248355,0.000000000
stage3/2,4.380000,-0.171959758,0.953792810,2.401122211,0.000000000
stage3/2,4.400000,-0.171960845,0.952991861,2.401002864,0.000000000
stage3/2,4.420000,-0.171961870,0.952235725,2.400890194,0.000000000
stage3/2,4.440000,-0.171962837,0.951523565,2.400784077,0.000000000
stage3/2,4.460000,-0.171963744,0.950854500,2.400684382,0.000000000
stage3/2,4.480000,-0.171964595,0.950227607,2.400590971,0.000000000
stage3/2,4.500000,-0.171965390,0.949641925,2.400503700,0.000000000
stage3/2,4.520000,-0.171966130,0.949096445,2.400422419,0.000000000
stage3/2,4.540000,-0.171966817,0.948590120,2.400346973,0.000000000
stage3/2,4.560000,-0.171967452,0.948121857,2.400277199,0.000000000
stage3/2,4.580000,-0.171968037,0.947690520,2.400212927,0.000000000
stage3/2,4.600000,-0.171968574,0.947294928,2.400153981,0.000000000
stage3/2,4.620000,-0.171969064,0.946933857,2.400100178,0.000000000
stage3/2,4.640000,-0.171969509,0.946606036,2.400051331,0.000000000
stage3/2,4.660000,-0.171969910,0.946310151,2.400007242,0.000000000
stage3/2,4.680000,-0.171970270,0.946044839,2.399967709,0.000000000
stage3/2,4.700000,-0.171970590,0.945808694,2.399932521,0.000000000
stage3/2,4.720000,-0.171970873,0.945600261,2.399901463,0.000000000
stage3/2,4.740000,-0.171971120,0.945418039,2.399874311,0.000000000
stage3/2,4.760000,-0.171971334,0.945260478,2.399850833,0.000000000
stage3/2,4.780000,-0.171971517,0.945125981,2.399830792,0.000000000
stage3/2,4.800000,-0.171971670,0.945012903,2.399813943,0.000000000
stage3/2,4.820000,-0.171971797,0.944919548,2.399800032,0.000000000
stage3/2,4.840000,-0.171971899,0.944844174,2.399788801,0.000000000
stage3/2,4.860000,-0.171971979,0.944784987,2.399779982,0.000000000
stage3/2,4.880000,-0.171972040,0.944740143,2.399773300,0.000000000
stage3/2,4.900000,-0.171972084,0.944707747,2.399768472,0.000000000
stage3/2,4.920000,-0.171972114,0.944685854,2.399765210,0.000000000
stage3/2,4.940000,-0.171972132,0.944672468,2.399763216,0.000000000
stage3/2,4.960000,-0.171972141,0.944665539,2.399762183,0.000000000
stage3/2,4.980000,-0.171972145,0.944662966,2.399761800,0.000000000
stage3/2,5.000000,-0.171972145,0.944662596,2.399761745,0.000000000
stage3/3,0.000000,-0.171972145,0.944662596,2.399761745,0.712374979
stage3/3,0.020000,-0.171972145,0.944662968,2.399761804,0.712374979
stage3/3,0.040000,-0.171972145,0.944665554,2.399762214,0.712374979
stage3/3,0.060000,-0.171972145,0.944672520,2.399763321,0.712374979
stage3/3,0.080000,-0.171972144,0.944685976,2.399765458,0.712374979
stage3/3,0.100000,-0.171972143,0.944707984,2.399768954,0.712374979
stage3/3,0.120000,-0.171972141,0.944740549,2.399774127,0.712374979
stage3/3,0.140000,-0.171972139,0.944785629,2.399781287,0.712374979
stage3/3,0.160000,-0.171972136,0.944845126,2.399790738,0.712374979
stage3/3,0.180000,-0.171972132,0.944920896,2.399802773,0.712374979
stage3/3,0.200000,-0.171972128,0.945014739,2.399817679,0.712374979
stage3/3,0.220000,-0.171972122,0.945128410,2.399835735,0.712374979
stage3/3,0.240000,-0.171972116,0.945263612,2.399857211,0.712374979
stage3/3,0.260000,-0.171972108,0.945421999,2.399882369,0.712374979
stage3/3,0.280000,-0.171972099,0.945605177,2.399911465,0.712374979
stage3/3,0.300000,-0.171972088,0.945814703,2.399944747,0.712374979
stage3/3,0.320000,-0.171972076,0.946052086,2.399982453,0.712374979
stage3/3,0.340000,-0.171972063,0.946318789,2.400024816,0.712374979
stage3/3,0.360000,-0.171972048,0.946616225,2.400072062,0.712374979
stage3/3,0.380000,-0.171972032,0.946945765,2.400124406,0.712374979
stage3/3,0.400000,-0.171972014,0.947308729,2.400182060,0.712374979
stage3/3,0.420000,-0.171971994,0.947706395,2.400245225,0.712374979
stage3/3,0.440000,-0.171971973,0.948139994,2.400314099,0.712374979
stage3/3,0.460000,-0.171971950,0.948610712,2.400388868,0.712374979
stage3/3,0.480000,-0.171971924,0.949119692,2.400469715,0.712374979
stage3/3,0.500000,-0.171971897,0.949668031,2.400556814,0.712374979
stage3/3,0.520000,-0.171971868,0.950256784,2.400650332,0.712374979
stage3/3,0.540000,-0.171971837,0.950886963,2.400750431,0.712374979
stage3/3,0.560000,-0.171971804,0.951559536,2.400857263,0.712374979
stage3/3,0.580000,-0.171971768,0.952275430,2.400970977,0.712374979
stage3/3,0.600000,-0.171971730,0.953035530,2.401091712,0.712374979
stage3/3,0.620000,-0.171971691,0.953840679,2.401219603,0.712374979
stage3/3,0.640000,-0.171971648,0.954691678,2.401354777,0.712374979
stage3/3,0.660000,-0.171971604,0.955589291,2.401497355,0.712374979
stage3/3,0.680000,-0.171971557,0.956534239,2.401647451,0.712374979
stage3/3,0.700000,-0.171971508,0.957527203,2.401805175,0.712374979
stage3/3,0.720000,-0.171971456,0.958568827,2.401970628,0.712374979
stage3/3,0.740000,-0.171971402,0.959659715,2.402143906,0.712374979
stage3/3,0.760000,-0.171971346,0.960800433,2.402325099,0.712374979
stage3/3,0.780000,-0.171971287,0.961991507,2.402514291,0.712374979
stage3/3,0.800000,-0.171971225,0.963233429,2.402711559,0.712374979
stage3/3,0.820000,-0.171971161,0.964526651,2.402916976,0.712374979
stage3/3,0.840000,-0.171971094,0.965871590,2.403130608,0.712374979
stage3/3,0.860000,-0.171971025,0.967268627,2.403352515,0.712374979
stage3/3,0.880000,-0.171970953,0.968718105,2.403582752,0.712374979
stage3/3,0.900000,-0.171970879,0.970220334,2.403821368,0.712374979
stage3/3,0.920000,-0.171970802,0.971775589,2.404068406,0.712374979
stage3/3,0.940000,-0.171970722,0.973384108,2.404323906,0.712374979
stage3/3,0.960000,-0.171970640,0.975046098,2.404587898,0.712374979
stage3/3,0.980000,-0.171970555,0.976761731,2.404860412,0.712374979
stage3/3,1.000000,-0.171970467,0.978531145,2.405141467,0.712374979
stage3/3,1.020000,-0.171970377,0.980354447,2.405431083,0.712374979
stage3/3,1.040000,-0.171970284,0.982231710,2.405729270,0.712374979
stage3/3,1.060000,-0.171970188,0.984162976,2.406036035,0.712374979
stage3/3,1.080000,-0.171970090,0.986148256,2.406351379,0.712374979
stage3/3,1.100000,-0.171969989,0.988187528,2.406675300,0.712374979
stage3/3,1.120000,-0.171969885,0.990280743,2.407007788,0.712374979
stage3/3,1.140000,-0.171969779,0.992427818,2.407348832,0.712374979
stage3/3,1.160000,-0.171969669,0.994628641,2.407698414,0.712374979
stage3/3,1.180000,-0.171969558,0.996883073,2.408056511,0.712374979
stage3/3,1.200000,-0.171969443,0.999190945,2.408423096,0.712374979
stage3/3,1.220000,-0.171969326,1.001552057,2.408798138,0.712374979
stage3/3,1.240000,-0.171969207,1.003966185,2.409181601,0.712374979
stage3/3,1.260000,-0.171969085,1.006433075,2.409573445,0.712374979
stage3/3,1.280000,-0.171968960,1.008952446,2.409973625,0.712374979
stage3/3,1.300000,-0.171968832,1.011523992,2.410382093,0.712374979
stage3/3,1.320000,-0.171968702,1.014147377,2.410798795,0.712374979
stage3/3,1.340000,-0.171968570,1.016822243,2.411223674,0.712374979
stage3/3,1.360000,-0.171968435,1.019548205,2.411656669,0.712374979
stage3/3,1.380000,-0.171968297,1.022324853,2.412097715,0.712374979
stage3/3,1.400000,-0.171968157,1.025151752,2.412546743,0.712374979
stage3/3,1.420000,-0.171968014,1.028028444,2.413003681,0.712374979
stage3/3,1.440000,-0.171967869,1.030954447,2.413468451,0.712374979
stage3/3,1.460000,-0.171967722,1.033929253,2.413940973,0.712374979
stage3/3,1.480000,-0.171967572,1.036952336,2.414421163,0.712374979
stage3/3,1.500000,-0.171967420,1.040023144,2.414908934,0.712374979
stage3/3,1.520000,-0.171967266,1.043141104,2.415404195,0.712374979
stage3/3,1.540000,-0.171967109,1.046305622,2.415906851,0.712374979
stage3/3,1.560000,-0.171966950,1.049516082,2.416416804,0.712374979
stage3/3,1.580000,-0.171966788,1.052771848,2.416933954,0.712374979
stage3/3,1.600000,-0.171966625,1.056072263,2.417458196,0.712374979
stage3/3,1.620000,-0.171966459,1.059416651,2.417989423,0.712374979
stage3/3,1.640000,-0.171966291,1.062804316,2.418527524,0.712374979
stage3/3,1.660000,-0.171966121,1.066234543,2.419072386,0.712374979
stage3/3,1.680000,-0.171965949,1.069706600,2.419623891,0.712374979
stage3/3,1.700000,-0.171965775,1.073219733,2.420181922,0.712374979
stage3/3,1.720000,-0.171965599,1.076773176,2.420746355,0.712374979
stage3/3,1.740000,-0.171965421,1.080366140,2.421317066,0.712374979
stage3/3,1.760000,-0.171965241,1.083997824,2.421893927,0.712374979
stage3/3,1.780000,-0.171965059,1.087667407,2.422476809,0.712374979
stage3/3,1.800000,-0.171964876,1.091374054,2.423065577,0.712374979
stage3/3,1.820000,-0.171964690,1.095116914,2.423660098,0.712374979
stage3/3,1.840000,-0.171964503,1.098895121,2.424260233,0.712374979
stage3/3,1.860000,-0.171964314,1.102707794,2.424865843,0.712374979
stage3/3,1.880000,-0.171964123,1.106554039,2.425476785,0.712374979
stage3/3,1.900000,-0.171963931,1.110432946,2.426092915,0.712374979
stage3/3,1.920000,-0.171963738,1.114343593,2.426714087,0.712374979
stage3/3,1.940000,-0.171963542,1.118285045,2.427340153,0.712374979
stage3/3,1.960000,-0.171963345,1.122256355,2.427970961,0.712374979
stage3/3,1.980000,-0.171963147,1.126256563,2.428606359,0.712374979
stage3/3,2.000000,-0.171962948,1.130284698,2.429246193,0.712374979
stage3/3,2.020000,-0.171962747,1.134339777,2.429890306,0.712374979
stage3/3,2.040000,-0.171962544,1.138420807,2.430538542,0.712374979
stage3/3,2.060000,-0.171962341,1.142526784,2.431190741,0.712374979
stage3/3,2.080000,-0.171962136,1.146656695,2.431846741,0.712374979
stage3/3,2.100000,-0.171961931,1.150809517,2.432506381,0.712374979
stage3/3,2.120000,-0.171961724,1.154984218,2.433169495,0.712374979
stage3/3,2.140000,-0.171961516,1.159179757,2.433835920,0.712374979
stage3/3,2.160000,-0.171961307,1.163395085,2.434505488,0.712374979
stage3/3,2.180000,-0.171961097,1.167629145,2.435178032,0.712374979
stage3/3,2.200000,-0.171960886,1.171880874,2.435853382,0.712374979
stage3/3,2.220000,-0.171960675,1.176149201,2.436531368,0.712374979
stage3/3,2.240000,-0.171960463,1.180433048,2.437211820,0.712374979
stage3/3,2.260000,-0.171960250,1.184731332,2.437894564,0.712374979
stage3/3,2.280000,-0.171960036,1.189042964,2.438579429,0.712374979
stage3/3,2.300000,-0.171959822,1.193366850,2.439266241,0.712374979
stage3/3,2.320000,-0.171959607,1.197701890,2.439954824,0.712374979
stage3/3,2.340000,-0.171959392,1.202046983,2.440645004,0.712374979
stage3/3,2.360000,-0.171959176,1.206401020,2.441336605,0.712374979
stage3/3,2.380000,-0.171958960,1.210762891,2.442029450,0.712374979
stage3/3,2.400000,-0.171958743,1.215131483,2.442723363,0.712374979
stage3/3,2.420000,-0.171958527,1.219505679,2.443418165,0.712374979
stage3/3,2.440000,-0.171958310,1.223884361,2.444113681,0.712374979
stage3/3,2.460000,-0.171958093,1.228266410,2.444809731,0.712374979
stage3/3,2.480000,-0.171957875,1.232650703,2.445506137,0.712374979
stage3/3,2.500000,-0.171957658,1.237036118,2.446202722,0.712374979
stage3/3,2.520000,-0.171957441,1.241421534,2.446899307,0.712374979
stage3/3,2.540000,-0.171957223,1.245805827,2.447595714,0.712374979
stage3/3,2.560000,-0.171957006,1.250187875,2.448291764,0.712374979
stage3/3,2.580000,-0.171956789,1.254566558,2.448987279,0.712374979
stage3/3,2.600000,-0.171956573,1.258940754,2.449682082,0.712374979
stage3/3,2.620000,-0.171956356,1.263309346,2.450375995,0.712374979
stage3/3,2.640000,-0.171956140,1.267671217,2.451068840,0.712374979
stage3/3,2.660000,-0.171955924,1.272025254,2.451760441,0.712374979
stage3/3,2.680000,-0.171955709,1.276370346,2.452450621,0.712374979
stage3/3,2.700000,-0.171955494,1.280705387,2.453139204,0.712374979
stage3/3,2.720000,-0.171955280,1.285029273,2.453826015,0.712374979
stage3/3,2.740000,-0.171955066,1.289340905,2.454510880,0.712374979
stage3/3,2.760000,-0.171954853,1.293639189,2.455193625,0.712374979
stage3/3,2.780000,-0.171954641,1.297923036,2.455874077,0.712374979
stage3/3,2.800000,-0.171954430,1.302191362,2.456552063,0.712374979
stage3/3,2.820000,-0.171954219,1.306443091,2.457227413,0.712374979
stage3/3,2.840000,-0.171954009,1.310677152,2.457899957,0.712374979
stage3/3,2.860000,-0.171953800,1.314892480,2.458569525,0.712374979
stage3/3,2.880000,-0.171953592,1.319088018,2.459235949,0.712374979
stage3/3,2.900000,-0.171953385,1.323262719,2.459899064,0.712374979
stage3/3,2.920000,-0.171953180,1.327415541,2.460558704,0.712374979
stage3/3,2.940000,-0.171952975,1.331545452,2.461214704,0.712374979
stage3/3,2.960000,-0.171952772,1.335651430,2.461866902,0.712374979
stage3/3,2.980000,-0.171952569,1.339732460,2.462515138,0.712374979
stage3/3,3.000000,-0.171952368,1.343787539,2.463159252,0.712374979
stage3/3,3.020000,-0.171952169,1.347815674,2.463799086,0.712374979
stage3/3,3.040000,-0.171951971,1.351815882,2.464434484,0.712374979
stage3/3,3.060000,-0.171951774,1.355787192,2.465065292,0.712374979
stage3/3,3.080000,-0.171951579,1.359728644,2.465691357,0.712374979
stage3/3,3.100000,-0.171951385,1.363639291,2.466312530,0.712374979
stage3/3,3.120000,-0.171951193,1.367518198,2.466928660,0.712374979
stage3/3,3.140000,-0.171951002,1.371364442,2.467539602,0.712374979
stage3/3,3.160000,-0.171950813,1.375177116,2.468145212,0.712374979
stage3/3,3.180000,-0.171950626,1.378955323,2.468745347,0.712374979
stage3/3,3.200000,-0.171950440,1.382698183,2.469339868,0.712374979
stage3/3,3.220000,-0.171950257,1.386404830,2.469928636,0.712374979
stage3/3,3.240000,-0.171950075,1.390074413,2.470511517,0.712374979
stage3/3,3.260000,-0.171949895,1.393706096,2.471088379,0.712374979
stage3/3,3.280000,-0.171949717,1.397299061,2.471659090,0.712374979
stage3/3,3.300000,-0.171949541,1.400852503,2.472223523,0.712374979
stage3/3,3.320000,-0.171949367,1.404365637,2.472781553,0.712374979
stage3/3,3.340000,-0.171949195,1.407837693,2.473333059,0.712374979
stage3/3,3.360000,-0.171949025,1.411267921,2.473877921,0.712374979
stage3/3,3.380000,-0.171948857,1.414655586,2.474416022,0.712374979
stage3/3,3.400000,-0.171948691,1.417999974,2.474947249,0.712374979
stage3/3,3.420000,-0.171948528,1.421300389,2.475471491,0.712374979
stage3/3,3.440000,-0.171948366,1.424556155,2.475988641,0.712374979
stage3/3,3.460000,-0.171948207,1.427766615,2.476498594,0.712374979
stage3/3,3.480000,-0.171948050,1.430931132,2.477001250,0.712374979
stage3/3,3.500000,-0.171947896,1.434049093,2.477496511,0.712374979
stage3/3,3.520000,-0.171947744,1.437119901,2.477984282,0.712374979
stage3/3,3.540000,-0.171947594,1.440142983,2.478464472,0.712374979
stage3/3,3.560000,-0.171947447,1.443117790,2.478936994,0.712374979
stage3/3,3.580000,-0.171947302,1.446043792,2.479401764,0.712374979
stage3/3,3.600000,-0.171947159,1.448920484,2.479858701,0.712374979
stage3/3,3.620000,-0.171947019,1.451747383,2.480307730,0.712374979
stage3/3,3.640000,-0.171946881,1.454524031,2.480748776,0.712374979
stage3/3,3.660000,-0.171946746,1.457249993,2.481181771,0.712374979
stage3/3,3.680000,-0.171946614,1.459924860,2.481606650,0.712374979
stage3/3,3.700000,-0.171946484,1.462548245,2.482023352,0.712374979
stage3/3,3.720000,-0.171946356,1.465119790,2.482431820,0.712374979
stage3/3,3.740000,-0.171946232,1.467639162,2.482832000,0.712374979
stage3/3,3.760000,-0.171946109,1.470106051,2.483223844,0.712374979
stage3/3,3.780000,-0.171945990,1.472520179,2.483607307,0.712374979
stage3/3,3.800000,-0.171945873,1.474881292,2.483982349,0.712374979
stage3/3,3.820000,-0.171945758,1.477189163,2.484348934,0.712374979
stage3/3,3.840000,-0.171945647,1.479443595,2.484707031,0.712374979
stage3/3,3.860000,-0.171945538,1.481644419,2.485056612,0.712374979
stage3/3,3.880000,-0.171945431,1.483791494,2.485397656,0.712374979
stage3/3,3.900000,-0.171945327,1.485884708,2.485730145,0.712374979
stage3/3,3.920000,-0.171945226,1.487923981,2.486054066,0.712374979
stage3/3,3.940000,-0.171945128,1.489909261,2.486369410,0.712374979
stage3/3,3.960000,-0.171945032,1.491840527,2.486676175,0.712374979
stage3/3,3.980000,-0.171944939,1.493717790,2.486974362,0.712374979
stage3/3,4.000000,-0.171944849,1.495541092,2.487263977,0.712374979
stage3/3,4.020000,-0.171944761,1.497310506,2.487545033,0.712374979
stage3/3,4.040000,-0.171944676,1.499026138,2.487817547,0.712374979
stage3/3,4.060000,-0.171944594,1.500688128,2.488081539,0.712374979
stage3/3,4.080000,-0.171944514,1.502296648,2.488337038,0.712374979
stage3/3,4.100000,-0.171944437,1.503851902,2.488584077,0.712374979
stage3/3,4.120000,-0.171944363,1.505354132,2.488822693,0.712374979
stage3/3,4.140000,-0.171944291,1.506803610,2.489052930,0.712374979
stage3/3,4.160000,-0.171944222,1.508200646,2.489274837,0.712374979
stage3/3,4.180000,-0.171944155,1.509545586,2.489488469,0.712374979
stage3/3,4.200000,-0.171944091,1.510838808,2.489693886,0.712374979
stage3/3,4.220000,-0.171944029,1.512080730,2.489891154,0.712374979
stage3/3,4.240000,-0.171943970,1.513271804,2.490080346,0.712374979
stage3/3,4.260000,-0.171943914,1.514412521,2.490261539,0.712374979
stage3/3,4.280000,-0.171943860,1.515503409,2.490434817,0.712374979
stage3/3,4.300000,-0.171943808,1.516545033,2.490600270,0.712374979
stage3/3,4.320000,-0.171943759,1.517537998,2.490757994,0.712374979
stage3/3,4.340000,-0.171943712,1.518482945,2.490908090,0.712374979
stage3/3,4.360000,-0.171943668,1.519380558,2.491050668,0.712374979
stage3/3,4.380000,-0.171943626,1.520231558,2.491185842,0.712374979
stage3/3,4.400000,-0.171943586,1.521036707,2.491313733,0.712374979
stage3/3,4.420000,-0.171943548,1.521796806,2.491434468,0.712374979
stage3/3,4.440000,-0.171943512,1.522512700,2.491548182,0.712374979
stage3/3,4.460000,-0.171943479,1.523185274,2.491655014,0.712374979
stage3/3,4.480000,-0.171943448,1.523815453,2.491755112,0.712374979
stage3/3,4.500000,-0.171943419,1.524404206,2.491848631,0.712374979
stage3/3,4.520000,-0.171943392,1.524952545,2.491935730,0.712374979
stage3/3,4.540000,-0.171943366,1.525461525,2.492016577,0.712374979
stage3/3,4.560000,-0.171943343,1.525932243,2.492091346,0.712374979
stage3/3,4.580000,-0.171943322,1.526365842,2.492160219,0.712374979
stage3/3,4.600000,-0.171943302,1.526763508,2.492223385,0.712374979
stage3/3,4.620000,-0.171943284,1.527126472,2.492281039,0.712374979
stage3/3,4.640000,-0.171943268,1.527456011,2.492333383,0.712374979
stage3/3,4.660000,-0.171943253,1.527753448,2.492380628,0.712374979
stage3/3,4.680000,-0.171943240,1.528020151,2.492422992,0.712374979
stage3/3,4.700000,-0.171943228,1.528257534,2.492460698,0.712374979
stage3/3,4.720000,-0.171943217,1.528467059,2.492493979,0.712374979
stage3/3,4.740000,-0.171943208,1.528650237,2.492523076,0.712374979
stage3/3,4.760000,-0.171943201,1.528808624,2.492548234,0.712374979
stage3/3,4.780000,-0.171943194,1.528943826,2.492569710,0.712374979
stage3/3,4.800000,-0.171943188,1.529057497,2.492587765,0.712374979
stage3/3,4.820000,-0.171943184,1.529151341,2.492602672,0.712374979
stage3/3,4.840000,-0.171943180,1.529227110,2.492614707,0.712374979
stage3/3,4.860000,-0.171943177,1.529286608,2.492624158,0.712374979
stage3/3,4.880000,-0.171943175,1.529331687,2.492631318,0.712374979
stage3/3,4.900000,-0.171943173,1.529364253,2.492636491,0.712374979
stage3/3,4.920000,-0.171943172,1.529386260,2.492639986,0.712374979
stage3/3,4.940000,-0.171943171,1.529399717,2.492642124,0.712374979
stage3/3,4.960000,-0.171943171,1.529406682,2.492643230,0.712374979
stage3/3,4.980000,-0.171943171,1.529409269,2.492643641,0.712374979
stage3/3,5.000000,-0.171943171,1.529409641,2.492643700,0.712374979
stage3/4,0.000000,-0.171943171,1.529409641,2.492643700,0.712374979
stage3/4,0.020000,-0.171942453,1.529409761,2.492643919,0.712374979
stage3/4,0.040000,-0.171937462,1.529410597,2.492645439,0.712374979
stage3/4,0.060000,-0.171924021,1.529412848,2.492649535,0.712374979
stage3/4,0.080000,-0.171898053,1.529417197,2.492657447,0.712374979
stage3/4,0.100000,-0.171855584,1.529424310,2.492670387,0.712374979
stage3/4,0.120000,-0.171792741,1.529434836,2.492689535,0.712374979
stage3/4,0.140000,-0.171705749,1.529449406,2.492716041,0.712374979
stage3/4,0.160000,-0.171590935,1.529468637,2.492751024,0.712374979
stage3/4,0.180000,-0.171444720,1.529493127,2.492795575,0.712374979
stage3/4,0.200000,-0.171263626,1.529523458,2.492850753,0.712374979
stage3/4,0.220000,-0.171044270,1.529560198,2.492917589,0.712374979
stage3/4,0.240000,-0.170783366,1.529603897,2.492997085,0.712374979
stage3/4,0.260000,-0.170477720,1.529655090,2.493090214,0.712374979
stage3/4,0.280000,-0.170124234,1.529714296,2.493197919,0.712374979
stage3/4,0.300000,-0.169719904,1.529782018,2.493321115,0.712374979
stage3/4,0.320000,-0.169261816,1.529858743,2.493460692,0.712374979
stage3/4,0.340000,-0.168747150,1.529944945,2.493617507,0.712374979
stage3/4,0.360000,-0.168173175,1.530041081,2.493792394,0.712374979
stage3/4,0.380000,-0.167537249,1.530147592,2.493986156,0.712374979
stage3/4,0.400000,-0.166836823,1.530264908,2.494199572,0.712374979
stage3/4,0.420000,-0.166069431,1.530393439,2.494433391,0.712374979
stage3/4,0.440000,-0.165232698,1.530533584,2.494688338,0.712374979
stage3/4,0.460000,-0.164324334,1.530685727,2.494965111,0.712374979
stage3/4,0.480000,-0.163342136,1.530850236,2.495264380,0.712374979
stage3/4,0.500000,-0.162283984,1.531027467,2.495586793,0.712374979
stage3/4,0.520000,-0.161147843,1.531217760,2.495932967,0.712374979
stage3/4,0.540000,-0.159931762,1.531421443,2.496303500,0.712374979
stage3/4,0.560000,-0.158633870,1.531638828,2.496698959,0.712374979
stage3/4,0.580000,-0.157252381,1.531870215,2.497119890,0.712374979
stage3/4,0.600000,-0.155785586,1.532115890,2.497566813,0.712374979
stage3/4,0.620000,-0.154231859,1.532376125,2.498040223,0.712374979
stage3/4,0.640000,-0.152589651,1.532651180,2.498540594,0.712374979
stage3/4,0.660000,-0.150857492,1.532941301,2.499068372,0.712374979
stage3/4,0.680000,-0.149033988,1.533246721,2.499623981,0.712374979
stage3/4,0.700000,-0.147117825,1.533567661,2.500207824,0.712374979
stage3/4,0.720000,-0.145107762,1.533904328,2.500820277,0.712374979
stage3/4,0.740000,-0.143002632,1.534256918,2.501461697,0.712374979
stage3/4,0.760000,-0.140801344,1.534625614,2.502132415,0.712374979
stage3/4,0.780000,-0.138502880,1.535010586,2.502832742,0.712374979
stage3/4,0.800000,-0.136106294,1.535411992,2.503562967,0.712374979
stage3/4,0.820000,-0.133610712,1.535829980,2.504323355,0.712374979
stage3/4,0.840000,-0.131015329,1.536264683,2.505114151,0.712374979
stage3/4,0.860000,-0.128319412,1.536716225,2.505935580,0.712374979
stage3/4,0.880000,-0.125522296,1.537184716,2.506787844,0.712374979
stage3/4,0.900000,-0.122623384,1.537670258,2.507671123,0.712374979
stage3/4,0.920000,-0.119622147,1.538172938,2.508585581,0.712374979
stage3/4,0.940000,-0.116518123,1.538692833,2.509531357,0.712374979
stage3/4,0.960000,-0.113310915,1.539230012,2.510508573,0.712374979
stage3/4,0.980000,-0.110000190,1.539784528,2.511517330,0.712374979
stage3/4,1.000000,-0.106585681,1.540356427,2.512557709,0.712374979
stage3/4,1.020000,-0.103067184,1.540945744,2.513629772,0.712374979
stage3/4,1.040000,-0.099444554,1.541552502,2.514733564,0.712374979
stage3/4,1.060000,-0.095717713,1.542176714,2.515869109,0.712374979
stage3/4,1.080000,-0.091886639,1.542818384,2.517036413,0.712374979
stage3/4,1.100000,-0.087951373,1.543477505,2.518235463,0.712374979
stage3/4,1.120000,-0.083912014,1.544154061,2.519466230,0.712374979
stage3/4,1.140000,-0.079768718,1.544848026,2.520728666,0.712374979
stage3/4,1.160000,-0.075521701,1.545559363,2.522022704,0.712374979
stage3/4,1.180000,-0.071171233,1.546288026,2.523348264,0.712374979
stage3/4,1.200000,-0.066717642,1.547033963,2.524705245,0.712374979
stage3/4,1.220000,-0.062161309,1.547797107,2.526093530,0.712374979
stage3/4,1.240000,-0.057502670,1.548577387,2.527512988,0.712374979
stage3/4,1.260000,-0.052742214,1.549374720,2.528963468,0.712374979
stage3/4,1.280000,-0.047880483,1.550189016,2.530444807,0.712374979
stage3/4,1.300000,-0.042918070,1.551020175,2.531956822,0.712374979
stage3/4,1.320000,-0.037855618,1.551868090,2.533499319,0.712374979
stage3/4,1.340000,-0.032693822,1.552732644,2.535072085,0.712374979
stage3/4,1.360000,-0.027433424,1.553613713,2.536674894,0.712374979
stage3/4,1.380000,-0.022075216,1.554511164,2.538307506,0.712374979
stage3/4,1.400000,-0.016620036,1.555424857,2.539969664,0.712374979
stage3/4,1.420000,-0.011068769,1.556354644,2.541661100,0.712374979
stage3/4,1.440000,-0.005422346,1.557300369,2.543381529,0.712374979
stage3/4,1.460000,0.000318257,1.558261868,2.545130654,0.712374979
stage3/4,1.480000,0.006152021,1.559238970,2.546908164,0.712374979
stage3/4,1.500000,0.012077882,1.560231498,2.548713736,0.712374979
stage3/4,1.520000,0.018094734,1.561239266,2.550547032,0.712374979
stage3/4,1.540000,0.024201430,1.562262083,2.552407704,0.712374979
stage3/4,1.560000,0.030396783,1.563299748,2.554295388,0.712374979
stage3/4,1.580000,0.036679564,1.564352057,2.556209711,0.712374979
stage3/4,1.600000,0.043048506,1.565418797,2.558150287,0.712374979
stage3/4,1.620000,0.049502305,1.566499750,2.560116718,0.712374979
stage3/4,1.640000,0.056039617,1.567594690,2.562108595,0.712374979
stage3/4,1.660000,0.062659064,1.568703388,2.564125498,0.712374979
stage3/4,1.680000,0.069359229,1.569825605,2.566166996,0.712374979
stage3/4,1.700000,0.076138664,1.570961099,2.568232646,0.712374979
stage3/4,1.720000,0.082995883,1.572109621,2.570321997,0.712374979
stage3/4,1.740000,0.089929370,1.573270917,2.572434586,0.712374979
stage3/4,1.760000,0.096937575,1.574444728,2.574569941,0.712374979
stage3/4,1.780000,0.104018915,1.575630788,2.576727580,0.712374979
stage3/4,1.800000,0.111171780,1.576828828,2.578907012,0.712374979
stage3/4,1.820000,0.118394526,1.578038572,2.581107737,0.712374979
stage3/4,1.840000,0.125685483,1.579259742,2.583329245,0.712374979
stage3/4,1.860000,0.133042951,1.580492051,2.585571018,0.712374979
stage3/4,1.880000,0.140465202,1.581735210,2.587832530,0.712374979
stage3/4,1.900000,0.147950483,1.582988927,2.590113248,0.712374979
stage3/4,1.920000,0.155497015,1.584252903,2.592412627,0.712374979
stage3/4,1.940000,0.163102993,1.585526835,2.594730120,0.712374979
stage3/4,1.960000,0.170766588,1.586810418,2.597065169,0.712374979
stage3/4,1.980000,0.178485949,1.588103341,2.599417208,0.712374979
stage3/4,2.000000,0.186259201,1.589405290,2.601785669,0.712374979
stage3/4,2.020000,0.194084449,1.590715948,2.604169971,0.712374979
stage3/4,2.040000,0.201959775,1.592034994,2.606569533,0.712374979
stage3/4,2.060000,0.209883244,1.593362103,2.608983763,0.712374979
stage3/4,2.080000,0.217852898,1.594696948,2.611412066,0.712374979
stage3/4,2.100000,0.225866764,1.596039198,2.613853839,0.712374979
stage3/4,2.120000,0.233922851,1.597388519,2.616308477,0.712374979
stage3/4,2.140000,0.242019149,1.598744576,2.618775368,0.712374979
stage3/4,2.160000,0.250153636,1.600107028,2.621253893,0.712374979
stage3/4,2.180000,0.258324271,1.601475536,2.623743434,0.712374979
stage3/4,2.200000,0.266529002,1.602849754,2.626243363,0.712374979
stage3/4,2.220000,0.274765762,1.604229337,2.628753051,0.712374979
stage3/4,2.240000,0.283032472,1.605613936,2.631271864,0.712374979
stage3/4,2.260000,0.291327042,1.607003201,2.633799167,0.712374979
stage3/4,2.280000,0.299647371,1.608396780,2.636334318,0.712374979
stage3/4,2.300000,0.307991345,1.609794320,2.638876673,0.712374979
stage3/4,2.320000,0.316356846,1.611195466,2.641425588,0.712374979
stage3/4,2.340000,0.324741744,1.612599860,2.643980412,0.712374979
stage3/4,2.360000,0.333143903,1.614007146,2.646540496,0.712374979
stage3/4,2.380000,0.341561180,1.615416963,2.649105187,0.712374979
stage3/4,2.400000,0.349991426,1.616828953,2.651673829,0.712374979
stage3/4,2.420000,0.358432486,1.618242754,2.654245766,0.712374979
stage3/4,2.440000,0.366882204,1.619658005,2.656820341,0.712374979
stage3/4,2.460000,0.375338417,1.621074344,2.659396895,0.712374979
stage3/4,2.480000,0.383798963,1.622491409,2.661974769,0.712374979
stage3/4,2.500000,0.392261674,1.623908836,2.664553303,0.712374979
stage3/4,2.520000,0.400724386,1.625326264,2.667131837,0.712374979
stage3/4,2.540000,0.409184931,1.626743329,2.669709711,0.712374979
stage3/4,2.560000,0.417641145,1.628159668,2.672286265,0.712374979
stage3/4,2.580000,0.426090862,1.629574919,2.674860840,0.712374979
stage3/4,2.600000,0.434531923,1.630988720,2.677432777,0.712374979
stage3/4,2.620000,0.442962169,1.632400710,2.680001419,0.712374979
stage3/4,2.640000,0.451379445,1.633810527,2.682566109,0.712374979
stage3/4,2.660000,0.459781604,1.635217813,2.685126193,0.712374979
stage3/4,2.680000,0.468166502,1.636622207,2.687681018,0.712374979
stage3/4,2.700000,0.476532003,1.638023353,2.690229932,0.712374979
stage3/4,2.720000,0.484875978,1.639420893,2.692772288,0.712374979
stage3/4,2.740000,0.493196306,1.640814472,2.695307438,0.712374979
stage3/4,2.760000,0.501490876,1.642203737,2.697834741,0.712374979
stage3/4,2.780000,0.509757586,1.643588336,2.700353555,0.712374979
stage3/4,2.800000,0.517994347,1.644967919,2.702863243,0.712374979
stage3/4,2.820000,0.526199078,1.646342137,2.705363172,0.712374979
stage3/4,2.840000,0.534369713,1.647710644,2.707852712,0.712374979
stage3/4,2.860000,0.542504199,1.649073097,2.710331238,0.712374979
stage3/4,2.880000,0.550600498,1.650429154,2.712798128,0.712374979
stage3/4,2.900000,0.558656584,1.651778475,2.715252766,0.712374979
stage3/4,2.920000,0.566670451,1.653120725,2.717694540,0.712374979
stage3/4,2.940000,0.574640105,1.654455570,2.720122842,0.712374979
stage3/4,2.960000,0.582563573,1.655782679,2.722537072,0.712374979
stage3/4,2.980000,0.590438900,1.657101725,2.724936634,0.712374979
stage3/4,3.000000,0.598264147,1.658412383,2.727320937,0.712374979
stage3/4,3.020000,0.606037400,1.659714332,2.729689397,0.712374979
stage3/4,3.040000,0.613756761,1.661007255,2.732041437,0.712374979
stage3/4,3.060000,0.621420356,1.662290838,2.734376485,0.712374979
stage3/4,3.080000,0.629026334,1.663564770,2.736693978,0.712374979
stage3/4,3.100000,0.636572865,1.664828746,2.738993358,0.712374979
stage3/4,3.120000,0.644058147,1.666082463,2.741274075,0.712374979
stage3/4,3.140000,0.651480398,1.667325622,2.743535587,0.712374979
stage3/4,3.160000,0.658837865,1.668557931,2.745777361,0.712374979
stage3/4,3.180000,0.666128822,1.669779101,2.747998868,0.712374979
stage3/4,3.200000,0.673351568,1.670988845,2.750199593,0.712374979
stage3/4,3.220000,0.680504433,1.672186885,2.752379025,0.712374979
stage3/4,3.240000,0.687585774,1.673372945,2.754536664,0.712374979
stage3/4,3.260000,0.694593978,1.674546756,2.756672019,0.712374979
stage3/4,3.280000,0.701527465,1.675708052,2.758784608,0.712374979
stage3/4,3.300000,0.708384685,1.676856574,2.760873959,0.712374979
stage3/4,3.320000,0.715164119,1.677992068,2.762939609,0.712374979
stage3/4,3.340000,0.721864285,1.679114285,2.764981107,0.712374979
stage3/4,3.360000,0.728483731,1.680222982,2.766998010,0.712374979
stage3/4,3.380000,0.735021043,1.681317923,2.768989887,0.712374979
stage3/4,3.400000,0.741474842,1.682398876,2.770956318,0.712374979
stage3/4,3.420000,0.747843785,1.683465616,2.772896894,0.712374979
stage3/4,3.440000,0.754126566,1.684517925,2.774811217,0.712374979
stage3/4,3.460000,0.760321919,1.685555590,2.776698902,0.712374979
stage3/4,3.480000,0.766428615,1.686578406,2.778559573,0.712374979
stage3/4,3.500000,0.772445467,1.687586175,2.780392869,0.712374979
stage3/4,3.520000,0.778371328,1.688578703,2.782198441,0.712374979
stage3/4,3.540000,0.784205091,1.689555805,2.783975951,0.712374979
stage3/4,3.560000,0.789945694,1.690517304,2.785725076,0.712374979
stage3/4,3.580000,0.795592117,1.691463029,2.787445505,0.712374979
stage3/4,3.600000,0.801143384,1.692392816,2.789136941,0.712374979
stage3/4,3.620000,0.806598565,1.693306509,2.790799099,0.712374979
stage3/4,3.640000,0.811956773,1.694203960,2.792431711,0.712374979
stage3/4,3.660000,0.817217171,1.695085029,2.794034520,0.712374979
stage3/4,3.680000,0.822378967,1.695949583,2.795607287,0.712374979
stage3/4,3.700000,0.827441418,1.696797498,2.797149783,0.712374979
stage3/4,3.720000,0.832403832,1.697628657,2.798661799,0.712374979
stage3/4,3.740000,0.837265563,1.698442953,2.800143137,0.712374979
stage3/4,3.760000,0.842026018,1.699240286,2.801593617,0.712374979
stage3/4,3.780000,0.846684657,1.700020566,2.803013075,0.712374979
stage3/4,3.800000,0.851240990,1.700783710,2.804401360,0.712374979
stage3/4,3.820000,0.855694582,1.701529647,2.805758341,0.712374979
stage3/4,3.840000,0.860045049,1.702258310,2.807083901,0.712374979
stage3/4,3.860000,0.864292067,1.702969647,2.808377940,0.712374979
stage3/4,3.880000,0.868435362,1.703663612,2.809640375,0.712374979
stage3/4,3.900000,0.872474722,1.704340168,2.810871142,0.712374979
stage3/4,3.920000,0.876409988,1.704999289,2.812070193,0.712374979
stage3/4,3.940000,0.880241061,1.705640959,2.813237496,0.712374979
stage3/4,3.960000,0.883967903,1.706265171,2.814373041,0.712374979
stage3/4,3.980000,0.887590532,1.706871929,2.815476833,0.712374979
stage3/4,4.000000,0.891109030,1.707461246,2.816548897,0.712374979
stage3/4,4.020000,0.894523539,1.708033145,2.817589276,0.712374979
stage3/4,4.040000,0.897834264,1.708587661,2.818598032,0.712374979
stage3/4,4.060000,0.901041472,1.709124839,2.819575248,0.712374979
stage3/4,4.080000,0.904145496,1.709644735,2.820521024,0.712374979
stage3/4,4.100000,0.907146732,1.710147415,2.821435482,0.712374979
stage3/4,4.120000,0.910045644,1.710632957,2.822318762,0.712374979
stage3/4,4.140000,0.912842760,1.711101448,2.823171025,0.712374979
stage3/4,4.160000,0.915538677,1.711552990,2.823992454,0.712374979
stage3/4,4.180000,0.918134060,1.711987693,2.824783250,0.712374979
stage3/4,4.200000,0.920629643,1.712405681,2.825543638,0.712374979
stage3/4,4.220000,0.923026229,1.712807087,2.826273863,0.712374979
stage3/4,4.240000,0.925324693,1.713192059,2.826974190,0.712374979
stage3/4,4.260000,0.927525980,1.713560755,2.827644908,0.712374979
stage3/4,4.280000,0.929631110,1.713913345,2.828286328,0.712374979
stage3/4,4.300000,0.931641174,1.714250012,2.828898781,0.712374979
stage3/4,4.320000,0.933557337,1.714570952,2.829482624,0.712374979
stage3/4,4.340000,0.935380840,1.714876372,2.830038234,0.712374979
stage3/4,4.360000,0.937112999,1.715166493,2.830566012,0.712374979
stage3/4,4.380000,0.938755207,1.715441548,2.831066382,0.712374979
stage3/4,4.400000,0.940308935,1.715701783,2.831539793,0.712374979
stage3/4,4.420000,0.941775729,1.715947458,2.831986715,0.712374979
stage3/4,4.440000,0.943157219,1.716178845,2.832407646,0.712374979
stage3/4,4.460000,0.944455110,1.716396230,2.832803106,0.712374979
stage3/4,4.480000,0.945671192,1.716599913,2.833173638,0.712374979
stage3/4,4.500000,0.946807332,1.716790206,2.833519813,0.712374979
stage3/4,4.520000,0.947865484,1.716967437,2.833842225,0.712374979
stage3/4,4.540000,0.948847683,1.717131946,2.834141494,0.712374979
stage3/4,4.560000,0.949756046,1.717284089,2.834418267,0.712374979
stage3/4,4.580000,0.950592779,1.717424234,2.834673214,0.712374979
stage3/4,4.600000,0.951360171,1.717552765,2.834907034,0.712374979
stage3/4,4.620000,0.952060598,1.717670081,2.835120449,0.712374979
stage3/4,4.640000,0.952696523,1.717776592,2.835314211,0.712374979
stage3/4,4.660000,0.953270499,1.717872728,2.835489098,0.712374979
stage3/4,4.680000,0.953785165,1.717958930,2.835645914,0.712374979
stage3/4,4.700000,0.954243252,1.718035655,2.835785490,0.712374979
stage3/4,4.720000,0.954647583,1.718103377,2.835908687,0.712374979
stage3/4,4.740000,0.955001068,1.718162583,2.836016392,0.712374979
stage3/4,4.760000,0.955306714,1.718213776,2.836109520,0.712374979
stage3/4,4.780000,0.955567619,1.718257475,2.836189016,0.712374979
stage3/4,4.800000,0.955786975,1.718294215,2.836255852,0.712374979
stage3/4,4.820000,0.955968069,1.718324546,2.836311030,0.712374979
stage3/4,4.840000,0.956114283,1.718349036,2.836355581,0.712374979
stage3/4,4.860000,0.956229098,1.718368266,2.836390564,0.712374979
stage3/4,4.880000,0.956316090,1.718382837,2.836417070,0.712374979
stage3/4,4.900000,0.956378933,1.718393362,2.836436218,0.712374979
stage3/4,4.920000,0.956421402,1.718400476,2.836449158,0.712374979
stage3/4,4.940000,0.956447370,1.718404825,2.836457070,0.712374979
stage3/4,4.960000,0.956460811,1.718407076,2.836461166,0.712374979
stage3/4,4.980000,0.956465801,1.718407912,2.836462686,0.712374979
stage3/4,5.000000,0.956466519,1.718408032,2.836462905,0.712374979
stage3/5,0.000000,0.956466519,1.718408032,2.836462905,0.712374979
stage3/5,0.020000,0.956466519,1.718407993,2.836462904,0.712374979
stage3/5,0.040000,0.956466519,1.718407715,2.836462892,0.712374979
stage3/5,0.060000,0.956466518,1.718406965,2.836462862,0.712374979
stage3/5,0.080000,0.956466516,1.718405509,2.836462804,0.712374979
stage3/5,0.100000,0.956466513,1.718403119,2.836462708,0.712374979
stage3/5,0.120000,0.956466508,1.718399567,2.836462566,0.712374979
stage3/5,0.140000,0.956466501,1.718394630,2.836462368,0.712374979
stage3/5,0.160000,0.956466493,1.718388088,2.836462106,0.712374979
stage3/5,0.180000,0.956466481,1.718379721,2.836461771,0.712374979
stage3/5,0.200000,0.956466468,1.718369314,2.836461354,0.712374979
stage3/5,0.220000,0.956466451,1.718356655,2.836460847,0.712374979
stage3/5,0.240000,0.956466430,1.718341534,2.836460241,0.712374979
stage3/5,0.260000,0.956466407,1.718323743,2.836459528,0.712374979
stage3/5,0.280000,0.956466379,1.718303078,2.836458701,0.712374979
stage3/5,0.300000,0.956466347,1.718279338,2.836457750,0.712374979
stage3/5,0.320000,0.956466311,1.718252323,2.836456667,0.712374979
stage3/5,0.340000,0.956466270,1.718221837,2.836455446,0.712374979
stage3/5,0.360000,0.956466225,1.718187687,2.836454078,0.712374979
stage3/5,0.380000,0.956466174,1.718149682,2.836452556,0.712374979
stage3/5,0.400000,0.956466118,1.718107633,2.836450871,0.712374979
stage3/5,0.420000,0.956466056,1.718061355,2.836449017,0.712374979
stage3/5,0.440000,0.956465988,1.718010665,2.836446986,0.712374979
stage3/5,0.460000,0.956465914,1.717955382,2.836444772,0.712374979
stage3/5,0.480000,0.956465834,1.717895330,2.836442366,0.712374979
stage3/5,0.500000,0.956465747,1.717830332,2.836439762,0.712374979
stage3/5,0.520000,0.956465653,1.717760216,2.836436953,0.712374979
stage3/5,0.540000,0.956465552,1.717684813,2.836433933,0.712374979
stage3/5,0.560000,0.956465444,1.717603954,2.836430694,0.712374979
stage3/5,0.580000,0.956465328,1.717517476,2.836427229,0.712374979
stage3/5,0.600000,0.956465205,1.717425216,2.836423533,0.712374979
stage3/5,0.620000,0.956465074,1.717327015,2.836419599,0.712374979
stage3/5,0.640000,0.956464934,1.717222714,2.836415421,0.712374979
stage3/5,0.660000,0.956464786,1.717112160,2.836410992,0.712374979
stage3/5,0.680000,0.956464630,1.716995201,2.836406307,0.712374979
stage3/5,0.700000,0.956464465,1.716871687,2.836401359,0.712374979
stage3/5,0.720000,0.956464291,1.716741470,2.836396142,0.712374979
stage3/5,0.740000,0.956464107,1.716604406,2.836390651,0.712374979
stage3/5,0.760000,0.956463915,1.716460353,2.836384881,0.712374979
stage3/5,0.780000,0.956463713,1.716309171,2.836378824,0.712374979
stage3/5,0.800000,0.956463501,1.716150723,2.836372477,0.712374979
stage3/5,0.820000,0.956463279,1.715984873,2.836365833,0.712374979
stage3/5,0.840000,0.956463047,1.715811490,2.836358887,0.712374979
stage3/5,0.860000,0.956462805,1.715630443,2.836351634,0.712374979
stage3/5,0.880000,0.956462553,1.715441604,2.836344069,0.712374979
stage3/5,0.900000,0.956462289,1.715244849,2.836336187,0.712374979
stage3/5,0.920000,0.956462016,1.715040053,2.836327983,0.712374979
stage3/5,0.940000,0.956461731,1.714827098,2.836319452,0.712374979
stage3/5,0.960000,0.956461435,1.714605863,2.836310589,0.712374979
stage3/5,0.980000,0.956461128,1.714376234,2.836301390,0.712374979
stage3/5,1.000000,0.956460809,1.714138097,2.836291850,0.712374979
stage3/5,1.020000,0.956460479,1.713891341,2.836281965,0.712374979
stage3/5,1.040000,0.956460138,1.713635855,2.836271730,0.712374979
stage3/5,1.060000,0.956459784,1.713371535,2.836261142,0.712374979
stage3/5,1.080000,0.956459419,1.713098275,2.836250195,0.712374979
stage3/5,1.100000,0.956459041,1.712815973,2.836238886,0.712374979
stage3/5,1.120000,0.956458652,1.712524530,2.836227211,0.712374979
stage3/5,1.140000,0.956458250,1.712223847,2.836215165,0.712374979
stage3/5,1.160000,0.956457835,1.711913829,2.836202746,0.712374979
stage3/5,1.180000,0.956457408,1.711594384,2.836189949,0.712374979
stage3/5,1.200000,0.956456968,1.711265419,2.836176770,0.712374979
stage3/5,1.220000,0.956456515,1.710926846,2.836163207,0.712374979
stage3/5,1.240000,0.956456050,1.710578579,2.836149255,0.712374979
stage3/5,1.260000,0.956455571,1.710220533,2.836134912,0.712374979
stage3/5,1.280000,0.956455079,1.709852625,2.836120173,0.712374979
stage3/5,1.300000,0.956454574,1.709474776,2.836105037,0.712374979
stage3/5,1.320000,0.956454055,1.709086908,2.836089499,0.712374979
stage3/5,1.340000,0.956453523,1.708688944,2.836073556,0.712374979
stage3/5,1.360000,0.956452977,1.708280811,2.836057206,0.712374979
stage3/5,1.380000,0.956452418,1.707862437,2.836040446,0.712374979
stage3/5,1.400000,0.956451844,1.707433753,2.836023273,0.712374979
stage3/5,1.420000,0.956451257,1.706994691,2.836005684,0.712374979
stage3/5,1.440000,0.956450656,1.706545185,2.835987676,0.712374979
stage3/5,1.460000,0.956450041,1.706085173,2.835969248,0.712374979
stage3/5,1.480000,0.956449412,1.705614593,2.835950397,0.712374979
stage3/5,1.500000,0.956448768,1.705133385,2.835931119,0.712374979
stage3/5,1.520000,0.956448110,1.704641493,2.835911414,0.712374979
stage3/5,1.540000,0.956447438,1.704138861,2.835891278,0.712374979
stage3/5,1.560000,0.956446752,1.703625435,2.835870711,0.712374979
stage3/5,1.580000,0.956446051,1.703101165,2.835849708,0.712374979
stage3/5,1.600000,0.956445335,1.702566002,2.835828269,0.712374979
stage3/5,1.620000,0.956444605,1.702019897,2.835806392,0.712374979
stage3/5,1.640000,0.956443860,1.701462806,2.835784075,0.712374979
stage3/5,1.660000,0.956443100,1.700894685,2.835761316,0.712374979
stage3/5,1.680000,0.956442326,1.700315492,2.835738113,0.712374979
stage3/5,1.700000,0.956441536,1.699725188,2.835714466,0.712374979
stage3/5,1.720000,0.956440732,1.699123736,2.835690371,0.712374979
stage3/5,1.740000,0.956439913,1.698511100,2.835665829,0.712374979
stage3/5,1.760000,0.956439078,1.697887245,2.835640837,0.712374979
stage3/5,1.780000,0.956438229,1.697252139,2.835615395,0.712374979
stage3/5,1.800000,0.956437365,1.696605753,2.835589500,0.712374979
stage3/5,1.820000,0.956436485,1.695948058,2.835563153,0.712374979
stage3/5,1.840000,0.956435591,1.695279028,2.835536351,0.712374979
stage3/5,1.860000,0.956434681,1.694598638,2.835509095,0.712374979
stage3/5,1.880000,0.956433756,1.693906865,2.835481382,0.712374979
stage3/5,1.900000,0.956432816,1.693203688,2.835453213,0.712374979
stage3/5,1.920000,0.956431860,1.692489088,2.835424586,0.712374979
stage3/5,1.940000,0.956430889,1.691763048,2.835395500,0.712374979
stage3/5,1.960000,0.956429903,1.691025551,2.835365956,0.712374979
stage3/5,1.980000,0.956428901,1.690276584,2.835335952,0.712374979
stage3/5,2.000000,0.956427884,1.689516135,2.835305488,0.712374979
stage3/5,2.020000,0.956426852,1.688744193,2.835274564,0.712374979
stage3/5,2.040000,0.956425805,1.687960749,2.835243179,0.712374979
stage3/5,2.060000,0.956424742,1.687165797,2.835211333,0.712374979
stage3/5,2.080000,0.956423663,1.686359332,2.835179026,0.712374979
stage3/5,2.100000,0.956422569,1.685541349,2.835146257,0.712374979
stage3/5,2.120000,0.956421460,1.684711846,2.835113027,0.712374979
stage3/5,2.140000,0.956420335,1.683870824,2.835079336,0.712374979
stage3/5,2.160000,0.956419195,1.683018284,2.835045183,0.712374979
stage3/5,2.180000,0.956418040,1.682154228,2.835010569,0.712374979
stage3/5,2.200000,0.956416869,1.681278662,2.834975493,0.712374979
stage3/5,2.220000,0.956415683,1.680391592,2.834939957,0.712374979
stage3/5,2.240000,0.956414481,1.679493025,2.834903960,0.712374979
stage3/5,2.260000,0.956413264,1.678582971,2.834867503,0.712374979
stage3/5,2.280000,0.956412032,1.677661442,2.834830586,0.712374979
stage3/5,2.300000,0.956410785,1.676728449,2.834793211,0.712374979
stage3/5,2.320000,0.956409522,1.675784008,2.834755376,0.712374979
stage3/5,2.340000,0.956408243,1.674828133,2.834717083,0.712374979
stage3/5,2.360000,0.956406950,1.673860842,2.834678333,0.712374979
stage3/5,2.380000,0.956405641,1.672882154,2.834639127,0.712374979
stage3/5,2.400000,0.956404317,1.671892090,2.834599465,0.712374979
stage3/5,2.420000,0.956402978,1.670890671,2.834559348,0.712374979
stage3/5,2.440000,0.956401624,1.669877920,2.834518777,0.712374979
stage3/5,2.460000,0.956400254,1.668853862,2.834477753,0.712374979
stage3/5,2.480000,0.956398870,1.667818524,2.834436277,0.712374979
stage3/5,2.500000,0.956397470,1.666771934,2.834394350,0.712374979
stage3/5,2.520000,0.956396056,1.665714120,2.834351974,0.712374979
stage3/5,2.540000,0.956394626,1.664645113,2.834309149,0.712374979
stage3/5,2.560000,0.956393182,1.663564945,2.834265877,0.712374979
stage3/5,2.580000,0.956391723,1.662473651,2.834222160,0.712374979
stage3/5,2.600000,0.956390249,1.661371264,2.834177998,0.712374979
stage3/5,2.620000,0.956388760,1.660257820,2.834133393,0.712374979
stage3/5,2.640000,0.956387256,1.659133359,2.834088347,0.712374979
stage3/5,2.660000,0.956385738,1.657997918,2.834042861,0.712374979
stage3/5,2.680000,0.956384205,1.656851538,2.833996936,0.712374979
stage3/5,2.700000,0.956382657,1.655694261,2.833950576,0.712374979
stage3/5,2.720000,0.956381095,1.654526129,2.833903780,0.712374979
stage3/5,2.740000,0.956379519,1.653347188,2.833856551,0.712374979
stage3/5,2.760000,0.956377928,1.652157483,2.833808891,0.712374979
stage3/5,2.780000,0.956376323,1.650957060,2.833760802,0.712374979
stage3/5,2.800000,0.956374703,1.649745968,2.833712286,0.712374979
stage3/5,2.820000,0.956373069,1.648524258,2.833663343,0.712374979
stage3/5,2.840000,0.956371422,1.647291978,2.833613978,0.712374979
stage3/5,2.860000,0.956369760,1.646049182,2.833564191,0.712374979
stage3/5,2.880000,0.956368084,1.644795923,2.833513985,0.712374979
stage3/5,2.900000,0.956366394,1.643532256,2.833463363,0.712374979
stage3/5,2.920000,0.956364690,1.642258235,2.833412325,0.712374979
stage3/5,2.940000,0.956362973,1.640973919,2.833360875,0.712374979
stage3/5,2.960000,0.956361242,1.639679365,2.833309015,0.712374979
stage3/5,2.980000,0.956359497,1.638374632,2.833256747,0.712374979
stage3/5,3.000000,0.956357739,1.637059782,2.833204074,0.712374979
stage3/5,3.020000,0.956355967,1.635734875,2.833150998,0.712374979
stage3/5,3.040000,0.956354182,1.634399976,2.833097521,0.712374979
stage3/5,3.060000,0.956352384,1.633055146,2.833043647,0.712374979
stage3/5,3.080000,0.956350572,1.631700453,2.832989378,0.712374979
stage3/5,3.100000,0.956348748,1.630335961,2.832934716,0.712374979
stage3/5,3.120000,0.956346910,1.628961738,2.832879664,0.712374979
stage3/5,3.140000,0.956345059,1.627577853,2.832824225,0.712374979
stage3/5,3.160000,0.956343196,1.626184375,2.832768402,0.712374979
stage3/5,3.180000,0.956341320,1.624781375,2.832712198,0.712374979
stage3/5,3.200000,0.956339431,1.623368924,2.832655614,0.712374979
stage3/5,3.220000,0.956337530,1.621947095,2.832598656,0.712374979
stage3/5,3.240000,0.956335616,1.620515961,2.832541324,0.712374979
stage3/5,3.260000,0.956333690,1.619075597,2.832483623,0.712374979
stage3/5,3.280000,0.956331752,1.617626080,2.832425555,0.712374979
stage3/5,3.300000,0.956329801,1.616167485,2.832367123,0.712374979
stage3/5,3.320000,0.956327839,1.614699891,2.832308331,0.712374979
stage3/5,3.340000,0.956325864,1.613223376,2.832249181,0.712374979
stage3/5,3.360000,0.956323878,1.611738019,2.832189678,0.712374979
stage3/5,3.380000,0.956321880,1.610243902,2.832129823,0.712374979
stage3/5,3.400000,0.956319871,1.608741106,2.832069620,0.712374979
stage3/5,3.420000,0.956317849,1.607229713,2.832009074,0.712374979
stage3/5,3.440000,0.956315817,1.605709807,2.831948186,0.712374979
stage3/5,3.460000,0.956313773,1.604181472,2.831886960,0.712374979
stage3/5,3.480000,0.956311718,1.602644794,2.831825401,0.712374979
stage3/5,3.500000,0.956309653,1.601099857,2.831763510,0.712374979
stage3/5,3.520000,0.956307576,1.599546750,2.831701292,0.712374979
stage3/5,3.540000,0.956305488,1.597985560,2.831638751,0.712374979
stage3/5,3.560000,0.956303390,1.596416377,2.831575889,0.712374979
stage3/5,3.580000,0.956301281,1.594839288,2.831512710,0.712374979
stage3/5,3.600000,0.956299161,1.593254385,2.831449218,0.712374979
stage3/5,3.620000,0.956297032,1.591661759,2.831385417,0.712374979
stage3/5,3.640000,0.956294892,1.590061501,2.831321311,0.712374979
stage3/5,3.660000,0.956292742,1.588453706,2.831256902,0.712374979
stage3/5,3.680000,0.956290582,1.586838465,2.831192195,0.712374979
stage3/5,3.700000,0.956288412,1.585215874,2.831127194,0.712374979
stage3/5,3.720000,0.956286233,1.583586027,2.831061902,0.712374979
stage3/5,3.740000,0.956284044,1.581949020,2.830996323,0.712374979
stage3/5,3.760000,0.956281845,1.580304950,2.830930461,0.712374979
stage3/5,3.780000,0.956279637,1.578653914,2.830864320,0.712374979
stage3/5,3.800000,0.956277420,1.576996011,2.830797904,0.712374979
stage3/5,3.820000,0.956275194,1.575331338,2.830731217,0.712374979
stage3/5,3.840000,0.956272959,1.573659995,2.830664262,0.712374979
stage3/5,3.860000,0.956270716,1.571982082,2.830597045,0.712374979
stage3/5,3.880000,0.956268463,1.570297700,2.830529568,0.712374979
stage3/5,3.900000,0.956266202,1.568606951,2.830461836,0.712374979
stage3/5,3.920000,0.956263933,1.566909935,2.830393853,0.712374979
stage3/5,3.940000,0.956261656,1.565206757,2.830325623,0.712374979
stage3/5,3.960000,0.956259370,1.563497519,2.830257151,0.712374979
stage3/5,3.980000,0.956257076,1.561782324,2.830188440,0.712374979
stage3/5,4.000000,0.956254775,1.560061279,2.830119494,0.712374979
stage3/5,4.020000,0.956252466,1.558334487,2.830050319,0.712374979
stage3/5,4.040000,0.956250149,1.556602054,2.829980917,0.712374979
stage3/5,4.060000,0.956247825,1.554864086,2.829911293,0.712374979
stage3/5,4.080000,0.956245494,1.553120691,2.829841453,0.712374979
stage3/5,4.100000,0.956243155,1.551371975,2.829771399,0.712374979
stage3/5,4.120000,0.956240810,1.549618047,2.829701136,0.712374979
stage3/5,4.140000,0.956238458,1.547859014,2.829630668,0.712374979
stage3/5,4.160000,0.956236099,1.546094986,2.829560001,0.712374979
stage3/5,4.180000,0.956233733,1.544326071,2.829489138,0.712374979
stage3/5,4.200000,0.956231362,1.542552380,2.829418083,0.712374979
stage3/5,4.220000,0.956228984,1.540774023,2.829346842,0.712374979
stage3/5,4.240000,0.956226599,1.538991111,2.829275418,0.712374979
stage3/5,4.260000,0.956224209,1.537203754,2.829203816,0.712374979
stage3/5,4.280000,0.956221814,1.535412065,2.829132041,0.712374979
stage3/5,4.300000,0.956219412,1.533616156,2.829060096,0.712374979
stage3/5,4.320000,0.956217005,1.531816138,2.828987987,0.712374979
stage3/5,4.340000,0.956214593,1.530012126,2.828915718,0.712374979
stage3/5,4.360000,0.956212175,1.528204232,2.828843293,0.712374979
stage3/5,4.380000,0.956209752,1.526392569,2.828770717,0.712374979
stage3/5,4.400000,0.956207325,1.524577252,2.828697995,0.712374979
stage3/5,4.420000,0.956204893,1.522758396,2.828625131,0.712374979
stage3/5,4.440000,0.956202456,1.520936115,2.828552130,0.712374979
stage3/5,4.460000,0.956200015,1.519110523,2.828478997,0.712374979
stage3/5,4.480000,0.956197569,1.517281737,2.828405735,0.712374979
stage3/5,4.500000,0.956195120,1.515449872,2.828332350,0.712374979
stage3/5,4.520000,0.956192666,1.513615044,2.828258846,0.712374979
stage3/5,4.540000,0.956190209,1.511777369,2.828185229,0.712374979
stage3/5,4.560000,0.956187748,1.509936964,2.828111502,0.712374979
stage3/5,4.580000,0.956185283,1.508093945,2.828037670,0.712374979
stage3/5,4.600000,0.956182815,1.506248431,2.827963738,0.712374979
stage3/5,4.620000,0.956180344,1.504400537,2.827889711,0.712374979
stage3/5,4.640000,0.956177870,1.502550382,2.827815593,0.712374979
stage3/5,4.660000,0.956175393,1.500698083,2.827741390,0.712374979
stage3/5,4.680000,0.956172914,1.498843758,2.827667105,0.712374979
stage3/5,4.700000,0.956170431,1.496987526,2.827592744,0.712374979
stage3/5,4.720000,0.956167947,1.495129504,2.827518311,0.712374979
stage3/5,4.740000,0.956165460,1.493269811,2.827443811,0.712374979
stage3/5,4.760000,0.956162971,1.491408567,2.827369249,0.712374979
stage3/5,4.780000,0.956160480,1.489545889,2.827294630,0.712374979
stage3/5,4.800000,0.956157988,1.487681897,2.827219958,0.712374979
stage3/5,4.820000,0.956155494,1.485816710,2.827145238,0.712374979
stage3/5,4.840000,0.956152998,1.483950446,2.827070475,0.712374979
stage3/5,4.860000,0.956150501,1.482083226,2.826995674,0.712374979
stage3/5,4.880000,0.956148003,1.480215168,2.826920839,0.712374979
stage3/5,4.900000,0.956145504,1.478346393,2.826845975,0.712374979
stage3/5,4.920000,0.956143004,1.476477019,2.826771088,0.712374979
stage3/5,4.940000,0.956140504,1.474607166,2.826696181,0.712374979
stage3/5,4.960000,0.956138003,1.472736955,2.826621260,0.712374979
stage3/5,4.980000,0.956135502,1.470866504,2.826546329,0.712374979
stage3/5,5.000000,0.956133001,1.468995933,2.826471394,0.712374979
stage3/5,5.020000,0.956130499,1.467125362,2.826396458,0.712374979
stage3/5,5.040000,0.956127998,1.465254911,2.826321527,0.712374979
stage3/5,5.060000,0.956125497,1.463384699,2.826246606,0.712374979
stage3/5,5.080000,0.956122997,1.461514847,2.826171699,0.712374979
stage3/5,5.100000,0.956120497,1.459645473,2.826096812,0.712374979
stage3/5,5.120000,0.956117998,1.457776697,2.826021948,0.712374979
stage3/5,5.140000,0.956115500,1.455908640,2.825947113,0.712374979
stage3/5,5.160000,0.956113003,1.454041420,2.825872312,0.712374979
stage3/5,5.180000,0.956110507,1.452175156,2.825797549,0.712374979
stage3/5,5.200000,0.956108013,1.450309969,2.825722829,0.712374979
stage3/5,5.220000,0.956105521,1.448445977,2.825648157,0.712374979
stage3/5,5.240000,0.956103030,1.446583299,2.825573538,0.712374979
stage3/5,5.260000,0.956100541,1.444722054,2.825498976,0.712374979
stage3/5,5.280000,0.956098054,1.442862362,2.825424476,0.712374979
stage3/5,5.300000,0.956095570,1.441004340,2.825350043,0.712374979
stage3/5,5.320000,0.956093087,1.439148108,2.825275682,0.712374979
stage3/5,5.340000,0.956090608,1.437293783,2.825201398,0.712374979
stage3/5,5.360000,0.956088131,1.435441484,2.825127194,0.712374979
stage3/5,5.380000,0.956085657,1.433591329,2.825053076,0.712374979
stage3/5,5.400000,0.956083186,1.431743435,2.824979049,0.712374979
stage3/5,5.420000,0.956080718,1.429897920,2.824905117,0.712374979
stage3/5,5.440000,0.956078253,1.428054902,2.824831286,0.712374979
stage3/5,5.460000,0.956075792,1.426214497,2.824757559,0.712374979
stage3/5,5.480000,0.956073335,1.424376822,2.824683941,0.712374979
stage3/5,5.500000,0.956070881,1.422541994,2.824610437,0.712374979
stage3/5,5.520000,0.956068432,1.420710129,2.824537052,0.712374979
stage3/5,5.540000,0.956065986,1.418881343,2.824463791,0.712374979
stage3/5,5.560000,0.956063545,1.417055751,2.824390657,0.712374979
stage3/5,5.580000,0.956061108,1.415233470,2.824317656,0.712374979
stage3/5,5.600000,0.956058676,1.413414613,2.824244792,0.712374979
stage3/5,5.620000,0.956056249,1.411599297,2.824172070,0.712374979
stage3/5,5.640000,0.956053826,1.409787634,2.824099494,0.712374979
stage3/5,5.660000,0.956051409,1.407979740,2.824027070,0.712374979
stage3/5,5.680000,0.956048996,1.406175727,2.823954800,0.712374979
stage3/5,5.700000,0.956046589,1.404375710,2.823882691,0.712374979
stage3/5,5.720000,0.956044188,1.402579801,2.823810747,0.712374979
stage3/5,5.740000,0.956041792,1.400788112,2.823738971,0.712374979
stage3/5,5.760000,0.956039402,1.399000755,2.823667369,0.712374979
stage3/5,5.780000,0.956037017,1.397217843,2.823595945,0.712374979
stage3/5,5.800000,0.956034639,1.395439486,2.823524704,0.712374979
stage3/5,5.820000,0.956032268,1.393665795,2.823453649,0.712374979
stage3/5,5.840000,0.956029902,1.391896880,2.823382786,0.712374979
stage3/5,5.860000,0.956027543,1.390132852,2.823312119,0.712374979
stage3/5,5.880000,0.956025191,1.388373819,2.823241651,0.712374979
stage3/5,5.900000,0.956022846,1.386619890,2.823171389,0.712374979
stage3/5,5.920000,0.956020507,1.384871175,2.823101335,0.712374979
stage3/5,5.940000,0.956018176,1.383127779,2.823031494,0.712374979
stage3/5,5.960000,0.956015852,1.381389812,2.822961870,0.712374979
stage3/5,5.980000,0.956013535,1.379657379,2.822892469,0.712374979
stage3/5,6.000000,0.956011226,1.377930587,2.822823293,0.712374979
stage3/5,6.020000,0.956008925,1.376209541,2.822754347,0.712374979
stage3/5,6.040000,0.956006631,1.374494347,2.822685636,0.712374979
stage3/5,6.060000,0.956004346,1.372785109,2.822617164,0.712374979
stage3/5,6.080000,0.956002068,1.371081931,2.822548934,0.712374979
stage3/5,6.100000,0.955999799,1.369384915,2.822480951,0.712374979
stage3/5,6.120000,0.955997538,1.367694166,2.822413219,0.712374979
stage3/5,6.140000,0.955995285,1.366009784,2.822345743,0.712374979
stage3/5,6.160000,0.955993042,1.364331871,2.822278525,0.712374979
stage3/5,6.180000,0.955990807,1.362660528,2.822211571,0.712374979
stage3/5,6.200000,0.955988581,1.360995855,2.822144883,0.712374979
stage3/5,6.220000,0.955986364,1.359337951,2.822078467,0.712374979
stage3/5,6.240000,0.955984156,1.357686916,2.822012326,0.712374979
stage3/5,6.260000,0.955981957,1.356042846,2.821946465,0.712374979
stage3/5,6.280000,0.955979768,1.354405839,2.821880886,0.712374979
stage3/5,6.300000,0.955977589,1.352775992,2.821815594,0.712374979
stage3/5,6.320000,0.955975419,1.351153401,2.821750592,0.712374979
stage3/5,6.340000,0.955973259,1.349538160,2.821685885,0.712374979
stage3/5,6.360000,0.955971109,1.347930364,2.821621476,0.712374979
stage3/5,6.380000,0.955968969,1.346330107,2.821557370,0.712374979
stage3/5,6.400000,0.955966840,1.344737481,2.821493569,0.712374979
stage3/5,6.420000,0.955964720,1.343152578,2.821430077,0.712374979
stage3/5,6.440000,0.955962611,1.341575489,2.821366899,0.712374979
stage3/5,6.460000,0.955960513,1.340006305,2.821304037,0.712374979
stage3/5,6.480000,0.955958425,1.338445115,2.821241495,0.712374979
stage3/5,6.500000,0.955956349,1.336892008,2.821179277,0.712374979
stage3/5,6.520000,0.955954283,1.335347072,2.821117387,0.712374979
stage3/5,6.540000,0.955952228,1.333810394,2.821055827,0.712374979
stage3/5,6.560000,0.955950184,1.332282059,2.820994601,0.712374979
stage3/5,6.580000,0.955948152,1.330762153,2.820933714,0.712374979
stage3/5,6.600000,0.955946131,1.329250760,2.820873167,0.712374979
stage3/5,6.620000,0.955944121,1.327747964,2.820812964,0.712374979
stage3/5,6.640000,0.955942123,1.326253846,2.820753110,0.712374979
stage3/5,6.660000,0.955940137,1.324768490,2.820693606,0.712374979
stage3/5,6.680000,0.955938162,1.323291975,2.820634456,0.712374979
stage3/5,6.700000,0.955936200,1.321824380,2.820575664,0.712374979
stage3/5,6.720000,0.955934249,1.320365786,2.820517232,0.712374979
stage3/5,6.740000,0.955932311,1.318916268,2.820459164,0.712374979
stage3/5,6.760000,0.955930385,1.317475905,2.820401463,0.712374979
stage3/5,6.780000,0.955928471,1.316044771,2.820344132,0.712374979
stage3/5,6.800000,0.955926570,1.314622942,2.820287173,0.712374979
stage3/5,6.820000,0.955924681,1.313210491,2.820230590,0.712374979
stage3/5,6.840000,0.955922805,1.311807491,2.820174385,0.712374979
stage3/5,6.860000,0.955920942,1.310414013,2.820118562,0.712374979
stage3/5,6.880000,0.955919091,1.309030128,2.820063123,0.712374979
stage3/5,6.900000,0.955917254,1.307655905,2.820008071,0.712374979
stage3/5,6.920000,0.955915429,1.306291413,2.819953410,0.712374979
stage3/5,6.940000,0.955913617,1.304936720,2.819899140,0.712374979
stage3/5,6.960000,0.955911819,1.303591890,2.819845266,0.712374979
stage3/5,6.980000,0.955910034,1.302256990,2.819791790,0.712374979
stage3/5,7.000000,0.955908262,1.300932084,2.819738714,0.712374979
stage3/5,7.020000,0.955906504,1.299617233,2.819686040,0.712374979
stage3/5,7.040000,0.955904759,1.298312501,2.819633772,0.712374979
stage3/5,7.060000,0.955903028,1.297017947,2.819581912,0.712374979
stage3/5,7.080000,0.955901311,1.295733630,2.819530462,0.712374979
stage3/5,7.100000,0.955899607,1.294459610,2.819479425,0.712374979
stage3/5,7.120000,0.955897917,1.293195942,2.819428802,0.712374979
stage3/5,7.140000,0.955896241,1.291942683,2.819378596,0.712374979
stage3/5,7.160000,0.955894580,1.290699888,2.819328809,0.712374979
stage3/5,7.180000,0.955892932,1.289467608,2.819279444,0.712374979
stage3/5,7.200000,0.955891298,1.288245897,2.819230502,0.712374979
stage3/5,7.220000,0.955889679,1.287034806,2.819181985,0.712374979
stage3/5,7.240000,0.955888073,1.285834383,2.819133896,0.712374979
stage3/5,7.260000,0.955886482,1.284644678,2.819086236,0.712374979
stage3/5,7.280000,0.955884906,1.283465736,2.819039007,0.712374979
stage3/5,7.300000,0.955883344,1.282297605,2.818992212,0.712374979
stage3/5,7.320000,0.955881796,1.281140328,2.818945851,0.712374979
stage3/5,7.340000,0.955880263,1.279993948,2.818899927,0.712374979
stage3/5,7.360000,0.955878745,1.278858507,2.818854440,0.712374979
stage3/5,7.380000,0.955877241,1.277734045,2.818809394,0.712374979
stage3/5,7.400000,0.955875752,1.276620602,2.818764789,0.712374979
stage3/5,7.420000,0.955874278,1.275518215,2.818720628,0.712374979
stage3/5,7.440000,0.955872819,1.274426920,2.818676910,0.712374979
stage3/5,7.460000,0.955871375,1.273346753,2.818633638,0.712374979
stage3/5,7.480000,0.955869945,1.272277746,2.818590814,0.712374979
stage3/5,7.500000,0.955868531,1.271219932,2.818548437,0.712374979
stage3/5,7.520000,0.955867131,1.270173341,2.818506511,0.712374979
stage3/5,7.540000,0.955865747,1.269138004,2.818465035,0.712374979
stage3/5,7.560000,0.955864377,1.268113946,2.818424011,0.712374979
stage3/5,7.580000,0.955863023,1.267101195,2.818383440,0.712374979
stage3/5,7.600000,0.955861684,1.266099776,2.818343322,0.712374979
stage3/5,7.620000,0.955860360,1.265109711,2.818303660,0.712374979
stage3/5,7.640000,0.955859051,1.264131024,2.818264454,0.712374979
stage3/5,7.660000,0.955857758,1.263163733,2.818225704,0.712374979
stage3/5,7.680000,0.955856479,1.262207858,2.818187411,0.712374979
stage3/5,7.700000,0.955855217,1.261263416,2.818149577,0.712374979
stage3/5,7.720000,0.955853969,1.260330424,2.818112201,0.712374979
stage3/5,7.740000,0.955852737,1.259408894,2.818075284,0.712374979
stage3/5,7.760000,0.955851520,1.258498841,2.818038827,0.712374979
stage3/5,7.780000,0.955850318,1.257600274,2.818002830,0.712374979
stage3/5,7.800000,0.955849132,1.256713204,2.817967294,0.712374979
stage3/5,7.820000,0.955847961,1.255837638,2.817932219,0.712374979
stage3/5,7.840000,0.955846806,1.254973582,2.817897604,0.712374979
stage3/5,7.860000,0.955845666,1.254121042,2.817863451,0.712374979
stage3/5,7.880000,0.955844541,1.253280020,2.817829760,0.712374979
stage3/5,7.900000,0.955843432,1.252450517,2.817796530,0.712374979
stage3/5,7.920000,0.955842338,1.251632534,2.817763761,0.712374979
stage3/5,7.940000,0.955841260,1.250826068,2.817731454,0.712374979
stage3/5,7.960000,0.955840197,1.250031116,2.817699608,0.712374979
stage3/5,7.980000,0.955839149,1.249247673,2.817668223,0.712374979
stage3/5,8.000000,0.955838117,1.248475731,2.817637299,0.712374979
stage3/5,8.020000,0.955837100,1.247715282,2.817606835,0.712374979
stage3/5,8.040000,0.955836098,1.246966315,2.817576831,0.712374979
stage3/5,8.060000,0.955835112,1.246228818,2.817547287,0.712374979
stage3/5,8.080000,0.955834141,1.245502778,2.817518202,0.712374979
stage3/5,8.100000,0.955833186,1.244788178,2.817489574,0.712374979
stage3/5,8.120000,0.955832245,1.244085001,2.817461405,0.712374979
stage3/5,8.140000,0.955831320,1.243393228,2.817433692,0.712374979
stage3/5,8.160000,0.955830410,1.242712838,2.817406436,0.712374979
stage3/5,8.180000,0.955829516,1.242043807,2.817379634,0.712374979
stage3/5,8.200000,0.955828636,1.241386113,2.817353287,0.712374979
stage3/5,8.220000,0.955827772,1.240739727,2.817327393,0.712374979
stage3/5,8.240000,0.955826923,1.240104621,2.817301950,0.712374979
stage3/5,8.260000,0.955826088,1.239480766,2.817276958,0.712374979
stage3/5,8.280000,0.955825269,1.238868129,2.817252416,0.712374979
stage3/5,8.300000,0.955824465,1.238266677,2.817228322,0.712374979
stage3/5,8.320000,0.955823676,1.237676374,2.817204674,0.712374979
stage3/5,8.340000,0.955822901,1.237097181,2.817181471,0.712374979
stage3/5,8.360000,0.955822141,1.236529060,2.817158712,0.712374979
stage3/5,8.380000,0.955821396,1.235971969,2.817136395,0.712374979
stage3/5,8.400000,0.955820666,1.235425864,2.817114518,0.712374979
stage3/5,8.420000,0.955819950,1.234890701,2.817093079,0.712374979
stage3/5,8.440000,0.955819249,1.234366431,2.817072077,0.712374979
stage3/5,8.460000,0.955818563,1.233853005,2.817051509,0.712374979
stage3/5,8.480000,0.955817891,1.233350373,2.817031373,0.712374979
stage3/5,8.500000,0.955817233,1.232858481,2.817011668,0.712374979
stage3/5,8.520000,0.955816589,1.232377273,2.816992391,0.712374979
stage3/5,8.540000,0.955815960,1.231906693,2.816973539,0.712374979
stage3/5,8.560000,0.955815345,1.231446680,2.816955111,0.712374979
stage3/5,8.580000,0.955814744,1.230997175,2.816937103,0.712374979
stage3/5,8.600000,0.955814157,1.230558113,2.816919515,0.712374979
stage3/5,8.620000,0.955813584,1.230129428,2.816902341,0.712374979
stage3/5,8.640000,0.955813024,1.229711055,2.816885581,0.712374979
stage3/5,8.660000,0.955812478,1.229302922,2.816869231,0.712374979
stage3/5,8.680000,0.955811946,1.228904958,2.816853289,0.712374979
stage3/5,8.700000,0.955811428,1.228517089,2.816837751,0.712374979
stage3/5,8.720000,0.955810922,1.228139240,2.816822614,0.712374979
stage3/5,8.740000,0.955810430,1.227771333,2.816807875,0.712374979
stage3/5,8.760000,0.955809952,1.227413287,2.816793532,0.712374979
stage3/5,8.780000,0.955809486,1.227065019,2.816779580,0.712374979
stage3/5,8.800000,0.955809033,1.226726447,2.816766017,0.712374979
stage3/5,8.820000,0.955808593,1.226397482,2.816752839,0.712374979
stage3/5,8.840000,0.955808166,1.226078036,2.816740042,0.712374979
stage3/5,8.860000,0.955807751,1.225768019,2.816727622,0.712374979
stage3/5,8.880000,0.955807349,1.225467336,2.816715577,0.712374979
stage3/5,8.900000,0.955806960,1.225175892,2.816703901,0.712374979
stage3/5,8.920000,0.955806582,1.224893591,2.816692592,0.712374979
stage3/5,8.940000,0.955806217,1.224620331,2.816681645,0.712374979
stage3/5,8.960000,0.955805863,1.224356010,2.816671057,0.712374979
stage3/5,8.980000,0.955805522,1.224100525,2.816660822,0.712374979
stage3/5,9.000000,0.955805192,1.223853769,2.816650937,0.712374979
stage3/5,9.020000,0.955804873,1.223615631,2.816641397,0.712374979
stage3/5,9.040000,0.955804566,1.223386002,2.816632198,0.712374979
stage3/5,9.060000,0.955804270,1.223164768,2.816623335,0.712374979
stage3/5,9.080000,0.955803986,1.222951812,2.816614804,0.712374979
stage3/5,9.100000,0.955803712,1.222747017,2.816606600,0.712374979
stage3/5,9.120000,0.955803449,1.222550261,2.816598718,0.712374979
stage3/5,9.140000,0.955803196,1.222361423,2.816591153,0.712374979
stage3/5,9.160000,0.955802954,1.222180376,2.816583900,0.712374979
stage3/5,9.180000,0.955802722,1.222006992,2.816576954,0.712374979
stage3/5,9.200000,0.955802500,1.221841143,2.816570311,0.712374979
stage3/5,9.220000,0.955802288,1.221682695,2.816563963,0.712374979
stage3/5,9.240000,0.955802086,1.221531513,2.816557907,0.712374979
stage3/5,9.260000,0.955801894,1.221387460,2.816552136,0.712374979
stage3/5,9.280000,0.955801710,1.221250396,2.816546645,0.712374979
stage3/5,9.300000,0.955801536,1.221120179,2.816541429,0.712374979
stage3/5,9.320000,0.955801371,1.220996665,2.816536480,0.712374979
stage3/5,9.340000,0.955801215,1.220879705,2.816531795,0.712374979
stage3/5,9.360000,0.955801067,1.220769152,2.816527366,0.712374979
stage3/5,9.380000,0.955800927,1.220664851,2.816523188,0.712374979
stage3/5,9.400000,0.955800796,1.220566650,2.816519254,0.712374979
stage3/5,9.420000,0.955800673,1.220474390,2.816515558,0.712374979
stage3/5,9.440000,0.955800557,1.220387912,2.816512094,0.712374979
stage3/5,9.460000,0.955800449,1.220307053,2.816508854,0.712374979
stage3/5,9.480000,0.955800348,1.220231650,2.816505834,0.712374979
stage3/5,9.500000,0.955800254,1.220161534,2.816503025,0.712374979
stage3/5,9.520000,0.955800167,1.220096536,2.816500421,0.712374979
stage3/5,9.540000,0.955800087,1.220036483,2.816498015,0.712374979
stage3/5,9.560000,0.955800013,1.219981201,2.816495801,0.712374979
stage3/5,9.580000,0.955799945,1.219930511,2.816493770,0.712374979
stage3/5,9.600000,0.955799884,1.219884232,2.816491916,0.712374979
stage3/5,9.620000,0.955799827,1.219842184,2.816490232,0.712374979
stage3/5,9.640000,0.955799776,1.219804178,2.816488709,0.712374979
stage3/5,9.660000,0.955799731,1.219770028,2.816487341,0.712374979
stage3/5,9.680000,0.955799690,1.219739543,2.816486120,0.712374979
stage3/5,9.700000,0.955799654,1.219712528,2.816485038,0.712374979
stage3/5,9.720000,0.955799622,1.219688788,2.816484087,0.712374979
stage3/5,9.740000,0.955799595,1.219668123,2.816483259,0.712374979
stage3/5,9.760000,0.955799571,1.219650332,2.816482546,0.712374979
stage3/5,9.780000,0.955799551,1.219635211,2.816481940,0.712374979
stage3/5,9.800000,0.955799534,1.219622552,2.816481433,0.712374979
stage3/5,9.820000,0.955799520,1.219612145,2.816481016,0.712374979
stage3/5,9.840000,0.955799508,1.219603778,2.816480681,0.712374979
stage3/5,9.860000,0.955799500,1.219597235,2.816480419,0.712374979
stage3/5,9.880000,0.955799493,1.219592299,2.816480221,0.712374979
stage3/5,9.900000,0.955799488,1.219588747,2.816480079,0.712374979
stage3/5,9.920000,0.955799485,1.219586357,2.816479983,0.712374979
stage3/5,9.940000,0.955799483,1.219584901,2.816479925,0.712374979
stage3/5,9.960000,0.955799482,1.219584151,2.816479895,0.712374979
stage3/5,9.980000,0.955799482,1.219583873,2.816479884,0.712374979
stage3/5,10.000000,0.955799482,1.219583833,2.816479882,0.712374979
stage3/6,0.000000,0.955799482,1.219583833,2.816479882,0.000000000
stage3/6,0.020000,0.955799482,1.219584148,2.816479892,0.000000000
stage3/6,0.040000,0.955799482,1.219586339,2.816479962,0.000000000
stage3/6,0.060000,0.955799482,1.219592240,2.816480150,0.000000000
stage3/6,0.080000,0.955799482,1.219603640,2.816480514,0.000000000
stage3/6,0.100000,0.955799483,1.219622283,2.816481109,0.000000000
stage3/6,0.120000,0.955799483,1.219649871,2.816481990,0.000000000
stage3/6,0.140000,0.955799484,1.219688059,2.816483209,0.000000000
stage3/6,0.160000,0.955799486,1.219738462,2.816484817,0.000000000
stage3/6,0.180000,0.955799487,1.219802649,2.816486866,0.000000000
stage3/6,0.200000,0.955799489,1.219882148,2.816489403,0.000000000
stage3/6,0.220000,0.955799492,1.219978443,2.816492477,0.000000000
stage3/6,0.240000,0.955799495,1.220092978,2.816496132,0.000000000
stage3/6,0.260000,0.955799498,1.220227154,2.816500415,0.000000000
stage3/6,0.280000,0.955799502,1.220382331,2.816505368,0.000000000
stage3/6,0.300000,0.955799506,1.220559829,2.816511033,0.000000000
stage3/6,0.320000,0.955799512,1.220760925,2.816517451,0.000000000
stage3/6,0.340000,0.955799517,1.220986859,2.816524663,0.000000000
stage3/6,0.360000,0.955799524,1.221238829,2.816532705,0.000000000
stage3/6,0.380000,0.955799531,1.221517995,2.816541615,0.000000000
stage3/6,0.400000,0.955799539,1.221825477,2.816551429,0.000000000
stage3/6,0.420000,0.955799547,1.222162355,2.816562181,0.000000000
stage3/6,0.440000,0.955799556,1.222529674,2.816573905,0.000000000
stage3/6,0.460000,0.955799566,1.222928438,2.816586632,0.000000000
stage3/6,0.480000,0.955799577,1.223359614,2.816600394,0.000000000
stage3/6,0.500000,0.955799589,1.223824134,2.816615220,0.000000000
stage3/6,0.520000,0.955799602,1.224322890,2.816631139,0.000000000
stage3/6,0.540000,0.955799615,1.224856740,2.816648178,0.000000000
stage3/6,0.560000,0.955799630,1.225426503,2.816666363,0.000000000
stage3/6,0.580000,0.955799645,1.226032965,2.816685719,0.000000000
stage3/6,0.600000,0.955799661,1.226676875,2.816706271,0.000000000
stage3/6,0.620000,0.955799678,1.227358948,2.816728041,0.000000000
stage3/6,0.640000,0.955799697,1.228079864,2.816751050,0.000000000
stage3/6,0.660000,0.955799716,1.228840267,2.816775320,0.000000000
stage3/6,0.680000,0.955799736,1.229640769,2.816800870,0.000000000
stage3/6,0.700000,0.955799757,1.230481948,2.816827718,0.000000000
stage3/6,0.720000,0.955799780,1.231364349,2.816855881,0.000000000
stage3/6,0.740000,0.955799803,1.232288483,2.816885377,0.000000000
stage3/6,0.760000,0.955799828,1.233254830,2.816916220,0.000000000
stage3/6,0.780000,0.955799853,1.234263836,2.816948424,0.000000000
stage3/6,0.800000,0.955799880,1.235315916,2.816982004,0.000000000
stage3/6,0.820000,0.955799907,1.236411456,2.817016970,0.000000000
stage3/6,0.840000,0.955799936,1.237550807,2.817053335,0.000000000
stage3/6,0.860000,0.955799966,1.238734292,2.817091108,0.000000000
stage3/6,0.880000,0.955799997,1.239962202,2.817130299,0.000000000
stage3/6,0.900000,0.955800029,1.241234799,2.817170917,0.000000000
stage3/6,0.920000,0.955800063,1.242552316,2.817212968,0.000000000
stage3/6,0.940000,0.955800097,1.243914956,2.817256459,0.000000000
stage3/6,0.960000,0.955800133,1.245322894,2.817301397,0.000000000
stage3/6,0.980000,0.955800170,1.246776273,2.817347784,0.000000000
stage3/6,1.000000,0.955800207,1.248275214,2.817395626,0.000000000
stage3/6,1.020000,0.955800247,1.249819804,2.817444925,0.000000000
stage3/6,1.040000,0.955800287,1.251410108,2.817495682,0.000000000
stage3/6,1.060000,0.955800328,1.253046159,2.817547900,0.000000000
stage3/6,1.080000,0.955800371,1.254727968,2.817601579,0.000000000
stage3/6,1.100000,0.955800414,1.256455516,2.817656717,0.000000000
stage3/6,1.120000,0.955800459,1.258228761,2.817713314,0.000000000
stage3/6,1.140000,0.955800505,1.260047632,2.817771367,0.000000000
stage3/6,1.160000,0.955800552,1.261912036,2.817830873,0.000000000
stage3/6,1.180000,0.955800601,1.263821855,2.817891829,0.000000000
stage3/6,1.200000,0.955800650,1.265776943,2.817954229,0.000000000
stage3/6,1.220000,0.955800701,1.267777134,2.818018069,0.000000000
stage3/6,1.240000,0.955800752,1.269822237,2.818083343,0.000000000
stage3/6,1.260000,0.955800805,1.271912037,2.818150043,0.000000000
stage3/6,1.280000,0.955800859,1.274046295,2.818218163,0.000000000
stage3/6,1.300000,0.955800914,1.276224752,2.818287692,0.000000000
stage3/6,1.320000,0.955800971,1.278447125,2.818358624,0.000000000
stage3/6,1.340000,0.955801028,1.280713110,2.818430947,0.000000000
stage3/6,1.360000,0.955801086,1.283022380,2.818504653,0.000000000
stage3/6,1.380000,0.955801146,1.285374587,2.818579728,0.000000000
stage3/6,1.400000,0.955801206,1.287769365,2.818656162,0.000000000
stage3/6,1.420000,0.955801268,1.290206324,2.818733943,0.000000000
stage3/6,1.440000,0.955801331,1.292685055,2.818813057,0.000000000
stage3/6,1.460000,0.955801394,1.295205131,2.818893490,0.000000000
stage3/6,1.480000,0.955801459,1.297766104,2.818975229,0.000000000
stage3/6,1.500000,0.955801525,1.300367506,2.819058258,0.000000000
stage3/6,1.520000,0.955801592,1.303008853,2.819142562,0.000000000
stage3/6,1.540000,0.955801660,1.305689640,2.819228124,0.000000000
stage3/6,1.560000,0.955801728,1.308409347,2.819314929,0.000000000
stage3/6,1.580000,0.955801798,1.311167435,2.819402959,0.000000000
stage3/6,1.600000,0.955801869,1.313963346,2.819492197,0.000000000
stage3/6,1.620000,0.955801941,1.316796509,2.819582623,0.000000000
stage3/6,1.640000,0.955802013,1.319666333,2.819674219,0.000000000
stage3/6,1.660000,0.955802087,1.322572214,2.819766966,0.000000000
stage3/6,1.680000,0.955802161,1.325513529,2.819860844,0.000000000
stage3/6,1.700000,0.955802236,1.328489643,2.819955833,0.000000000
stage3/6,1.720000,0.955802312,1.331499904,2.820051911,0.000000000
stage3/6,1.740000,0.955802389,1.334543646,2.820149059,0.000000000
stage3/6,1.760000,0.955802467,1.337620188,2.820247253,0.000000000
stage3/6,1.780000,0.955802546,1.340728836,2.820346472,0.000000000
stage3/6,1.800000,0.955802625,1.343868882,2.820446693,0.000000000
stage3/6,1.820000,0.955802706,1.347039606,2.820547893,0.000000000
stage3/6,1.840000,0.955802786,1.350240274,2.820650049,0.000000000
stage3/6,1.860000,0.955802868,1.353470140,2.820753136,0.000000000
stage3/6,1.880000,0.955802951,1.356728445,2.820857132,0.000000000
stage3/6,1.900000,0.955803034,1.360014419,2.820962010,0.000000000
stage3/6,1.920000,0.955803117,1.363327282,2.821067747,0.000000000
stage3/6,1.940000,0.955803202,1.366666242,2.821174317,0.000000000
stage3/6,1.960000,0.955803287,1.370030495,2.821281694,0.000000000
stage3/6,1.980000,0.955803373,1.373419228,2.821389852,0.000000000
stage3/6,2.000000,0.955803459,1.376831620,2.821498766,0.000000000
stage3/6,2.020000,0.955803546,1.380266837,2.821608407,0.000000000
stage3/6,2.040000,0.955803633,1.383724038,2.821718751,0.000000000
stage3/6,2.060000,0.955803721,1.387202373,2.821829769,0.000000000
stage3/6,2.080000,0.955803810,1.390700983,2.821941435,0.000000000
stage3/6,2.100000,0.955803899,1.394219002,2.822053719,0.000000000
stage3/6,2.120000,0.955803988,1.397755555,2.822166596,0.000000000
stage3/6,2.140000,0.955804078,1.401309761,2.822280035,0.000000000
stage3/6,2.160000,0.955804168,1.404880732,2.822394010,0.000000000
stage3/6,2.180000,0.955804259,1.408467571,2.822508491,0.000000000
stage3/6,2.200000,0.955804350,1.412069378,2.822623450,0.000000000
stage3/6,2.220000,0.955804442,1.415685245,2.822738858,0.000000000
stage3/6,2.240000,0.955804534,1.419314261,2.822854686,0.000000000
stage3/6,2.260000,0.955804626,1.422955506,2.822970903,0.000000000
stage3/6,2.280000,0.955804718,1.426608059,2.823087482,0.000000000
stage3/6,2.300000,0.955804811,1.430270993,2.823204392,0.000000000
stage3/6,2.320000,0.955804904,1.433943377,2.823321604,0.000000000
stage3/6,2.340000,0.955804997,1.437624275,2.823439087,0.000000000
stage3/6,2.360000,0.955805090,1.441312751,2.823556812,0.000000000
stage3/6,2.380000,0.955805183,1.445007864,2.823674749,0.000000000
stage3/6,2.400000,0.955805277,1.448708670,2.823792868,0.000000000
stage3/6,2.420000,0.955805371,1.452414224,2.823911138,0.000000000
stage3/6,2.440000,0.955805465,1.456123578,2.824029530,0.000000000
stage3/6,2.460000,0.955805558,1.459835783,2.824148012,0.000000000
stage3/6,2.480000,0.955805652,1.463549891,2.824266556,0.000000000
stage3/6,2.500000,0.955805746,1.467264949,2.824385129,0.000000000
stage3/6,2.520000,0.955805840,1.470980007,2.824503703,0.000000000
stage3/6,2.540000,0.955805934,1.474694114,2.824622246,0.000000000
stage3/6,2.560000,0.955806028,1.478406320,2.824740729,0.000000000
stage3/6,2.580000,0.955806122,1.482115674,2.824859121,0.000000000
stage3/6,2.600000,0.955806216,1.485821227,2.824977391,0.000000000
stage3/6,2.620000,0.955806309,1.489522033,2.825095510,0.000000000
stage3/6,2.640000,0.955806403,1.493217146,2.825213447,0.000000000
stage3/6,2.660000,0.955806496,1.496905622,2.825331172,0.000000000
stage3/6,2.680000,0.955806589,1.500586521,2.825448655,0.000000000
stage3/6,2.700000,0.955806682,1.504258904,2.825565867,0.000000000
stage3/6,2.720000,0.955806775,1.507921838,2.825682777,0.000000000
stage3/6,2.740000,0.955806867,1.511574391,2.825799356,0.000000000
stage3/6,2.760000,0.955806959,1.515215637,2.825915573,0.000000000
stage3/6,2.780000,0.955807051,1.518844652,2.826031401,0.000000000
stage3/6,2.800000,0.955807142,1.522460520,2.826146809,0.000000000
stage3/6,2.820000,0.955807233,1.526062327,2.826261768,0.000000000
stage3/6,2.840000,0.955807324,1.529649166,2.826376249,0.000000000
stage3/6,2.860000,0.955807415,1.533220136,2.826490224,0.000000000
stage3/6,2.880000,0.955807504,1.536774342,2.826603663,0.000000000
stage3/6,2.900000,0.955807594,1.540310895,2.826716540,0.000000000
stage3/6,2.920000,0.955807683,1.543828914,2.826828824,0.000000000
stage3/6,2.940000,0.955807771,1.547327524,2.826940490,0.000000000
stage3/6,2.960000,0.955807859,1.550805859,2.827051508,0.000000000
stage3/6,2.980000,0.955807947,1.554263061,2.827161851,0.000000000
stage3/6,3.000000,0.955808034,1.557698278,2.827271493,0.000000000
stage3/6,3.020000,0.955808120,1.561110669,2.827380407,0.000000000
stage3/6,3.040000,0.955808206,1.564499403,2.827488565,0.000000000
stage3/6,3.060000,0.955808291,1.567863656,2.827595942,0.000000000
stage3/6,3.080000,0.955808375,1.571202615,2.827702512,0.000000000
stage3/6,3.100000,0.955808459,1.574515478,2.827808249,0.000000000
stage3/6,3.120000,0.955808542,1.577801453,2.827913127,0.000000000
stage3/6,3.140000,0.955808625,1.581059758,2.828017123,0.000000000
stage3/6,3.160000,0.955808706,1.584289623,2.828120210,0.000000000
stage3/6,3.180000,0.955808787,1.587490291,2.828222366,0.000000000
stage3/6,3.200000,0.955808867,1.590661015,2.828323566,0.000000000
stage3/6,3.220000,0.955808947,1.593801062,2.828423787,0.000000000
stage3/6,3.240000,0.955809025,1.596909710,2.828523006,0.000000000
stage3/6,3.260000,0.955809103,1.599986252,2.828621200,0.000000000
stage3/6,3.280000,0.955809180,1.603029994,2.828718347,0.000000000
stage3/6,3.300000,0.955809256,1.606040254,2.828814426,0.000000000
stage3/6,3.320000,0.955809332,1.609016368,2.828909415,0.000000000
stage3/6,3.340000,0.955809406,1.611957684,2.829003293,0.000000000
stage3/6,3.360000,0.955809480,1.614863564,2.829096040,0.000000000
stage3/6,3.380000,0.955809552,1.617733389,2.829187636,0.000000000
stage3/6,3.400000,0.955809624,1.620566551,2.829278062,0.000000000
stage3/6,3.420000,0.955809694,1.623362463,2.829367300,0.000000000
stage3/6,3.440000,0.955809764,1.626120550,2.829455330,0.000000000
stage3/6,3.460000,0.955809833,1.628840257,2.829542135,0.000000000
stage3/6,3.480000,0.955809901,1.631521045,2.829627697,0.000000000
stage3/6,3.500000,0.955809968,1.634162392,2.829712001,0.000000000
stage3/6,3.520000,0.955810033,1.636763794,2.829795030,0.000000000
stage3/6,3.540000,0.955810098,1.639324766,2.829876769,0.000000000
stage3/6,3.560000,0.955810162,1.641844842,2.829957202,0.000000000
stage3/6,3.580000,0.955810225,1.644323574,2.830036316,0.000000000
stage3/6,3.600000,0.955810286,1.646760533,2.830114097,0.000000000
stage3/6,3.620000,0.955810347,1.649155310,2.830190531,0.000000000
stage3/6,3.640000,0.955810406,1.651507518,2.830265606,0.000000000
stage3/6,3.660000,0.955810465,1.653816788,2.830339311,0.000000000
stage3/6,3.680000,0.955810522,1.656082772,2.830411635,0.000000000
stage3/6,3.700000,0.955810578,1.658305145,2.830482566,0.000000000
stage3/6,3.720000,0.955810633,1.660483602,2.830552096,0.000000000
stage3/6,3.740000,0.955810687,1.662617861,2.830620216,0.000000000
stage3/6,3.760000,0.955810740,1.664707660,2.830686916,0.000000000
stage3/6,3.780000,0.955810792,1.666752763,2.830752189,0.000000000
stage3/6,3.800000,0.955810843,1.668752954,2.830816030,0.000000000
stage3/6,3.820000,0.955810892,1.670708043,2.830878430,0.000000000
stage3/6,3.840000,0.955810940,1.672617861,2.830939386,0.000000000
stage3/6,3.860000,0.955810987,1.674482265,2.830998892,0.000000000
stage3/6,3.880000,0.955811033,1.676301137,2.831056945,0.000000000
stage3/6,3.900000,0.955811078,1.678074381,2.831113542,0.000000000
stage3/6,3.920000,0.955811122,1.679801929,2.831168680,0.000000000
stage3/6,3.940000,0.955811165,1.681483738,2.831222358,0.000000000
stage3/6,3.960000,0.955811206,1.683119790,2.831274576,0.000000000
stage3/6,3.980000,0.955811246,1.684710093,2.831325334,0.000000000
stage3/6,4.000000,0.955811285,1.686254684,2.831374633,0.000000000
stage3/6,4.020000,0.955811323,1.687753624,2.831422475,0.000000000
stage3/6,4.040000,0.955811360,1.689207004,2.831468862,0.000000000
stage3/6,4.060000,0.955811395,1.690614941,2.831513799,0.000000000
stage3/6,4.080000,0.955811430,1.691977581,2.831557291,0.000000000
stage3/6,4.100000,0.955811463,1.693295098,2.831599342,0.000000000
stage3/6,4.120000,0.955811495,1.694567696,2.831639960,0.000000000
stage3/6,4.140000,0.955811526,1.695795606,2.831679151,0.000000000
stage3/6,4.160000,0.955811556,1.696979091,2.831716924,0.000000000
stage3/6,4.180000,0.955811585,1.698118442,2.831753289,0.000000000
stage3/6,4.200000,0.955811613,1.699213981,2.831788255,0.000000000
stage3/6,4.220000,0.955811640,1.700266062,2.831821835,0.000000000
stage3/6,4.240000,0.955811665,1.701275068,2.831854039,0.000000000
stage3/6,4.260000,0.955811690,1.702241414,2.831884882,0.000000000
stage3/6,4.280000,0.955811713,1.703165548,2.831914378,0.000000000
stage3/6,4.300000,0.955811735,1.704047949,2.831942541,0.000000000
stage3/6,4.320000,0.955811756,1.704889128,2.831969389,0.000000000
stage3/6,4.340000,0.955811777,1.705689631,2.831994939,0.000000000
stage3/6,4.360000,0.955811796,1.706450034,2.832019209,0.000000000
stage3/6,4.380000,0.955811814,1.707170949,2.832042218,0.000000000
stage3/6,4.400000,0.955811831,1.707853022,2.832063988,0.000000000
stage3/6,4.420000,0.955811848,1.708496933,2.832084540,0.000000000
stage3/6,4.440000,0.955811863,1.709103395,2.832103896,0.000000000
stage3/6,4.460000,0.955811877,1.709673158,2.832122081,0.000000000
stage3/6,4.480000,0.955811891,1.710207007,2.832139120,0.000000000
stage3/6,4.500000,0.955811904,1.710705763,2.832155039,0.000000000
stage3/6,4.520000,0.955811915,1.711170283,2.832169865,0.000000000
stage3/6,4.540000,0.955811926,1.711601460,2.832183627,0.000000000
stage3/6,4.560000,0.955811936,1.712000224,2.832196354,0.000000000
stage3/6,4.580000,0.955811946,1.712367542,2.832208078,0.000000000
stage3/6,4.600000,0.955811954,1.712704421,2.832218830,0.000000000
stage3/6,4.620000,0.955811962,1.713011902,2.832228644,0.000000000
stage3/6,4.640000,0.955811969,1.713291068,2.832237554,0.000000000
stage3/6,4.660000,0.955811975,1.713543038,2.832245596,0.000000000
stage3/6,4.680000,0.955811981,1.713768972,2.832252807,0.000000000
stage3/6,4.700000,0.955811986,1.713970069,2.832259226,0.000000000
stage3/6,4.720000,0.955811991,1.714147566,2.832264891,0.000000000
stage3/6,4.740000,0.955811995,1.714302744,2.832269844,0.000000000
stage3/6,4.760000,0.955811998,1.714436920,2.832274126,0.000000000
stage3/6,4.780000,0.955812001,1.714551455,2.832277782,0.000000000
stage3/6,4.800000,0.955812003,1.714647750,2.832280855,0.000000000
stage3/6,4.820000,0.955812005,1.714727248,2.832283393,0.000000000
stage3/6,4.840000,0.955812007,1.714791435,2.832285441,0.000000000
stage3/6,4.860000,0.955812008,1.714841838,2.832287050,0.000000000
stage3/6,4.880000,0.955812009,1.714880027,2.832288269,0.000000000
stage3/6,4.900000,0.955812010,1.714907614,2.832289150,0.000000000
stage3/6,4.920000,0.955812010,1.714926258,2.832289745,0.000000000
stage3/6,4.940000,0.955812011,1.714937658,2.832290108,0.000000000
stage3/6,4.960000,0.955812011,1.714943558,2.832290297,0.000000000
stage3/6,4.980000,0.955812011,1.714945749,2.832290367,0.000000000
stage3/6,5.000000,0.955812011,1.714946064,2.832290377,0.000000000
stage4/1,0.000000,0.955812011,1.714946064,2.832290377,0.000000000
stage4/1,0.020000,0.955811546,1.714945913,2.832290097,0.000000000
stage4/1,0.040000,0.955808311,1.714944862,2.832288153,0.000000000
stage4/1,0.060000,0.955799600,1.714942032,2.832282915,0.000000000
stage4/1,0.080000,0.955782770,1.714936565,2.832272797,0.000000000
stage4/1,0.100000,0.955755246,1.714927624,2.832256250,0.000000000
stage4/1,0.120000,0.955714517,1.714914394,2.832231764,0.000000000
stage4/1,0.140000,0.955658138,1.714896079,2.832197868,0.000000000
stage4/1,0.160000,0.955583726,1.714871906,2.832153132,0.000000000
stage4/1,0.180000,0.955488964,1.714841123,2.832096161,0.000000000
stage4/1,0.200000,0.955371597,1.714802997,2.832025600,0.000000000
stage4/1,0.220000,0.955229432,1.714756815,2.831940131,0.000000000
stage4/1,0.240000,0.955060339,1.714701886,2.831838472,0.000000000
stage4/1,0.260000,0.954862249,1.714637537,2.831719380,0.000000000
stage4/1,0.280000,0.954633154,1.714563116,2.831581649,0.000000000
stage4/1,0.300000,0.954371107,1.714477991,2.831424106,0.000000000
stage4/1,0.320000,0.954074219,1.714381547,2.831245618,0.000000000
stage4/1,0.340000,0.953740663,1.714273193,2.831045084,0.000000000
stage4/1,0.360000,0.953368668,1.714152351,2.830821441,0.000000000
stage4/1,0.380000,0.952956524,1.714018467,2.830573660,0.000000000
stage4/1,0.400000,0.952502576,1.713871003,2.830300746,0.000000000
stage4/1,0.420000,0.952005227,1.713709441,2.830001741,0.000000000
stage4/1,0.440000,0.951462939,1.713533280,2.829675718,0.000000000
stage4/1,0.460000,0.950874227,1.713342039,2.829321784,0.000000000
stage4/1,0.480000,0.950237662,1.713135253,2.828939082,0.000000000
stage4/1,0.500000,0.949551871,1.712912475,2.828526785,0.000000000
stage4/1,0.520000,0.948815536,1.712673279,2.828084100,0.000000000
stage4/1,0.540000,0.948027391,1.712417252,2.827610268,0.000000000
stage4/1,0.560000,0.947186225,1.712144002,2.827104560,0.000000000
stage4/1,0.580000,0.946290878,1.711853151,2.826566278,0.000000000
stage4/1,0.600000,0.945340246,1.711544341,2.825994758,0.000000000
stage4/1,0.620000,0.944333272,1.711217228,2.825389366,0.000000000
stage4/1,0.640000,0.943268953,1.710871487,2.824749498,0.000000000
stage4/1,0.660000,0.942146337,1.710506808,2.824074582,0.000000000
stage4/1,0.680000,0.940964521,1.710122899,2.823364075,0.000000000
stage4/1,0.700000,0.939722651,1.709719481,2.822617464,0.000000000
stage4/1,0.720000,0.938419925,1.709296294,2.821834266,0.000000000
stage4/1,0.740000,0.937055585,1.708853092,2.821014026,0.000000000
stage4/1,0.760000,0.935628926,1.708389646,2.820156319,0.000000000
stage4/1,0.780000,0.934139287,1.707905741,2.819260749,0.000000000
stage4/1,0.800000,0.932586054,1.707401178,2.818326947,0.000000000
stage4/1,0.820000,0.930968662,1.706875772,2.817354571,0.000000000
stage4/1,0.840000,0.929286589,1.706329356,2.816343310,0.000000000
stage4/1,0.860000,0.927539359,1.705761773,2.815292877,0.000000000
stage4/1,0.880000,0.925726542,1.705172885,2.814203012,0.000000000
stage4/1,0.900000,0.923847751,1.704562565,2.813073484,0.000000000
stage4/1,0.920000,0.921902643,1.703930702,2.811904087,0.000000000
stage4/1,0.940000,0.919890918,1.703277199,2.810694639,0.000000000
stage4/1,0.960000,0.917812320,1.702601972,2.809444987,0.000000000
stage4/1,0.980000,0.915666632,1.701904951,2.808155001,0.000000000
stage4/1,1.000000,0.913453682,1.701186081,2.806824577,0.000000000
stage4/1,1.020000,0.911173335,1.700445317,2.805453634,0.000000000
stage4/1,1.040000,0.908825502,1.699682629,2.804042118,0.000000000
stage4/1,1.060000,0.906410128,1.698898002,2.802589997,0.000000000
stage4/1,1.080000,0.903927200,1.698091430,2.801097262,0.000000000
stage4/1,1.100000,0.901376746,1.697262922,2.799563931,0.000000000
stage4/1,1.120000,0.898758829,1.696412499,2.797990041,0.000000000
stage4/1,1.140000,0.896073550,1.695540194,2.796375653,0.000000000
stage4/1,1.160000,0.893321049,1.694646052,2.794720851,0.000000000
stage4/1,1.180000,0.890501501,1.693730130,2.793025741,0.000000000
stage4/1,1.200000,0.887615119,1.692792497,2.791290450,0.000000000
stage4/1,1.220000,0.884662150,1.691833233,2.789515127,0.000000000
stage4/1,1.240000,0.881642876,1.690852430,2.787699941,0.000000000
stage4/1,1.260000,0.878557614,1.689850192,2.785845084,0.000000000
stage4/1,1.280000,0.875406716,1.688826631,2.783950766,0.000000000
stage4/1,1.300000,0.872190565,1.687781874,2.782017218,0.000000000
stage4/1,1.320000,0.868909580,1.686716055,2.780044692,0.000000000
stage4/1,1.340000,0.865564209,1.685629321,2.778033457,0.000000000
stage4/1,1.360000,0.862154934,1.684521827,2.775983803,0.000000000
stage4/1,1.380000,0.858682267,1.683393741,2.773896038,0.000000000
stage4/1,1.400000,0.855146753,1.682245240,2.771770489,0.000000000
stage4/1,1.420000,0.851548965,1.681076508,2.769607501,0.000000000
stage4/1,1.440000,0.847889506,1.679887743,2.767407437,0.000000000
stage4/1,1.460000,0.844169009,1.678679150,2.765170676,0.000000000
stage4/1,1.480000,0.840388134,1.677450944,2.762897617,0.000000000
stage4/1,1.500000,0.836547571,1.676203348,2.760588673,0.000000000
stage4/1,1.520000,0.832648036,1.674936595,2.758244275,0.000000000
stage4/1,1.540000,0.828690273,1.673650927,2.755864871,0.000000000
stage4/1,1.560000,0.824675052,1.672346594,2.753450922,0.000000000
stage4/1,1.580000,0.820603168,1.671023854,2.751002908,0.000000000
stage4/1,1.600000,0.816475443,1.669682974,2.748521322,0.000000000
stage4/1,1.620000,0.812292722,1.668324229,2.746006673,0.000000000
stage4/1,1.640000,0.808055876,1.666947901,2.743459484,0.000000000
stage4/1,1.660000,0.803765798,1.665554282,2.740880292,0.000000000
stage4/1,1.680000,0.799423407,1.664143668,2.738269649,0.000000000
stage4/1,1.700000,0.795029640,1.662716365,2.735628120,0.000000000
stage4/1,1.720000,0.790585462,1.661272687,2.732956283,0.000000000
stage4/1,1.740000,0.786091854,1.659812951,2.730254729,0.000000000
stage4/1,1.760000,0.781549822,1.658337484,2.727524062,0.000000000
stage4/1,1.780000,0.776960389,1.656846620,2.724764898,0.000000000
stage4/1,1.800000,0.772324602,1.655340698,2.721977866,0.000000000
stage4/1,1.820000,0.767643525,1.653820063,2.719163605,0.000000000
stage4/1,1.840000,0.762918240,1.652285068,2.716322767,0.000000000
stage4/1,1.860000,0.758149850,1.650736070,2.713456014,0.000000000
stage4/1,1.880000,0.753339473,1.649173432,2.710564018,0.000000000
stage4/1,1.900000,0.748488246,1.647597525,2.707647464,0.000000000
stage4/1,1.920000,0.743597322,1.646008722,2.704707044,0.000000000
stage4/1,1.940000,0.738667872,1.644407404,2.701743461,0.000000000
stage4/1,1.960000,0.733701079,1.642793956,2.698757429,0.000000000
stage4/1,1.980000,0.728698145,1.641168766,2.695749668,0.000000000
stage4/1,2.000000,0.723660283,1.639532231,2.692720909,0.000000000
stage4/1,2.020000,0.718588723,1.637884750,2.689671890,0.000000000
stage4/1,2.040000,0.713484707,1.636226724,2.686603359,0.000000000
stage4/1,2.060000,0.708349491,1.634558564,2.683516070,0.000000000
stage4/1,2.080000,0.703184341,1.632880679,2.680410785,0.000000000
stage4/1,2.100000,0.697990537,1.631193487,2.677288274,0.000000000
stage4/1,2.120000,0.692769370,1.629497405,2.674149312,0.000000000
stage4/1,2.140000,0.687522141,1.627792858,2.670994681,0.000000000
stage4/1,2.160000,0.682250163,1.626080271,2.667825172,0.000000000
stage4/1,2.180000,0.676954757,1.624360073,2.664641577,0.000000000
stage4/1,2.200000,0.671637253,1.622632697,2.661444697,0.000000000
stage4/1,2.220000,0.666298991,1.620898578,2.658235337,0.000000000
stage4/1,2.240000,0.660941318,1.619158153,2.655014308,0.000000000
stage4/1,2.260000,0.655565589,1.617411863,2.651782423,0.000000000
stage4/1,2.280000,0.650173167,1.615660149,2.648540502,0.000000000
stage4/1,2.300000,0.644765419,1.613903458,2.645289368,0.000000000
stage4/1,2.320000,0.639343720,1.612142234,2.642029846,0.000000000
stage4/1,2.340000,0.633909449,1.610376927,2.638762766,0.000000000
stage4/1,2.360000,0.628463992,1.608607985,2.635488961,0.000000000
stage4/1,2.380000,0.623008737,1.606835861,2.632209265,0.000000000
stage4/1,2.400000,0.617545077,1.605061006,2.628924516,0.000000000
stage4/1,2.420000,0.612074407,1.603283875,2.625635553,0.000000000
stage4/1,2.440000,0.606598127,1.601504921,2.622343217,0.000000000
stage4/1,2.460000,0.601117637,1.599724599,2.619048349,0.000000000
stage4/1,2.480000,0.595634339,1.597943365,2.615751794,0.000000000
stage4/1,2.500000,0.590149638,1.596161675,2.612454395,0.000000000
stage4/1,2.520000,0.584664936,1.594379986,2.609156996,0.000000000
stage4/1,2.540000,0.579181638,1.592598752,2.605860442,0.000000000
stage4/1,2.560000,0.573701148,1.590818430,2.602565574,0.000000000
stage4/1,2.580000,0.568224868,1.589039476,2.599273238,0.000000000
stage4/1,2.600000,0.562754198,1.587262344,2.595984275,0.000000000
stage4/1,2.620000,0.557290538,1.585487490,2.592699526,0.000000000
stage4/1,2.640000,0.551835283,1.583715366,2.589419830,0.000000000
stage4/1,2.660000,0.546389826,1.581946424,2.586146025,0.000000000
stage4/1,2.680000,0.540955555,1.580181117,2.582878945,0.000000000
stage4/1,2.700000,0.535533856,1.578419893,2.579619423,0.000000000
stage4/1,2.720000,0.530126108,1.576663201,2.576368289,0.000000000
stage4/1,2.740000,0.524733686,1.574911488,2.573126368,0.000000000
stage4/1,2.760000,0.519357957,1.573165198,2.569894483,0.000000000
stage4/1,2.780000,0.514000284,1.571424773,2.566673454,0.000000000
stage4/1,2.800000,0.508662022,1.569690654,2.563464094,0.000000000
stage4/1,2.820000,0.503344518,1.567963278,2.560267214,0.000000000
stage4/1,2.840000,0.498049112,1.566243080,2.557083619,0.000000000
stage4/1,2.860000,0.492777134,1.564530493,2.553914110,0.000000000
stage4/1,2.880000,0.487529905,1.562825945,2.550759479,0.000000000
stage4/1,2.900000,0.482308738,1.561129864,2.547620517,0.000000000
stage4/1,2.920000,0.477114935,1.559442672,2.544498005,0.000000000
stage4/1,2.940000,0.471949784,1.557764787,2.541392721,0.000000000
stage4/1,2.960000,0.466814568,1.556096626,2.538305432,0.000000000
stage4/1,2.980000,0.461710552,1.554438601,2.535236900,0.000000000
stage4/1,3.000000,0.456638992,1.552791119,2.532187882,0.000000000
stage4/1,3.020000,0.451601130,1.551154584,2.529159123,0.000000000
stage4/1,3.040000,0.446598196,1.549529395,2.526151362,0.000000000
stage4/1,3.060000,0.441631403,1.547915947,2.523165329,0.000000000
stage4/1,3.080000,0.436701953,1.546314629,2.520201747,0.000000000
stage4/1,3.100000,0.431811029,1.544725826,2.517261327,0.000000000
stage4/1,3.120000,0.426959802,1.543149919,2.514344773,0.000000000
stage4/1,3.140000,0.422149425,1.541587281,2.511452777,0.000000000
stage4/1,3.160000,0.417381035,1.540038283,2.508586024,0.000000000
stage4/1,3.180000,0.412655750,1.538503288,2.505745186,0.000000000
stage4/1,3.200000,0.407974673,1.536982653,2.502930925,0.000000000
stage4/1,3.220000,0.403338886,1.535476731,2.500143893,0.000000000
stage4/1,3.240000,0.398749454,1.533985866,2.497384729,0.000000000
stage4/1,3.260000,0.394207421,1.532510400,2.494654062,0.000000000
stage4/1,3.280000,0.389713813,1.531050664,2.491952508,0.000000000
stage4/1,3.300000,0.385269635,1.529606985,2.489280671,0.000000000
stage4/1,3.320000,0.380875869,1.528179683,2.486639142,0.000000000
stage4/1,3.340000,0.376533477,1.526769069,2.484028498,0.000000000
stage4/1,3.360000,0.372243399,1.525375450,2.481449307,0.000000000
stage4/1,3.380000,0.368006553,1.523999122,2.478902118,0.000000000
stage4/1,3.400000,0.363823832,1.522640377,2.476387469,0.000000000
stage4/1,3.420000,0.359696107,1.521299497,2.473905883,0.000000000
stage4/1,3.440000,0.355624223,1.519976757,2.471457869,0.000000000
stage4/1,3.460000,0.351609002,1.518672424,2.469043920,0.000000000
stage4/1,3.480000,0.347651239,1.517386756,2.466664516,0.000000000
stage4/1,3.500000,0.343751704,1.516120003,2.464320118,0.000000000
stage4/1,3.520000,0.339911141,1.514872407,2.462011174,0.000000000
stage4/1,3.540000,0.336130266,1.513644200,2.459738114,0.000000000
stage4/1,3.560000,0.332409769,1.512435607,2.457501354,0.000000000
stage4/1,3.580000,0.328750310,1.511246843,2.455301290,0.000000000
stage4/1,3.600000,0.325152522,1.510078111,2.453138302,0.000000000
stage4/1,3.620000,0.321617008,1.508929609,2.451012753,0.000000000
stage4/1,3.640000,0.318144342,1.507801524,2.448924988,0.000000000
stage4/1,3.660000,0.314735067,1.506694030,2.446875334,0.000000000
stage4/1,3.680000,0.311389695,1.505607296,2.444864099,0.000000000
stage4/1,3.700000,0.308108710,1.504541477,2.442891573,0.000000000
stage4/1,3.720000,0.304892559,1.503496719,2.440958025,0.000000000
stage4/1,3.740000,0.301741661,1.502473159,2.439063707,0.000000000
stage4/1,3.760000,0.298656399,1.501470921,2.437208850,0.000000000
stage4/1,3.780000,0.295637125,1.500490118,2.435393664,0.000000000
stage4/1,3.800000,0.292684156,1.499530854,2.433618341,0.000000000
stage4/1,3.820000,0.289797774,1.498593221,2.431883050,0.000000000
stage4/1,3.840000,0.286978226,1.497677299,2.430187940,0.000000000
stage4/1,3.860000,0.284225725,1.496783157,2.428533138,0.000000000
stage4/1,3.880000,0.281540446,1.495910852,2.426918750,0.000000000
stage4/1,3.900000,0.278922529,1.495060429,2.425344860,0.000000000
stage4/1,3.920000,0.276372075,1.494231921,2.423811528,0.000000000
stage4/1,3.940000,0.273889148,1.493425349,2.422318794,0.000000000
stage4/1,3.960000,0.271473774,1.492640721,2.420866673,0.000000000
stage4/1,3.980000,0.269125940,1.491878034,2.419455157,0.000000000
stage4/1,4.000000,0.266845594,1.491137270,2.418084214,0.000000000
stage4/1,4.020000,0.264632643,1.490418400,2.416753790,0.000000000
stage4/1,4.040000,0.262486955,1.489721379,2.415463804,0.000000000
stage4/1,4.060000,0.260408357,1.489046152,2.414214152,0.000000000
stage4/1,4.080000,0.258396632,1.488392649,2.413004704,0.000000000
stage4/1,4.100000,0.256451524,1.487760786,2.411835307,0.000000000
stage4/1,4.120000,0.254572733,1.487150466,2.410705779,0.000000000
stage4/1,4.140000,0.252759916,1.486561578,2.409615914,0.000000000
stage4/1,4.160000,0.251012687,1.485993995,2.408565481,0.000000000
stage4/1,4.180000,0.249330613,1.485447578,2.407554219,0.000000000
stage4/1,4.200000,0.247713221,1.484922173,2.406581844,0.000000000
stage4/1,4.220000,0.246159988,1.484417610,2.405648042,0.000000000
stage4/1,4.240000,0.244670349,1.483933705,2.404752472,0.000000000
stage4/1,4.260000,0.243243690,1.483470259,2.403894765,0.000000000
stage4/1,4.280000,0.241879351,1.483027057,2.403074525,0.000000000
stage4/1,4.300000,0.240576624,1.482603870,2.402291327,0.000000000
stage4/1,4.320000,0.239334755,1.482200452,2.401544716,0.000000000
stage4/1,4.340000,0.238152938,1.481816542,2.400834209,0.000000000
stage4/1,4.360000,0.237030322,1.481451864,2.400159292,0.000000000
stage4/1,4.380000,0.235966004,1.481106123,2.399519425,0.000000000
stage4/1,4.400000,0.234959030,1.480779010,2.398914033,0.000000000
stage4/1,4.420000,0.234008397,1.480470200,2.398342513,0.000000000
stage4/1,4.440000,0.233113051,1.480179349,2.397804231,0.000000000
stage4/1,4.460000,0.232271884,1.479906099,2.397298523,0.000000000
stage4/1,4.480000,0.231483739,1.479650072,2.396824691,0.000000000
stage4/1,4.500000,0.230747404,1.479410875,2.396382006,0.000000000
stage4/1,4.520000,0.230061613,1.479188098,2.395969709,0.000000000
stage4/1,4.540000,0.229425049,1.478981312,2.395587007,0.000000000
stage4/1,4.560000,0.228836336,1.478790070,2.395233073,0.000000000
stage4/1,4.580000,0.228294048,1.478613910,2.394907050,0.000000000
stage4/1,4.600000,0.227796699,1.478452347,2.394608044,0.000000000
stage4/1,4.620000,0.227342751,1.478304884,2.394335131,0.000000000
stage4/1,4.640000,0.226930607,1.478171000,2.394087350,0.000000000
stage4/1,4.660000,0.226558612,1.478050158,2.393863707,0.000000000
stage4/1,4.680000,0.226225056,1.477941803,2.393663173,0.000000000
stage4/1,4.700000,0.225928168,1.477845360,2.393484685,0.000000000
stage4/1,4.720000,0.225666121,1.477760235,2.393327142,0.000000000
stage4/1,4.740000,0.225437026,1.477685814,2.393189410,0.000000000
stage4/1,4.760000,0.225238936,1.477621465,2.393070319,0.000000000
stage4/1,4.780000,0.225069843,1.477566536,2.392968660,0.000000000
stage4/1,4.800000,0.224927679,1.477520354,2.392883191,0.000000000
stage4/1,4.820000,0.224810311,1.477482228,2.392812630,0.000000000
stage4/1,4.840000,0.224715549,1.477451444,2.392755659,0.000000000
stage4/1,4.860000,0.224641137,1.477427272,2.392710923,0.000000000
stage4/1,4.880000,0.224584758,1.477408957,2.392677027,0.000000000
stage4/1,4.900000,0.224544029,1.477395727,2.392652541,0.000000000
stage4/1,4.920000,0.224516505,1.477386785,2.392635994,0.000000000
stage4/1,4.940000,0.224499675,1.477381318,2.392625876,0.000000000
stage4/1,4.960000,0.224490964,1.477378489,2.392620638,0.000000000
stage4/1,4.980000,0.224487729,1.477377438,2.392618694,0.000000000
stage4/1,5.000000,0.224487264,1.477377287,2.392618414,0.000000000
stage4/2,0.000000,0.224487264,1.477377287,2.392618414,0.000000000
stage4/2,0.020000,0.224487265,1.477376940,2.392618360,0.000000000
stage4/2,0.040000,0.224487266,1.477374530,2.392617986,0.000000000
stage4/2,0.060000,0.224487272,1.477368038,2.392616976,0.000000000
stage4/2,0.080000,0.224487281,1.477355495,2.392615026,0.000000000
stage4/2,0.100000,0.224487298,1.477334984,2.392611837,0.000000000
stage4/2,0.120000,0.224487322,1.477304631,2.392607118,0.000000000
stage4/2,0.140000,0.224487355,1.477262615,2.392600585,0.000000000
stage4/2,0.160000,0.224487399,1.477207161,2.392591963,0.000000000
stage4/2,0.180000,0.224487455,1.477136541,2.392580983,0.000000000
stage4/2,0.200000,0.224487524,1.477049074,2.392567383,0.000000000
stage4/2,0.220000,0.224487608,1.476943128,2.392550910,0.000000000
stage4/2,0.240000,0.224487708,1.476817114,2.392531318,0.000000000
stage4/2,0.260000,0.224487825,1.476669490,2.392508365,0.000000000
stage4/2,0.280000,0.224487960,1.476498761,2.392481819,0.000000000
stage4/2,0.300000,0.224488115,1.476303474,2.392451456,0.000000000
stage4/2,0.320000,0.224488290,1.476082223,2.392417055,0.000000000
stage4/2,0.340000,0.224488487,1.475833645,2.392378406,0.000000000
stage4/2,0.360000,0.224488706,1.475556421,2.392335303,0.000000000
stage4/2,0.380000,0.224488949,1.475249276,2.392287547,0.000000000
stage4/2,0.400000,0.224489217,1.474910978,2.392234948,0.000000000
stage4/2,0.420000,0.224489511,1.474540337,2.392177320,0.000000000
stage4/2,0.440000,0.224489831,1.474136204,2.392114485,0.000000000
stage4/2,0.460000,0.224490178,1.473697475,2.392046270,0.000000000
stage4/2,0.480000,0.224490554,1.473223084,2.391972511,0.000000000
stage4/2,0.500000,0.224490958,1.472712009,2.391893048,0.000000000
stage4/2,0.520000,0.224491393,1.472163265,2.391807728,0.000000000
stage4/2,0.540000,0.224491858,1.471575912,2.391716406,0.000000000
stage4/2,0.560000,0.224492354,1.470949045,2.391618939,0.000000000
stage4/2,0.580000,0.224492883,1.470281801,2.391515195,0.000000000
stage4/2,0.600000,0.224493444,1.469573356,2.391405044,0.000000000
stage4/2,0.620000,0.224494038,1.468822923,2.391288366,0.000000000
stage4/2,0.640000,0.224494666,1.468029755,2.391165043,0.000000000
stage4/2,0.660000,0.224495328,1.467193142,2.391034964,0.000000000
stage4/2,0.680000,0.224496026,1.466312410,2.390898027,0.000000000
stage4/2,0.700000,0.224496759,1.465386925,2.390754130,0.000000000
stage4/2,0.720000,0.224497527,1.464416087,2.390603183,0.000000000
stage4/2,0.740000,0.224498332,1.463399333,2.390445096,0.000000000
stage4/2,0.760000,0.224499174,1.462336136,2.390279788,0.000000000
stage4/2,0.780000,0.224500053,1.461226004,2.390107183,0.000000000
stage4/2,0.800000,0.224500970,1.460068480,2.389927209,0.000000000
stage4/2,0.820000,0.224501924,1.458863142,2.389739800,0.000000000
stage4/2,0.840000,0.224502917,1.457609601,2.389544898,0.000000000
stage4/2,0.860000,0.224503948,1.456307504,2.389342445,0.000000000
stage4/2,0.880000,0.224505018,1.454956528,2.389132393,0.000000000
stage4/2,0.900000,0.224506126,1.453556387,2.388914696,0.000000000
stage4/2,0.920000,0.224507274,1.452106823,2.388689315,0.000000000
stage4/2,0.940000,0.224508461,1.450607615,2.388456216,0.000000000
stage4/2,0.960000,0.224509688,1.449058570,2.388215367,0.000000000
stage4/2,0.980000,0.224510954,1.447459527,2.387966745,0.000000000
stage4/2,1.000000,0.224512260,1.445810358,2.387710329,0.000000000
stage4/2,1.020000,0.224513605,1.444110963,2.387446104,0.000000000
stage4/2,1.040000,0.224514991,1.442361274,2.387174059,0.000000000
stage4/2,1.060000,0.224516416,1.440561252,2.386894188,0.000000000
stage4/2,1.080000,0.224517881,1.438710886,2.386606490,0.000000000
stage4/2,1.100000,0.224519386,1.436810197,2.386310967,0.000000000
stage4/2,1.120000,0.224520931,1.434859232,2.386007628,0.000000000
stage4/2,1.140000,0.224522516,1.432858067,2.385696483,0.000000000
stage4/2,1.160000,0.224524140,1.430806806,2.385377549,0.000000000
stage4/2,1.180000,0.224525804,1.428705579,2.385050846,0.000000000
stage4/2,1.200000,0.224527507,1.426554545,2.384716399,0.000000000
stage4/2,1.220000,0.224529250,1.424353888,2.384374237,0.000000000
stage4/2,1.240000,0.224531031,1.422103818,2.384024392,0.000000000
stage4/2,1.260000,0.224532852,1.419804571,2.383666901,0.000000000
stage4/2,1.280000,0.224534711,1.417456410,2.383301804,0.000000000
stage4/2,1.300000,0.224536609,1.415059620,2.382929147,0.000000000
stage4/2,1.320000,0.224538545,1.412614513,2.382548977,0.000000000
stage4/2,1.340000,0.224540519,1.410121424,2.382161347,0.000000000
stage4/2,1.360000,0.224542531,1.407580712,2.381766312,0.000000000
stage4/2,1.380000,0.224544580,1.404992758,2.381363932,0.000000000
stage4/2,1.400000,0.224546667,1.402357967,2.380954270,0.000000000
stage4/2,1.420000,0.224548790,1.399676768,2.380537392,0.000000000
stage4/2,1.440000,0.224550949,1.396949609,2.380113369,0.000000000
stage4/2,1.460000,0.224553145,1.394176963,2.379682272,0.000000000
stage4/2,1.480000,0.224555376,1.391359321,2.379244180,0.000000000
stage4/2,1.500000,0.224557642,1.388497197,2.378799172,0.000000000
stage4/2,1.520000,0.224559943,1.385591126,2.378347330,0.000000000
stage4/2,1.540000,0.224562279,1.382641660,2.377888742,0.000000000
stage4/2,1.560000,0.224564648,1.379649375,2.377423496,0.000000000
stage4/2,1.580000,0.224567051,1.376614863,2.376951684,0.000000000
stage4/2,1.600000,0.224569487,1.373538735,2.376473402,0.000000000
stage4/2,1.620000,0.224571955,1.370421623,2.375988748,0.000000000
stage4/2,1.640000,0.224574455,1.367264175,2.375497822,0.000000000
stage4/2,1.660000,0.224576987,1.364067058,2.375000728,0.000000000
stage4/2,1.680000,0.224579549,1.360830953,2.374497572,0.000000000
stage4/2,1.700000,0.224582142,1.357556563,2.373988464,0.000000000
stage4/2,1.720000,0.224584764,1.354244604,2.373473514,0.000000000
stage4/2,1.740000,0.224587416,1.350895808,2.372952837,0.000000000
stage4/2,1.760000,0.224590096,1.347510924,2.372426549,0.000000000
stage4/2,1.780000,0.224592804,1.344090716,2.371894769,0.000000000
stage4/2,1.800000,0.224595540,1.340635964,2.371357618,0.000000000
stage4/2,1.820000,0.224598302,1.337147459,2.370815218,0.000000000
stage4/2,1.840000,0.224601091,1.333626009,2.370267697,0.000000000
stage4/2,1.860000,0.224603904,1.330072435,2.369715180,0.000000000
stage4/2,1.880000,0.224606743,1.326487572,2.369157799,0.000000000
stage4/2,1.900000,0.224609606,1.322872265,2.368595685,0.000000000
stage4/2,1.920000,0.224612492,1.319227376,2.368028970,0.000000000
stage4/2,1.940000,0.224615401,1.315553775,2.367457792,0.000000000
stage4/2,1.960000,0.224618332,1.311852345,2.366882287,0.000000000
stage4/2,1.980000,0.224621284,1.308123980,2.366302594,0.000000000
stage4/2,2.000000,0.224624257,1.304369587,2.365718854,0.000000000
stage4/2,2.020000,0.224627249,1.300590081,2.365131209,0.000000000
stage4/2,2.040000,0.224630261,1.296786387,2.364539804,0.000000000
stage4/2,2.060000,0.224633292,1.292959442,2.363944783,0.000000000
stage4/2,2.080000,0.224636340,1.289110189,2.363346294,0.000000000
stage4/2,2.100000,0.224639404,1.285239582,2.362744485,0.000000000
stage4/2,2.120000,0.224642485,1.281348583,2.362139505,0.000000000
stage4/2,2.140000,0.224645582,1.277438162,2.361531505,0.000000000
stage4/2,2.160000,0.224648693,1.273509297,2.360920638,0.000000000
stage4/2,2.180000,0.224651818,1.269562973,2.360307056,0.000000000
stage4/2,2.200000,0.224654955,1.265600180,2.359690914,0.000000000
stage4/2,2.220000,0.224658106,1.261621918,2.359072366,0.000000000
stage4/2,2.240000,0.224661267,1.257629191,2.358451569,0.000000000
stage4/2,2.260000,0.224664439,1.253623007,2.357828680,0.000000000
stage4/2,2.280000,0.224667621,1.249604382,2.357203857,0.000000000
stage4/2,2.300000,0.224670812,1.245574337,2.356577258,0.000000000
stage4/2,2.320000,0.224674012,1.241533894,2.355949043,0.000000000
stage4/2,2.340000,0.224677219,1.237484083,2.355319370,0.000000000
stage4/2,2.360000,0.224680432,1.233425936,2.354688402,0.000000000
stage4/2,2.380000,0.224683651,1.229360486,2.354056298,0.000000000
stage4/2,2.400000,0.224686875,1.225288773,2.353423221,0.000000000
stage4/2,2.420000,0.224690103,1.221211836,2.352789331,0.000000000
stage4/2,2.440000,0.224693335,1.217130717,2.352154791,0.000000000
stage4/2,2.460000,0.224696569,1.213046462,2.351519763,0.000000000
stage4/2,2.480000,0.224699805,1.208960114,2.350884410,0.000000000
stage4/2,2.500000,0.224703041,1.204872720,2.350248895,0.000000000
stage4/2,2.520000,0.224706278,1.200785326,2.349613379,0.000000000
stage4/2,2.540000,0.224709513,1.196698978,2.348978026,0.000000000
stage4/2,2.560000,0.224712747,1.192614722,2.348342998,0.000000000
stage4/2,2.580000,0.224715979,1.188533604,2.347708458,0.000000000
stage4/2,2.600000,0.224719207,1.184456667,2.347074569,0.000000000
stage4/2,2.620000,0.224722431,1.180384954,2.346441491,0.000000000
stage4/2,2.640000,0.224725650,1.176319504,2.345809387,0.000000000
stage4/2,2.660000,0.224728864,1.172261356,2.345178419,0.000000000
stage4/2,2.680000,0.224732071,1.168211545,2.344548747,0.000000000
stage4/2,2.700000,0.224735270,1.164171103,2.343920531,0.000000000
stage4/2,2.720000,0.224738461,1.160141057,2.343293932,0.000000000
stage4/2,2.740000,0.224741643,1.156122433,2.342669109,0.000000000
stage4/2,2.760000,0.224744815,1.152116249,2.342046220,0.000000000
stage4/2,2.780000,0.224747977,1.148123522,2.341425423,0.000000000
stage4/2,2.800000,0.224751127,1.144145259,2.340806876,0.000000000
stage4/2,2.820000,0.224754265,1.140182467,2.340190733,0.000000000
stage4/2,2.840000,0.224757390,1.136236143,2.339577151,0.000000000
stage4/2,2.860000,0.224760501,1.132307277,2.338966284,0.000000000
stage4/2,2.880000,0.224763597,1.128396857,2.338358284,0.000000000
stage4/2,2.900000,0.224766678,1.124505858,2.337753305,0.000000000
stage4/2,2.920000,0.224769743,1.120635251,2.337151496,0.000000000
stage4/2,2.940000,0.224772791,1.116785998,2.336553006,0.000000000
stage4/2,2.960000,0.224775821,1.112959052,2.335957986,0.000000000
stage4/2,2.980000,0.224778833,1.109155359,2.335366580,0.000000000
stage4/2,3.000000,0.224781826,1.105375853,2.334778936,0.000000000
stage4/2,3.020000,0.224784798,1.101621459,2.334195196,0.000000000
stage4/2,3.040000,0.224787751,1.097893095,2.333615503,0.000000000
stage4/2,3.060000,0.224790682,1.094191665,2.333039997,0.000000000
stage4/2,3.080000,0.224793590,1.090518064,2.332468819,0.000000000
stage4/2,3.100000,0.224796477,1.086873174,2.331902105,0.000000000
stage4/2,3.120000,0.224799339,1.083257868,2.331339990,0.000000000
stage4/2,3.140000,0.224802178,1.079673005,2.330782609,0.000000000
stage4/2,3.160000,0.224804992,1.076119431,2.330230093,0.000000000
stage4/2,3.180000,0.224807780,1.072597981,2.329682571,0.000000000
stage4/2,3.200000,0.224810542,1.069109476,2.329140172,0.000000000
stage4/2,3.220000,0.224813278,1.065654723,2.328603020,0.000000000
stage4/2,3.240000,0.224815986,1.062234516,2.328071240,0.000000000
stage4/2,3.260000,0.224818666,1.058849632,2.327544952,0.000000000
stage4/2,3.280000,0.224821318,1.055500836,2.327024275,0.000000000
stage4/2,3.300000,0.224823941,1.052188877,2.326509325,0.000000000
stage4/2,3.320000,0.224826533,1.048914487,2.326000217,0.000000000
stage4/2,3.340000,0.224829096,1.045678382,2.325497061,0.000000000
stage4/2,3.360000,0.224831627,1.042481264,2.324999968,0.000000000
stage4/2,3.380000,0.224834128,1.039323816,2.324509042,0.000000000
stage4/2,3.400000,0.224836596,1.036206705,2.324024387,0.000000000
stage4/2,3.420000,0.224839032,1.033130577,2.323546105,0.000000000
stage4/2,3.440000,0.224841434,1.030096065,2.323074294,0.000000000
stage4/2,3.460000,0.224843804,1.027103780,2.322609047,0.000000000
stage4/2,3.480000,0.224846139,1.024154314,2.322150459,0.000000000
stage4/2,3.500000,0.224848440,1.021248243,2.321698618,0.000000000
stage4/2,3.520000,0.224850707,1.018386119,2.321253609,0.000000000
stage4/2,3.540000,0.224852938,1.015568477,2.320815517,0.000000000
stage4/2,3.560000,0.224855133,1.012795831,2.320384421,0.000000000
stage4/2,3.580000,0.224857293,1.010068672,2.319960397,0.000000000
stage4/2,3.600000,0.224859416,1.007387473,2.319543519,0.000000000
stage4/2,3.620000,0.224861502,1.004752682,2.319133857,0.000000000
stage4/2,3.640000,0.224863551,1.002164728,2.318731477,0.000000000
stage4/2,3.660000,0.224865563,0.999624016,2.318336442,0.000000000
stage4/2,3.680000,0.224867537,0.997130926,2.317948812,0.000000000
stage4/2,3.700000,0.224869473,0.994685819,2.317568642,0.000000000
stage4/2,3.720000,0.224871371,0.992289030,2.317195985,0.000000000
stage4/2,3.740000,0.224873230,0.989940869,2.316830889,0.000000000
stage4/2,3.760000,0.224875051,0.987641622,2.316473397,0.000000000
stage4/2,3.780000,0.224876833,0.985391552,2.316123552,0.000000000
stage4/2,3.800000,0.224878575,0.983190895,2.315781390,0.000000000
stage4/2,3.820000,0.224880278,0.981039861,2.315446943,0.000000000
stage4/2,3.840000,0.224881942,0.978938634,2.315120241,0.000000000
stage4/2,3.860000,0.224883566,0.976887373,2.314801307,0.000000000
stage4/2,3.880000,0.224885151,0.974886208,2.314490162,0.000000000
stage4/2,3.900000,0.224886696,0.972935243,2.314186822,0.000000000
stage4/2,3.920000,0.224888201,0.971034554,2.313891299,0.000000000
stage4/2,3.940000,0.224889666,0.969184188,2.313603601,0.000000000
stage4/2,3.960000,0.224891091,0.967384166,2.313323730,0.000000000
stage4/2,3.980000,0.224892477,0.965634477,2.313051685,0.000000000
stage4/2,4.000000,0.224893822,0.963935082,2.312787460,0.000000000
stage4/2,4.020000,0.224895128,0.962285913,2.312531044,0.000000000
stage4/2,4.040000,0.224896395,0.960686870,2.312282422,0.000000000
stage4/2,4.060000,0.224897621,0.959137825,2.312041574,0.000000000
stage4/2,4.080000,0.224898808,0.957638616,2.311808474,0.000000000
stage4/2,4.100000,0.224899956,0.956189053,2.311583093,0.000000000
stage4/2,4.120000,0.224901065,0.954788911,2.311365397,0.000000000
stage4/2,4.140000,0.224902134,0.953437936,2.311155344,0.000000000
stage4/2,4.160000,0.224903165,0.952135838,2.310952892,0.000000000
stage4/2,4.180000,0.224904158,0.950882298,2.310757989,0.000000000
stage4/2,4.200000,0.224905112,0.949676960,2.310570581,0.000000000
stage4/2,4.220000,0.224906029,0.948519436,2.310390607,0.000000000
stage4/2,4.240000,0.224906908,0.947409304,2.310218001,0.000000000
stage4/2,4.260000,0.224907750,0.946346107,2.310052693,0.000000000
stage4/2,4.280000,0.224908555,0.945329353,2.309894607,0.000000000
stage4/2,4.300000,0.224909324,0.944358515,2.309743659,0.000000000
stage4/2,4.320000,0.224910057,0.943433029,2.309599763,0.000000000
stage4/2,4.340000,0.224910754,0.942552298,2.309462825,0.000000000
stage4/2,4.360000,0.224911416,0.941715685,2.309332747,0.000000000
stage4/2,4.380000,0.224912045,0.940922517,2.309209424,0.000000000
stage4/2,4.400000,0.224912639,0.940172084,2.309092745,0.000000000
stage4/2,4.420000,0.224913200,0.939463639,2.308982595,0.000000000
stage4/2,4.440000,0.224913728,0.938796395,2.308878850,0.000000000
stage4/2,4.460000,0.224914224,0.938169528,2.308781384,0.000000000
stage4/2,4.480000,0.224914689,0.937582174,2.308690061,0.000000000
stage4/2,4.500000,0.224915124,0.937033431,2.308604741,0.000000000
stage4/2,4.520000,0.224915529,0.936522356,2.308525278,0.000000000
stage4/2,4.540000,0.224915904,0.936047965,2.308451519,0.000000000
stage4/2,4.560000,0.224916252,0.935609236,2.308383305,0.000000000
stage4/2,4.580000,0.224916572,0.935205103,2.308320469,0.000000000
stage4/2,4.600000,0.224916865,0.934834462,2.308262841,0.000000000
stage4/2,4.620000,0.224917133,0.934496163,2.308210242,0.000000000
stage4/2,4.640000,0.224917376,0.934189019,2.308162487,0.000000000
stage4/2,4.660000,0.224917596,0.933911795,2.308119383,0.000000000
stage4/2,4.680000,0.224917793,0.933663217,2.308080734,0.000000000
stage4/2,4.700000,0.224917968,0.933441966,2.308046334,0.000000000
stage4/2,4.720000,0.224918122,0.933246679,2.308015970,0.000000000
stage4/2,4.740000,0.224918258,0.933075949,2.307989425,0.000000000
stage4/2,4.760000,0.224918375,0.932928326,2.307966472,0.000000000
stage4/2,4.780000,0.224918474,0.932802312,2.307946879,0.000000000
stage4/2,4.800000,0.224918558,0.932696365,2.307930406,0.000000000
stage4/2,4.820000,0.224918627,0.932608899,2.307916807,0.000000000
stage4/2,4.840000,0.224918683,0.932538279,2.307905827,0.000000000
stage4/2,4.860000,0.224918727,0.932482825,2.307897205,0.000000000
stage4/2,4.880000,0.224918761,0.932440809,2.307890672,0.000000000
stage4/2,4.900000,0.224918785,0.932410456,2.307885953,0.000000000
stage4/2,4.920000,0.224918801,0.932389944,2.307882763,0.000000000
stage4/2,4.940000,0.224918811,0.932377402,2.307880813,0.000000000
stage4/2,4.960000,0.224918816,0.932370910,2.307879804,0.000000000
stage4/2,4.980000,0.224918818,0.932368500,2.307879429,0.000000000
stage4/2,5.000000,0.224918818,0.932368153,2.307879375,0.000000000
stage4/3,0.000000,0.224918818,0.932368153,2.307879375,0.712374979
stage4/3,0.020000,0.224918818,0.932368501,2.307879432,0.712374979
stage4/3,0.040000,0.224918818,0.932370922,2.307879827,0.712374979
stage4/3,0.060000,0.224918818,0.932377442,2.307880889,0.712374979
stage4/3,0.080000,0.224918819,0.932390038,2.307882943,0.712374979
stage4/3,0.100000,0.224918820,0.932410638,2.307886301,0.712374979
stage4/3,0.120000,0.224918821,0.932441122,2.307891270,0.712374979
stage4/3,0.140000,0.224918822,0.932483318,2.307898149,0.712374979
stage4/3,0.160000,0.224918824,0.932539011,2.307907228,0.712374979
stage4/3,0.180000,0.224918827,0.932609935,2.307918790,0.712374979
stage4/3,0.200000,0.224918830,0.932697778,2.307933109,0.712374979
stage4/3,0.220000,0.224918833,0.932804180,2.307950455,0.712374979
stage4/3,0.240000,0.224918838,0.932930736,2.307971085,0.712374979
stage4/3,0.260000,0.224918843,0.933078995,2.307995254,0.712374979
stage4/3,0.280000,0.224918849,0.933250459,2.308023206,0.712374979
stage4/3,0.300000,0.224918856,0.933446586,2.308055178,0.712374979
stage4/3,0.320000,0.224918864,0.933668789,2.308091400,0.712374979
stage4/3,0.340000,0.224918873,0.933918437,2.308132097,0.712374979
stage4/3,0.360000,0.224918883,0.934196853,2.308177483,0.712374979
stage4/3,0.380000,0.224918893,0.934505319,2.308227769,0.712374979
stage4/3,0.400000,0.224918905,0.934845073,2.308283154,0.712374979
stage4/3,0.420000,0.224918919,0.935217309,2.308343835,0.712374979
stage4/3,0.440000,0.224918933,0.935623180,2.308409998,0.712374979
stage4/3,0.460000,0.224918948,0.936063798,2.308481826,0.712374979
stage4/3,0.480000,0.224918965,0.936540229,2.308559493,0.712374979
stage4/3,0.500000,0.224918983,0.937053504,2.308643165,0.712374979
stage4/3,0.520000,0.224919003,0.937604608,2.308733004,0.712374979
stage4/3,0.540000,0.224919024,0.938194488,2.308829164,0.712374979
stage4/3,0.560000,0.224919046,0.938824052,2.308931793,0.712374979
stage4/3,0.580000,0.224919069,0.939494167,2.309041033,0.712374979
stage4/3,0.600000,0.224919094,0.940205660,2.309157018,0.712374979
stage4/3,0.620000,0.224919121,0.940959322,2.309279878,0.712374979
stage4/3,0.640000,0.224919149,0.941755902,2.309409734,0.712374979
stage4/3,0.660000,0.224919179,0.942596115,2.309546702,0.712374979
stage4/3,0.680000,0.224919210,0.943480636,2.309690894,0.712374979
stage4/3,0.700000,0.224919243,0.944410103,2.309842412,0.712374979
stage4/3,0.720000,0.224919277,0.945385118,2.310001356,0.712374979
stage4/3,0.740000,0.224919313,0.946406247,2.310167817,0.712374979
stage4/3,0.760000,0.224919351,0.947474018,2.310341881,0.712374979
stage4/3,0.780000,0.224919390,0.948588926,2.310523629,0.712374979
stage4/3,0.800000,0.224919431,0.949751431,2.310713137,0.712374979
stage4/3,0.820000,0.224919474,0.950961955,2.310910472,0.712374979
stage4/3,0.840000,0.224919518,0.952220889,2.311115699,0.712374979
stage4/3,0.860000,0.224919564,0.953528589,2.311328876,0.712374979
stage4/3,0.880000,0.224919612,0.954885377,2.311550055,0.712374979
stage4/3,0.900000,0.224919662,0.956291542,2.311779283,0.712374979
stage4/3,0.920000,0.224919713,0.957747343,2.312016603,0.712374979
stage4/3,0.940000,0.224919766,0.959253001,2.312262050,0.712374979
stage4/3,0.960000,0.224919821,0.960808712,2.312515656,0.712374979
stage4/3,0.980000,0.224919877,0.962414634,2.312777448,0.712374979
stage4/3,1.000000,0.224919936,0.964070899,2.313047447,0.712374979
stage4/3,1.020000,0.224919996,0.965777605,2.313325668,0.712374979
stage4/3,1.040000,0.224920058,0.967534822,2.313612124,0.712374979
stage4/3,1.060000,0.224920122,0.969342589,2.313906820,0.712374979
stage4/3,1.080000,0.224920187,0.971200916,2.314209758,0.712374979
stage4/3,1.100000,0.224920255,0.973109783,2.314520934,0.712374979
stage4/3,1.120000,0.224920324,0.975069142,2.314840342,0.712374979
stage4/3,1.140000,0.224920395,0.977078916,2.315167969,0.712374979
stage4/3,1.160000,0.224920467,0.979139003,2.315503797,0.712374979
stage4/3,1.180000,0.224920542,0.981249271,2.315847806,0.712374979
stage4/3,1.200000,0.224920618,0.983409560,2.316199968,0.712374979
stage4/3,1.220000,0.224920696,0.985619685,2.316560256,0.712374979
stage4/3,1.240000,0.224920775,0.987879436,2.316928632,0.712374979
stage4/3,1.260000,0.224920857,0.990188575,2.317305060,0.712374979
stage4/3,1.280000,0.224920940,0.992546839,2.317689496,0.712374979
stage4/3,1.300000,0.224921025,0.994953941,2.318081894,0.712374979
stage4/3,1.320000,0.224921111,0.997409568,2.318482201,0.712374979
stage4/3,1.340000,0.224921200,0.999913384,2.318890365,0.712374979
stage4/3,1.360000,0.224921290,1.002465028,2.319306325,0.712374979
stage4/3,1.380000,0.224921381,1.005064117,2.319730019,0.712374979
stage4/3,1.400000,0.224921475,1.007710243,2.320161382,0.712374979
stage4/3,1.420000,0.224921569,1.010402978,2.320600342,0.712374979
stage4/3,1.440000,0.224921666,1.013141871,2.321046827,0.712374979
stage4/3,1.460000,0.224921764,1.015926446,2.321500759,0.712374979
stage4/3,1.480000,0.224921864,1.018756211,2.321962057,0.712374979
stage4/3,1.500000,0.224921965,1.021630649,2.322430638,0.712374979
stage4/3,1.520000,0.224922068,1.024549224,2.322906414,0.712374979
stage4/3,1.540000,0.224922173,1.027511380,2.323389294,0.712374979
stage4/3,1.560000,0.224922279,1.030516539,2.323879185,0.712374979
stage4/3,1.580000,0.224922386,1.033564108,2.324375989,0.712374979
stage4/3,1.600000,0.224922495,1.036653470,2.324879606,0.712374979
stage4/3,1.620000,0.224922605,1.039783993,2.325389933,0.712374979
stage4/3,1.640000,0.224922717,1.042955026,2.325906864,0.712374979
stage4/3,1.660000,0.224922830,1.046165899,2.326430290,0.712374979
stage4/3,1.680000,0.224922945,1.049415927,2.326960098,0.712374979
stage4/3,1.700000,0.224923061,1.052704405,2.327496174,0.712374979
stage4/3,1.720000,0.224923178,1.056030615,2.328038401,0.712374979
stage4/3,1.740000,0.224923297,1.059393819,2.328586659,0.712374979
stage4/3,1.760000,0.224923417,1.062793266,2.329140825,0.712374979
stage4/3,1.780000,0.224923538,1.066228189,2.329700775,0.712374979
stage4/3,1.800000,0.224923660,1.069697806,2.330266379,0.712374979
stage4/3,1.820000,0.224923784,1.073201320,2.330837510,0.712374979
stage4/3,1.840000,0.224923908,1.076737921,2.331414035,0.712374979
stage4/3,1.860000,0.224924034,1.080306784,2.331995818,0.712374979
stage4/3,1.880000,0.224924161,1.083907071,2.332582725,0.712374979
stage4/3,1.900000,0.224924289,1.087537932,2.333174615,0.712374979
stage4/3,1.920000,0.224924418,1.091198504,2.333771349,0.712374979
stage4/3,1.940000,0.224924548,1.094887911,2.334372783,0.712374979
stage4/3,1.960000,0.224924679,1.098605266,2.334978774,0.712374979
stage4/3,1.980000,0.224924811,1.102349672,2.335589174,0.712374979
stage4/3,2.000000,0.224924944,1.106120218,2.336203835,0.712374979
stage4/3,2.020000,0.224925078,1.109915986,2.336822608,0.712374979
stage4/3,2.040000,0.224925213,1.113736045,2.337445341,0.712374979
stage4/3,2.060000,0.224925348,1.117579456,2.338071880,0.712374979
stage4/3,2.080000,0.224925485,1.121445270,2.338702072,0.712374979
stage4/3,2.100000,0.224925622,1.125332530,2.339335760,0.712374979
stage4/3,2.120000,0.224925759,1.129240270,2.339972786,0.712374979
stage4/3,2.140000,0.224925898,1.133167515,2.340612992,0.712374979
stage4/3,2.160000,0.224926037,1.137113284,2.341256217,0.712374979
stage4/3,2.180000,0.224926177,1.141076588,2.341902301,0.712374979
stage4/3,2.200000,0.224926317,1.145056430,2.342551081,0.712374979
stage4/3,2.220000,0.224926458,1.149051809,2.343202394,0.712374979
stage4/3,2.240000,0.224926599,1.153061715,2.343856075,0.712374979
stage4/3,2.260000,0.224926741,1.157085136,2.344511959,0.712374979
stage4/3,2.280000,0.224926883,1.161121050,2.345169880,0.712374979
stage4/3,2.300000,0.224927026,1.165168435,2.345829671,0.712374979
stage4/3,2.320000,0.224927169,1.169226262,2.346491164,0.712374979
stage4/3,2.340000,0.224927313,1.173293497,2.347154190,0.712374979
stage4/3,2.360000,0.224927456,1.177369105,2.347818582,0.712374979
stage4/3,2.380000,0.224927600,1.181452046,2.348484169,0.712374979
stage4/3,2.400000,0.224927744,1.185541278,2.349150781,0.712374979
stage4/3,2.420000,0.224927889,1.189635756,2.349818249,0.712374979
stage4/3,2.440000,0.224928033,1.193734433,2.350486401,0.712374979
stage4/3,2.460000,0.224928178,1.197836261,2.351155067,0.712374979
stage4/3,2.480000,0.224928323,1.201940191,2.351824075,0.712374979
stage4/3,2.500000,0.224928467,1.206045171,2.352493255,0.712374979
stage4/3,2.520000,0.224928612,1.210150151,2.353162434,0.712374979
stage4/3,2.540000,0.224928757,1.214254080,2.353831443,0.712374979
stage4/3,2.560000,0.224928901,1.218355908,2.354500108,0.712374979
stage4/3,2.580000,0.224929046,1.222454585,2.355168261,0.712374979
stage4/3,2.600000,0.224929190,1.226549063,2.355835728,0.712374979
stage4/3,2.620000,0.224929335,1.230638295,2.356502341,0.712374979
stage4/3,2.640000,0.224929478,1.234721236,2.357167928,0.712374979
stage4/3,2.660000,0.224929622,1.238796845,2.357832319,0.712374979
stage4/3,2.680000,0.224929766,1.242864080,2.358495346,0.712374979
stage4/3,2.700000,0.224929909,1.246921906,2.359156838,0.712374979
stage4/3,2.720000,0.224930051,1.250969291,2.359816629,0.712374979
stage4/3,2.740000,0.224930194,1.255005206,2.360474550,0.712374979
stage4/3,2.760000,0.224930336,1.259028626,2.361130434,0.712374979
stage4/3,2.780000,0.224930477,1.263038532,2.361784115,0.712374979
stage4/3,2.800000,0.224930618,1.267033911,2.362435428,0.712374979
stage4/3,2.820000,0.224930758,1.271013753,2.363084208,0.712374979
stage4/3,2.840000,0.224930898,1.274977057,2.363730292,0.712374979
stage4/3,2.860000,0.224931037,1.278922826,2.364373518,0.712374979
stage4/3,2.880000,0.224931175,1.282850071,2.365013723,0.712374979
stage4/3,2.900000,0.224931313,1.286757811,2.365650750,0.712374979
stage4/3,2.920000,0.224931450,1.290645071,2.366284437,0.712374979
stage4/3,2.940000,0.224931587,1.294510886,2.366914629,0.712374979
stage4/3,2.960000,0.224931722,1.298354297,2.367541169,0.712374979
stage4/3,2.980000,0.224931857,1.302174356,2.368163901,0.712374979
stage4/3,3.000000,0.224931991,1.305970123,2.368782674,0.712374979
stage4/3,3.020000,0.224932124,1.309740670,2.369397336,0.712374979
stage4/3,3.040000,0.224932256,1.313485075,2.370007736,0.712374979
stage4/3,3.060000,0.224932387,1.317202431,2.370613726,0.712374979
stage4/3,3.080000,0.224932517,1.320891838,2.371215160,0.712374979
stage4/3,3.100000,0.224932646,1.324552409,2.371811894,0.712374979
stage4/3,3.120000,0.224932774,1.328183270,2.372403785,0.712374979
stage4/3,3.140000,0.224932901,1.331783558,2.372990691,0.712374979
stage4/3,3.160000,0.224933027,1.335352421,2.373572475,0.712374979
stage4/3,3.180000,0.224933151,1.338889021,2.374148999,0.712374979
stage4/3,3.200000,0.224933275,1.342392536,2.374720130,0.712374979
stage4/3,3.220000,0.224933397,1.345862153,2.375285735,0.712374979
stage4/3,3.240000,0.224933518,1.349297076,2.375845684,0.712374979
stage4/3,3.260000,0.224933638,1.352696523,2.376399850,0.712374979
stage4/3,3.280000,0.224933757,1.356059727,2.376948108,0.712374979
stage4/3,3.300000,0.224933874,1.359385936,2.377490335,0.712374979
stage4/3,3.320000,0.224933990,1.362674414,2.378026411,0.712374979
stage4/3,3.340000,0.224934104,1.365924442,2.378556220,0.712374979
stage4/3,3.360000,0.224934218,1.369135315,2.379079645,0.712374979
stage4/3,3.380000,0.224934329,1.372306348,2.379596576,0.712374979
stage4/3,3.400000,0.224934440,1.375436872,2.380106903,0.712374979
stage4/3,3.420000,0.224934549,1.378526234,2.380610520,0.712374979
stage4/3,3.440000,0.224934656,1.381573802,2.381107324,0.712374979
stage4/3,3.460000,0.224934762,1.384578962,2.381597215,0.712374979
stage4/3,3.480000,0.224934867,1.387541117,2.382080095,0.712374979
stage4/3,3.500000,0.224934970,1.390459692,2.382555871,0.712374979
stage4/3,3.520000,0.224935071,1.393334130,2.383024452,0.712374979
stage4/3,3.540000,0.224935171,1.396163895,2.383485751,0.712374979
stage4/3,3.560000,0.224935269,1.398948471,2.383939682,0.712374979
stage4/3,3.580000,0.224935365,1.401687363,2.384386167,0.712374979
stage4/3,3.600000,0.224935460,1.404380098,2.384825128,0.712374979
stage4/3,3.620000,0.224935554,1.407026225,2.385256490,0.712374979
stage4/3,3.640000,0.224935645,1.409625313,2.385680184,0.712374979
stage4/3,3.660000,0.224935735,1.412176958,2.386096145,0.712374979
stage4/3,3.680000,0.224935824,1.414680773,2.386504308,0.712374979
stage4/3,3.700000,0.224935910,1.417136400,2.386904616,0.712374979
stage4/3,3.720000,0.224935995,1.419543502,2.387297013,0.712374979
stage4/3,3.740000,0.224936078,1.421901766,2.387681449,0.712374979
stage4/3,3.760000,0.224936160,1.424210905,2.388057877,0.712374979
stage4/3,3.780000,0.224936239,1.426470656,2.388426254,0.712374979
stage4/3,3.800000,0.224936317,1.428680782,2.388786541,0.712374979
stage4/3,3.820000,0.224936393,1.430841071,2.389138704,0.712374979
stage4/3,3.840000,0.224936468,1.432951338,2.389482712,0.712374979
stage4/3,3.860000,0.224936540,1.435011425,2.389818540,0.712374979
stage4/3,3.880000,0.224936611,1.437021200,2.390146167,0.712374979
stage4/3,3.900000,0.224936680,1.438980559,2.390465575,0.712374979
stage4/3,3.920000,0.224936748,1.440889426,2.390776752,0.712374979
stage4/3,3.940000,0.224936813,1.442747752,2.391079690,0.712374979
stage4/3,3.960000,0.224936877,1.444555519,2.391374385,0.712374979
stage4/3,3.980000,0.224936939,1.446312736,2.391660841,0.712374979
stage4/3,4.000000,0.224936999,1.448019443,2.391939062,0.712374979
stage4/3,4.020000,0.224937057,1.449675707,2.392209061,0.712374979
stage4/3,4.040000,0.224937114,1.451281630,2.392470853,0.712374979
stage4/3,4.060000,0.224937169,1.452837340,2.392724459,0.712374979
stage4/3,4.080000,0.224937222,1.454342999,2.392969907,0.712374979
stage4/3,4.100000,0.224937273,1.455798799,2.393207226,0.712374979
stage4/3,4.120000,0.224937323,1.457204965,2.393436454,0.712374979
stage4/3,4.140000,0.224937371,1.458561753,2.393657633,0.712374979
stage4/3,4.160000,0.224937417,1.459869453,2.393870810,0.712374979
stage4/3,4.180000,0.224937461,1.461128387,2.394076037,0.712374979
stage4/3,4.200000,0.224937504,1.462338911,2.394273372,0.712374979
stage4/3,4.220000,0.224937545,1.463501415,2.394462880,0.712374979
stage4/3,4.240000,0.224937584,1.464616323,2.394644628,0.712374979
stage4/3,4.260000,0.224937622,1.465684095,2.394818693,0.712374979
stage4/3,4.280000,0.224937658,1.466705223,2.394985154,0.712374979
stage4/3,4.300000,0.224937692,1.467680238,2.395144097,0.712374979
stage4/3,4.320000,0.224937725,1.468609705,2.395295616,0.712374979
stage4/3,4.340000,0.224937756,1.469494226,2.395439807,0.712374979
stage4/3,4.360000,0.224937786,1.470334439,2.395576776,0.712374979
stage4/3,4.380000,0.224937814,1.471131020,2.395706632,0.712374979
stage4/3,4.400000,0.224937840,1.471884681,2.395829491,0.712374979
stage4/3,4.420000,0.224937866,1.472596174,2.395945476,0.712374979
stage4/3,4.440000,0.224937889,1.473266289,2.396054716,0.712374979
stage4/3,4.460000,0.224937911,1.473895853,2.396157345,0.712374979
stage4/3,4.480000,0.224937932,1.474485734,2.396253505,0.712374979
stage4/3,4.500000,0.224937952,1.475036838,2.396343344,0.712374979
stage4/3,4.520000,0.224937970,1.475550112,2.396427017,0.712374979
stage4/3,4.540000,0.224937986,1.476026544,2.396504683,0.712374979
stage4/3,4.560000,0.224938002,1.476467161,2.396576511,0.712374979
stage4/3,4.580000,0.224938016,1.476873032,2.396642675,0.712374979
stage4/3,4.600000,0.224938029,1.477245269,2.396703355,0.712374979
stage4/3,4.620000,0.224938041,1.477585022,2.396758741,0.712374979
stage4/3,4.640000,0.224938052,1.477893488,2.396809026,0.712374979
stage4/3,4.660000,0.224938062,1.478171905,2.396854412,0.712374979
stage4/3,4.680000,0.224938071,1.478421552,2.396895109,0.712374979
stage4/3,4.700000,0.224938079,1.478643755,2.396931332,0.712374979
stage4/3,4.720000,0.224938086,1.478839883,2.396963304,0.712374979
stage4/3,4.740000,0.224938092,1.479011347,2.396991255,0.712374979
stage4/3,4.760000,0.224938097,1.479159605,2.397015424,0.712374979
stage4/3,4.780000,0.224938101,1.479286162,2.397036055,0.712374979
stage4/3,4.800000,0.224938105,1.479392564,2.397053400,0.712374979
stage4/3,4.820000,0.224938108,1.479480406,2.397067720,0.712374979
stage4/3,4.840000,0.224938111,1.479551330,2.397079281,0.712374979
stage4/3,4.860000,0.224938113,1.479607023,2.397088360,0.712374979
stage4/3,4.880000,0.224938114,1.479649220,2.397095239,0.712374979
stage4/3,4.900000,0.224938115,1.479679703,2.397100208,0.712374979
stage4/3,4.920000,0.224938116,1.479700303,2.397103566,0.712374979
stage4/3,4.940000,0.224938116,1.479712899,2.397105620,0.712374979
stage4/3,4.960000,0.224938117,1.479719419,2.397106683,0.712374979
stage4/3,4.980000,0.224938117,1.479721840,2.397107077,0.712374979
stage4/3,5.000000,0.224938117,1.479722188,2.397107134,0.712374979
stage4/4,0.000000,0.224938117,1.479722188,2.397107134,0.712374979
stage4/4,0.020000,0.224938581,1.479722338,2.397107411,0.712374979
stage4/4,0.040000,0.224941807,1.479723381,2.397109334,0.712374979
stage4/4,0.060000,0.224950498,1.479726190,2.397114514,0.712374979
stage4/4,0.080000,0.224967287,1.479731617,2.397124520,0.712374979
stage4/4,0.100000,0.224994745,1.479740492,2.397140886,0.712374979
stage4/4,0.120000,0.225035375,1.479753624,2.397165103,0.712374979
stage4/4,0.140000,0.225091619,1.479771804,2.397198626,0.712374979
stage4/4,0.160000,0.225165851,1.479795797,2.397242871,0.712374979
stage4/4,0.180000,0.225260385,1.479826352,2.397299215,0.712374979
stage4/4,0.200000,0.225377469,1.479864197,2.397369001,0.712374979
stage4/4,0.220000,0.225519291,1.479910037,2.397453531,0.712374979
stage4/4,0.240000,0.225687976,1.479964560,2.397554072,0.712374979
stage4/4,0.260000,0.225885589,1.480028432,2.397671855,0.712374979
stage4/4,0.280000,0.226114131,1.480102302,2.397808073,0.712374979
stage4/4,0.300000,0.226375546,1.480186798,2.397963884,0.712374979
stage4/4,0.320000,0.226671718,1.480282527,2.398140411,0.712374979
stage4/4,0.340000,0.227004470,1.480390080,2.398338741,0.712374979
stage4/4,0.360000,0.227375568,1.480510027,2.398559926,0.712374979
stage4/4,0.380000,0.227786719,1.480642920,2.398804984,0.712374979
stage4/4,0.400000,0.228239572,1.480789292,2.399074898,0.712374979
stage4/4,0.420000,0.228735721,1.480949659,2.399370617,0.712374979
stage4/4,0.440000,0.229276702,1.481124516,2.399693057,0.712374979
stage4/4,0.460000,0.229863995,1.481314342,2.400043101,0.712374979
stage4/4,0.480000,0.230499025,1.481519598,2.400421597,0.712374979
stage4/4,0.500000,0.231183162,1.481740726,2.400829363,0.712374979
stage4/4,0.520000,0.231917722,1.481978152,2.401267182,0.712374979
stage4/4,0.540000,0.232703967,1.482232284,2.401735806,0.712374979
stage4/4,0.560000,0.233543105,1.482503512,2.402235957,0.712374979
stage4/4,0.580000,0.234436292,1.482792210,2.402768323,0.712374979
stage4/4,0.600000,0.235384633,1.483098735,2.403333561,0.712374979
stage4/4,0.620000,0.236389179,1.483423426,2.403932300,0.712374979
stage4/4,0.640000,0.237450931,1.483766608,2.404565135,0.712374979
stage4/4,0.660000,0.238570840,1.484128588,2.405232634,0.712374979
stage4/4,0.680000,0.239749807,1.484509656,2.405935332,0.712374979
stage4/4,0.700000,0.240988682,1.484910088,2.406673738,0.712374979
stage4/4,0.720000,0.242288268,1.485330143,2.407448328,0.712374979
stage4/4,0.740000,0.243649317,1.485770064,2.408259553,0.712374979
stage4/4,0.760000,0.245072537,1.486230080,2.409107833,0.712374979
stage4/4,0.780000,0.246558584,1.486710404,2.409993561,0.712374979
stage4/4,0.800000,0.248108071,1.487211233,2.410917100,0.712374979
stage4/4,0.820000,0.249721564,1.487732749,2.411878789,0.712374979
stage4/4,0.840000,0.251399582,1.488275122,2.412878936,0.712374979
stage4/4,0.860000,0.253142598,1.488838504,2.413917825,0.712374979
stage4/4,0.880000,0.254951044,1.489423034,2.414995711,0.712374979
stage4/4,0.900000,0.256825305,1.490028837,2.416112825,0.712374979
stage4/4,0.920000,0.258765723,1.490656023,2.417269371,0.712374979
stage4/4,0.940000,0.260772597,1.491304689,2.418465526,0.712374979
stage4/4,0.960000,0.262846184,1.491974918,2.419701444,0.712374979
stage4/4,0.980000,0.264986698,1.492666780,2.420977252,0.712374979
stage4/4,1.000000,0.267194313,1.493380330,2.422293055,0.712374979
stage4/4,1.020000,0.269469161,1.494115612,2.423648930,0.712374979
stage4/4,1.040000,0.271811333,1.494872654,2.425044933,0.712374979
stage4/4,1.060000,0.274220883,1.495651474,2.426481095,0.712374979
stage4/4,1.080000,0.276697824,1.496452076,2.427957424,0.712374979
stage4/4,1.100000,0.279242129,1.497274452,2.429473903,0.712374979
stage4/4,1.120000,0.281853734,1.498118581,2.431030496,0.712374979
stage4/4,1.140000,0.284532538,1.498984430,2.432627141,0.712374979
stage4/4,1.160000,0.287278402,1.499871954,2.434263756,0.712374979
stage4/4,1.180000,0.290091151,1.500781098,2.435940236,0.712374979
stage4/4,1.200000,0.292970574,1.501711791,2.437656456,0.712374979
stage4/4,1.220000,0.295916423,1.502663955,2.439412267,0.712374979
stage4/4,1.240000,0.298928417,1.503637498,2.441207503,0.712374979
stage4/4,1.260000,0.302006239,1.504632319,2.443041975,0.712374979
stage4/4,1.280000,0.305149540,1.505648304,2.444915474,0.712374979
stage4/4,1.300000,0.308357936,1.506685329,2.446827771,0.712374979
stage4/4,1.320000,0.311631011,1.507743259,2.448778619,0.712374979
stage4/4,1.340000,0.314968316,1.508821950,2.450767749,0.712374979
stage4/4,1.360000,0.318369371,1.509921247,2.452794877,0.712374979
stage4/4,1.380000,0.321833664,1.511040983,2.454859696,0.712374979
stage4/4,1.400000,0.325360653,1.512180985,2.456961884,0.712374979
stage4/4,1.420000,0.328949766,1.513341066,2.459101100,0.712374979
stage4/4,1.440000,0.332600401,1.514521032,2.461276985,0.712374979
stage4/4,1.460000,0.336311928,1.515720680,2.463489162,0.712374979
stage4/4,1.480000,0.340083686,1.516939796,2.465737240,0.712374979
stage4/4,1.500000,0.343914989,1.518178159,2.468020808,0.712374979
stage4/4,1.520000,0.347805121,1.519435536,2.470339440,0.712374979
stage4/4,1.540000,0.351753342,1.520711688,2.472692694,0.712374979
stage4/4,1.560000,0.355758882,1.522006368,2.475080112,0.712374979
stage4/4,1.580000,0.359820947,1.523319318,2.477501221,0.712374979
stage4/4,1.600000,0.363938720,1.524650274,2.479955533,0.712374979
stage4/4,1.620000,0.368111356,1.525998962,2.482442545,0.712374979
stage4/4,1.640000,0.372337986,1.527365103,2.484961740,0.712374979
stage4/4,1.660000,0.376617719,1.528748408,2.487512585,0.712374979
stage4/4,1.680000,0.380949641,1.530148581,2.490094536,0.712374979
stage4/4,1.700000,0.385332813,1.531565320,2.492707034,0.712374979
stage4/4,1.720000,0.389766276,1.532998314,2.495349507,0.712374979
stage4/4,1.740000,0.394249049,1.534447246,2.498021370,0.712374979
stage4/4,1.760000,0.398780129,1.535911792,2.500722026,0.712374979
stage4/4,1.780000,0.403358496,1.537391622,2.503450865,0.712374979
stage4/4,1.800000,0.407983105,1.538886398,2.506207267,0.712374979
stage4/4,1.820000,0.412652896,1.540395778,2.508990598,0.712374979
stage4/4,1.840000,0.417366787,1.541919413,2.511800214,0.712374979
stage4/4,1.860000,0.422123680,1.543456946,2.514635460,0.712374979
stage4/4,1.880000,0.426922458,1.545008018,2.517495672,0.712374979
stage4/4,1.900000,0.431761988,1.546572262,2.520380172,0.712374979
stage4/4,1.920000,0.436641118,1.548149305,2.523288276,0.712374979
stage4/4,1.940000,0.441558683,1.549738771,2.526219287,0.712374979
stage4/4,1.960000,0.446513500,1.551340278,2.529172502,0.712374979
stage4/4,1.980000,0.451504372,1.552953439,2.532147206,0.712374979
stage4/4,2.000000,0.456530086,1.554577862,2.535142678,0.712374979
stage4/4,2.020000,0.461589417,1.556213150,2.538158187,0.712374979
stage4/4,2.040000,0.466681127,1.557858904,2.541192994,0.712374979
stage4/4,2.060000,0.471803962,1.559514718,2.544246352,0.712374979
stage4/4,2.080000,0.476956658,1.561180184,2.547317509,0.712374979
stage4/4,2.100000,0.482137938,1.562854889,2.550405703,0.712374979
stage4/4,2.120000,0.487346516,1.564538417,2.553510166,0.712374979
stage4/4,2.140000,0.492581093,1.566230349,2.556630126,0.712374979
stage4/4,2.160000,0.497840359,1.567930260,2.559764802,0.712374979
stage4/4,2.180000,0.503122997,1.569637726,2.562913408,0.712374979
stage4/4,2.200000,0.508427680,1.571352318,2.566075152,0.712374979
stage4/4,2.220000,0.513753070,1.573073602,2.569249240,0.712374979
stage4/4,2.240000,0.519097825,1.574801146,2.572434869,0.712374979
stage4/4,2.260000,0.524460592,1.576534511,2.575631234,0.712374979
stage4/4,2.280000,0.529840012,1.578273260,2.578837525,0.712374979
stage4/4,2.300000,0.535234721,1.580016949,2.582052928,0.712374979
stage4/4,2.320000,0.540643347,1.581765138,2.585276627,0.712374979
stage4/4,2.340000,0.546064515,1.583517380,2.588507800,0.712374979
stage4/4,2.360000,0.551496842,1.585273229,2.591745625,0.712374979
stage4/4,2.380000,0.556938944,1.587032237,2.594989276,0.712374979
stage4/4,2.400000,0.562389430,1.588793955,2.598237924,0.712374979
stage4/4,2.420000,0.567846909,1.590557934,2.601490740,0.712374979
stage4/4,2.440000,0.573309985,1.592323721,2.604746892,0.712374979
stage4/4,2.460000,0.578777261,1.594090866,2.608005547,0.712374979
stage4/4,2.480000,0.584247337,1.595858917,2.611265872,0.712374979
stage4/4,2.500000,0.589718814,1.597627420,2.614527031,0.712374979
stage4/4,2.520000,0.595190291,1.599395923,2.617788190,0.712374979
stage4/4,2.540000,0.600660368,1.601163973,2.621048515,0.712374979
stage4/4,2.560000,0.606127643,1.602931118,2.624307170,0.712374979
stage4/4,2.580000,0.611590719,1.604696906,2.627563322,0.712374979
stage4/4,2.600000,0.617048198,1.606460884,2.630816138,0.712374979
stage4/4,2.620000,0.622498684,1.608222603,2.634064786,0.712374979
stage4/4,2.640000,0.627940786,1.609981611,2.637308437,0.712374979
stage4/4,2.660000,0.633373113,1.611737460,2.640546262,0.712374979
stage4/4,2.680000,0.638794281,1.613489702,2.643777435,0.712374979
stage4/4,2.700000,0.644202907,1.615237890,2.647001134,0.712374979
stage4/4,2.720000,0.649597616,1.616981580,2.650216537,0.712374979
stage4/4,2.740000,0.654977037,1.618720328,2.653422828,0.712374979
stage4/4,2.760000,0.660339804,1.620453694,2.656619193,0.712374979
stage4/4,2.780000,0.665684558,1.622181237,2.659804822,0.712374979
stage4/4,2.800000,0.671009949,1.623902522,2.662978910,0.712374979
stage4/4,2.820000,0.676314631,1.625617113,2.666140654,0.712374979
stage4/4,2.840000,0.681597269,1.627324579,2.669289260,0.712374979
stage4/4,2.860000,0.686856536,1.629024491,2.672423936,0.712374979
stage4/4,2.880000,0.692091112,1.630716422,2.675543896,0.712374979
stage4/4,2.900000,0.697299690,1.632399951,2.678648360,0.712374979
stage4/4,2.920000,0.702480971,1.634074656,2.681736553,0.712374979
stage4/4,2.940000,0.707633667,1.635740122,2.684807710,0.712374979
stage4/4,2.960000,0.712756502,1.637395936,2.687861068,0.712374979
stage4/4,2.980000,0.717848211,1.639041689,2.690895875,0.712374979
stage4/4,3.000000,0.722907542,1.640676978,2.693911384,0.712374979
stage4/4,3.020000,0.727933257,1.642301400,2.696906856,0.712374979
stage4/4,3.040000,0.732924128,1.643914561,2.699881560,0.712374979
stage4/4,3.060000,0.737878945,1.645516068,2.702834775,0.712374979
stage4/4,3.080000,0.742796510,1.647105534,2.705765786,0.712374979
stage4/4,3.100000,0.747675640,1.648682578,2.708673890,0.712374979
stage4/4,3.120000,0.752515170,1.650246821,2.711558390,0.712374979
stage4/4,3.140000,0.757313948,1.651797893,2.714418602,0.712374979
stage4/4,3.160000,0.762070841,1.653335427,2.717253848,0.712374979
stage4/4,3.180000,0.766784733,1.654859061,2.720063464,0.712374979
stage4/4,3.200000,0.771454523,1.656368441,2.722846795,0.712374979
stage4/4,3.220000,0.776079133,1.657863218,2.725603197,0.712374979
stage4/4,3.240000,0.780657499,1.659343048,2.728332036,0.712374979
stage4/4,3.260000,0.785188580,1.660807594,2.731032692,0.712374979
stage4/4,3.280000,0.789671353,1.662256526,2.733704555,0.712374979
stage4/4,3.300000,0.794104816,1.663689519,2.736347028,0.712374979
stage4/4,3.320000,0.798487987,1.665106258,2.738959526,0.712374979
stage4/4,3.340000,0.802819909,1.666506431,2.741541477,0.712374979
stage4/4,3.360000,0.807099642,1.667889736,2.744092322,0.712374979
stage4/4,3.380000,0.811326273,1.669255877,2.746611517,0.712374979
stage4/4,3.400000,0.815498908,1.670604566,2.749098529,0.712374979
stage4/4,3.420000,0.819616681,1.671935521,2.751552841,0.712374979
stage4/4,3.440000,0.823678747,1.673248472,2.753973950,0.712374979
stage4/4,3.460000,0.827684287,1.674543151,2.756361368,0.712374979
stage4/4,3.480000,0.831632507,1.675819304,2.758714622,0.712374979
stage4/4,3.500000,0.835522639,1.677076681,2.761033254,0.712374979
stage4/4,3.520000,0.839353942,1.678315043,2.763316822,0.712374979
stage4/4,3.540000,0.843125700,1.679534159,2.765564900,0.712374979
stage4/4,3.560000,0.846837227,1.680733807,2.767777077,0.712374979
stage4/4,3.580000,0.850487862,1.681913774,2.769952962,0.712374979
stage4/4,3.600000,0.854076975,1.683073855,2.772092178,0.712374979
stage4/4,3.620000,0.857603965,1.684213856,2.774194366,0.712374979
stage4/4,3.640000,0.861068258,1.685333593,2.776259185,0.712374979
stage4/4,3.660000,0.864469312,1.686432889,2.778286313,0.712374979
stage4/4,3.680000,0.867806617,1.687511580,2.780275444,0.712374979
stage4/4,3.700000,0.871079692,1.688569511,2.782226291,0.712374979
stage4/4,3.720000,0.874288088,1.689606536,2.784138588,0.712374979
stage4/4,3.740000,0.877431389,1.690622521,2.786012087,0.712374979
stage4/4,3.760000,0.880509212,1.691617341,2.787846559,0.712374979
stage4/4,3.780000,0.883521206,1.692590885,2.789641795,0.712374979
stage4/4,3.800000,0.886467055,1.693543049,2.791397606,0.712374979
stage4/4,3.820000,0.889346477,1.694473742,2.793113826,0.712374979
stage4/4,3.840000,0.892159226,1.695382885,2.794790306,0.712374979
stage4/4,3.860000,0.894905090,1.696270409,2.796426921,0.712374979
stage4/4,3.880000,0.897583895,1.697136258,2.798023566,0.712374979
stage4/4,3.900000,0.900195500,1.697980387,2.799580159,0.712374979
stage4/4,3.920000,0.902739804,1.698802763,2.801096638,0.712374979
stage4/4,3.940000,0.905216745,1.699603365,2.802572967,0.712374979
stage4/4,3.960000,0.907626295,1.700382185,2.804009129,0.712374979
stage4/4,3.980000,0.909968468,1.701139228,2.805405132,0.712374979
stage4/4,4.000000,0.912243316,1.701874509,2.806761007,0.712374979
stage4/4,4.020000,0.914450930,1.702588059,2.808076810,0.712374979
stage4/4,4.040000,0.916591444,1.703279921,2.809352618,0.712374979
stage4/4,4.060000,0.918665031,1.703950150,2.810588536,0.712374979
stage4/4,4.080000,0.920671905,1.704598817,2.811784691,0.712374979
stage4/4,4.100000,0.922612323,1.705226003,2.812941237,0.712374979
stage4/4,4.120000,0.924486584,1.705831806,2.814058351,0.712374979
stage4/4,4.140000,0.926295030,1.706416336,2.815136237,0.712374979
stage4/4,4.160000,0.928038047,1.706979717,2.816175126,0.712374979
stage4/4,4.180000,0.929716064,1.707522090,2.817175273,0.712374979
stage4/4,4.200000,0.931329557,1.708043607,2.818136962,0.712374979
stage4/4,4.220000,0.932879044,1.708544435,2.819060501,0.712374979
stage4/4,4.240000,0.934365092,1.709024759,2.819946229,0.712374979
stage4/4,4.260000,0.935788311,1.709484775,2.820794509,0.712374979
stage4/4,4.280000,0.937149361,1.709924697,2.821605734,0.712374979
stage4/4,4.300000,0.938448946,1.710344752,2.822380324,0.712374979
stage4/4,4.320000,0.939687821,1.710745184,2.823118730,0.712374979
stage4/4,4.340000,0.940866788,1.711126252,2.823821428,0.712374979
stage4/4,4.360000,0.941986697,1.711488231,2.824488927,0.712374979
stage4/4,4.380000,0.943048449,1.711831413,2.825121762,0.712374979
stage4/4,4.400000,0.944052995,1.712156105,2.825720501,0.712374979
stage4/4,4.420000,0.945001336,1.712462630,2.826285739,0.712374979
stage4/4,4.440000,0.945894523,1.712751328,2.826818105,0.712374979
stage4/4,4.460000,0.946733662,1.713022556,2.827318256,0.712374979
stage4/4,4.480000,0.947519906,1.713276688,2.827786880,0.712374979
stage4/4,4.500000,0.948254466,1.713514114,2.828224699,0.712374979
stage4/4,4.520000,0.948938603,1.713735242,2.828632465,0.712374979
stage4/4,4.540000,0.949573633,1.713940498,2.829010961,0.712374979
stage4/4,4.560000,0.950160926,1.714130324,2.829361005,0.712374979
stage4/4,4.580000,0.950701907,1.714305181,2.829683445,0.712374979
stage4/4,4.600000,0.951198056,1.714465547,2.829979164,0.712374979
stage4/4,4.620000,0.951650909,1.714611920,2.830249078,0.712374979
stage4/4,4.640000,0.952062060,1.714744813,2.830494136,0.712374979
stage4/4,4.660000,0.952433158,1.714864760,2.830715321,0.712374979
stage4/4,4.680000,0.952765910,1.714972313,2.830913651,0.712374979
stage4/4,4.700000,0.953062082,1.715068042,2.831090178,0.712374979
stage4/4,4.720000,0.953323497,1.715152537,2.831245989,0.712374979
stage4/4,4.740000,0.953552040,1.715226407,2.831382207,0.712374979
stage4/4,4.760000,0.953749652,1.715290280,2.831499990,0.712374979
stage4/4,4.780000,0.953918337,1.715344803,2.831600531,0.712374979
stage4/4,4.800000,0.954060159,1.715390643,2.831685061,0.712374979
stage4/4,4.820000,0.954177243,1.715428487,2.831754847,0.712374979
stage4/4,4.840000,0.954271777,1.715459042,2.831811192,0.712374979
stage4/4,4.860000,0.954346009,1.715483036,2.831855436,0.712374979
stage4/4,4.880000,0.954402253,1.715501215,2.831888959,0.712374979
stage4/4,4.900000,0.954442884,1.715514348,2.831913176,0.712374979
stage4/4,4.920000,0.954470341,1.715523223,2.831929542,0.712374979
stage4/4,4.940000,0.954487131,1.715528649,2.831939549,0.712374979
stage4/4,4.960000,0.954495821,1.715531458,2.831944728,0.712374979
stage4/4,4.980000,0.954499047,1.715532501,2.831946651,0.712374979
stage4/4,5.000000,0.954499512,1.715532651,2.831946928,0.712374979
stage4/5,0.000000,0.954499512,1.715532651,2.831946928,0.712374979
stage4/5,0.020000,0.954499512,1.715532636,2.831946929,0.712374979
stage4/5,0.040000,0.954499512,1.715532534,2.831946939,0.712374979
stage4/5,0.060000,0.954499514,1.715532256,2.831946964,0.712374979
stage4/5,0.080000,0.954499518,1.715531718,2.831947013,0.712374979
stage4/5,0.100000,0.954499524,1.715530835,2.831947094,0.712374979
stage4/5,0.120000,0.954499533,1.715529522,2.831947214,0.712374979
stage4/5,0.140000,0.954499546,1.715527697,2.831947381,0.712374979
stage4/5,0.160000,0.954499563,1.715525278,2.831947602,0.712374979
stage4/5,0.180000,0.954499585,1.715522185,2.831947884,0.712374979
stage4/5,0.200000,0.954499612,1.715518338,2.831948236,0.712374979
stage4/5,0.220000,0.954499645,1.715513658,2.831948663,0.712374979
stage4/5,0.240000,0.954499684,1.715508069,2.831949174,0.712374979
stage4/5,0.260000,0.954499730,1.715501492,2.831949775,0.712374979
stage4/5,0.280000,0.954499783,1.715493853,2.831950473,0.712374979
stage4/5,0.300000,0.954499845,1.715485077,2.831951275,0.712374979
stage4/5,0.320000,0.954499915,1.715475090,2.831952187,0.712374979
stage4/5,0.340000,0.954499994,1.715463820,2.831953217,0.712374979
stage4/5,0.360000,0.954500082,1.715451196,2.831954370,0.712374979
stage4/5,0.380000,0.954500181,1.715437147,2.831955654,0.712374979
stage4/5,0.400000,0.954500290,1.715421603,2.831957074,0.712374979
stage4/5,0.420000,0.954500410,1.715404495,2.831958637,0.712374979
stage4/5,0.440000,0.954500541,1.715385756,2.831960349,0.712374979
stage4/5,0.460000,0.954500684,1.715365320,2.831962217,0.712374979
stage4/5,0.480000,0.954500840,1.715343120,2.831964245,0.712374979
stage4/5,0.500000,0.954501008,1.715319092,2.831966440,0.712374979
stage4/5,0.520000,0.954501190,1.715293173,2.831968809,0.712374979
stage4/5,0.540000,0.954501385,1.715265298,2.831971356,0.712374979
stage4/5,0.560000,0.954501594,1.715235407,2.831974087,0.712374979
stage4/5,0.580000,0.954501819,1.715203439,2.831977008,0.712374979
stage4/5,0.600000,0.954502058,1.715169333,2.831980124,0.712374979
stage4/5,0.620000,0.954502312,1.715133031,2.831983441,0.712374979
stage4/5,0.640000,0.954502582,1.715094474,2.831986963,0.712374979
stage4/5,0.660000,0.954502868,1.715053606,2.831990698,0.712374979
stage4/5,0.680000,0.954503171,1.715010369,2.831994648,0.712374979
stage4/5,0.700000,0.954503491,1.714964710,2.831998820,0.712374979
stage4/5,0.720000,0.954503829,1.714916572,2.832003218,0.712374979
stage4/5,0.740000,0.954504184,1.714865904,2.832007848,0.712374979
stage4/5,0.760000,0.954504557,1.714812652,2.832012713,0.712374979
stage4/5,0.780000,0.954504949,1.714756764,2.832017819,0.712374979
stage4/5,0.800000,0.954505359,1.714698191,2.832023171,0.712374979
stage4/5,0.820000,0.954505789,1.714636881,2.832028773,0.712374979
stage4/5,0.840000,0.954506238,1.714572786,2.832034629,0.712374979
stage4/5,0.860000,0.954506707,1.714505859,2.832040744,0.712374979
stage4/5,0.880000,0.954507196,1.714436051,2.832047123,0.712374979
stage4/5,0.900000,0.954507706,1.714363316,2.832053768,0.712374979
stage4/5,0.920000,0.954508236,1.714287609,2.832060685,0.712374979
stage4/5,0.940000,0.954508788,1.714208886,2.832067878,0.712374979
stage4/5,0.960000,0.954509361,1.714127102,2.832075351,0.712374979
stage4/5,0.980000,0.954509956,1.714042215,2.832083107,0.712374979
stage4/5,1.000000,0.954510573,1.713954183,2.832091150,0.712374979
stage4/5,1.020000,0.954511212,1.713862964,2.832099485,0.712374979
stage4/5,1.040000,0.954511874,1.713768519,2.832108114,0.712374979
stage4/5,1.060000,0.954512559,1.713670807,2.832117042,0.712374979
stage4/5,1.080000,0.954513267,1.713569791,2.832126271,0.712374979
stage4/5,1.100000,0.954513998,1.713465433,2.832135806,0.712374979
stage4/5,1.120000,0.954514753,1.713357695,2.832145650,0.712374979
stage4/5,1.140000,0.954515532,1.713246541,2.832155806,0.712374979
stage4/5,1.160000,0.954516335,1.713131937,2.832166277,0.712374979
stage4/5,1.180000,0.954517162,1.713013847,2.832177067,0.712374979
stage4/5,1.200000,0.954518015,1.712892239,2.832188178,0.712374979
stage4/5,1.220000,0.954518892,1.712767078,2.832199614,0.712374979
stage4/5,1.240000,0.954519794,1.712638334,2.832211377,0.712374979
stage4/5,1.260000,0.954520721,1.712505975,2.832223470,0.712374979
stage4/5,1.280000,0.954521674,1.712369971,2.832235897,0.712374979
stage4/5,1.300000,0.954522653,1.712230291,2.832248659,0.712374979
stage4/5,1.320000,0.954523658,1.712086908,2.832261760,0.712374979
stage4/5,1.340000,0.954524689,1.711939792,2.832275202,0.712374979
stage4/5,1.360000,0.954525746,1.711788918,2.832288987,0.712374979
stage4/5,1.380000,0.954526830,1.711634257,2.832303118,0.712374979
stage4/5,1.400000,0.954527941,1.711475785,2.832317597,0.712374979
stage4/5,1.420000,0.954529078,1.711313477,2.832332427,0.712374979
stage4/5,1.440000,0.954530242,1.711147308,2.832347610,0.712374979
stage4/5,1.460000,0.954531434,1.710977255,2.832363147,0.712374979
stage4/5,1.480000,0.954532653,1.710803296,2.832379041,0.712374979
stage4/5,1.500000,0.954533900,1.710625407,2.832395295,0.712374979
stage4/5,1.520000,0.954535174,1.710443569,2.832411909,0.712374979
stage4/5,1.540000,0.954536476,1.710257761,2.832428886,0.712374979
stage4/5,1.560000,0.954537806,1.710067963,2.832446228,0.712374979
stage4/5,1.580000,0.954539164,1.709874156,2.832463935,0.712374979
stage4/5,1.600000,0.954540551,1.709676322,2.832482011,0.712374979
stage4/5,1.620000,0.954541965,1.709474443,2.832500457,0.712374979
stage4/5,1.640000,0.954543408,1.709268503,2.832519273,0.712374979
stage4/5,1.660000,0.954544880,1.709058485,2.832538462,0.712374979
stage4/5,1.680000,0.954546381,1.708844375,2.832558025,0.712374979
stage4/5,1.700000,0.954547910,1.708626157,2.832577963,0.712374979
stage4/5,1.720000,0.954549468,1.708403818,2.832598278,0.712374979
stage4/5,1.740000,0.954551055,1.708177345,2.832618970,0.712374979
stage4/5,1.760000,0.954552671,1.707946724,2.832640042,0.712374979
stage4/5,1.780000,0.954554316,1.707711944,2.832661493,0.712374979
stage4/5,1.800000,0.954555991,1.707472995,2.832683326,0.712374979
stage4/5,1.820000,0.954557695,1.707229864,2.832705540,0.712374979
stage4/5,1.840000,0.954559428,1.706982544,2.832728137,0.712374979
stage4/5,1.860000,0.954561190,1.706731024,2.832751118,0.712374979
stage4/5,1.880000,0.954562982,1.706475296,2.832774484,0.712374979
stage4/5,1.900000,0.954564804,1.706215352,2.832798234,0.712374979
stage4/5,1.920000,0.954566655,1.705951185,2.832822371,0.712374979
stage4/5,1.940000,0.954568536,1.705682790,2.832846894,0.712374979
stage4/5,1.960000,0.954570446,1.705410159,2.832871804,0.712374979
stage4/5,1.980000,0.954572387,1.705133288,2.832897101,0.712374979
stage4/5,2.000000,0.954574357,1.704852173,2.832922786,0.712374979
stage4/5,2.020000,0.954576356,1.704566809,2.832948859,0.712374979
stage4/5,2.040000,0.954578386,1.704277193,2.832975321,0.712374979
stage4/5,2.060000,0.954580445,1.703983323,2.833002171,0.712374979
stage4/5,2.080000,0.954582534,1.703685196,2.833029411,0.712374979
stage4/5,2.100000,0.954584653,1.703382812,2.833057039,0.712374979
stage4/5,2.120000,0.954586802,1.703076170,2.833085056,0.712374979
stage4/5,2.140000,0.954588981,1.702765269,2.833113463,0.712374979
stage4/5,2.160000,0.954591189,1.702450110,2.833142258,0.712374979
stage4/5,2.180000,0.954593428,1.702130694,2.833171443,0.712374979
stage4/5,2.200000,0.954595696,1.701807023,2.833201016,0.712374979
stage4/5,2.220000,0.954597994,1.701479100,2.833230978,0.712374979
stage4/5,2.240000,0.954600322,1.701146926,2.833261328,0.712374979
stage4/5,2.260000,0.954602679,1.700810506,2.833292066,0.712374979
stage4/5,2.280000,0.954605066,1.700469844,2.833323192,0.712374979
stage4/5,2.300000,0.954607483,1.700124944,2.833354705,0.712374979
stage4/5,2.320000,0.954609930,1.699775812,2.833386605,0.712374979
stage4/5,2.340000,0.954612406,1.699422454,2.833418890,0.712374979
stage4/5,2.360000,0.954614912,1.699064875,2.833451562,0.712374979
stage4/5,2.380000,0.954617447,1.698703083,2.833484618,0.712374979
stage4/5,2.400000,0.954620012,1.698337086,2.833518059,0.712374979
stage4/5,2.420000,0.954622606,1.697966891,2.833551883,0.712374979
stage4/5,2.440000,0.954625230,1.697592507,2.833586090,0.712374979
stage4/5,2.460000,0.954627883,1.697213943,2.833620679,0.712374979
stage4/5,2.480000,0.954630565,1.696831209,2.833655648,0.712374979
stage4/5,2.500000,0.954633276,1.696444316,2.833690998,0.712374979
stage4/5,2.520000,0.954636016,1.696053273,2.833726727,0.712374979
stage4/5,2.540000,0.954638786,1.695658093,2.833762834,0.712374979
stage4/5,2.560000,0.954641584,1.695258787,2.833799318,0.712374979
stage4/5,2.580000,0.954644411,1.694855368,2.833836178,0.712374979
stage4/5,2.600000,0.954647267,1.694447848,2.833873412,0.712374979
stage4/5,2.620000,0.954650151,1.694036241,2.833911020,0.712374979
stage4/5,2.640000,0.954653064,1.693620561,2.833949000,0.712374979
stage4/5,2.660000,0.954656005,1.693200822,2.833987351,0.712374979
stage4/5,2.680000,0.954658975,1.692777039,2.834026071,0.712374979
stage4/5,2.700000,0.954661973,1.692349228,2.834065160,0.712374979
stage4/5,2.720000,0.954664999,1.691917405,2.834104615,0.712374979
stage4/5,2.740000,0.954668053,1.691481585,2.834144435,0.712374979
stage4/5,2.760000,0.954671135,1.691041786,2.834184618,0.712374979
stage4/5,2.780000,0.954674245,1.690598025,2.834225164,0.712374979
stage4/5,2.800000,0.954677382,1.690150321,2.834266070,0.712374979
stage4/5,2.820000,0.954680547,1.689698690,2.834307335,0.712374979
stage4/5,2.840000,0.954683739,1.689243153,2.834348957,0.712374979
stage4/5,2.860000,0.954686959,1.688783728,2.834390933,0.712374979
stage4/5,2.880000,0.954690205,1.688320436,2.834433264,0.712374979
stage4/5,2.900000,0.954693479,1.687853295,2.834475946,0.712374979
stage4/5,2.920000,0.954696779,1.687382328,2.834518977,0.712374979
stage4/5,2.940000,0.954700106,1.686907554,2.834562357,0.712374979
stage4/5,2.960000,0.954703460,1.686428996,2.834606082,0.712374979
stage4/5,2.980000,0.954706840,1.685946675,2.834650150,0.712374979
stage4/5,3.000000,0.954710246,1.685460614,2.834694561,0.712374979
stage4/5,3.020000,0.954713678,1.684970835,2.834739311,0.712374979
stage4/5,3.040000,0.954717136,1.684477362,2.834784399,0.712374979
stage4/5,3.060000,0.954720620,1.683980218,2.834829822,0.712374979
stage4/5,3.080000,0.954724129,1.683479428,2.834875579,0.712374979
stage4/5,3.100000,0.954727664,1.682975016,2.834921666,0.712374979
stage4/5,3.120000,0.954731224,1.682467007,2.834968082,0.712374979
stage4/5,3.140000,0.954734809,1.681955425,2.835014824,0.712374979
stage4/5,3.160000,0.954738419,1.681440298,2.835061891,0.712374979
stage4/5,3.180000,0.954742053,1.680921650,2.835109279,0.712374979
stage4/5,3.200000,0.954745712,1.680399509,2.835156986,0.712374979
stage4/5,3.220000,0.954749396,1.679873901,2.835205010,0.712374979
stage4/5,3.240000,0.954753103,1.679344853,2.835253348,0.712374979
stage4/5,3.260000,0.954756834,1.678812393,2.835301998,0.712374979
stage4/5,3.280000,0.954760589,1.678276550,2.835350957,0.712374979
stage4/5,3.300000,0.954764368,1.677737351,2.835400223,0.712374979
stage4/5,3.320000,0.954768170,1.677194824,2.835449793,0.712374979
stage4/5,3.340000,0.954771995,1.676649000,2.835499664,0.712374979
stage4/5,3.360000,0.954775843,1.676099908,2.835549834,0.712374979
stage4/5,3.380000,0.954779713,1.675547577,2.835600299,0.712374979
stage4/5,3.400000,0.954783606,1.674992038,2.835651058,0.712374979
stage4/5,3.420000,0.954787521,1.674433321,2.835702107,0.712374979
stage4/5,3.440000,0.954791459,1.673871457,2.835753443,0.712374979
stage4/5,3.460000,0.954795418,1.673306477,2.835805065,0.712374979
stage4/5,3.480000,0.954799399,1.672738412,2.835856968,0.712374979
stage4/5,3.500000,0.954803401,1.672167295,2.835909150,0.712374979
stage4/5,3.520000,0.954807424,1.671593157,2.835961608,0.712374979
stage4/5,3.540000,0.954811469,1.671016032,2.836014339,0.712374979
stage4/5,3.560000,0.954815534,1.670435951,2.836067340,0.712374979
stage4/5,3.580000,0.954819619,1.669852948,2.836120608,0.712374979
stage4/5,3.600000,0.954823725,1.669267056,2.836174140,0.712374979
stage4/5,3.620000,0.954827851,1.668678310,2.836227933,0.712374979
stage4/5,3.640000,0.954831996,1.668086742,2.836281983,0.712374979
stage4/5,3.660000,0.954836161,1.667492387,2.836336289,0.712374979
stage4/5,3.680000,0.954840345,1.666895281,2.836390845,0.712374979
stage4/5,3.700000,0.954844549,1.666295457,2.836445650,0.712374979
stage4/5,3.720000,0.954848771,1.665692951,2.836500700,0.712374979
stage4/5,3.740000,0.954853012,1.665087798,2.836555992,0.712374979
stage4/5,3.760000,0.954857271,1.664480034,2.836611523,0.712374979
stage4/5,3.780000,0.954861548,1.663869695,2.836667288,0.712374979
stage4/5,3.800000,0.954865842,1.663256817,2.836723286,0.712374979
stage4/5,3.820000,0.954870155,1.662641437,2.836779512,0.712374979
stage4/5,3.840000,0.954874484,1.662023591,2.836835964,0.712374979
stage4/5,3.860000,0.954878831,1.661403316,2.836892637,0.712374979
stage4/5,3.880000,0.954883195,1.660780650,2.836949529,0.712374979
stage4/5,3.900000,0.954887574,1.660155630,2.837006636,0.712374979
stage4/5,3.920000,0.954891971,1.659528294,2.837063955,0.712374979
stage4/5,3.940000,0.954896383,1.658898679,2.837121482,0.712374979
stage4/5,3.960000,0.954900811,1.658266825,2.837179213,0.712374979
stage4/5,3.980000,0.954905254,1.657632768,2.837237146,0.712374979
stage4/5,4.000000,0.954909712,1.656996548,2.837295276,0.712374979
stage4/5,4.020000,0.954914186,1.656358205,2.837353601,0.712374979
stage4/5,4.040000,0.954918673,1.655717776,2.837412116,0.712374979
stage4/5,4.060000,0.954923176,1.655075300,2.837470818,0.712374979
stage4/5,4.080000,0.954927692,1.654430819,2.837529703,0.712374979
stage4/5,4.100000,0.954932222,1.653784370,2.837588768,0.712374979
stage4/5,4.120000,0.954936766,1.653135995,2.837648009,0.712374979
stage4/5,4.140000,0.954941322,1.652485733,2.837707422,0.712374979
stage4/5,4.160000,0.954945892,1.651833624,2.837767004,0.712374979
stage4/5,4.180000,0.954950475,1.651179708,2.837826752,0.712374979
stage4/5,4.200000,0.954955069,1.650524027,2.837886660,0.712374979
stage4/5,4.220000,0.954959676,1.649866622,2.837946726,0.712374979
stage4/5,4.240000,0.954964295,1.649207532,2.838006946,0.712374979
stage4/5,4.260000,0.954968925,1.648546799,2.838067316,0.712374979
stage4/5,4.280000,0.954973567,1.647884465,2.838127833,0.712374979
stage4/5,4.300000,0.954978219,1.647220570,2.838188492,0.712374979
stage4/5,4.320000,0.954982882,1.646555157,2.838249289,0.712374979
stage4/5,4.340000,0.954987555,1.645888267,2.838310222,0.712374979
stage4/5,4.360000,0.954992239,1.645219942,2.838371286,0.712374979
stage4/5,4.380000,0.954996932,1.644550224,2.838432477,0.712374979
stage4/5,4.400000,0.955001634,1.643879155,2.838493791,0.712374979
stage4/5,4.420000,0.955006346,1.643206778,2.838555225,0.712374979
stage4/5,4.440000,0.955011067,1.642533135,2.838616775,0.712374979
stage4/5,4.460000,0.955015796,1.641858268,2.838678437,0.712374979
stage4/5,4.480000,0.955020534,1.641182219,2.838740206,0.712374979
stage4/5,4.500000,0.955025279,1.640505033,2.838802079,0.712374979
stage4/5,4.520000,0.955030032,1.639826752,2.838864053,0.712374979
stage4/5,4.540000,0.955034793,1.639147418,2.838926122,0.712374979
stage4/5,4.560000,0.955039560,1.638467074,2.838988284,0.712374979
stage4/5,4.580000,0.955044335,1.637785765,2.839050534,0.712374979
stage4/5,4.600000,0.955049116,1.637103533,2.839112869,0.712374979
stage4/5,4.620000,0.955053903,1.636420422,2.839175284,0.712374979
stage4/5,4.640000,0.955058695,1.635736474,2.839237775,0.712374979
stage4/5,4.660000,0.955063494,1.635051734,2.839300338,0.712374979
stage4/5,4.680000,0.955068298,1.634366245,2.839362970,0.712374979
stage4/5,4.700000,0.955073106,1.633680051,2.839425667,0.712374979
stage4/5,4.720000,0.955077919,1.632993195,2.839488424,0.712374979
stage4/5,4.740000,0.955082737,1.632305722,2.839551237,0.712374979
stage4/5,4.760000,0.955087559,1.631617675,2.839614103,0.712374979
stage4/5,4.780000,0.955092384,1.630929098,2.839677017,0.712374979
stage4/5,4.800000,0.955097213,1.630240036,2.839739975,0.712374979
stage4/5,4.820000,0.955102044,1.629550531,2.839802974,0.712374979
stage4/5,4.840000,0.955106879,1.628860629,2.839866010,0.712374979
stage4/5,4.860000,0.955111716,1.628170373,2.839929077,0.712374979
stage4/5,4.880000,0.955116555,1.627479807,2.839992173,0.712374979
stage4/5,4.900000,0.955121396,1.626788977,2.840055293,0.712374979
stage4/5,4.920000,0.955126239,1.626097924,2.840118433,0.712374979
stage4/5,4.940000,0.955131083,1.625406695,2.840181590,0.712374979
stage4/5,4.960000,0.955135928,1.624715334,2.840244759,0.712374979
stage4/5,4.980000,0.955140773,1.624023883,2.840307935,0.712374979
stage4/5,5.000000,0.955145619,1.623332389,2.840371116,0.712374979
stage4/5,5.020000,0.955150465,1.622640894,2.840434297,0.712374979
stage4/5,5.040000,0.955155310,1.621949444,2.840497473,0.712374979
stage4/5,5.060000,0.955160155,1.621258082,2.840560642,0.712374979
stage4/5,5.080000,0.955164999,1.620566853,2.840623798,0.712374979
stage4/5,5.100000,0.955169842,1.619875801,2.840686939,0.712374979
stage4/5,5.120000,0.955174683,1.619184970,2.840750059,0.712374979
stage4/5,5.140000,0.955179522,1.618494404,2.840813155,0.712374979
stage4/5,5.160000,0.955184359,1.617804148,2.840876222,0.712374979
stage4/5,5.180000,0.955189194,1.617114246,2.840939258,0.712374979
stage4/5,5.200000,0.955194025,1.616424741,2.841002256,0.712374979
stage4/5,5.220000,0.955198854,1.615735679,2.841065215,0.712374979
stage4/5,5.240000,0.955203679,1.615047102,2.841128129,0.712374979
stage4/5,5.260000,0.955208501,1.614359055,2.841190995,0.712374979
stage4/5,5.280000,0.955213319,1.613671582,2.841253808,0.712374979
stage4/5,5.300000,0.955218132,1.612984726,2.841316565,0.712374979
stage4/5,5.320000,0.955222940,1.612298532,2.841379261,0.712374979
stage4/5,5.340000,0.955227744,1.611613043,2.841441893,0.712374979
stage4/5,5.360000,0.955232543,1.610928303,2.841504457,0.712374979
stage4/5,5.380000,0.955237335,1.610244356,2.841566948,0.712374979
stage4/5,5.400000,0.955242122,1.609561244,2.841629363,0.712374979
stage4/5,5.420000,0.955246903,1.608879012,2.841691697,0.712374979
stage4/5,5.440000,0.955251678,1.608197703,2.841753948,0.712374979
stage4/5,5.460000,0.955256445,1.607517359,2.841816109,0.712374979
stage4/5,5.480000,0.955261206,1.606838026,2.841878179,0.712374979
stage4/5,5.500000,0.955265959,1.606159744,2.841940153,0.712374979
stage4/5,5.520000,0.955270704,1.605482558,2.842002026,0.712374979
stage4/5,5.540000,0.955275442,1.604806510,2.842063795,0.712374979
stage4/5,5.560000,0.955280171,1.604131643,2.842125457,0.712374979
stage4/5,5.580000,0.955284892,1.603457999,2.842187007,0.712374979
stage4/5,5.600000,0.955289604,1.602785622,2.842248441,0.712374979
stage4/5,5.620000,0.955294306,1.602114553,2.842309755,0.712374979
stage4/5,5.640000,0.955298999,1.601444835,2.842370946,0.712374979
stage4/5,5.660000,0.955303683,1.600776510,2.842432010,0.712374979
stage4/5,5.680000,0.955308356,1.600109620,2.842492943,0.712374979
stage4/5,5.700000,0.955313019,1.599444207,2.842553740,0.712374979
stage4/5,5.720000,0.955317671,1.598780313,2.842614399,0.712374979
stage4/5,5.740000,0.955322313,1.598117978,2.842674916,0.712374979
stage4/5,5.760000,0.955326943,1.597457245,2.842735286,0.712374979
stage4/5,5.780000,0.955331562,1.596798156,2.842795506,0.712374979
stage4/5,5.800000,0.955336169,1.596140750,2.842855572,0.712374979
stage4/5,5.820000,0.955340763,1.595485069,2.842915480,0.712374979
stage4/5,5.840000,0.955345346,1.594831153,2.842975227,0.712374979
stage4/5,5.860000,0.955349916,1.594179044,2.843034810,0.712374979
stage4/5,5.880000,0.955354472,1.593528782,2.843094223,0.712374979
stage4/5,5.900000,0.955359016,1.592880407,2.843153464,0.712374979
stage4/5,5.920000,0.955363546,1.592233958,2.843212529,0.712374979
stage4/5,5.940000,0.955368062,1.591589477,2.843271414,0.712374979
stage4/5,5.960000,0.955372565,1.590947002,2.843330116,0.712374979
stage4/5,5.980000,0.955377053,1.590306573,2.843388631,0.712374979
stage4/5,6.000000,0.955381526,1.589668229,2.843446955,0.712374979
stage4/5,6.020000,0.955385984,1.589032009,2.843505086,0.712374979
stage4/5,6.040000,0.955390427,1.588397953,2.843563019,0.712374979
stage4/5,6.060000,0.955394855,1.587766098,2.843620750,0.712374979
stage4/5,6.080000,0.955399267,1.587136483,2.843678277,0.712374979
stage4/5,6.100000,0.955403664,1.586509147,2.843735596,0.712374979
stage4/5,6.120000,0.955408043,1.585884127,2.843792703,0.712374979
stage4/5,6.140000,0.955412407,1.585261461,2.843849595,0.712374979
stage4/5,6.160000,0.955416754,1.584641186,2.843906268,0.712374979
stage4/5,6.180000,0.955421083,1.584023340,2.843962720,0.712374979
stage4/5,6.200000,0.955425396,1.583407960,2.844018946,0.712374979
stage4/5,6.220000,0.955429690,1.582795082,2.844074944,0.712374979
stage4/5,6.240000,0.955433967,1.582184743,2.844130709,0.712374979
stage4/5,6.260000,0.955438226,1.581576979,2.844186240,0.712374979
stage4/5,6.280000,0.955442467,1.580971826,2.844241532,0.712374979
stage4/5,6.300000,0.955446689,1.580369320,2.844296582,0.712374979
stage4/5,6.320000,0.955450893,1.579769496,2.844351387,0.712374979
stage4/5,6.340000,0.955455077,1.579172390,2.844405943,0.712374979
stage4/5,6.360000,0.955459242,1.578578035,2.844460248,0.712374979
stage4/5,6.380000,0.955463388,1.577986468,2.844514299,0.712374979
stage4/5,6.400000,0.955467513,1.577397721,2.844568092,0.712374979
stage4/5,6.420000,0.955471619,1.576811829,2.844621624,0.712374979
stage4/5,6.440000,0.955475704,1.576228826,2.844674892,0.712374979
stage4/5,6.460000,0.955479769,1.575648745,2.844727893,0.712374979
stage4/5,6.480000,0.955483814,1.575071620,2.844780624,0.712374979
stage4/5,6.500000,0.955487837,1.574497482,2.844833082,0.712374979
stage4/5,6.520000,0.955491839,1.573926365,2.844885264,0.712374979
stage4/5,6.540000,0.955495820,1.573358300,2.844937167,0.712374979
stage4/5,6.560000,0.955499779,1.572793320,2.844988788,0.712374979
stage4/5,6.580000,0.955503717,1.572231456,2.845040125,0.712374979
stage4/5,6.600000,0.955507632,1.571672739,2.845091174,0.712374979
stage4/5,6.620000,0.955511525,1.571117200,2.845141933,0.712374979
stage4/5,6.640000,0.955515396,1.570564869,2.845192398,0.712374979
stage4/5,6.660000,0.955519243,1.570015777,2.845242568,0.712374979
stage4/5,6.680000,0.955523068,1.569469953,2.845292439,0.712374979
stage4/5,6.700000,0.955526870,1.568927427,2.845342009,0.712374979
stage4/5,6.720000,0.955530649,1.568388227,2.845391275,0.712374979
stage4/5,6.740000,0.955534404,1.567852384,2.845440234,0.712374979
stage4/5,6.760000,0.955538135,1.567319924,2.845488884,0.712374979
stage4/5,6.780000,0.955541842,1.566790876,2.845537222,0.712374979
stage4/5,6.800000,0.955545526,1.566265268,2.845585246,0.712374979
stage4/5,6.820000,0.955549185,1.565743127,2.845632953,0.712374979
stage4/5,6.840000,0.955552819,1.565224479,2.845680341,0.712374979
stage4/5,6.860000,0.955556429,1.564709352,2.845727407,0.712374979
stage4/5,6.880000,0.955560014,1.564197770,2.845774150,0.712374979
stage4/5,6.900000,0.955563574,1.563689761,2.845820566,0.712374979
stage4/5,6.920000,0.955567109,1.563185349,2.845866653,0.712374979
stage4/5,6.940000,0.955570618,1.562684559,2.845912410,0.712374979
stage4/5,6.960000,0.955574102,1.562187415,2.845957833,0.712374979
stage4/5,6.980000,0.955577560,1.561693942,2.846002921,0.712374979
stage4/5,7.000000,0.955580992,1.561204164,2.846047671,0.712374979
stage4/5,7.020000,0.955584398,1.560718102,2.846092081,0.712374979
stage4/5,7.040000,0.955587778,1.560235781,2.846136150,0.712374979
stage4/5,7.060000,0.955591132,1.559757223,2.846179875,0.712374979
stage4/5,7.080000,0.955594459,1.559282449,2.846223255,0.712374979
stage4/5,7.100000,0.955597759,1.558811482,2.846266286,0.712374979
stage4/5,7.120000,0.955601033,1.558344341,2.846308968,0.712374979
stage4/5,7.140000,0.955604279,1.557881049,2.846351298,0.712374979
stage4/5,7.160000,0.955607499,1.557421624,2.846393275,0.712374979
stage4/5,7.180000,0.955610691,1.556966087,2.846434897,0.712374979
stage4/5,7.200000,0.955613856,1.556514456,2.846476162,0.712374979
stage4/5,7.220000,0.955616993,1.556066752,2.846517068,0.712374979
stage4/5,7.240000,0.955620103,1.555622991,2.846557613,0.712374979
stage4/5,7.260000,0.955623185,1.555183192,2.846597797,0.712374979
stage4/5,7.280000,0.955626239,1.554747373,2.846637617,0.712374979
stage4/5,7.300000,0.955629265,1.554315549,2.846677072,0.712374979
stage4/5,7.320000,0.955632263,1.553887738,2.846716161,0.712374979
stage4/5,7.340000,0.955635233,1.553463955,2.846754881,0.712374979
stage4/5,7.360000,0.955638174,1.553044216,2.846793232,0.712374979
stage4/5,7.380000,0.955641087,1.552628536,2.846831212,0.712374979
stage4/5,7.400000,0.955643972,1.552216929,2.846868820,0.712374979
stage4/5,7.420000,0.955646827,1.551809409,2.846906054,0.712374979
stage4/5,7.440000,0.955649654,1.551405990,2.846942914,0.712374979
stage4/5,7.460000,0.955652453,1.551006684,2.846979398,0.712374979
stage4/5,7.480000,0.955655222,1.550611504,2.847015505,0.712374979
stage4/5,7.500000,0.955657962,1.550220462,2.847051234,0.712374979
stage4/5,7.520000,0.955660673,1.549833568,2.847086584,0.712374979
stage4/5,7.540000,0.955663355,1.549450834,2.847121553,0.712374979
stage4/5,7.560000,0.955666008,1.549072271,2.847156142,0.712374979
stage4/5,7.580000,0.955668632,1.548697887,2.847190349,0.712374979
stage4/5,7.600000,0.955671226,1.548327691,2.847224173,0.712374979
stage4/5,7.620000,0.955673791,1.547961694,2.847257614,0.712374979
stage4/5,7.640000,0.955676326,1.547599902,2.847290670,0.712374979
stage4/5,7.660000,0.955678832,1.547242323,2.847323341,0.712374979
stage4/5,7.680000,0.955681308,1.546888965,2.847355627,0.712374979
stage4/5,7.700000,0.955683755,1.546539833,2.847387527,0.712374979
stage4/5,7.720000,0.955686172,1.546194933,2.847419040,0.712374979
stage4/5,7.740000,0.955688559,1.545854271,2.847450166,0.712374979
stage4/5,7.760000,0.955690916,1.545517851,2.847480904,0.712374979
stage4/5,7.780000,0.955693244,1.545185678,2.847511254,0.712374979
stage4/5,7.800000,0.955695542,1.544857754,2.847541216,0.712374979
stage4/5,7.820000,0.955697810,1.544534083,2.847570789,0.712374979
stage4/5,7.840000,0.955700049,1.544214667,2.847599973,0.712374979
stage4/5,7.860000,0.955702257,1.543899508,2.847628769,0.712374979
stage4/5,7.880000,0.955704436,1.543588608,2.847657176,0.712374979
stage4/5,7.900000,0.955706585,1.543281965,2.847685193,0.712374979
stage4/5,7.920000,0.955708704,1.542979581,2.847712821,0.712374979
stage4/5,7.940000,0.955710793,1.542681454,2.847740061,0.712374979
stage4/5,7.960000,0.955712852,1.542387584,2.847766911,0.712374979
stage4/5,7.980000,0.955714882,1.542097968,2.847793373,0.712374979
stage4/5,8.000000,0.955716881,1.541812604,2.847819446,0.712374979
stage4/5,8.020000,0.955718851,1.541531489,2.847845131,0.712374979
stage4/5,8.040000,0.955720792,1.541254618,2.847870428,0.712374979
stage4/5,8.060000,0.955722702,1.540981987,2.847895338,0.712374979
stage4/5,8.080000,0.955724583,1.540713592,2.847919861,0.712374979
stage4/5,8.100000,0.955726434,1.540449425,2.847943997,0.712374979
stage4/5,8.120000,0.955728256,1.540189482,2.847967748,0.712374979
stage4/5,8.140000,0.955730048,1.539933754,2.847991114,0.712374979
stage4/5,8.160000,0.955731810,1.539682234,2.848014095,0.712374979
stage4/5,8.180000,0.955733543,1.539434913,2.848036692,0.712374979
stage4/5,8.200000,0.955735247,1.539191783,2.848058906,0.712374979
stage4/5,8.220000,0.955736922,1.538952833,2.848080739,0.712374979
stage4/5,8.240000,0.955738567,1.538718053,2.848102190,0.712374979
stage4/5,8.260000,0.955740183,1.538487432,2.848123262,0.712374979
stage4/5,8.280000,0.955741770,1.538260959,2.848143954,0.712374979
stage4/5,8.300000,0.955743328,1.538038620,2.848164269,0.712374979
stage4/5,8.320000,0.955744857,1.537820402,2.848184207,0.712374979
stage4/5,8.340000,0.955746358,1.537606292,2.848203770,0.712374979
stage4/5,8.360000,0.955747830,1.537396274,2.848222959,0.712374979
stage4/5,8.380000,0.955749273,1.537190334,2.848241775,0.712374979
stage4/5,8.400000,0.955750687,1.536988455,2.848260221,0.712374979
stage4/5,8.420000,0.955752074,1.536790621,2.848278296,0.712374979
stage4/5,8.440000,0.955753432,1.536596814,2.848296004,0.712374979
stage4/5,8.460000,0.955754762,1.536407016,2.848313346,0.712374979
stage4/5,8.480000,0.955756064,1.536221208,2.848330323,0.712374979
stage4/5,8.500000,0.955757338,1.536039370,2.848346937,0.712374979
stage4/5,8.520000,0.955758585,1.535861481,2.848363190,0.712374979
stage4/5,8.540000,0.955759804,1.535687522,2.848379085,0.712374979
stage4/5,8.560000,0.955760996,1.535517469,2.848394622,0.712374979
stage4/5,8.580000,0.955762160,1.535351300,2.848409805,0.712374979
stage4/5,8.600000,0.955763297,1.535188992,2.848424635,0.712374979
stage4/5,8.620000,0.955764408,1.535030520,2.848439114,0.712374979
stage4/5,8.640000,0.955765492,1.534875860,2.848453245,0.712374979
stage4/5,8.660000,0.955766549,1.534724985,2.848467030,0.712374979
stage4/5,8.680000,0.955767580,1.534577869,2.848480472,0.712374979
stage4/5,8.700000,0.955768585,1.534434486,2.848493573,0.712374979
stage4/5,8.720000,0.955769564,1.534294806,2.848506335,0.712374979
stage4/5,8.740000,0.955770517,1.534158802,2.848518762,0.712374979
stage4/5,8.760000,0.955771444,1.534026443,2.848530855,0.712374979
stage4/5,8.780000,0.955772346,1.533897699,2.848542618,0.712374979
stage4/5,8.800000,0.955773223,1.533772538,2.848554054,0.712374979
stage4/5,8.820000,0.955774076,1.533650930,2.848565165,0.712374979
stage4/5,8.840000,0.955774903,1.533532840,2.848575955,0.712374979
stage4/5,8.860000,0.955775706,1.533418236,2.848586426,0.712374979
stage4/5,8.880000,0.955776485,1.533307082,2.848596582,0.712374979
stage4/5,8.900000,0.955777240,1.533199344,2.848606426,0.712374979
stage4/5,8.920000,0.955777971,1.533094986,2.848615961,0.712374979
stage4/5,8.940000,0.955778679,1.532993970,2.848625190,0.712374979
stage4/5,8.960000,0.955779364,1.532896258,2.848634118,0.712374979
stage4/5,8.980000,0.955780026,1.532801813,2.848642747,0.712374979
stage4/5,9.000000,0.955780665,1.532710594,2.848651082,0.712374979
stage4/5,9.020000,0.955781282,1.532622562,2.848659125,0.712374979
stage4/5,9.040000,0.955781877,1.532537675,2.848666881,0.712374979
stage4/5,9.060000,0.955782450,1.532455891,2.848674354,0.712374979
stage4/5,9.080000,0.955783002,1.532377168,2.848681547,0.712374979
stage4/5,9.100000,0.955783532,1.532301461,2.848688464,0.712374979
stage4/5,9.120000,0.955784042,1.532228727,2.848695109,0.712374979
stage4/5,9.140000,0.955784531,1.532158918,2.848701488,0.712374979
stage4/5,9.160000,0.955785000,1.532091991,2.848707603,0.712374979
stage4/5,9.180000,0.955785449,1.532027896,2.848713459,0.712374979
stage4/5,9.200000,0.955785879,1.531966586,2.848719061,0.712374979
stage4/5,9.220000,0.955786289,1.531908013,2.848724412,0.712374979
stage4/5,9.240000,0.955786681,1.531852125,2.848729519,0.712374979
stage4/5,9.260000,0.955787054,1.531798873,2.848734384,0.712374979
stage4/5,9.280000,0.955787409,1.531748205,2.848739014,0.712374979
stage4/5,9.300000,0.955787747,1.531700067,2.848743412,0.712374979
stage4/5,9.320000,0.955788067,1.531654408,2.848747584,0.712374979
stage4/5,9.340000,0.955788370,1.531611171,2.848751534,0.712374979
stage4/5,9.360000,0.955788656,1.531570303,2.848755268,0.712374979
stage4/5,9.380000,0.955788926,1.531531746,2.848758791,0.712374979
stage4/5,9.400000,0.955789181,1.531495444,2.848762108,0.712374979
stage4/5,9.420000,0.955789420,1.531461338,2.848765224,0.712374979
stage4/5,9.440000,0.955789644,1.531429370,2.848768145,0.712374979
stage4/5,9.460000,0.955789853,1.531399479,2.848770876,0.712374979
stage4/5,9.480000,0.955790048,1.531371605,2.848773423,0.712374979
stage4/5,9.500000,0.955790230,1.531345685,2.848775791,0.712374979
stage4/5,9.520000,0.955790398,1.531321657,2.848777987,0.712374979
stage4/5,9.540000,0.955790554,1.531299457,2.848780015,0.712374979
stage4/5,9.560000,0.955790697,1.531279021,2.848781882,0.712374979
stage4/5,9.580000,0.955790828,1.531260282,2.848783595,0.712374979
stage4/5,9.600000,0.955790948,1.531243175,2.848785158,0.712374979
stage4/5,9.620000,0.955791057,1.531227630,2.848786578,0.712374979
stage4/5,9.640000,0.955791156,1.531213581,2.848787862,0.712374979
stage4/5,9.660000,0.955791244,1.531200957,2.848789015,0.712374979
stage4/5,9.680000,0.955791323,1.531189687,2.848790045,0.712374979
stage4/5,9.700000,0.955791393,1.531179701,2.848790957,0.712374979
stage4/5,9.720000,0.955791455,1.531170924,2.848791759,0.712374979
stage4/5,9.740000,0.955791508,1.531163285,2.848792457,0.712374979
stage4/5,9.760000,0.955791554,1.531156709,2.848793058,0.712374979
stage4/5,9.780000,0.955791593,1.531151119,2.848793569,0.712374979
stage4/5,9.800000,0.955791626,1.531146439,2.848793996,0.712374979
stage4/5,9.820000,0.955791653,1.531142592,2.848794348,0.712374979
stage4/5,9.840000,0.955791675,1.531139499,2.848794630,0.712374979
stage4/5,9.860000,0.955791692,1.531137080,2.848794851,0.712374979
stage4/5,9.880000,0.955791705,1.531135255,2.848795018,0.712374979
stage4/5,9.900000,0.955791714,1.531133942,2.848795138,0.712374979
stage4/5,9.920000,0.955791720,1.531133059,2.848795219,0.712374979
stage4/5,9.940000,0.955791724,1.531132521,2.848795268,0.712374979
stage4/5,9.960000,0.955791726,1.531132243,2.848795293,0.712374979
stage4/5,9.980000,0.955791726,1.531132141,2.848795303,0.712374979
stage4/5,10.000000,0.955791727,1.531132126,2.848795304,0.712374979
